song_id,num_id,genre_major,genre_sub,genre_detail,tempo_bpm,time_signature,western_key,moods,duration_meta_s,n_stems,instruments,instruments_meta,is_pansori,master_path,master_sr,master_ch,master_frames,master_dur_s,master_subtype,split
0001_정악_풍류음악,0001,정악,풍류음악,"영산회상, 도드리",100,60/8,Ab / Fm,의례적인(2) | 장엄한(2) | 절제된(3) | 진지한(3) | 차분한(2) | 품위 있는(4),255.6,7,"['대금', '소금', '아쟁', '장구', '좌고', '피리', '해금']","['대금', '소금', '아쟁', '장구', '좌고', '피리', '해금']",False,data/extracted/train/source/0001_정악_풍류음악/0001_정악_풍류음악_master.wav,48000,2,12268800,255.6,PCM_24,train
0002_정악_풍류음악,0002,정악,풍류음악,"영산회상, 도드리",100,60/8,Ab / Fm,기품 있는(3) | 비통한(2) | 웅대한(3) | 의례적인(2) | 조화로운(2),263.4,7,"['대금', '소금', '아쟁', '장구', '좌고', '피리', '해금']","['대금', '소금', '아쟁', '장구', '좌고', '피리', '해금']",False,data/extracted/train/source/0002_정악_풍류음악/0002_정악_풍류음악_master.wav,48000,2,12643200,263.4,PCM_24,train
0003_정악_풍류음악,0003,정악,풍류음악,"영산회상, 도드리",100,60/8,Ab / Fm,기품 있는(2) | 영웅적인(2) | 우아한(2) | 웅대한(2) | 의례적인(2) | 장엄한(2),213.0,7,"['대금', '소금', '아쟁', '장구', '좌고', '피리', '해금']","['대금', '소금', '아쟁', '장구', '좌고', '피리', '해금']",False,data/extracted/train/source/0003_정악_풍류음악/0003_정악_풍류음악_master.wav,48000,2,10224000,213.0,PCM_24,train
0004_정악_풍류음악,0004,정악,풍류음악,"영산회상, 도드리",100,60/8,Ab / Fm,명상적인(2) | 웅대한(2) | 절제된(2) | 품위 있는(3),192.6,7,"['대금', '소금', '아쟁', '장구', '좌고', '피리', '해금']","['대금', '소금', '아쟁', '장구', '좌고', '피리', '해금']",False,data/extracted/val/source/0004_정악_풍류음악/0004_정악_풍류음악_master.wav,48000,2,9244800,192.6,PCM_24,train
0005_정악_풍류음악,0005,정악,풍류음악,"영산회상, 도드리",100,60/8,Ab / Fm,기품 있는(2) | 사색적인(2) | 신비로운(2) | 엄숙한(2) | 우아한(2) | 우울감 있는(2) | 의례적인(3) | 절제된(3) | 품위 있는(3),217.228,10,"['가야금', '거문고', '단소', '대금', '소금', '아쟁', '양금', '장구', '피리', '해금']","['가야금', '거문고', '단소', '대금', '소금', '아쟁', '양금', '장구', '피리', '해금']",False,data/extracted/train/source/0005_정악_풍류음악/0005_정악_풍류음악_master.wav,48000,2,10426943,217.228,PCM_24,train
0006_정악_풍류음악,0006,정악,풍류음악,"영산회상, 도드리",100,60/8,Ab / Fm,부드러운(2) | 쓸쓸한(2) | 여유로운(2) | 유려한(2) | 의례적인(3) | 절제된(3) | 조화로운(2) | 차분한(3) | 편안한(2) | 평온한(2) | 평화로운(3) | 품위 있는(3),288.6,10,"['가야금', '거문고', '단소', '대금', '소금', '아쟁', '양금', '장구', '피리', '해금']","['가야금', '거문고', '단소', '대금', '소금', '아쟁', '양금', '장구', '피리', '해금']",False,data/extracted/train/source/0006_정악_풍류음악/0006_정악_풍류음악_master.wav,48000,2,13852800,288.6,PCM_24,val
0008_정악_풍류음악,0008,정악,풍류음악,"영산회상, 도드리",100,60/8,Ab / Fm,기품 있는(2) | 부드러운(2) | 사색적인(2) | 쓸쓸한(3) | 우아한(2) | 의례적인(3) | 절제된(2) | 진지한(2) | 차분한(3) | 편안한(2) | 품위 있는(3),217.8,10,"['가야금', '거문고', '단소', '대금', '소금', '아쟁', '양금', '장구', '피리', '해금']","['가야금', '거문고', '단소', '대금', '소금', '아쟁', '양금', '장구', '피리', '해금']",False,data/extracted/train/source/0008_정악_풍류음악/0008_정악_풍류음악_master.wav,48000,2,10454400,217.8,PCM_24,train
0009_정악_풍류음악,0009,정악,풍류음악,"영산회상, 도드리",100,60/8,Db / Bbm,기품 있는(2) | 명상적인(4) | 몽환적인(2) | 사색적인(2) | 시적인(2) | 신비로운(2) | 여유로운(2) | 잔잔한(3) | 절제된(3) | 차분한(2) | 평온한(2) | 품위 있는(2),109.5,8,"['가야금', '거문고', '단소', '대금', '양금', '장구', '피리', '해금']","['가야금', '거문고', '단소', '대금', '양금', '장구', '피리', '해금']",False,data/extracted/train/source/0009_정악_풍류음악/0009_정악_풍류음악_master.wav,48000,2,5256000,109.5,PCM_24,train
0010_정악_풍류음악,0010,정악,풍류음악,"영산회상, 도드리",100,60/8,Db / Bbm,기품 있는(2) | 단아한(4) | 명상적인(2) | 쓸쓸한(2) | 아정한(2) | 여유로운(2) | 절제된(3) | 편안한(2),146.4,8,"['가야금', '거문고', '단소', '대금', '양금', '장구', '피리', '해금']","['가야금', '거문고', '단소', '대금', '양금', '장구', '피리', '해금']",False,data/extracted/train/source/0010_정악_풍류음악/0010_정악_풍류음악_master.wav,48000,2,7027200,146.4,PCM_24,train
0011_정악_풍류음악,0011,정악,풍류음악,"영산회상, 도드리",100,60/8,Db / Bbm,사색적인(2) | 여유로운(2) | 우울감 있는(2) | 유려한(2) | 절제된(2) | 진지한(3) | 편안한(2),146.1,8,"['가야금', '거문고', '단소', '대금', '양금', '장구', '피리', '해금']","['가야금', '거문고', '단소', '대금', '양금', '장구', '피리', '해금']",False,data/extracted/train/source/0011_정악_풍류음악/0011_정악_풍류음악_master.wav,48000,2,7012800,146.1,PCM_24,train
0012_정악_풍류음악,0012,정악,풍류음악,"영산회상, 도드리",100,60/8,Db / Bbm,명상적인(2) | 의례적인(2) | 절제된(2) | 차분한(3),217.5,8,"['가야금', '거문고', '단소', '대금', '양금', '장구', '피리', '해금']","['가야금', '거문고', '단소', '대금', '양금', '장구', '피리', '해금']",False,data/extracted/val/source/0012_정악_풍류음악/0012_정악_풍류음악_master.wav,48000,2,10440000,217.5,PCM_24,train
0013_정악_풍류음악,0013,정악,풍류음악,"영산회상, 도드리",100,60/8,Gb / Ebm,기품 있는(2) | 잔잔한(2) | 절제된(2) | 차분한(4) | 품위 있는(3) | 향토적인(2),257.4,7,"['대금', '소금', '아쟁', '장구', '좌고', '피리', '해금']","['대금', '소금', '아쟁', '장구', '좌고', '피리', '해금']",False,data/extracted/train/source/0013_정악_풍류음악/0013_정악_풍류음악_master.wav,48000,2,12355200,257.4,PCM_24,train
0014_정악_풍류음악,0014,정악,풍류음악,"영산회상, 도드리",100,60/8,Gb / Ebm,기품 있는(4) | 명상적인(2) | 엄숙한(2) | 우아한(2) | 의례적인(2) | 절제된(2) | 차분한(2) | 품위 있는(2),250.8,7,"['대금', '소금', '아쟁', '장구', '좌고', '피리', '해금']","['대금', '소금', '아쟁', '장구', '좌고', '피리', '해금']",False,data/extracted/train/source/0014_정악_풍류음악/0014_정악_풍류음악_master.wav,48000,2,12038400,250.8,PCM_24,train
0015_정악_풍류음악,0015,정악,풍류음악,"영산회상, 도드리",100,60/8,Gb / Ebm,엄숙한(3) | 웅대한(2) | 의례적인(3) | 진지한(2) | 품위 있는(2),185.4,7,"['대금', '소금', '아쟁', '장구', '좌고', '피리', '해금']","['대금', '소금', '아쟁', '장구', '좌고', '피리', '해금']",False,data/extracted/train/source/0015_정악_풍류음악/0015_정악_풍류음악_master.wav,48000,2,8899200,185.4,PCM_24,train
0016_정악_풍류음악,0016,정악,풍류음악,"영산회상, 도드리",100,60/8,Gb / Ebm,기품 있는(2) | 단아한(2) | 명상적인(2) | 유려한(2) | 의례적인(4) | 절제된(2) | 품위 있는(3),185.4,7,"['대금', '소금', '아쟁', '장구', '좌고', '피리', '해금']","['대금', '소금', '아쟁', '장구', '좌고', '피리', '해금']",False,data/extracted/train/source/0016_정악_풍류음악/0016_정악_풍류음악_master.wav,48000,2,8899200,185.4,PCM_24,train
0017_정악_풍류음악,0017,정악,풍류음악,"영산회상, 도드리",100,60/8,Gb / Ebm,명상적인(2) | 비통한(2) | 여유로운(2) | 장엄한(2) | 절제된(3) | 품위 있는(3),268.2,7,"['대금', '소금', '아쟁', '장구', '좌고', '피리', '해금']","['대금', '소금', '아쟁', '장구', '좌고', '피리', '해금']",False,data/extracted/train/source/0017_정악_풍류음악/0017_정악_풍류음악_master.wav,48000,2,12873600,268.2,PCM_24,val
0018_정악_풍류음악,0018,정악,풍류음악,"영산회상, 도드리",100,60/8,Ab / Fm,기품 있는(2) | 따뜻한(2) | 명상적인(2) | 의례적인(2) | 절제된(2) | 차분한(2) | 품위 있는(3),288.6,10,"['가야금', '거문고', '단소', '대금', '소금', '아쟁', '양금', '장구', '피리', '해금']","['가야금', '거문고', '단소', '대금', '소금', '아쟁', '양금', '장구', '피리', '해금']",False,data/extracted/train/source/0018_정악_풍류음악/0018_정악_풍류음악_master.wav,48000,2,13852800,288.6,PCM_24,train
0019_정악_풍류음악,0019,정악,풍류음악,"영산회상, 도드리",100,60/8,Ab / Fm,기품 있는(2) | 엄숙한(2) | 의례적인(3) | 절제된(4) | 진지한(3) | 차분한(2) | 편안한(2) | 평온한(2) | 품위 있는(3),289.2,10,"['가야금', '거문고', '단소', '대금', '소금', '아쟁', '양금', '장구', '피리', '해금']","['가야금', '거문고', '단소', '대금', '소금', '아쟁', '양금', '장구', '피리', '해금']",False,data/extracted/train/source/0019_정악_풍류음악/0019_정악_풍류음악_master.wav,48000,2,13881600,289.2,PCM_24,train
0020_정악_풍류음악,0020,정악,풍류음악,"영산회상, 도드리",100,60/8,Ab / Fm,엄숙한(2) | 유려한(2) | 의례적인(2) | 절제된(2) | 진지한(3),108.6,10,"['가야금', '거문고', '단소', '대금', '소금', '아쟁', '양금', '장구', '피리', '해금']","['가야금', '거문고', '단소', '대금', '소금', '아쟁', '양금', '장구', '피리', '해금']",False,data/extracted/train/source/0020_정악_풍류음악/0020_정악_풍류음악_master.wav,48000,2,5212800,108.6,PCM_24,train
0021_정악_풍류음악,0021,정악,풍류음악,"영산회상, 도드리",100,60/8,Ab / Fm,기품 있는(3) | 명상적인(3) | 여유로운(3) | 우아한(2) | 조화로운(2) | 차분한(2) | 품위 있는(2),108.6,10,"['가야금', '거문고', '단소', '대금', '소금', '아쟁', '양금', '장구', '피리', '해금']","['가야금', '거문고', '단소', '대금', '소금', '아쟁', '양금', '장구', '피리', '해금']",False,data/extracted/train/source/0021_정악_풍류음악/0021_정악_풍류음악_master.wav,48000,2,5212800,108.6,PCM_24,train
0022_정악_풍류음악,0022,정악,풍류음악,"영산회상, 도드리",100,60/8,Ab / Fm,비통한(2) | 쓸쓸한(3) | 우아한(2) | 의례적인(2) | 절제된(5) | 진지한(2) | 품위 있는(3) | 향토적인(2),123.0,10,"['가야금', '거문고', '단소', '대금', '소금', '아쟁', '양금', '장구', '피리', '해금']","['가야금', '거문고', '단소', '대금', '소금', '아쟁', '양금', '장구', '피리', '해금']",False,data/extracted/train/source/0022_정악_풍류음악/0022_정악_풍류음악_master.wav,48000,2,5904000,123.0,PCM_24,train
0023_정악_풍류음악,0023,정악,풍류음악,"영산회상, 도드리",100,60/8,Db / Bbm,기품 있는(3) | 부드러운(2) | 엄숙한(2) | 우아한(2) | 절제된(2) | 평온한(2) | 평화로운(2) | 품위 있는(3),144.0,8,"['가야금', '거문고', '단소', '대금', '양금', '장구', '피리', '해금']","['가야금', '거문고', '단소', '대금', '양금', '장구', '피리', '해금']",False,data/extracted/train/source/0023_정악_풍류음악/0023_정악_풍류음악_master.wav,48000,2,6912000,144.0,PCM_24,test
0024_정악_풍류음악,0024,정악,풍류음악,"영산회상, 도드리",100,60/8,Db / Bbm,기품 있는(4) | 명상적인(2) | 부드러운(2) | 절제된(2) | 조화로운(2) | 편안한(2) | 평화로운(2) | 품위 있는(3),144.6,8,"['가야금', '거문고', '단소', '대금', '양금', '장구', '피리', '해금']","['가야금', '거문고', '단소', '대금', '양금', '장구', '피리', '해금']",False,data/extracted/train/source/0024_정악_풍류음악/0024_정악_풍류음악_master.wav,48000,2,6940800,144.6,PCM_24,train
0025_정악_풍류음악,0025,정악,풍류음악,"영산회상, 도드리",100,60/8,Db / Bbm,명상적인(2) | 여유로운(2) | 절제된(2) | 진지한(2) | 차분한(2) | 품위 있는(3),108.3,8,"['가야금', '거문고', '단소', '대금', '양금', '장구', '피리', '해금']","['가야금', '거문고', '단소', '대금', '양금', '장구', '피리', '해금']",False,data/extracted/train/source/0025_정악_풍류음악/0025_정악_풍류음악_master.wav,48000,2,5198400,108.3,PCM_24,train
0027_정악_풍류음악,0027,정악,풍류음악,"영산회상, 도드리",100,60/8,Db / Bbm,기품 있는(2) | 단아한(2) | 시적인(2) | 여유로운(2) | 절제된(2) | 조화로운(2) | 차분한(2) | 평온한(2) | 품위 있는(2),123.3,8,"['가야금', '거문고', '단소', '대금', '양금', '장구', '피리', '해금']","['가야금', '거문고', '단소', '대금', '양금', '장구', '피리', '해금']",False,data/extracted/train/source/0027_정악_풍류음악/0027_정악_풍류음악_master.wav,48000,2,5918400,123.3,PCM_24,train
0029_정악_풍류음악,0029,정악,풍류음악,"영산회상, 도드리",140,30/8,Gb / Ebm,쓸쓸한(2) | 엄숙한(2) | 웅대한(2) | 의례적인(4) | 장엄한(2) | 품위 있는(2),90.857,7,"['대금', '소금', '아쟁', '장구', '좌고', '피리', '해금']","['대금', '소금', '아쟁', '장구', '좌고', '피리', '해금']",False,data/extracted/train/source/0029_정악_풍류음악/0029_정악_풍류음악_master.wav,48000,2,4361142,90.857,PCM_24,test
0030_정악_풍류음악,0030,정악,풍류음악,"영산회상, 도드리",140,30/8,Ab / Fm,기품 있는(2) | 우아한(2) | 유려한(2) | 절제된(2) | 조화로운(2) | 축제적인(2) | 평화로운(2) | 품위 있는(2),91.714,10,"['가야금', '거문고', '단소', '대금', '소금', '아쟁', '양금', '장구', '피리', '해금']","['가야금', '거문고', '단소', '대금', '소금', '아쟁', '양금', '장구', '피리', '해금']",False,data/extracted/train/source/0030_정악_풍류음악/0030_정악_풍류음악_master.wav,48000,2,4402286,91.714,PCM_24,train
0032_정악_풍류음악,0032,정악,풍류음악,"영산회상, 도드리",140,30/8,Db / Bbm,절제된(3) | 조화로운(2) | 침울한(2) | 평화로운(2) | 품위 있는(4),362.571,8,"['가야금', '거문고', '단소', '대금', '양금', '장구', '피리', '해금']","['가야금', '거문고', '단소', '대금', '양금', '장구', '피리', '해금']",False,data/extracted/train/source/0032_정악_풍류음악/0032_정악_풍류음악_master.wav,48000,2,17403429,362.571,PCM_24,train
0034_정악_풍류음악,0034,정악,풍류음악,"영산회상, 도드리",140,30/8,Gb / Ebm,기품 있는(2) | 애절한(2) | 의례적인(2) | 장엄한(2) | 진지한(4),311.143,7,"['대금', '소금', '아쟁', '장구', '좌고', '피리', '해금']","['대금', '소금', '아쟁', '장구', '좌고', '피리', '해금']",False,data/extracted/train/source/0034_정악_풍류음악/0034_정악_풍류음악_master.wav,48000,2,14934857,311.143,PCM_24,train
0035_정악_풍류음악,0035,정악,풍류음악,"영산회상, 도드리",140,30/8,Gb / Ebm,기품 있는(3) | 쓸쓸한(2) | 애절한(2) | 엄숙한(2) | 의례적인(4) | 절제된(2) | 품위 있는(3),311.143,7,"['대금', '소금', '아쟁', '장구', '좌고', '피리', '해금']","['대금', '소금', '아쟁', '장구', '좌고', '피리', '해금']",False,data/extracted/train/source/0035_정악_풍류음악/0035_정악_풍류음악_master.wav,48000,2,14934857,311.143,PCM_24,train
0036_정악_풍류음악,0036,정악,풍류음악,"영산회상, 도드리",140,30/8,Gb / Ebm,기품 있는(3) | 여유로운(2) | 웅대한(2) | 절제된(2) | 품위 있는(2),326.571,7,"['대금', '소금', '아쟁', '장구', '좌고', '피리', '해금']","['대금', '소금', '아쟁', '장구', '좌고', '피리', '해금']",False,data/extracted/train/source/0036_정악_풍류음악/0036_정악_풍류음악_master.wav,48000,2,15675429,326.571,PCM_24,train
0037_정악_풍류음악,0037,정악,풍류음악,"영산회상, 도드리",140,30/8,Ab / Fm,단아한(2) | 명상적인(2) | 시적인(2) | 품위 있는(2),129.429,10,"['가야금', '거문고', '단소', '대금', '소금', '아쟁', '양금', '장구', '피리', '해금']","['가야금', '거문고', '단소', '대금', '소금', '아쟁', '양금', '장구', '피리', '해금']",False,data/extracted/train/source/0037_정악_풍류음악/0037_정악_풍류음악_master.wav,48000,2,6212571,129.429,PCM_24,train
0038_정악_풍류음악,0038,정악,풍류음악,"영산회상, 도드리",140,30/8,Ab / Fm,품위 있는(2),128.786,8,"['가야금', '거문고', '단소', '대금', '양금', '장구', '피리', '해금']","['가야금', '거문고', '단소', '대금', '양금', '장구', '피리', '해금']",False,data/extracted/train/source/0038_정악_풍류음악/0038_정악_풍류음악_master.wav,48000,2,6181714,128.786,PCM_24,val
0039_정악_풍류음악,0039,정악,풍류음악,"영산회상, 도드리",160,18/8,Gb / Ebm,기품 있는(2) | 엄숙한(2) | 웅대한(2) | 유려한(2) | 의례적인(2) | 절제된(2) | 품위 있는(2),135.938,7,"['대금', '소금', '아쟁', '장구', '좌고', '피리', '해금']","['대금', '소금', '아쟁', '장구', '좌고', '피리', '해금']",False,data/extracted/train/source/0039_정악_풍류음악/0039_정악_풍류음악_master.wav,48000,2,6525000,135.938,PCM_24,train
0040_정악_풍류음악,0040,정악,풍류음악,"영산회상, 도드리",160,18/8,Gb / Ebm,비통한(2) | 쓸쓸한(2) | 엄숙한(2) | 우울한(2) | 품위 있는(3),101.438,7,"['대금', '소금', '아쟁', '장구', '좌고', '피리', '해금']","['대금', '소금', '아쟁', '장구', '좌고', '피리', '해금']",False,data/extracted/train/source/0040_정악_풍류음악/0040_정악_풍류음악_master.wav,48000,2,4869000,101.438,PCM_24,train
0041_정악_풍류음악,0041,정악,풍류음악,"영산회상, 도드리",160,18/8,Ab / Fm,기품 있는(2) | 엄숙한(2) | 우아한(2) | 평온한(2) | 품위 있는(3) | 향토적인(2) | 활달한(2) | 희망찬(2),129.375,10,"['가야금', '거문고', '단소', '대금', '소금', '아쟁', '양금', '장구', '피리', '해금']","['가야금', '거문고', '단소', '대금', '소금', '아쟁', '양금', '장구', '피리', '해금']",False,data/extracted/train/source/0041_정악_풍류음악/0041_정악_풍류음악_master.wav,48000,2,6210000,129.375,PCM_24,train
0042_정악_풍류음악,0042,정악,풍류음악,"영산회상, 도드리",160,18/8,Ab / Fm,기품 있는(3) | 비통한(2) | 서사적인(2) | 차분한(2) | 품위 있는(4),103.125,10,"['가야금', '거문고', '단소', '대금', '소금', '아쟁', '양금', '장구', '피리', '해금']","['가야금', '거문고', '단소', '대금', '소금', '아쟁', '양금', '장구', '피리', '해금']",False,data/extracted/train/source/0042_정악_풍류음악/0042_정악_풍류음악_master.wav,48000,2,4950000,103.125,PCM_24,test
0043_정악_풍류음악,0043,정악,풍류음악,"영산회상, 도드리",160,18/8,Db / Bbm,기품 있는(3) | 단아한(2) | 시적인(2) | 여유로운(2) | 절제된(2) | 차분한(2) | 품위 있는(3) | 활달한(2),128.277,8,"['가야금', '거문고', '단소', '대금', '양금', '장구', '피리', '해금']","['가야금', '거문고', '단소', '대금', '양금', '장구', '피리', '해금']",False,data/extracted/train/source/0043_정악_풍류음악/0043_정악_풍류음악_master.wav,48000,2,6157286,128.277,PCM_24,train
0044_정악_풍류음악,0044,정악,풍류음악,"영산회상, 도드리",160,18/8,Db / Bbm,기품 있는(5) | 여유로운(2) | 의례적인(2) | 품위 있는(3),103.688,8,"['가야금', '거문고', '단소', '대금', '양금', '장구', '피리', '해금']","['가야금', '거문고', '단소', '대금', '양금', '장구', '피리', '해금']",False,data/extracted/train/source/0044_정악_풍류음악/0044_정악_풍류음악_master.wav,48000,2,4977000,103.688,PCM_24,train
0046_정악_풍류음악,0046,정악,풍류음악,"영산회상, 도드리",160,12/8,Db / Bbm,기품 있는(2) | 리듬감 있는(2) | 생기 있는(2) | 아정한(2) | 즐거운(3) | 품위 있는(2) | 활기찬(2) | 희망찬(4),189.375,8,"['가야금', '거문고', '단소', '대금', '양금', '장구', '피리', '해금']","['가야금', '거문고', '단소', '대금', '양금', '장구', '피리', '해금']",False,data/extracted/train/source/0046_정악_풍류음악/0046_정악_풍류음악_master.wav,48000,2,9090000,189.375,PCM_24,train
0048_정악_풍류음악,0048,정악,풍류음악,"영산회상, 도드리",120,12/8,Ab / Fm,기품 있는(2) | 리듬감 있는(2) | 부드러운(2) | 시적인(2) | 유려한(2) | 즐거운(2) | 품위 있는(2) | 향토적인(2) | 활기찬(3) | 희망적인(2) | 희망찬(2),215.75,8,"['가야금', '거문고', '단소', '대금', '양금', '장구', '피리', '해금']","['가야금', '거문고', '단소', '대금', '양금', '장구', '피리', '해금']",False,data/extracted/train/source/0048_정악_풍류음악/0048_정악_풍류음악_master.wav,48000,2,10356000,215.75,PCM_24,test
0049_정악_풍류음악,0049,정악,풍류음악,"영산회상, 도드리",160,18/8,Db / Bbm,기품 있는(2) | 단아한(2) | 잔잔한(2) | 절제된(2) | 조화로운(2) | 품위 있는(2) | 향토적인(2),95.438,8,"['가야금', '거문고', '단소', '대금', '양금', '장구', '피리', '해금']","['가야금', '거문고', '단소', '대금', '양금', '장구', '피리', '해금']",False,data/extracted/val/source/0049_정악_풍류음악/0049_정악_풍류음악_master.wav,48000,2,4581000,95.438,PCM_24,train
0050_정악_풍류음악,0050,정악,풍류음악,"영산회상, 도드리",160,18/8,Db / Bbm,기품 있는(2) | 부드러운(2) | 사색적인(2) | 생기 있는(2) | 우아한(2) | 차분한(3),327.375,8,"['가야금', '거문고', '단소', '대금', '양금', '장구', '피리', '해금']","['가야금', '거문고', '단소', '대금', '양금', '장구', '피리', '해금']",False,data/extracted/train/source/0050_정악_풍류음악/0050_정악_풍류음악_master.wav,48000,2,15714000,327.375,PCM_24,train
0051_정악_풍류음악,0051,정악,풍류음악,"영산회상, 도드리",220,18/8,Gb / Ebm,기품 있는(2) | 의례적인(2) | 진지한(2),152.318,7,"['대금', '소금', '아쟁', '장구', '좌고', '피리', '해금']","['대금', '소금', '아쟁', '장구', '좌고', '피리', '해금']",False,data/extracted/train/source/0051_정악_풍류음악/0051_정악_풍류음악_master.wav,48000,2,7311273,152.318,PCM_24,train
0052_정악_풍류음악,0052,정악,풍류음악,"영산회상, 도드리",240,18/8,Gb / Ebm,우아한(2) | 절제된(2) | 향토적인(2),91.25,7,"['대금', '소금', '아쟁', '장구', '좌고', '피리', '해금']","['대금', '소금', '아쟁', '장구', '좌고', '피리', '해금']",False,data/extracted/train/source/0052_정악_풍류음악/0052_정악_풍류음악_master.wav,48000,2,4380000,91.25,PCM_24,train
0053_정악_풍류음악,0053,정악,풍류음악,"영산회상, 도드리",220,18/8,Ab / Fm,의례적인(2) | 조화로운(2) | 진지한(2) | 평온한(2) | 평화로운(3),152.727,10,"['가야금', '거문고', '단소', '대금', '소금', '아쟁', '양금', '장구', '피리', '해금']","['가야금', '거문고', '단소', '대금', '소금', '아쟁', '양금', '장구', '피리', '해금']",False,data/extracted/train/source/0053_정악_풍류음악/0053_정악_풍류음악_master.wav,48000,2,7330910,152.727,PCM_24,train
0054_정악_풍류음악,0054,정악,풍류음악,"영산회상, 도드리",240,18/8,Ab / Fm,기품 있는(2) | 의례적인(2) | 절제된(3) | 차분한(2) | 평화로운(2) | 품위 있는(2),92.0,10,"['가야금', '거문고', '단소', '대금', '소금', '아쟁', '양금', '장구', '피리', '해금']","['가야금', '거문고', '단소', '대금', '소금', '아쟁', '양금', '장구', '피리', '해금']",False,data/extracted/train/source/0054_정악_풍류음악/0054_정악_풍류음악_master.wav,48000,2,4416000,92.0,PCM_24,train
0055_정악_풍류음악,0055,정악,풍류음악,"영산회상, 도드리",220,18/8,Db / Bbm,신비로운(2) | 아정한(2) | 여유로운(2) | 우아한(2) | 향토적인(2),153.358,8,"['가야금', '거문고', '단소', '대금', '양금', '장구', '피리', '해금']","['가야금', '거문고', '단소', '대금', '양금', '장구', '피리', '해금']",False,data/extracted/train/source/0055_정악_풍류음악/0055_정악_풍류음악_master.wav,48000,2,7361182,153.358,PCM_24,train
0056_정악_풍류음악,0056,정악,풍류음악,"영산회상, 도드리",280,18/8,Db / Bbm,생기 있는(2) | 신비로운(2) | 희망찬(2),312.429,8,"['가야금', '거문고', '단소', '대금', '양금', '장구', '피리', '해금']","['가야금', '거문고', '단소', '대금', '양금', '장구', '피리', '해금']",False,data/extracted/train/source/0056_정악_풍류음악/0056_정악_풍류음악_master.wav,48000,2,14996571,312.429,PCM_24,train
0057_정악_풍류음악,0057,정악,풍류음악,"영산회상, 도드리",140,12/8,Gb / Ebm,그리운(2) | 시적인(2) | 에너지 넘치는(2) | 의례적인(2) | 장엄한(2),311.143,7,"['대금', '소금', '아쟁', '장구', '좌고', '피리', '해금']","['대금', '소금', '아쟁', '장구', '좌고', '피리', '해금']",False,data/extracted/train/source/0057_정악_풍류음악/0057_정악_풍류음악_master.wav,48000,2,14934857,311.143,PCM_24,train
0058_정악_풍류음악,0058,정악,풍류음악,"영산회상, 도드리",140,12/8,Gb / Ebm,여유로운(2) | 유려한(3) | 절제된(2) | 조화로운(2) | 향토적인(2),342.0,7,"['대금', '소금', '아쟁', '장구', '좌고', '피리', '해금']","['대금', '소금', '아쟁', '장구', '좌고', '피리', '해금']",False,data/extracted/val/source/0058_정악_풍류음악/0058_정악_풍류음악_master.wav,48000,2,16416000,342.0,PCM_24,val
0059_정악_풍류음악,0059,정악,풍류음악,"영산회상, 도드리",140,12/8,Db / Bbm,감상적인(2) | 기품 있는(2) | 단아한(2) | 따뜻한(2) | 명랑한(2) | 애정 어린(2) | 우아한(2) | 유려한(2) | 조화로운(3) | 축제적인(2) | 향토적인(2),109.071,8,"['가야금', '거문고', '단소', '대금', '양금', '장구', '피리', '해금']","['가야금', '거문고', '단소', '대금', '양금', '장구', '피리', '해금']",False,data/extracted/train/source/0059_정악_풍류음악/0059_정악_풍류음악_master.wav,48000,2,5235429,109.071,PCM_24,train
0060_정악_풍류음악,0060,정악,풍류음악,"영산회상, 도드리",140,12/8,Db / Bbm,경쾌한(3) | 생기 있는(4) | 유려한(2) | 조화로운(2) | 차분한(2),342.0,8,"['가야금', '거문고', '단소', '대금', '양금', '장구', '피리', '해금']","['가야금', '거문고', '단소', '대금', '양금', '장구', '피리', '해금']",False,data/extracted/train/source/0060_정악_풍류음악/0060_정악_풍류음악_master.wav,48000,2,16416000,342.0,PCM_24,train
0061_정악_풍류음악,0061,정악,풍류음악,"영산회상, 도드리",140,12/8,Eb / Cm,사색적인(2) | 여유로운(2) | 조화로운(2) | 즐거운(2) | 축제적인(2) | 편안한(2) | 평화로운(2) | 희망적인(2) | 희망찬(2),247.929,7,"['대금', '소금', '아쟁', '장구', '좌고', '피리', '해금']","['대금', '소금', '아쟁', '장구', '좌고', '피리', '해금']",False,data/extracted/train/source/0061_정악_풍류음악/0061_정악_풍류음악_master.wav,48000,2,11900572,247.929,PCM_24,train
0062_정악_풍류음악,0062,정악,풍류음악,"영산회상, 도드리",140,12/8,Eb / Cm,경쾌한(2) | 웅대한(2) | 축제적인(2) | 희망적인(2),252.084,10,"['가야금', '거문고', '단소', '대금', '소금', '아쟁', '양금', '장구', '피리', '해금']","['가야금', '거문고', '단소', '대금', '소금', '아쟁', '양금', '장구', '피리', '해금']",False,data/extracted/train/source/0062_정악_풍류음악/0062_정악_풍류음악_master.wav,48000,2,12100055,252.084,PCM_24,train
0063_정악_풍류음악,0063,정악,풍류음악,"영산회상, 도드리",140,12/8,Eb / Cm,리듬감 있는(2) | 생기 있는(3) | 조화로운(2) | 향토적인(2) | 활기찬(2) | 희망적인(2) | 희망찬(3),247.5,8,"['가야금', '거문고', '단소', '대금', '양금', '장구', '피리', '해금']","['가야금', '거문고', '단소', '대금', '양금', '장구', '피리', '해금']",False,data/extracted/train/source/0063_정악_풍류음악/0063_정악_풍류음악_master.wav,48000,2,11880000,247.5,PCM_24,train
0064_정악_풍류음악,0064,정악,풍류음악,"가곡,가사,시조",180,36/8,Ab / Fm,따뜻한(2) | 사색적인(2) | 여유로운(2) | 유려한(2) | 잔잔한(2) | 절제된(2) | 차분한(2),240.667,6,"['가야금', '거문고', '대금', '장구', '피리', '해금']","['가야금', '거문고', '대금', '장구', '피리', '해금']",False,data/extracted/train/source/0064_정악_풍류음악/0064_정악_풍류음악_master.wav,48000,2,11552000,240.667,PCM_24,train
0065_정악_풍류음악,0065,정악,풍류음악,"가곡,가사,시조",160,30/8,Ab / Fm,유려한(2) | 의례적인(4) | 조화로운(2) | 진지한(2),295.875,6,"['가야금', '거문고', '대금', '장구', '피리', '해금']","['가야금', '거문고', '대금', '장구', '피리', '해금']",False,data/extracted/train/source/0065_정악_풍류음악/0065_정악_풍류음악_master.wav,48000,2,14202000,295.875,PCM_24,train
0066_정악_풍류음악,0066,정악,풍류음악,"가곡,가사,시조",140,48/8,Ab / Fm,기품 있는(2) | 명상적인(2) | 우울감 있는(2) | 유려한(2) | 절제된(2) | 조화로운(2) | 진지한(2),309.0,6,"['가야금', '거문고', '대금', '장구', '피리', '해금']","['가야금', '거문고', '대금', '장구', '피리', '해금']",False,data/extracted/val/source/0066_정악_풍류음악/0066_정악_풍류음악_master.wav,48000,2,14832000,309.0,PCM_24,test
0067_정악_풍류음악,0067,정악,풍류음악,"가곡,가사,시조",140,48/8,Ab / Fm,부드러운(2) | 사색적인(2) | 우아한(2) | 의례적인(2) | 절제된(2) | 차분한(3),380.571,6,"['가야금', '거문고', '대금', '장구', '피리', '해금']","['가야금', '거문고', '대금', '장구', '피리', '해금']",False,data/extracted/train/source/0067_정악_풍류음악/0067_정악_풍류음악_master.wav,48000,2,18267428,380.571,PCM_24,train
0068_정악_풍류음악,0068,정악,풍류음악,"가곡,가사,시조",140,48/8,Ab / Fm,비통한(2) | 여유로운(2) | 유려한(2) | 잔잔한(2) | 차분한(3),308.786,6,"['가야금', '거문고', '대금', '장구', '피리', '해금']","['가야금', '거문고', '대금', '장구', '피리', '해금']",False,data/extracted/val/source/0068_정악_풍류음악/0068_정악_풍류음악_master.wav,48000,2,14821715,308.786,PCM_24,train
0069_정악_풍류음악,0069,정악,풍류음악,"가곡,가사,시조",140,48/8,Ab / Fm,명상적인(2) | 사색적인(3) | 우아한(2) | 차분한(3) | 평화로운(2),310.286,6,"['가야금', '거문고', '대금', '장구', '피리', '해금']","['가야금', '거문고', '대금', '장구', '피리', '해금']",False,data/extracted/train/source/0069_정악_풍류음악/0069_정악_풍류음악_master.wav,48000,2,14893714,310.286,PCM_24,train
0070_정악_풍류음악,0070,정악,풍류음악,"가곡,가사,시조",140,48/8,Ab / Fm,기품 있는(2) | 우아한(2) | 잔잔한(2) | 절제된(4) | 조화로운(2) | 진지한(2) | 차분한(2) | 편안한(2) | 평화로운(2) | 품위 있는(2),309.643,6,"['가야금', '거문고', '대금', '장구', '피리', '해금']","['가야금', '거문고', '대금', '장구', '피리', '해금']",False,data/extracted/train/source/0070_정악_풍류음악/0070_정악_풍류음악_master.wav,48000,2,14862857,309.643,PCM_24,train
0071_정악_풍류음악,0071,정악,풍류음악,"가곡,가사,시조",100,48/8,Ab / Fm,여유로운(2) | 우아한(2) | 잔잔한(3) | 절제된(2) | 평온한(2),432.0,6,"['가야금', '거문고', '대금', '장구', '피리', '해금']","['가야금', '거문고', '대금', '장구', '피리', '해금']",False,data/extracted/train/source/0071_정악_풍류음악/0071_정악_풍류음악_master.wav,48000,2,20736000,432.0,PCM_24,train
0073_정악_풍류음악,0073,정악,풍류음악,"가곡,가사,시조",80,48/8,Ab / Fm,몽환적인(2) | 신비로운(2) | 우아한(2) | 절제된(2) | 평화로운(2),540.0,6,"['가야금', '거문고', '대금', '장구', '피리', '해금']","['가야금', '거문고', '대금', '장구', '피리', '해금']",False,data/extracted/train/source/0073_정악_풍류음악/0073_정악_풍류음악_master.wav,48000,2,25920000,540.0,PCM_24,test
0074_정악_풍류음악,0074,정악,풍류음악,"가곡,가사,시조",80,48/8,Ab / Fm,사색적인(2) | 우아한(2) | 우울한(2) | 잔잔한(3) | 절제된(2) | 평화로운(3),540.375,6,"['가야금', '거문고', '대금', '장구', '피리', '해금']","['가야금', '거문고', '대금', '장구', '피리', '해금']",False,data/extracted/val/source/0074_정악_풍류음악/0074_정악_풍류음악_master.wav,48000,2,25938000,540.375,PCM_24,train
0075_정악_풍류음악,0075,정악,풍류음악,"가곡,가사,시조",180,18/8,Bb / Gm,쓸쓸한(2) | 표현적인(2),244.333,4,"['대금', '장구', '피리', '해금']","['대금', '장구', '피리', '해금']",False,data/extracted/train/source/0075_정악_풍류음악/0075_정악_풍류음악_master.wav,48000,2,11728000,244.333,PCM_24,train
0076_정악_풍류음악,0076,정악,풍류음악,"가곡,가사,시조",100,18/8,Eb / Cm,명상적인(3) | 유려한(3) | 잔잔한(2) | 조화로운(2) | 차분한(3),342.0,4,"['대금', '장구', '피리', '해금']","['대금', '장구', '피리', '해금']",False,data/extracted/train/source/0076_정악_풍류음악/0076_정악_풍류음악_master.wav,48000,2,16416000,342.0,PCM_24,train
0077_정악_풍류음악,0077,정악,풍류음악,"가곡,가사,시조",100,18/8,Eb / Cm,명상적인(3) | 우아한(2) | 유려한(3) | 절제된(4) | 진지한(2),341.4,4,"['대금', '장구', '피리', '해금']","['대금', '장구', '피리', '해금']",False,data/extracted/train/source/0077_정악_풍류음악/0077_정악_풍류음악_master.wav,48000,2,16387200,341.4,PCM_24,train
0078_정악_풍류음악,0078,정악,풍류음악,"가곡,가사,시조",100,18/8,Gb / Ebm,비통한(2) | 여유로운(3) | 잔잔한(2),234.0,4,"['대금', '장구', '피리', '해금']","['대금', '장구', '피리', '해금']",False,data/extracted/train/source/0078_정악_풍류음악/0078_정악_풍류음악_master.wav,48000,2,11232000,234.0,PCM_24,train
0079_정악_풍류음악,0079,정악,풍류음악,"가곡,가사,시조",100,18/8,Ab / Fm,우아한(2) | 의례적인(2) | 절제된(2) | 품위 있는(2),298.8,4,"['대금', '장구', '피리', '해금']","['대금', '장구', '피리', '해금']",False,data/extracted/train/source/0079_정악_풍류음악/0079_정악_풍류음악_master.wav,48000,2,14342400,298.8,PCM_24,train
0080_정악_풍류음악,0080,정악,풍류음악,"가곡,가사,시조",100,18/8,Db / Bbm,기품 있는(2) | 여유로운(2) | 유려한(2) | 절제된(2) | 차분한(2),255.6,4,"['대금', '장구', '피리', '해금']","['대금', '장구', '피리', '해금']",False,data/extracted/train/source/0080_정악_풍류음악/0080_정악_풍류음악_master.wav,48000,2,12268800,255.6,PCM_24,train
0083_정악_풍류음악,0083,정악,풍류음악,"가곡,가사,시조",140,48/8,Gb / Ebm,기품 있는(2) | 여유로운(2) | 의례적인(2) | 잔잔한(2) | 조화로운(2),332.786,6,"['가야금', '거문고', '대금', '장구', '피리', '해금']","['가야금', '거문고', '대금', '장구', '피리', '해금']",False,data/extracted/train/source/0083_정악_풍류음악/0083_정악_풍류음악_master.wav,48000,2,15973714,332.786,PCM_24,train
0084_정악_풍류음악,0084,정악,풍류음악,"가곡,가사,시조",140,48/8,Gb / Ebm,여유로운(3) | 우아한(2) | 유려한(2) | 조화로운(3) | 평화로운(2) | 표현적인(2) | 향토적인(2),308.571,6,"['가야금', '거문고', '대금', '장구', '피리', '해금']","['가야금', '거문고', '대금', '장구', '피리', '해금']",False,data/extracted/train/source/0084_정악_풍류음악/0084_정악_풍류음악_master.wav,48000,2,14811428,308.571,PCM_24,train
0085_정악_풍류음악,0085,정악,풍류음악,"가곡,가사,시조",140,48/8,Gb / Ebm,여유로운(2) | 잔잔한(2) | 조화로운(2) | 차분한(2),307.929,6,"['가야금', '거문고', '대금', '장구', '피리', '해금']","['가야금', '거문고', '대금', '장구', '피리', '해금']",False,data/extracted/train/source/0085_정악_풍류음악/0085_정악_풍류음악_master.wav,48000,2,14780572,307.929,PCM_24,train
0086_정악_풍류음악,0086,정악,풍류음악,"가곡,가사,시조",140,48/8,Ab / Fm,경쾌한(2) | 명랑한(2) | 유려한(2) | 조화로운(2) | 행복한(2),308.571,6,"['가야금', '거문고', '대금', '장구', '피리', '해금']","['가야금', '거문고', '대금', '장구', '피리', '해금']",False,data/extracted/train/source/0086_정악_풍류음악/0086_정악_풍류음악_master.wav,48000,2,14811428,308.571,PCM_24,train
0087_정악_풍류음악,0087,정악,풍류음악,"가곡,가사,시조",140,48/8,Gb / Ebm,감상적인(2) | 기품 있는(2) | 생기 있는(2) | 여유로운(4) | 차분한(2) | 평화로운(3),308.357,6,"['가야금', '거문고', '대금', '장구', '피리', '해금']","['가야금', '거문고', '대금', '장구', '피리', '해금']",False,data/extracted/train/source/0087_정악_풍류음악/0087_정악_풍류음악_master.wav,48000,2,14801143,308.357,PCM_24,train
0088_정악_풍류음악,0088,정악,풍류음악,"가곡,가사,시조",120,48/8,Ab / Fm,명상적인(2) | 여유로운(2) | 우아한(3) | 유려한(2) | 잔잔한(3) | 절제된(2) | 조화로운(2) | 차분한(2) | 편안한(2) | 향토적인(2),360.0,6,"['가야금', '거문고', '대금', '장구', '피리', '해금']","['가야금', '거문고', '대금', '장구', '피리', '해금']",False,data/extracted/train/source/0088_정악_풍류음악/0088_정악_풍류음악_master.wav,48000,2,17280000,360.0,PCM_24,train
0089_정악_풍류음악,0089,정악,풍류음악,"가곡,가사,시조",100,48/8,Ab / Fm,명상적인(3) | 쓸쓸한(2) | 아정한(2) | 여유로운(3) | 우아한(2) | 조화로운(2) | 진지한(2) | 평온한(3),427.2,6,"['가야금', '거문고', '대금', '장구', '피리', '해금']","['가야금', '거문고', '대금', '장구', '피리', '해금']",False,data/extracted/train/source/0089_정악_풍류음악/0089_정악_풍류음악_master.wav,48000,2,20505600,427.2,PCM_24,train
0091_정악_풍류음악,0091,정악,풍류음악,"가곡,가사,시조",120,48/8,Gb / Ebm,기품 있는(2) | 사색적인(2) | 진지한(2) | 편안한(2),280.5,6,"['가야금', '거문고', '대금', '장구', '피리', '해금']","['가야금', '거문고', '대금', '장구', '피리', '해금']",False,data/extracted/train/source/0091_정악_풍류음악/0091_정악_풍류음악_master.wav,48000,2,13464000,280.5,PCM_24,train
0092_정악_풍류음악,0092,정악,풍류음악,"가곡,가사,시조",120,48/8,Gb / Ebm,명상적인(2) | 부드러운(2) | 여유로운(2) | 잔잔한(2) | 절제된(3) | 평화로운(2),360.0,6,"['가야금', '거문고', '대금', '장구', '피리', '해금']","['가야금', '거문고', '대금', '장구', '피리', '해금']",False,data/extracted/train/source/0092_정악_풍류음악/0092_정악_풍류음악_master.wav,48000,2,17280000,360.0,PCM_24,train
0093_정악_풍류음악,0093,정악,풍류음악,"가곡,가사,시조",80,48/8,Ab / Fm,명상적인(2) | 절제된(2) | 진지한(2) | 차분한(2) | 침울한(2) | 평화로운(2),539.625,6,"['가야금', '거문고', '대금', '장구', '피리', '해금']","['가야금', '거문고', '대금', '장구', '피리', '해금']",False,data/extracted/train/source/0093_정악_풍류음악/0093_정악_풍류음악_master.wav,48000,2,25902000,539.625,PCM_24,val
0094_정악_풍류음악,0094,정악,풍류음악,"가곡,가사,시조",120,48/8,Gb / Ebm,명상적인(3) | 잔잔한(2) | 절제된(2) | 차분한(2) | 품위 있는(3),361.5,6,"['가야금', '거문고', '대금', '장구', '피리', '해금']","['가야금', '거문고', '대금', '장구', '피리', '해금']",False,data/extracted/val/source/0094_정악_풍류음악/0094_정악_풍류음악_master.wav,48000,2,17352000,361.5,PCM_24,train
0097_정악_풍류음악,0097,정악,풍류음악,"가곡,가사,시조",120,48/8,Gb / Ebm,단아한(2) | 사색적인(2) | 아정한(2) | 여유로운(2) | 잔잔한(3) | 절제된(2) | 조화로운(2) | 차분한(3) | 품위 있는(2),360.0,6,"['가야금', '거문고', '대금', '장구', '피리', '해금']","['가야금', '거문고', '대금', '장구', '피리', '해금']",False,data/extracted/train/source/0097_정악_풍류음악/0097_정악_풍류음악_master.wav,48000,2,17280000,360.0,PCM_24,val
0098_정악_풍류음악,0098,정악,풍류음악,"가곡,가사,시조",100,18/8,Eb / Cm,사색적인(3) | 우아한(2) | 유려한(3) | 절제된(2) | 차분한(2),384.6,4,"['대금', '장구', '피리', '해금']","['대금', '장구', '피리', '해금']",False,data/extracted/train/source/0098_정악_풍류음악/0098_정악_풍류음악_master.wav,48000,2,18460800,384.6,PCM_24,train
0099_정악_풍류음악,0099,정악,풍류음악,"가곡,가사,시조",100,15/8,Ab / Fm,기품 있는(2) | 명상적인(3) | 우아한(2) | 잔잔한(4) | 절제된(2) | 조화로운(2) | 차분한(4),274.8,4,"['대금', '장구', '피리', '해금']","['대금', '장구', '피리', '해금']",False,data/extracted/train/source/0099_정악_풍류음악/0099_정악_풍류음악_master.wav,48000,2,13190400,274.8,PCM_24,test
0101_정악_풍류음악,0101,정악,풍류음악,"가곡,가사,시조",100,15/8,Eb / Cm,명상적인(4) | 유려한(2) | 잔잔한(2) | 절제된(2) | 진지한(2) | 차분한(2),385.2,4,"['대금', '장구', '피리', '해금']","['대금', '장구', '피리', '해금']",False,data/extracted/train/source/0101_정악_풍류음악/0101_정악_풍류음악_master.wav,48000,2,18489600,385.2,PCM_24,val
0102_정악_풍류음악,0102,정악,풍류음악,"가곡,가사,시조",100,3/8,Ab / Fm,명상적인(2) | 부드러운(2) | 여유로운(2) | 절제된(2) | 진지한(2) | 차분한(2) | 평온한(2) | 향토적인(2),156.0,4,"['대금', '장구', '피리', '해금']","['대금', '장구', '피리', '해금']",False,data/extracted/train/source/0102_정악_풍류음악/0102_정악_풍류음악_master.wav,48000,2,7488000,156.0,PCM_24,train
0103_정악_풍류음악,0103,정악,풍류음악,"가곡,가사,시조",100,3/8,Eb / Cm,명상적인(2) | 여유로운(2) | 잔잔한(2) | 진지한(2) | 차분한(3) | 편안한(2),156.0,4,"['대금', '장구', '피리', '해금']","['대금', '장구', '피리', '해금']",False,data/extracted/train/source/0103_정악_풍류음악/0103_정악_풍류음악_master.wav,48000,2,7488000,156.0,PCM_24,train
0106_정악_풍류음악,0106,정악,풍류음악,"가곡,가사,시조",100,3/8,Ab / Fm,명상적인(2) | 의례적인(2) | 잔잔한(2) | 편안한(2) | 평화로운(2),156.6,4,"['대금', '장구', '피리', '해금']","['대금', '장구', '피리', '해금']",False,data/extracted/train/source/0106_정악_풍류음악/0106_정악_풍류음악_master.wav,48000,2,7516800,156.6,PCM_24,train
0107_정악_풍류음악,0107,정악,풍류음악,"가곡,가사,시조",100,3/8,Ab / Fm,명상적인(2) | 시적인(2) | 잔잔한(2) | 차분한(2) | 편안한(2),156.6,4,"['대금', '장구', '피리', '해금']","['대금', '장구', '피리', '해금']",False,data/extracted/train/source/0107_정악_풍류음악/0107_정악_풍류음악_master.wav,48000,2,7516800,156.6,PCM_24,val
0108_정악_풍류음악,0108,정악,풍류음악,"가곡,가사,시조",100,3/8,Ab / Fm,명상적인(3) | 유려한(3) | 진지한(3) | 차분한(2),156.0,4,"['대금', '장구', '피리', '해금']","['대금', '장구', '피리', '해금']",False,data/extracted/train/source/0108_정악_풍류음악/0108_정악_풍류음악_master.wav,48000,2,7488000,156.0,PCM_24,train
0109_정악_풍류음악,0109,정악,풍류음악,"가곡,가사,시조",100,3/8,Ab / Fm,강한(2) | 명상적인(3) | 잔잔한(2) | 차분한(2),156.0,4,"['대금', '장구', '피리', '해금']","['대금', '장구', '피리', '해금']",False,data/extracted/train/source/0109_정악_풍류음악/0109_정악_풍류음악_master.wav,48000,2,7488000,156.0,PCM_24,val
0110_정악_풍류음악,0110,정악,풍류음악,"가곡,가사,시조",100,3/8,Ab / Fm,기품 있는(2) | 우아한(2) | 잔잔한(2) | 조화로운(2) | 차분한(2) | 평화로운(2) | 향토적인(2),156.6,4,"['대금', '장구', '피리', '해금']","['대금', '장구', '피리', '해금']",False,data/extracted/train/source/0110_정악_풍류음악/0110_정악_풍류음악_master.wav,48000,2,7516800,156.6,PCM_24,train
0111_정악_풍류음악,0111,정악,풍류음악,"가곡,가사,시조",100,3/8,Ab / Fm,시적인(2) | 우아한(2) | 잔잔한(2) | 평화로운(2),156.0,4,"['대금', '장구', '피리', '해금']","['대금', '장구', '피리', '해금']",False,data/extracted/train/source/0111_정악_풍류음악/0111_정악_풍류음악_master.wav,48000,2,7488000,156.0,PCM_24,train
0112_정악_풍류음악,0112,정악,풍류음악,"가곡,가사,시조",100,3/8,Ab / Fm,아정한(2) | 여유로운(2) | 잔잔한(2) | 절제된(2),171.0,4,"['대금', '장구', '피리', '해금']","['대금', '장구', '피리', '해금']",False,data/extracted/train/source/0112_정악_풍류음악/0112_정악_풍류음악_master.wav,48000,2,8208000,171.0,PCM_24,train
0113_정악_풍류음악,0113,정악,풍류음악,"가곡,가사,시조",100,3/8,Ab / Fm,기품 있는(2) | 명상적인(2) | 부드러운(2) | 시적인(2) | 유려한(2) | 평화로운(2),235.2,4,"['대금', '장구', '피리', '해금']","['대금', '장구', '피리', '해금']",False,data/extracted/val/source/0113_정악_풍류음악/0113_정악_풍류음악_master.wav,48000,2,11289600,235.2,PCM_24,train
0114_정악_풍류음악,0114,정악,풍류음악,"가곡,가사,시조",100,3/8,Ab / Fm,기품 있는(2) | 명상적인(3) | 부드러운(2) | 아정한(2) | 우아한(2) | 차분한(4) | 편안한(2) | 향토적인(2),156.0,4,"['대금', '장구', '피리', '해금']","['대금', '장구', '피리', '해금']",False,data/extracted/train/source/0114_정악_풍류음악/0114_정악_풍류음악_master.wav,48000,2,7488000,156.0,PCM_24,test
0116_정악_풍류음악,0116,정악,풍류음악,"가곡,가사,시조",100,3/8,Ab / Fm,부드러운(2) | 아정한(2) | 유려한(3) | 잔잔한(2) | 평화로운(2),156.0,4,"['대금', '장구', '피리', '해금']","['대금', '장구', '피리', '해금']",False,data/extracted/train/source/0116_정악_풍류음악/0116_정악_풍류음악_master.wav,48000,2,7488000,156.0,PCM_24,train
0117_정악_풍류음악,0117,정악,풍류음악,"가곡,가사,시조",100,3/8,Ab / Fm,명상적인(2) | 시적인(2) | 아정한(2) | 유려한(2) | 잔잔한(2) | 절제된(2) | 차분한(2),250.2,4,"['대금', '장구', '피리', '해금']","['대금', '장구', '피리', '해금']",False,data/extracted/train/source/0117_정악_풍류음악/0117_정악_풍류음악_master.wav,48000,2,12009600,250.2,PCM_24,train
0118_정악_궁중음악,0118,정악,궁중음악,제례악,100,3/8,F / Dm,강한(2) | 서사적인(2) | 웅대한(2) | 잔잔한(3) | 표현적인(2),109.8,5,"['대금', '아쟁', '좌고', '피리', '해금']","['대금', '아쟁', '좌고', '피리', '해금']",False,data/extracted/val/source/0118_정악_궁중음악/0118_정악_궁중음악_master.wav,48000,2,5270400,109.8,PCM_24,train
0119_정악_풍류음악,0119,정악,풍류음악,"가곡,가사,시조",140,48/8,Gb / Ebm,기품 있는(2) | 신비로운(2) | 의례적인(2) | 진지한(2) | 차분한(2) | 평온한(2),309.0,6,"['가야금', '거문고', '대금', '장구', '피리', '해금']","['가야금', '거문고', '대금', '장구', '피리', '해금']",False,data/extracted/train/source/0119_정악_풍류음악/0119_정악_풍류음악_master.wav,48000,2,14832000,309.0,PCM_24,test
0120_정악_풍류음악,0120,정악,풍류음악,"가곡,가사,시조",140,48/8,Ab / Fm,기품 있는(3) | 유려한(2) | 잔잔한(2) | 조화로운(2),308.357,6,"['가야금', '거문고', '대금', '장구', '피리', '해금']","['가야금', '거문고', '대금', '장구', '피리', '해금']",False,data/extracted/train/source/0120_정악_풍류음악/0120_정악_풍류음악_master.wav,48000,2,14801143,308.357,PCM_24,test
0121_정악_풍류음악,0121,정악,풍류음악,"가곡,가사,시조",140,48/8,Gb / Ebm,여유로운(2) | 우아한(2) | 잔잔한(2) | 절제된(2) | 차분한(2) | 향토적인(2),308.571,6,"['가야금', '거문고', '대금', '장구', '피리', '해금']","['가야금', '거문고', '대금', '장구', '피리', '해금']",False,data/extracted/train/source/0121_정악_풍류음악/0121_정악_풍류음악_master.wav,48000,2,14811428,308.571,PCM_24,val
0122_정악_풍류음악,0122,정악,풍류음악,"가곡,가사,시조",140,48/8,Gb / Ebm,여유로운(2) | 우아한(3) | 유려한(3) | 조화로운(5) | 평화로운(2),308.786,6,"['가야금', '거문고', '대금', '장구', '피리', '해금']","['가야금', '거문고', '대금', '장구', '피리', '해금']",False,data/extracted/train/source/0122_정악_풍류음악/0122_정악_풍류음악_master.wav,48000,2,14821715,308.786,PCM_24,train
0123_정악_궁중음악,0123,정악,궁중음악,"회례악,연례악",80,60/8,F / Dm,명상적인(2) | 사색적인(2) | 여유로운(2) | 웅대한(2) | 의례적인(2) | 진지한(3) | 차분한(2),355.5,6,"['대금', '아쟁', '장구', '좌고', '피리', '해금']","['대금', '아쟁', '장구', '좌고', '피리', '해금']",False,data/extracted/train/source/0123_정악_궁중음악/0123_정악_궁중음악_master.wav,48000,2,17064000,355.5,PCM_24,train
0124_정악_궁중음악,0124,정악,궁중음악,"회례악,연례악",80,60/8,F / Dm,웅대한(3) | 의례적인(3) | 장엄한(3) | 차분한(2),505.5,6,"['대금', '아쟁', '장구', '좌고', '피리', '해금']","['대금', '아쟁', '장구', '좌고', '피리', '해금']",False,data/extracted/train/source/0124_정악_궁중음악/0124_정악_궁중음악_master.wav,48000,2,24264000,505.5,PCM_24,train
0125_정악_궁중음악,0125,정악,궁중음악,"회례악,연례악",100,60/8,Ab / Fm,명상적인(2) | 의례적인(2) | 절제된(2) | 진지한(2) | 차분한(2) | 품위 있는(3),1153.2,10,"['가야금', '거문고', '대금', '소금', '아쟁', '양금', '장구', '좌고', '피리', '해금']","['가야금', '거문고', '대금', '소금', '아쟁', '양금', '장구', '좌고', '피리', '해금']",False,data/extracted/train/source/0125_정악_궁중음악/0125_정악_궁중음악_master.wav,48000,2,55353600,1153.2,PCM_24,val
0126_정악_궁중음악,0126,정악,궁중음악,"회례악,연례악",100,60/8,Ab / Fm,명상적인(2) | 의례적인(2) | 잔잔한(2) | 절제된(2) | 조화로운(2) | 차분한(3),1152.0,10,"['가야금', '거문고', '대금', '소금', '아쟁', '양금', '장구', '좌고', '피리', '해금']","['가야금', '거문고', '대금', '소금', '아쟁', '양금', '장구', '좌고', '피리', '해금']",False,data/extracted/train/source/0126_정악_궁중음악/0126_정악_궁중음악_master.wav,48000,2,55296000,1152.0,PCM_24,train
0127_정악_궁중음악,0127,정악,궁중음악,"회례악,연례악",100,60/8,Ab / Fm,단아한(2) | 웅대한(3) | 잔잔한(2) | 절제된(2) | 조화로운(2) | 편안한(2) | 평온한(2),1152.0,10,"['가야금', '거문고', '대금', '소금', '아쟁', '양금', '장구', '좌고', '피리', '해금']","['가야금', '거문고', '대금', '소금', '아쟁', '양금', '장구', '좌고', '피리', '해금']",False,data/extracted/train/source/0127_정악_궁중음악/0127_정악_궁중음악_master.wav,48000,2,55296000,1152.0,PCM_24,train
0129_정악_궁중음악,0129,정악,궁중음악,"회례악,연례악",160,30/8,Ab / Fm,우아한(2) | 장엄한(2) | 절제된(2) | 진지한(2) | 차분한(2) | 평온한(3) | 평화로운(2) | 품위 있는(2),363.0,10,"['가야금', '거문고', '대금', '소금', '아쟁', '양금', '장구', '좌고', '피리', '해금']","['가야금', '거문고', '대금', '소금', '아쟁', '양금', '장구', '좌고', '피리', '해금']",False,data/extracted/train/source/0129_정악_궁중음악/0129_정악_궁중음악_master.wav,48000,2,17424000,363.0,PCM_24,train
0130_정악_궁중음악,0130,정악,궁중음악,"회례악,연례악",160,30/8,Ab / Fm,신비로운(2) | 조화로운(2),361.875,10,"['가야금', '거문고', '대금', '소금', '아쟁', '양금', '장구', '좌고', '피리', '해금']","['가야금', '거문고', '대금', '소금', '아쟁', '양금', '장구', '좌고', '피리', '해금']",False,data/extracted/train/source/0130_정악_궁중음악/0130_정악_궁중음악_master.wav,48000,2,17370000,361.875,PCM_24,train
0131_정악_궁중음악,0131,정악,궁중음악,"회례악,연례악",160,30/8,Ab / Fm,강한(2) | 웅대한(2) | 의례적인(3) | 진지한(2) | 품위 있는(2),360.75,10,"['가야금', '거문고', '대금', '소금', '아쟁', '양금', '장구', '좌고', '피리', '해금']","['가야금', '거문고', '대금', '소금', '아쟁', '양금', '장구', '좌고', '피리', '해금']",False,data/extracted/train/source/0131_정악_궁중음악/0131_정악_궁중음악_master.wav,48000,2,17316000,360.75,PCM_24,train
0132_정악_궁중음악,0132,정악,궁중음악,"회례악,연례악",120,60/8,Ab / Fm,명상적인(3) | 우아한(3) | 절제된(4) | 차분한(4),303.0,4,"['가야금', '거문고', '양금', '장구']","['가야금', '거문고', '양금', '장구']",False,data/extracted/train/source/0132_정악_궁중음악/0132_정악_궁중음악_master.wav,48000,2,14544000,303.0,PCM_24,val
0133_정악_궁중음악,0133,정악,궁중음악,"회례악,연례악",120,60/8,Ab / Fm,명상적인(3) | 사색적인(2) | 신비로운(2) | 여유로운(2) | 우아한(2) | 잔잔한(3) | 절제된(4) | 차분한(3) | 품위 있는(2),300.0,4,"['가야금', '거문고', '양금', '장구']","['가야금', '거문고', '양금', '장구']",False,data/extracted/train/source/0133_정악_궁중음악/0133_정악_궁중음악_master.wav,48000,2,14400000,300.0,PCM_24,test
0134_정악_궁중음악,0134,정악,궁중음악,"회례악,연례악",120,60/8,Ab / Fm,기품 있는(3) | 단아한(2) | 명상적인(4) | 부드러운(2) | 사색적인(2) | 아정한(2) | 우아한(3) | 잔잔한(3) | 절제된(2) | 진지한(2) | 차분한(3) | 편안한(2) | 평온한(3) | 품위 있는(2),181.75,4,"['가야금', '거문고', '양금', '장구']","['가야금', '거문고', '양금', '장구']",False,data/extracted/train/source/0134_정악_궁중음악/0134_정악_궁중음악_master.wav,48000,2,8724000,181.75,PCM_24,train
0135_정악_궁중음악,0135,정악,궁중음악,"회례악,연례악",120,60/8,Ab / Fm,기품 있는(3) | 단아한(3) | 명상적인(2) | 사색적인(2) | 여유로운(2) | 우아한(2) | 잔잔한(3) | 절제된(2) | 조화로운(3) | 진지한(2) | 차분한(4) | 편안한(2) | 평온한(2) | 평화로운(2),541.0,4,"['가야금', '거문고', '양금', '장구']","['가야금', '거문고', '양금', '장구']",False,data/extracted/train/source/0135_정악_궁중음악/0135_정악_궁중음악_master.wav,48000,2,25968000,541.0,PCM_24,val
0136_정악_궁중음악,0136,정악,궁중음악,"회례악,연례악",180,30/8,Ab / Fm,기품 있는(2) | 단아한(2) | 명상적인(3) | 아정한(2) | 우아한(3) | 잔잔한(3) | 절제된(3) | 차분한(4) | 편안한(3) | 평온한(3) | 평화로운(2),100.0,4,"['가야금', '거문고', '양금', '장구']","['가야금', '거문고', '양금', '장구']",False,data/extracted/train/source/0136_정악_궁중음악/0136_정악_궁중음악_master.wav,48000,2,4800000,100.0,PCM_24,train
0137_정악_궁중음악,0137,정악,궁중음악,"회례악,연례악",180,30/8,Ab / Fm,기품 있는(2) | 단아한(3) | 명상적인(4) | 아정한(3) | 여유로운(2) | 우아한(2) | 잔잔한(2) | 절제된(4) | 진지한(2) | 차분한(3) | 편안한(3) | 평온한(3) | 품위 있는(3),180.0,4,"['가야금', '거문고', '양금', '장구']","['가야금', '거문고', '양금', '장구']",False,data/extracted/train/source/0137_정악_궁중음악/0137_정악_궁중음악_master.wav,48000,2,8640000,180.0,PCM_24,train
0138_정악_궁중음악,0138,정악,궁중음악,"회례악,연례악",140,24/8,Eb / Cm,기품 있는(3) | 엄숙한(2) | 웅대한(2) | 의례적인(2) | 장엄한(2) | 절제된(2) | 품위 있는(3) | 희망적인(2),304.286,5,"['대금', '아쟁', '장구', '피리', '해금']","['대금', '아쟁', '장구', '피리', '해금']",False,data/extracted/train/source/0138_정악_궁중음악/0138_정악_궁중음악_master.wav,48000,2,14605714,304.286,PCM_24,train
0139_정악_궁중음악,0139,정악,궁중음악,"회례악,연례악",140,54/8,Gb / Ebm,그리운(2) | 기품 있는(3) | 단아한(2) | 엄숙한(3) | 유려한(2) | 절제된(2) | 진지한(3) | 품위 있는(3),327.0,7,"['대금', '소금', '아쟁', '장구', '좌고', '피리', '해금']","['대금', '소금', '아쟁', '장구', '좌고', '피리', '해금']",False,data/extracted/train/source/0139_정악_궁중음악/0139_정악_궁중음악_master.wav,48000,2,15696000,327.0,PCM_24,train
0140_정악_궁중음악,0140,정악,궁중음악,"회례악,연례악",100,54/8,Eb / Cm,기품 있는(3) | 명상적인(2) | 쓸쓸한(2) | 유려한(2) | 장엄한(2) | 절제된(3) | 조화로운(2) | 진지한(2) | 품위 있는(3),205.8,7,"['대금', '소금', '아쟁', '장구', '좌고', '피리', '해금']","['대금', '소금', '아쟁', '장구', '좌고', '피리', '해금']",False,data/extracted/train/source/0140_정악_궁중음악/0140_정악_궁중음악_master.wav,48000,2,9878400,205.8,PCM_24,train
0141_정악_궁중음악,0141,정악,궁중음악,"회례악,연례악",100,54/8,Eb / Cm,기품 있는(2) | 서사적인(2) | 웅대한(2) | 의례적인(2) | 절제된(4) | 진지한(2) | 표현적인(2) | 품위 있는(4),205.8,7,"['대금', '소금', '아쟁', '장구', '좌고', '피리', '해금']","['대금', '소금', '아쟁', '장구', '좌고', '피리', '해금']",False,data/extracted/train/source/0141_정악_궁중음악/0141_정악_궁중음악_master.wav,48000,2,9878400,205.8,PCM_24,train
0142_정악_궁중음악,0142,정악,궁중음악,"회례악,연례악",100,54/8,Eb / Cm,단아한(2) | 쓸쓸한(2) | 아정한(2) | 엄숙한(3) | 여유로운(2) | 영웅적인(2) | 절제된(4) | 진지한(4) | 평화로운(2) | 품위 있는(3),196.8,7,"['대금', '소금', '아쟁', '장구', '좌고', '피리', '해금']","['대금', '소금', '아쟁', '장구', '좌고', '피리', '해금']",False,data/extracted/val/source/0142_정악_궁중음악/0142_정악_궁중음악_master.wav,48000,2,9446400,196.8,PCM_24,train
0144_정악_궁중음악,0144,정악,궁중음악,"회례악,연례악",160,36/8,Eb / Cm,리듬감 있는(3) | 의례적인(2) | 평화로운(2),263.625,10,"['가야금', '거문고', '단소', '대금', '소금', '아쟁', '장구', '좌고', '피리', '해금']","['가야금', '거문고', '단소', '대금', '소금', '아쟁', '장구', '좌고', '피리', '해금']",False,data/extracted/train/source/0144_정악_궁중음악/0144_정악_궁중음악_master.wav,48000,2,12654000,263.625,PCM_24,train
0145_정악_궁중음악,0145,정악,궁중음악,"회례악,연례악",140,24/8,Eb / Cm,기품 있는(3) | 우아한(2) | 의례적인(2) | 평화로운(2) | 품위 있는(4) | 희망적인(2),304.0,7,"['대금', '소금', '아쟁', '장구', '좌고', '피리', '해금']","['대금', '소금', '아쟁', '장구', '좌고', '피리', '해금']",False,data/extracted/train/source/0145_정악_궁중음악/0145_정악_궁중음악_master.wav,48000,2,14592000,304.0,PCM_24,test
0146_정악_궁중음악,0146,정악,궁중음악,"회례악,연례악",150,3/8,F / Dm,그리운(2) | 사색적인(2) | 쓸쓸한(2) | 여유로운(2) | 잔잔한(2) | 장엄한(2) | 진지한(2),387.307,6,"['대금', '소금', '아쟁', '좌고', '피리', '해금']","['대금', '소금', '아쟁', '좌고', '피리', '해금']",False,data/extracted/train/source/0146_정악_궁중음악/0146_정악_궁중음악_master.wav,48000,2,18590720,387.307,PCM_24,train
0147_정악_궁중음악,0147,정악,궁중음악,"회례악,연례악",150,3/8,F / Dm,기품 있는(2) | 명상적인(2) | 우아한(2) | 장엄한(2) | 절제된(2) | 차분한(2),185.1,6,"['대금', '소금', '아쟁', '좌고', '피리', '해금']","['대금', '소금', '아쟁', '좌고', '피리', '해금']",False,data/extracted/val/source/0147_정악_궁중음악/0147_정악_궁중음악_master.wav,48000,2,8884800,185.1,PCM_24,test
0148_정악_궁중음악,0148,정악,궁중음악,"회례악,연례악",150,3/8,F / Dm,기품 있는(2) | 시적인(2) | 쓸쓸한(2) | 여유로운(2) | 웅대한(2) | 진지한(2) | 차분한(2) | 품위 있는(3),557.4,6,"['대금', '소금', '아쟁', '좌고', '피리', '해금']","['대금', '소금', '아쟁', '좌고', '피리', '해금']",False,data/extracted/train/source/0148_정악_궁중음악/0148_정악_궁중음악_master.wav,48000,2,26755200,557.4,PCM_24,test
0149_정악_궁중음악,0149,정악,궁중음악,"회례악,연례악",120,12/8,Gb / Ebm,기품 있는(2) | 쓸쓸한(2) | 유려한(2) | 차분한(2) | 희망적인(2),312.75,7,"['대금', '소금', '아쟁', '장구', '좌고', '피리', '해금']","['대금', '소금', '아쟁', '장구', '좌고', '피리', '해금']",False,data/extracted/train/source/0149_정악_궁중음악/0149_정악_궁중음악_master.wav,48000,2,15012000,312.75,PCM_24,train
0150_정악_궁중음악,0150,정악,궁중음악,"회례악,연례악",120,12/8,Ab / Fm,기품 있는(2) | 여유로운(2) | 우아한(2) | 축제적인(2) | 활기찬(2) | 희망찬(2),217.0,8,"['단소', '대금', '소금', '아쟁', '장구', '좌고', '피리', '해금']","['단소', '대금', '소금', '아쟁', '장구', '좌고', '피리', '해금']",False,data/extracted/train/source/0150_정악_궁중음악/0150_정악_궁중음악_master.wav,48000,2,10416000,217.0,PCM_24,train
0151_정악_궁중음악,0151,정악,궁중음악,"회례악,연례악",40,1/4,F / Dm,기품 있는(2) | 명상적인(3) | 절제된(2) | 진지한(3) | 차분한(3) | 품위 있는(3),348.0,6,"['대금', '소금', '아쟁', '좌고', '피리', '해금']","['대금', '소금', '아쟁', '좌고', '피리', '해금']",False,data/extracted/train/source/0151_정악_궁중음악/0151_정악_궁중음악_master.wav,48000,2,16704000,348.0,PCM_24,train
0152_정악_궁중음악,0152,정악,궁중음악,"회례악,연례악",180,30/8,Ab / Fm,기품 있는(2) | 단아한(2) | 부드러운(2) | 여유로운(2) | 우아한(2) | 잔잔한(3) | 절제된(4) | 조화로운(2) | 차분한(2) | 평화로운(2) | 품위 있는(2),160.5,4,"['가야금', '거문고', '양금', '장구']","['가야금', '거문고', '양금', '장구']",False,data/extracted/train/source/0152_정악_궁중음악/0152_정악_궁중음악_master.wav,48000,2,7704000,160.5,PCM_24,train
0153_정악_궁중음악,0153,정악,궁중음악,제례악,50,1/4,F / Dm,단아한(2) | 부드러운(2) | 아정한(2) | 엄숙한(4) | 여유로운(2) | 의례적인(3) | 잔잔한(2) | 조화로운(2) | 진지한(3) | 평온한(2) | 평화로운(2) | 품위 있는(2) | 향토적인(2),352.8,9,"['대금', '박', '방향', '아쟁', '장구', '편경', '편종', '피리', '해금']","['대금', '박', '방향', '아쟁', '장구', '편경', '편종', '피리', '해금']",False,data/extracted/train/source/0153_정악_궁중음악/0153_정악_궁중음악_master.wav,48000,2,16934400,352.8,PCM_24,test
0154_정악_궁중음악,0154,정악,궁중음악,제례악,50,1/4,F / Dm,명상적인(2) | 엄숙한(4) | 잔잔한(2) | 절제된(3) | 진지한(4) | 평화로운(2) | 품위 있는(3),215.4,9,"['대금', '박', '방향', '아쟁', '장구', '편경', '편종', '피리', '해금']","['대금', '박', '방향', '아쟁', '장구', '편경', '편종', '피리', '해금']",False,data/extracted/train/source/0154_정악_궁중음악/0154_정악_궁중음악_master.wav,48000,2,10339200,215.4,PCM_24,val
0155_정악_궁중음악,0155,정악,궁중음악,제례악,50,1/4,Eb / Cm,강렬한(3) | 에너지 넘치는(3) | 웅대한(3) | 의례적인(2) | 장엄한(2) | 축제적인(2) | 품위 있는(2),105.9,10,"['대금', '박', '방향', '아쟁', '장구', '태평소', '편경', '편종', '피리', '해금']","['대금', '박', '방향', '아쟁', '장구', '태평소', '편경', '편종', '피리', '해금']",False,data/extracted/train/source/0155_정악_궁중음악/0155_정악_궁중음악_master.wav,48000,2,5083200,105.9,PCM_24,train
0156_정악_궁중음악,0156,정악,궁중음악,제례악,50,1/4,F / Dm,쓸쓸한(2) | 엄숙한(2) | 의례적인(2) | 장엄한(2) | 절제된(3) | 진지한(3) | 차분한(3) | 품위 있는(2),92.1,9,"['대금', '박', '방향', '아쟁', '장구', '편경', '편종', '피리', '해금']","['대금', '박', '방향', '아쟁', '장구', '편경', '편종', '피리', '해금']",False,data/extracted/train/source/0156_정악_궁중음악/0156_정악_궁중음악_master.wav,48000,2,4420800,92.1,PCM_24,train
0157_정악_궁중음악,0157,정악,궁중음악,제례악,50,1/4,F / Dm,기품 있는(2) | 사색적인(3) | 의례적인(2) | 절제된(2) | 차분한(3) | 평화로운(2),342.0,9,"['대금', '박', '방향', '아쟁', '장구', '편경', '편종', '피리', '해금']","['대금', '박', '방향', '아쟁', '장구', '편경', '편종', '피리', '해금']",False,data/extracted/val/source/0157_정악_궁중음악/0157_정악_궁중음악_master.wav,48000,2,16416000,342.0,PCM_24,train
0158_정악_궁중음악,0158,정악,궁중음악,제례악,50,1/4,F / Dm,그리운(2) | 기품 있는(2) | 엄숙한(2) | 웅대한(2) | 의례적인(4) | 진지한(3) | 차분한(2) | 품위 있는(4),105.0,9,"['대금', '박', '방향', '아쟁', '장구', '편경', '편종', '피리', '해금']","['대금', '박', '방향', '아쟁', '장구', '편경', '편종', '피리', '해금']",False,data/extracted/train/source/0158_정악_궁중음악/0158_정악_궁중음악_master.wav,48000,2,5040000,105.0,PCM_24,train
0159_정악_궁중음악,0159,정악,궁중음악,제례악,50,1/4,Eb / Cm,경쾌한(2) | 생기 있는(2) | 서사적인(2) | 조화로운(2) | 품위 있는(3),119.1,9,"['대금', '박', '방향', '아쟁', '장구', '편경', '편종', '피리', '해금']","['대금', '박', '방향', '아쟁', '장구', '편경', '편종', '피리', '해금']",False,data/extracted/train/source/0159_정악_궁중음악/0159_정악_궁중음악_master.wav,48000,2,5716800,119.1,PCM_24,train
0161_정악_궁중음악,0161,정악,궁중음악,제례악,50,1/4,F / Dm,몽환적인(2) | 잔잔한(2) | 절제된(2) | 진지한(3),93.6,9,"['대금', '박', '방향', '아쟁', '장구', '편경', '편종', '피리', '해금']","['대금', '박', '방향', '아쟁', '장구', '편경', '편종', '피리', '해금']",False,data/extracted/train/source/0161_정악_궁중음악/0161_정악_궁중음악_master.wav,48000,2,4492800,93.6,PCM_24,train
0162_정악_궁중음악,0162,정악,궁중음악,제례악,50,1/4,F / Dm,신비로운(2) | 의례적인(3) | 잔잔한(2) | 진지한(4) | 천상의(2) | 품위 있는(2) | 향토적인(2),92.7,9,"['대금', '박', '방향', '아쟁', '장구', '편경', '편종', '피리', '해금']","['대금', '박', '방향', '아쟁', '장구', '편경', '편종', '피리', '해금']",False,data/extracted/val/source/0162_정악_궁중음악/0162_정악_궁중음악_master.wav,48000,2,4449600,92.7,PCM_24,train
0163_정악_궁중음악,0163,정악,궁중음악,제례악,50,1/4,Eb / Cm,기품 있는(2) | 단아한(2) | 애절한(2) | 절제된(2) | 진지한(2) | 평화로운(2) | 품위 있는(2),107.1,9,"['대금', '박', '방향', '아쟁', '장구', '편경', '편종', '피리', '해금']","['대금', '박', '방향', '아쟁', '장구', '편경', '편종', '피리', '해금']",False,data/extracted/train/source/0163_정악_궁중음악/0163_정악_궁중음악_master.wav,48000,2,5140800,107.1,PCM_24,val
0165_정악_궁중음악,0165,정악,궁중음악,제례악,50,1/4,F / Dm,기품 있는(2) | 서사적인(2) | 여유로운(2),363.6,7,"['대금', '소금', '아쟁', '장구', '좌고', '피리', '해금']","['대금', '소금', '아쟁', '장구', '좌고', '피리', '해금']",False,data/extracted/train/source/0165_정악_궁중음악/0165_정악_궁중음악_master.wav,48000,2,17452800,363.6,PCM_24,train
0166_정악_궁중음악,0166,정악,궁중음악,제례악,50,1/4,F / Dm,기품 있는(2) | 여유로운(2) | 의례적인(2),129.3,9,"['대금', '박', '방향', '아쟁', '장구', '편경', '편종', '피리', '해금']","['대금', '박', '방향', '아쟁', '장구', '편경', '편종', '피리', '해금']",False,data/extracted/train/source/0166_정악_궁중음악/0166_정악_궁중음악_master.wav,48000,2,6206400,129.3,PCM_24,train
0168_정악_궁중음악,0168,정악,궁중음악,제례악,50,1/4,Eb / Cm,의례적인(2),96.6,10,"['대금', '박', '방향', '아쟁', '장구', '태평소', '편경', '편종', '피리', '해금']","['대금', '박', '방향', '아쟁', '장구', '태평소', '편경', '편종', '피리', '해금']",False,data/extracted/val/source/0168_정악_궁중음악/0168_정악_궁중음악_master.wav,48000,2,4636800,96.6,PCM_24,train
0169_정악_궁중음악,0169,정악,궁중음악,제례악,50,1/4,Eb / Cm,잔잔한(2) | 평온한(2) | 희망적인(2),331.2,9,"['대금', '박', '방향', '아쟁', '장구', '편경', '편종', '피리', '해금']","['대금', '박', '방향', '아쟁', '장구', '편경', '편종', '피리', '해금']",False,data/extracted/train/source/0169_정악_궁중음악/0169_정악_궁중음악_master.wav,48000,2,15897600,331.2,PCM_24,train
0170_정악_궁중음악,0170,정악,궁중음악,제례악,50,1/4,F / Dm,기품 있는(2) | 명상적인(2) | 쓸쓸한(2) | 의례적인(2) | 절제된(4) | 진지한(3) | 차분한(3) | 품위 있는(3),334.8,9,"['대금', '박', '방향', '아쟁', '장구', '편경', '편종', '피리', '해금']","['대금', '박', '방향', '아쟁', '장구', '편경', '편종', '피리', '해금']",False,data/extracted/train/source/0170_정악_궁중음악/0170_정악_궁중음악_master.wav,48000,2,16070400,334.8,PCM_24,train
0171_정악_궁중음악,0171,정악,궁중음악,제례악,90,1/4,C / Am,부드러운(2) | 쓸쓸한(2) | 우아한(2) | 조화로운(3) | 진지한(3),353.0,9,"['대금', '박', '방향', '아쟁', '장구', '편경', '편종', '피리', '해금']","['대금', '박', '방향', '아쟁', '장구', '편경', '편종', '피리', '해금']",False,data/extracted/train/source/0171_정악_궁중음악/0171_정악_궁중음악_master.wav,48000,2,16944000,353.0,PCM_24,train
0172_정악_궁중음악,0172,정악,궁중음악,제례악,50,1/4,Eb / Cm,여유로운(2) | 의례적인(2) | 절제된(2) | 진지한(2) | 평온한(2) | 평화로운(2) | 품위 있는(3),331.2,9,"['대금', '박', '방향', '아쟁', '장구', '편경', '편종', '피리', '해금']","['대금', '박', '방향', '아쟁', '장구', '편경', '편종', '피리', '해금']",False,data/extracted/train/source/0172_정악_궁중음악/0172_정악_궁중음악_master.wav,48000,2,15897600,331.2,PCM_24,train
0173_정악_궁중음악,0173,정악,궁중음악,제례악,50,1/4,Eb / Cm,기품 있는(2) | 절제된(3) | 품위 있는(2) | 향토적인(2),174.0,9,"['대금', '박', '방향', '아쟁', '장구', '편경', '편종', '피리', '해금']","['대금', '박', '방향', '아쟁', '장구', '편경', '편종', '피리', '해금']",False,data/extracted/train/source/0173_정악_궁중음악/0173_정악_궁중음악_master.wav,48000,2,8352000,174.0,PCM_24,train
0174_민속악_산조,0174,민속악,산조,가야금 산조,80,18/8,C / Am,긴장감 넘치는(2) | 명상적인(2) | 사색적인(2) | 진지한(2) | 차분한(2) | 편안한(2) | 표현적인(2) | 향수 어린(2),135.0,2,"['가야금', '장구']","['가야금', '장구']",False,data/extracted/train/source/0174_민속악_산조/0174_민속악_산조_master.wav,48000,2,6480000,135.0,PCM_24,train
0175_민속악_산조,0175,민속악,산조,가야금 산조,80,18/8,F / Dm,기품 있는(2) | 긴장된(2) | 명상적인(2) | 사색적인(3) | 절제된(4) | 차분한(2) | 표현적인(2),121.5,2,"['가야금', '장구']","['가야금', '장구']",False,data/extracted/train/source/0175_민속악_산조/0175_민속악_산조_master.wav,48000,2,5832000,121.5,PCM_24,train
0176_민속악_산조,0176,민속악,산조,가야금 산조,80,18/8,C / Am,기품 있는(2) | 단아한(2) | 명상적인(2) | 쓸쓸한(2) | 차분한(2),148.5,2,"['가야금', '장구']","['가야금', '장구']",False,data/extracted/val/source/0176_민속악_산조/0176_민속악_산조_master.wav,48000,2,7128000,148.5,PCM_24,val
0177_민속악_산조,0177,민속악,산조,가야금 산조,80,18/8,F / Dm,잔잔한(2) | 절제된(2) | 차분한(4) | 표현적인(3),108.0,2,"['가야금', '장구']","['가야금', '장구']",False,data/extracted/train/source/0177_민속악_산조/0177_민속악_산조_master.wav,48000,2,5184000,108.0,PCM_24,train
0178_민속악_산조,0178,민속악,산조,가야금 산조,80,18/8,Eb / Cm,슬픈(2) | 시적인(2) | 쓸쓸한(2) | 우울감 있는(2) | 잔잔한(2) | 절제된(3) | 차분한(3),108.0,2,"['가야금', '장구']","['가야금', '장구']",False,data/extracted/train/source/0178_민속악_산조/0178_민속악_산조_master.wav,48000,2,5184000,108.0,PCM_24,train
0179_민속악_산조,0179,민속악,산조,가야금 산조,80,18/8,Eb / Cm,기품 있는(2) | 사색적인(3) | 쓸쓸한(3) | 애절한(2) | 우울한(2) | 표현적인(3),121.5,2,"['가야금', '장구']","['가야금', '장구']",False,data/extracted/train/source/0179_민속악_산조/0179_민속악_산조_master.wav,48000,2,5832000,121.5,PCM_24,train
0180_민속악_산조,0180,민속악,산조,가야금 산조,80,18/8,Bb / Gm,긴장된(2) | 비통한(2) | 우울감 있는(3) | 절제된(3),216.0,2,"['가야금', '장구']","['가야금', '장구']",False,data/extracted/train/source/0180_민속악_산조/0180_민속악_산조_master.wav,48000,2,10368000,216.0,PCM_24,train
0181_민속악_산조,0181,민속악,산조,가야금 산조,80,18/8,Eb / Cm,그리운(2) | 우울감 있는(2) | 절제된(3) | 진지한(2) | 차분한(3) | 향수 어린(2),121.5,2,"['가야금', '장구']","['가야금', '장구']",False,data/extracted/train/source/0181_민속악_산조/0181_민속악_산조_master.wav,48000,2,5832000,121.5,PCM_24,train
0182_민속악_산조,0182,민속악,산조,가야금 산조,80,18/8,Eb / Cm,애절한(2) | 우울감 있는(2) | 절제된(2) | 표현적인(3) | 향수 어린(2),247.5,2,"['가야금', '장구']","['가야금', '장구']",False,data/extracted/train/source/0182_민속악_산조/0182_민속악_산조_master.wav,48000,2,11880000,247.5,PCM_24,train
0183_민속악_산조,0183,민속악,산조,가야금 산조,80,18/8,Eb / Cm,기품 있는(2) | 쓸쓸한(3) | 애절한(4) | 표현적인(3),216.0,2,"['가야금', '장구']","['가야금', '장구']",False,data/extracted/train/source/0183_민속악_산조/0183_민속악_산조_master.wav,48000,2,10368000,216.0,PCM_24,train
0184_민속악_산조,0184,민속악,산조,가야금 산조,80,18/8,Bb / Gm,애절한(3) | 우울감 있는(2) | 절제된(3) | 차분한(2) | 표현적인(2),189.0,2,"['가야금', '장구']","['가야금', '장구']",False,data/extracted/train/source/0184_민속악_산조/0184_민속악_산조_master.wav,48000,2,9072000,189.0,PCM_24,train
0185_민속악_산조,0185,민속악,산조,가야금 산조,80,18/8,Bb / Gm,기품 있는(2) | 애절한(2) | 어두운(2) | 우울감 있는(3) | 절제된(2) | 진지한(3) | 차분한(2),121.5,2,"['가야금', '장구']","['가야금', '장구']",False,data/extracted/train/source/0185_민속악_산조/0185_민속악_산조_master.wav,48000,2,5832000,121.5,PCM_24,train
0186_민속악_산조,0186,민속악,산조,가야금 산조,80,18/8,Bb / Gm,기품 있는(2) | 시적인(2) | 우울감 있는(2) | 잔잔한(2) | 절제된(2) | 차분한(2) | 표현적인(3),148.5,2,"['가야금', '장구']","['가야금', '장구']",False,data/extracted/train/source/0186_민속악_산조/0186_민속악_산조_master.wav,48000,2,7128000,148.5,PCM_24,train
0187_민속악_산조,0187,민속악,산조,가야금 산조,80,18/8,Bb / Gm,애절한(2) | 어두운(3) | 우울감 있는(3) | 절제된(2) | 차분한(2),175.442,2,"['가야금', '장구']","['가야금', '장구']",False,data/extracted/train/source/0187_민속악_산조/0187_민속악_산조_master.wav,48000,2,8421216,175.442,PCM_24,train
0188_민속악_산조,0188,민속악,산조,가야금 산조,80,18/8,Bb / Gm,유려한(2) | 잔잔한(2) | 절제된(2) | 차분한(3),165.058,2,"['가야금', '장구']","['가야금', '장구']",False,data/extracted/train/source/0188_민속악_산조/0188_민속악_산조_master.wav,48000,2,7922784,165.058,PCM_24,train
0189_민속악_산조,0189,민속악,산조,가야금 산조,60,12/4,Bb / Gm,그리운(2) | 아정한(2) | 우울감 있는(3) | 진지한(2) | 차분한(2) | 표현적인(2),156.25,2,"['가야금', '장구']","['가야금', '장구']",False,data/extracted/train/source/0189_민속악_산조/0189_민속악_산조_master.wav,48000,2,7500000,156.25,PCM_24,train
0190_민속악_산조,0190,민속악,산조,가야금 산조,60,12/4,Eb / Cm,그리운(2) | 사색적인(2) | 우울한(2) | 잔잔한(2) | 절제된(3) | 진지한(2) | 차분한(3) | 표현적인(2),240.0,2,"['가야금', '장구']","['가야금', '장구']",False,data/extracted/train/source/0190_민속악_산조/0190_민속악_산조_master.wav,48000,2,11520000,240.0,PCM_24,train
0191_민속악_산조,0191,민속악,산조,가야금 산조,60,12/4,Bb / Gm,기품 있는(2) | 사색적인(3) | 아정한(2) | 절제된(2) | 차분한(3) | 표현적인(2) | 향토적인(2),120.0,2,"['가야금', '장구']","['가야금', '장구']",False,data/extracted/train/source/0191_민속악_산조/0191_민속악_산조_master.wav,48000,2,5760000,120.0,PCM_24,train
0192_민속악_산조,0192,민속악,산조,가야금 산조,60,12/4,Bb / Gm,도취된(2) | 애절한(2) | 진지한(2) | 차분한(2) | 표현적인(4) | 해학적인(2),294.0,2,"['가야금', '장구']","['가야금', '장구']",False,data/extracted/train/source/0192_민속악_산조/0192_민속악_산조_master.wav,48000,2,14112000,294.0,PCM_24,train
0193_민속악_산조,0193,민속악,산조,가야금 산조,60,12/4,Eb / Cm,다이내믹한(2) | 절제된(3) | 진지한(2) | 차분한(2) | 표현적인(2),144.0,2,"['가야금', '장구']","['가야금', '장구']",False,data/extracted/train/source/0193_민속악_산조/0193_민속악_산조_master.wav,48000,2,6912000,144.0,PCM_24,test
0194_민속악_산조,0194,민속악,산조,가야금 산조,60,12/4,C / Am,여유로운(2) | 잔잔한(2) | 절제된(3) | 차분한(3),120.0,2,"['가야금', '장구']","['가야금', '장구']",False,data/extracted/train/source/0194_민속악_산조/0194_민속악_산조_master.wav,48000,2,5760000,120.0,PCM_24,train
0195_민속악_산조,0195,민속악,산조,가야금 산조,60,12/4,C / Am,단아한(2) | 명상적인(2) | 사색적인(2) | 아정한(2) | 잔잔한(3) | 절제된(3) | 차분한(4),96.0,2,"['가야금', '장구']","['가야금', '장구']",False,data/extracted/train/source/0195_민속악_산조/0195_민속악_산조_master.wav,48000,2,4608000,96.0,PCM_24,train
0196_민속악_산조,0196,민속악,산조,가야금 산조,60,12/4,Eb / Cm,기품 있는(3) | 명상적인(2) | 우아한(2) | 절제된(4) | 차분한(2) | 표현적인(2),249.0,2,"['가야금', '장구']","['가야금', '장구']",False,data/extracted/train/source/0196_민속악_산조/0196_민속악_산조_master.wav,48000,2,11952000,249.0,PCM_24,val
0198_민속악_산조,0198,민속악,산조,가야금 산조,140,12/8,C / Am,신나는(2) | 에너지 넘치는(4) | 열정적인(2) | 표현적인(2),25.714,2,"['가야금', '장구']","['가야금', '장구']",False,data/extracted/train/source/0198_민속악_산조/0198_민속악_산조_master.wav,48000,2,1234286,25.714,PCM_24,train
0199_민속악_산조,0199,민속악,산조,가야금 산조,140,12/8,Eb / Cm,기품 있는(2) | 다이내믹한(3) | 단아한(2) | 리듬감 있는(2) | 신나는(3) | 표현적인(2),250.714,2,"['가야금', '장구']","['가야금', '장구']",False,data/extracted/train/source/0199_민속악_산조/0199_민속악_산조_master.wav,48000,2,12034285,250.714,PCM_24,train
0200_민속악_산조,0200,민속악,산조,가야금 산조,140,12/8,C / Am,경쾌한(2) | 다이내믹한(2) | 도취된(2) | 리듬감 있는(4) | 신나는(3) | 신명난(3) | 에너지 넘치는(4) | 표현적인(3),261.0,2,"['가야금', '장구']","['가야금', '장구']",False,data/extracted/train/source/0200_민속악_산조/0200_민속악_산조_master.wav,48000,2,12528000,261.0,PCM_24,train
0201_민속악_산조,0201,민속악,산조,가야금 산조,140,12/8,C / Am,리듬감 있는(2) | 명랑한(2) | 유쾌한(2) | 절제된(2) | 즐거운(2),27.0,2,"['가야금', '장구']","['가야금', '장구']",False,data/extracted/train/source/0201_민속악_산조/0201_민속악_산조_master.wav,48000,2,1296000,27.0,PCM_24,train
0202_민속악_산조,0202,민속악,산조,가야금 산조,140,12/8,Bb / Gm,경쾌한(3) | 리듬감 있는(2) | 신나는(2),243.0,2,"['가야금', '장구']","['가야금', '장구']",False,data/extracted/train/source/0202_민속악_산조/0202_민속악_산조_master.wav,48000,2,11664000,243.0,PCM_24,train
0203_민속악_산조,0203,민속악,산조,가야금 산조,180,12/8,C / Am,경쾌한(2) | 리듬감 있는(2) | 신나는(2) | 신명난(2) | 에너지 넘치는(2) | 유려한(2) | 표현적인(2),24.0,2,"['가야금', '장구']","['가야금', '장구']",False,data/extracted/train/source/0203_민속악_산조/0203_민속악_산조_master.wav,48000,2,1152000,24.0,PCM_24,train
0205_민속악_산조,0205,민속악,산조,가야금 산조,180,12/8,Eb / Cm,강렬한(2) | 다이내믹한(2) | 리듬감 있는(2) | 명상적인(2) | 표현적인(2),263.0,2,"['가야금', '장구']","['가야금', '장구']",False,data/extracted/train/source/0205_민속악_산조/0205_민속악_산조_master.wav,48000,2,12624000,263.0,PCM_24,train
0206_민속악_산조,0206,민속악,산조,가야금 산조,180,12/8,Bb / Gm,다이내믹한(2) | 단아한(2) | 리듬감 있는(2) | 표현적인(2),400.0,2,"['가야금', '장구']","['가야금', '장구']",False,data/extracted/train/source/0206_민속악_산조/0206_민속악_산조_master.wav,48000,2,19200000,400.0,PCM_24,train
0207_민속악_산조,0207,민속악,산조,가야금 산조,260,12/8,Eb / Cm,리듬감 있는(4) | 에너지 넘치는(2),312.923,2,"['가야금', '장구']","['가야금', '장구']",False,data/extracted/train/source/0207_민속악_산조/0207_민속악_산조_master.wav,48000,2,15020307,312.923,PCM_24,train
0208_민속악_산조,0208,민속악,산조,가야금 산조,260,12/8,Bb / Gm,다이내믹한(2) | 리듬감 있는(4) | 신나는(3) | 신명난(2),312.923,2,"['가야금', '장구']","['가야금', '장구']",False,data/extracted/train/source/0208_민속악_산조/0208_민속악_산조_master.wav,48000,2,15020307,312.923,PCM_24,train
0209_민속악_산조,0209,민속악,산조,가야금 산조,260,12/8,Bb / Gm,경쾌한(2) | 도취된(2) | 리듬감 있는(3) | 표현적인(2),301.846,2,"['가야금', '장구']","['가야금', '장구']",False,data/extracted/train/source/0209_민속악_산조/0209_민속악_산조_master.wav,48000,2,14488616,301.846,PCM_24,test
0210_민속악_산조,0210,민속악,산조,가야금 산조,260,12/8,Bb / Gm,강한(2) | 사색적인(2) | 어두운(2) | 우울감 있는(3) | 절제된(2) | 진지한(2) | 표현적인(2) | 품위 있는(2),285.231,2,"['가야금', '장구']","['가야금', '장구']",False,data/extracted/train/source/0210_민속악_산조/0210_민속악_산조_master.wav,48000,2,13691076,285.231,PCM_24,val
0211_민속악_산조,0211,민속악,산조,가야금 산조,260,12/8,Bb / Gm,리듬감 있는(3) | 열정적인(2) | 유려한(3) | 조화로운(2) | 진지한(2) | 표현적인(2),311.538,2,"['가야금', '장구']","['가야금', '장구']",False,data/extracted/train/source/0211_민속악_산조/0211_민속악_산조_master.wav,48000,2,14953846,311.538,PCM_24,train
0212_민속악_산조,0212,민속악,산조,가야금 산조,260,12/8,Bb / Gm,강한(2) | 다이내믹한(2) | 리듬감 있는(3) | 사색적인(2) | 표현적인(2),272.077,2,"['가야금', '장구']","['가야금', '장구']",False,data/extracted/train/source/0212_민속악_산조/0212_민속악_산조_master.wav,48000,2,13059692,272.077,PCM_24,val
0213_민속악_산조,0213,민속악,산조,가야금 산조,260,12/8,C / Am,경쾌한(2) | 생기 있는(2) | 아정한(2) | 여유로운(2) | 유려한(2) | 차분한(2) | 표현적인(2) | 활기찬(2),319.846,2,"['가야금', '장구']","['가야금', '장구']",False,data/extracted/train/source/0213_민속악_산조/0213_민속악_산조_master.wav,48000,2,15352616,319.846,PCM_24,test
0214_민속악_산조,0214,민속악,산조,가야금 산조,260,12/8,C / Am,경쾌한(3) | 다이내믹한(2) | 리듬감 있는(2) | 사색적인(2) | 생기 있는(2) | 신나는(2) | 유려한(2) | 차분한(2) | 표현적인(3),178.615,2,"['가야금', '장구']","['가야금', '장구']",False,data/extracted/train/source/0214_민속악_산조/0214_민속악_산조_master.wav,48000,2,8573539,178.615,PCM_24,val
0216_민속악_산조,0216,민속악,산조,가야금 산조,260,12/8,Eb / Cm,리듬감 있는(2) | 명상적인(2) | 사색적인(2) | 시적인(2) | 아정한(2) | 절제된(2),172.731,2,"['가야금', '장구']","['가야금', '장구']",False,data/extracted/train/source/0216_민속악_산조/0216_민속악_산조_master.wav,48000,2,8291076,172.731,PCM_24,train
0217_민속악_산조,0217,민속악,산조,가야금 산조,180,4/4,Eb / Cm,공격적인(2) | 다이내믹한(3) | 신나는(3) | 신명난(2) | 에너지 넘치는(2) | 표현적인(3) | 활달한(2),21.417,2,"['가야금', '장구']","['가야금', '장구']",False,data/extracted/val/source/0217_민속악_산조/0217_민속악_산조_master.wav,48000,2,1028000,21.417,PCM_24,train
0218_민속악_산조,0218,민속악,산조,가야금 산조,180,4/4,Eb / Cm,강한(2) | 공격적인(3) | 다이내믹한(3) | 리듬감 있는(3) | 에너지 넘치는(2) | 표현적인(2) | 향토적인(3) | 활달한(2),26.667,2,"['가야금', '장구']","['가야금', '장구']",False,data/extracted/val/source/0218_민속악_산조/0218_민속악_산조_master.wav,48000,2,1280000,26.667,PCM_24,train
0219_민속악_산조,0219,민속악,산조,가야금 산조,180,4/4,Eb / Cm,긴장감 넘치는(2) | 긴장된(2) | 다이내믹한(3) | 신나는(2) | 신명난(2) | 에너지 넘치는(4) | 표현적인(2) | 활달한(4),308.0,2,"['가야금', '장구']","['가야금', '장구']",False,data/extracted/train/source/0219_민속악_산조/0219_민속악_산조_master.wav,48000,2,14784000,308.0,PCM_24,train
0220_민속악_산조,0220,민속악,산조,가야금 산조,180,4/4,F / Dm,강렬한(2) | 공격적인(3) | 기품 있는(2) | 긴장된(2) | 다이내믹한(4) | 드라마틱한(2) | 리듬감 있는(3) | 신나는(2) | 에너지 넘치는(2),276.0,2,"['가야금', '장구']","['가야금', '장구']",False,data/extracted/train/source/0220_민속악_산조/0220_민속악_산조_master.wav,48000,2,13248000,276.0,PCM_24,train
0222_민속악_산조,0222,민속악,산조,가야금 산조,180,4/4,Eb / Cm,공격적인(2) | 다이내믹한(4) | 도취된(2) | 리듬감 있는(3) | 에너지 넘치는(4) | 열정적인(2) | 표현적인(2) | 활달한(3),276.0,2,"['가야금', '장구']","['가야금', '장구']",False,data/extracted/train/source/0222_민속악_산조/0222_민속악_산조_master.wav,48000,2,13248000,276.0,PCM_24,val
0223_민속악_산조,0223,민속악,산조,가야금 산조,180,4/4,Eb / Cm,관능적인(2) | 긴장감 넘치는(2) | 다이내믹한(4) | 리듬감 있는(3) | 신나는(2) | 에너지 넘치는(4) | 열정적인(4) | 표현적인(3) | 활달한(3),268.0,2,"['가야금', '장구']","['가야금', '장구']",False,data/extracted/train/source/0223_민속악_산조/0223_민속악_산조_master.wav,48000,2,12864000,268.0,PCM_24,train
0225_민속악_산조,0225,민속악,산조,거문고 산조,100,18/8,Db / Bbm,명상적인(3) | 쓸쓸한(2) | 절제된(2) | 진지한(2) | 차분한(3) | 표현적인(2),307.8,2,"['거문고', '장구']","['거문고', '장구']",False,data/extracted/val/source/0225_민속악_산조/0225_민속악_산조_master.wav,48000,2,14774400,307.8,PCM_24,test
0227_민속악_산조,0227,민속악,산조,거문고 산조,100,18/8,Ab / Fm,슬픈(2) | 쓸쓸한(2) | 애절한(2) | 절제된(2) | 표현적인(2),262.8,2,"['거문고', '장구']","['거문고', '장구']",False,data/extracted/train/source/0227_민속악_산조/0227_민속악_산조_master.wav,48000,2,12614400,262.8,PCM_24,val
0228_민속악_산조,0228,민속악,산조,거문고 산조,100,18/8,Ab / Fm,명상적인(2) | 사색적인(2) | 절제된(2),262.725,2,"['거문고', '장구']","['거문고', '장구']",False,data/extracted/train/source/0228_민속악_산조/0228_민속악_산조_master.wav,48000,2,12610800,262.725,PCM_24,train
0230_민속악_산조,0230,민속악,산조,거문고 산조,100,18/8,Db / Bbm,강한(2) | 우울감 있는(2) | 절제된(2) | 진지한(2) | 표현적인(2),306.0,2,"['거문고', '장구']","['거문고', '장구']",False,data/extracted/train/source/0230_민속악_산조/0230_민속악_산조_master.wav,48000,2,14688000,306.0,PCM_24,test
0231_민속악_산조,0231,민속악,산조,거문고 산조,100,18/8,Ab / Fm,단아한(2) | 슬픈(2) | 쓸쓸한(2) | 잔잔한(2) | 절제된(2) | 진지한(2) | 차분한(2) | 표현적인(2),327.6,2,"['거문고', '장구']","['거문고', '장구']",False,data/extracted/train/source/0231_민속악_산조/0231_민속악_산조_master.wav,48000,2,15724800,327.6,PCM_24,train
0232_민속악_산조,0232,민속악,산조,거문고 산조,100,18/8,Ab / Fm,강한(2) | 도취된(2) | 시적인(2) | 우울감 있는(2) | 차분한(2) | 표현적인(2),293.4,2,"['거문고', '장구']","['거문고', '장구']",False,data/extracted/train/source/0232_민속악_산조/0232_민속악_산조_master.wav,48000,2,14083200,293.4,PCM_24,train
0233_민속악_산조,0233,민속악,산조,거문고 산조,100,18/8,Ab / Fm,그리운(2) | 다이내믹한(2) | 슬픈(2) | 절제된(2) | 차분한(2),306.0,2,"['거문고', '장구']","['거문고', '장구']",False,data/extracted/train/source/0233_민속악_산조/0233_민속악_산조_master.wav,48000,2,14688000,306.0,PCM_24,train
0235_민속악_산조,0235,민속악,산조,거문고 산조,100,18/8,Db / Bbm,도취된(2) | 사색적인(2) | 슬픈(3) | 쓸쓸한(2) | 애절한(3) | 우울감 있는(2) | 잔잔한(2) | 절제된(2) | 표현적인(3),325.8,2,"['거문고', '장구']","['거문고', '장구']",False,data/extracted/val/source/0235_민속악_산조/0235_민속악_산조_master.wav,48000,2,15638400,325.8,PCM_24,val
0236_민속악_산조,0236,민속악,산조,거문고 산조,100,18/8,Db / Bbm,슬픈(2) | 쓸쓸한(2) | 애절한(2) | 우울감 있는(2) | 절제된(3) | 표현적인(2),21.6,2,"['거문고', '장구']","['거문고', '장구']",False,data/extracted/train/source/0236_민속악_산조/0236_민속악_산조_master.wav,48000,2,1036800,21.6,PCM_24,train
0237_민속악_산조,0237,민속악,산조,거문고 산조,100,18/8,Db / Bbm,기품 있는(2) | 슬픈(2) | 절제된(3) | 표현적인(3),347.4,2,"['거문고', '장구']","['거문고', '장구']",False,data/extracted/train/source/0237_민속악_산조/0237_민속악_산조_master.wav,48000,2,16675200,347.4,PCM_24,train
0238_민속악_산조,0238,민속악,산조,거문고 산조,100,18/8,Db / Bbm,비통한(2) | 슬픈(2) | 절제된(2) | 진지한(2) | 차분한(2) | 품위 있는(2),381.6,2,"['거문고', '장구']","['거문고', '장구']",False,data/extracted/train/source/0238_민속악_산조/0238_민속악_산조_master.wav,48000,2,18316800,381.6,PCM_24,train
0240_민속악_산조,0240,민속악,산조,거문고 산조,100,18/8,Db / Bbm,그리운(2) | 쓸쓸한(3) | 절제된(3) | 차분한(2),21.6,2,"['거문고', '장구']","['거문고', '장구']",False,data/extracted/train/source/0240_민속악_산조/0240_민속악_산조_master.wav,48000,2,1036800,21.6,PCM_24,train
0241_민속악_산조,0241,민속악,산조,거문고 산조,100,18/8,Ab / Fm,강한(2) | 그리운(2) | 기품 있는(2) | 사색적인(2) | 우울감 있는(3) | 절제된(4) | 표현적인(3),347.4,2,"['거문고', '장구']","['거문고', '장구']",False,data/extracted/train/source/0241_민속악_산조/0241_민속악_산조_master.wav,48000,2,16675200,347.4,PCM_24,train
0242_민속악_산조,0242,민속악,산조,거문고 산조,100,18/8,Db / Bbm,그리운(2) | 명상적인(2) | 쓸쓸한(2) | 우울감 있는(2) | 절제된(3) | 차분한(2) | 표현적인(2) | 향수 어린(2),273.6,2,"['거문고', '장구']","['거문고', '장구']",False,data/extracted/train/source/0242_민속악_산조/0242_민속악_산조_master.wav,48000,2,13132800,273.6,PCM_24,train
0243_민속악_산조,0243,민속악,산조,거문고 산조,100,18/8,Db / Bbm,그리운(2) | 명상적인(2) | 슬픈(2) | 쓸쓸한(2) | 절제된(3) | 차분한(2) | 표현적인(2),327.6,2,"['거문고', '장구']","['거문고', '장구']",False,data/extracted/train/source/0243_민속악_산조/0243_민속악_산조_master.wav,48000,2,15724800,327.6,PCM_24,train
0244_민속악_산조,0244,민속악,산조,거문고 산조,100,18/8,Db / Bbm,사색적인(2) | 슬픈(2) | 절제된(4) | 차분한(2) | 표현적인(2),349.2,2,"['거문고', '장구']","['거문고', '장구']",False,data/extracted/train/source/0244_민속악_산조/0244_민속악_산조_master.wav,48000,2,16761600,349.2,PCM_24,train
0245_민속악_산조,0245,민속악,산조,거문고 산조,100,18/8,Db / Bbm,슬픈(2) | 애절한(3) | 우울한(2) | 절제된(2) | 표현적인(3) | 향토적인(2),306.0,2,"['거문고', '장구']","['거문고', '장구']",False,data/extracted/train/source/0245_민속악_산조/0245_민속악_산조_master.wav,48000,2,14688000,306.0,PCM_24,train
0246_민속악_산조,0246,민속악,산조,거문고 산조,100,18/8,Gb / Ebm,기품 있는(2) | 쓸쓸한(2) | 절제된(2) | 진지한(3) | 차분한(2) | 표현적인(3) | 품위 있는(2),390.6,2,"['거문고', '장구']","['거문고', '장구']",False,data/extracted/train/source/0246_민속악_산조/0246_민속악_산조_master.wav,48000,2,18748800,390.6,PCM_24,train
0247_민속악_산조,0247,민속악,산조,거문고 산조,100,18/8,Gb / Ebm,그리운(2) | 명상적인(3) | 슬픈(3) | 우울감 있는(2) | 우울한(2) | 절제된(3) | 차분한(2) | 침울한(2),381.6,2,"['거문고', '장구']","['거문고', '장구']",False,data/extracted/train/source/0247_민속악_산조/0247_민속악_산조_master.wav,48000,2,18316800,381.6,PCM_24,val
0248_민속악_산조,0248,민속악,산조,거문고 산조,100,18/8,Db / Bbm,사색적인(2) | 슬픈(2) | 절제된(3) | 차분한(3) | 표현적인(2),358.2,2,"['거문고', '장구']","['거문고', '장구']",False,data/extracted/train/source/0248_민속악_산조/0248_민속악_산조_master.wav,48000,2,17193600,358.2,PCM_24,train
0249_민속악_산조,0249,민속악,산조,거문고 산조,60,12/4,Db / Bbm,절제된(4) | 차분한(2) | 침울한(2) | 편안한(2),363.5,2,"['거문고', '장구']","['거문고', '장구']",False,data/extracted/train/source/0249_민속악_산조/0249_민속악_산조_master.wav,48000,2,17448000,363.5,PCM_24,val
0250_민속악_산조,0250,민속악,산조,거문고 산조,60,12/4,Db / Bbm,아정한(2) | 절제된(3) | 진지한(2) | 차분한(3),329.0,2,"['거문고', '장구']","['거문고', '장구']",False,data/extracted/train/source/0250_민속악_산조/0250_민속악_산조_master.wav,48000,2,15792000,329.0,PCM_24,train
0252_민속악_산조,0252,민속악,산조,거문고 산조,60,12/4,Db / Bbm,그리운(2) | 다이내믹한(3) | 서사적인(2) | 시적인(2) | 표현적인(3),294.0,2,"['거문고', '장구']","['거문고', '장구']",False,data/extracted/train/source/0252_민속악_산조/0252_민속악_산조_master.wav,48000,2,14112000,294.0,PCM_24,train
0253_민속악_산조,0253,민속악,산조,거문고 산조,60,12/4,Db / Bbm,리듬감 있는(2) | 우울감 있는(2) | 잔잔한(2) | 진지한(2) | 차분한(4) | 향수 어린(2),294.0,2,"['거문고', '장구']","['거문고', '장구']",False,data/extracted/val/source/0253_민속악_산조/0253_민속악_산조_master.wav,48000,2,14112000,294.0,PCM_24,train
0254_민속악_산조,0254,민속악,산조,거문고 산조,60,12/4,Db / Bbm,쓸쓸한(3) | 엄숙한(2) | 절제된(2) | 진지한(2) | 차분한(3) | 표현적인(2) | 향수 어린(2),294.0,2,"['거문고', '장구']","['거문고', '장구']",False,data/extracted/train/source/0254_민속악_산조/0254_민속악_산조_master.wav,48000,2,14112000,294.0,PCM_24,train
0255_민속악_산조,0255,민속악,산조,거문고 산조,60,12/4,Db / Bbm,시적인(2) | 쓸쓸한(2) | 아정한(2) | 우울한(2) | 절제된(3) | 진지한(2) | 차분한(2) | 품위 있는(2),294.0,2,"['거문고', '장구']","['거문고', '장구']",False,data/extracted/train/source/0255_민속악_산조/0255_민속악_산조_master.wav,48000,2,14112000,294.0,PCM_24,train
0256_민속악_산조,0256,민속악,산조,거문고 산조,60,12/4,Db / Bbm,그리운(2) | 사색적인(2) | 진지한(2) | 차분한(2) | 표현적인(2),303.0,2,"['거문고', '장구']","['거문고', '장구']",False,data/extracted/train/source/0256_민속악_산조/0256_민속악_산조_master.wav,48000,2,14544000,303.0,PCM_24,test
0257_민속악_산조,0257,민속악,산조,거문고 산조,60,12/4,Db / Bbm,명상적인(2) | 우울감 있는(3) | 절제된(3) | 진지한(2) | 차분한(3) | 표현적인(2) | 향수 어린(2),306.0,2,"['거문고', '장구']","['거문고', '장구']",False,data/extracted/train/source/0257_민속악_산조/0257_민속악_산조_master.wav,48000,2,14688000,306.0,PCM_24,train
0258_민속악_산조,0258,민속악,산조,거문고 산조,60,12/4,Db / Bbm,그리운(2) | 기품 있는(2) | 단아한(2) | 명상적인(2) | 잔잔한(3) | 절제된(2) | 차분한(5) | 표현적인(2),294.0,2,"['거문고', '장구']","['거문고', '장구']",False,data/extracted/val/source/0258_민속악_산조/0258_민속악_산조_master.wav,48000,2,14112000,294.0,PCM_24,test
0259_민속악_산조,0259,민속악,산조,거문고 산조,60,12/4,Db / Bbm,그리운(2) | 기품 있는(2) | 다이내믹한(2) | 쓸쓸한(2) | 절제된(2) | 진지한(2) | 표현적인(2),342.0,2,"['거문고', '장구']","['거문고', '장구']",False,data/extracted/train/source/0259_민속악_산조/0259_민속악_산조_master.wav,48000,2,16416000,342.0,PCM_24,train
0260_민속악_산조,0260,민속악,산조,거문고 산조,60,12/4,Gb / Ebm,사색적인(3) | 쓸쓸한(2) | 진지한(3) | 차분한(2) | 표현적인(2) | 향수 어린(2),306.0,2,"['거문고', '장구']","['거문고', '장구']",False,data/extracted/train/source/0260_민속악_산조/0260_민속악_산조_master.wav,48000,2,14688000,306.0,PCM_24,train
0261_민속악_산조,0261,민속악,산조,거문고 산조,60,12/4,Db / Bbm,그리운(2) | 기품 있는(4) | 슬픈(2) | 쓸쓸한(2) | 애절한(2) | 우울감 있는(3) | 유려한(2) | 절제된(3) | 표현적인(3),291.0,2,"['거문고', '장구']","['거문고', '장구']",False,data/extracted/train/source/0261_민속악_산조/0261_민속악_산조_master.wav,48000,2,13968000,291.0,PCM_24,train
0262_민속악_산조,0262,민속악,산조,거문고 산조,60,12/4,Db / Bbm,그리운(2) | 쓸쓸한(2) | 절제된(2) | 진지한(3) | 차분한(2) | 표현적인(2),108.0,2,"['거문고', '장구']","['거문고', '장구']",False,data/extracted/train/source/0262_민속악_산조/0262_민속악_산조_master.wav,48000,2,5184000,108.0,PCM_24,train
0263_민속악_산조,0263,민속악,산조,거문고 산조,60,12/4,Ab / Fm,그리운(2) | 기품 있는(2) | 명상적인(2) | 시적인(2) | 여유로운(2) | 절제된(2) | 진지한(3) | 차분한(3) | 품위 있는(2),303.0,2,"['거문고', '장구']","['거문고', '장구']",False,data/extracted/train/source/0263_민속악_산조/0263_민속악_산조_master.wav,48000,2,14544000,303.0,PCM_24,train
0264_민속악_산조,0264,민속악,산조,거문고 산조,60,12/4,Db / Bbm,사색적인(2) | 쓸쓸한(2) | 애절한(2) | 우울감 있는(2) | 절제된(3) | 차분한(3) | 표현적인(3),25.0,2,"['거문고', '장구']","['거문고', '장구']",False,data/extracted/train/source/0264_민속악_산조/0264_민속악_산조_master.wav,48000,2,1200000,25.0,PCM_24,train
0265_민속악_산조,0265,민속악,산조,거문고 산조,140,12/8,Db / Bbm,다이내믹한(2) | 리듬감 있는(4) | 서사적인(2) | 신나는(2) | 에너지 넘치는(2) | 표현적인(3),21.0,2,"['거문고', '장구']","['거문고', '장구']",False,data/extracted/train/source/0265_민속악_산조/0265_민속악_산조_master.wav,48000,2,1008000,21.0,PCM_24,val
0266_민속악_산조,0266,민속악,산조,거문고 산조,140,12/8,Db / Bbm,경쾌한(2) | 리듬감 있는(5) | 생기 있는(2) | 신명난(2) | 표현적인(2),10.286,2,"['거문고', '장구']","['거문고', '장구']",False,data/extracted/train/source/0266_민속악_산조/0266_민속악_산조_master.wav,48000,2,493715,10.286,PCM_24,train
0267_민속악_산조,0267,민속악,산조,거문고 산조,140,12/8,Db / Bbm,다이내믹한(4) | 리듬감 있는(4) | 신나는(2) | 에너지 넘치는(2) | 표현적인(3),10.286,2,"['거문고', '장구']","['거문고', '장구']",False,data/extracted/train/source/0267_민속악_산조/0267_민속악_산조_master.wav,48000,2,493714,10.286,PCM_24,train
0268_민속악_산조,0268,민속악,산조,거문고 산조,140,12/8,Db / Bbm,다이내믹한(2) | 도취된(2) | 리듬감 있는(5) | 우울감 있는(2) | 진지한(2) | 활달한(2),20.571,2,"['거문고', '장구']","['거문고', '장구']",False,data/extracted/train/source/0268_민속악_산조/0268_민속악_산조_master.wav,48000,2,987429,20.571,PCM_24,train
0269_민속악_산조,0269,민속악,산조,거문고 산조,140,12/8,Db / Bbm,다이내믹한(4) | 리듬감 있는(3) | 신나는(2) | 쓸쓸한(2) | 애절한(2) | 표현적인(4) | 향수 어린(2),20.571,2,"['거문고', '장구']","['거문고', '장구']",False,data/extracted/train/source/0269_민속악_산조/0269_민속악_산조_master.wav,48000,2,987428,20.571,PCM_24,train
0270_민속악_산조,0270,민속악,산조,거문고 산조,140,12/8,Db / Bbm,강렬한(2) | 리듬감 있는(2) | 표현적인(4) | 품위 있는(2) | 활기찬(2),20.571,2,"['거문고', '장구']","['거문고', '장구']",False,data/extracted/val/source/0270_민속악_산조/0270_민속악_산조_master.wav,48000,2,987429,20.571,PCM_24,train
0272_민속악_산조,0272,민속악,산조,거문고 산조,140,12/8,Db / Bbm,다이내믹한(2) | 쓸쓸한(2) | 표현적인(2) | 활달한(2),20.571,2,"['거문고', '장구']","['거문고', '장구']",False,data/extracted/val/source/0272_민속악_산조/0272_민속악_산조_master.wav,48000,2,987429,20.571,PCM_24,train
0273_민속악_산조,0273,민속악,산조,거문고 산조,140,12/8,Db / Bbm,그리운(2) | 리듬감 있는(2) | 쓸쓸한(2) | 차분한(2) | 표현적인(3),20.571,2,"['거문고', '장구']","['거문고', '장구']",False,data/extracted/train/source/0273_민속악_산조/0273_민속악_산조_master.wav,48000,2,987429,20.571,PCM_24,train
0275_민속악_산조,0275,민속악,산조,거문고 산조,280,12/8,Ab / Fm,강렬한(2) | 기품 있는(2) | 다이내믹한(3) | 리듬감 있는(3) | 신나는(2) | 에너지 넘치는(3) | 유려한(2) | 표현적인(3) | 활달한(2),285.428,2,"['거문고', '장구']","['거문고', '장구']",False,data/extracted/val/source/0275_민속악_산조/0275_민속악_산조_master.wav,48000,2,13700568,285.428,PCM_24,train
0276_민속악_산조,0276,민속악,산조,거문고 산조,140,12/8,Db / Bbm,기품 있는(2) | 리듬감 있는(2) | 서사적인(2) | 유려한(2) | 진지한(2) | 표현적인(3),25.714,2,"['거문고', '장구']","['거문고', '장구']",False,data/extracted/train/source/0276_민속악_산조/0276_민속악_산조_master.wav,48000,2,1234286,25.714,PCM_24,train
0277_민속악_산조,0277,민속악,산조,거문고 산조,280,12/8,Db / Bbm,강한(2) | 다이내믹한(3) | 리듬감 있는(3) | 쓸쓸한(2) | 표현적인(4),311.786,2,"['거문고', '장구']","['거문고', '장구']",False,data/extracted/val/source/0277_민속악_산조/0277_민속악_산조_master.wav,48000,2,14965714,311.786,PCM_24,train
0278_민속악_산조,0278,민속악,산조,거문고 산조,140,12/8,Db / Bbm,기품 있는(2) | 우울감 있는(2) | 유려한(2) | 절제된(2) | 진지한(2) | 차분한(2),20.571,2,"['거문고', '장구']","['거문고', '장구']",False,data/extracted/train/source/0278_민속악_산조/0278_민속악_산조_master.wav,48000,2,987429,20.571,PCM_24,train
0279_민속악_산조,0279,민속악,산조,거문고 산조,280,12/8,Db / Bbm,다이내믹한(2) | 신나는(2) | 신명난(2) | 우울감 있는(2) | 표현적인(3) | 활달한(2),300.857,2,"['거문고', '장구']","['거문고', '장구']",False,data/extracted/train/source/0279_민속악_산조/0279_민속악_산조_master.wav,48000,2,14441143,300.857,PCM_24,test
0280_민속악_산조,0280,민속악,산조,거문고 산조,140,12/8,Db / Bbm,강력한(2) | 강렬한(3) | 강한(4) | 다이내믹한(3) | 리듬감 있는(3) | 에너지 넘치는(2),21.429,2,"['거문고', '장구']","['거문고', '장구']",False,data/extracted/train/source/0280_민속악_산조/0280_민속악_산조_master.wav,48000,2,1028571,21.429,PCM_24,train
0281_민속악_산조,0281,민속악,산조,거문고 산조,280,12/8,Db / Bbm,경쾌한(2) | 기품 있는(2) | 다이내믹한(2) | 리듬감 있는(2) | 진지한(2) | 표현적인(4),18.0,2,"['거문고', '장구']","['거문고', '장구']",False,data/extracted/train/source/0281_민속악_산조/0281_민속악_산조_master.wav,48000,2,864000,18.0,PCM_24,train
0283_민속악_산조,0283,민속악,산조,거문고 산조,280,12/8,Db / Bbm,리듬감 있는(3) | 표현적인(3) | 활달한(3),15.429,2,"['거문고', '장구']","['거문고', '장구']",False,data/extracted/train/source/0283_민속악_산조/0283_민속악_산조_master.wav,48000,2,740571,15.429,PCM_24,train
0284_민속악_산조,0284,민속악,산조,거문고 산조,280,12/8,Db / Bbm,리듬감 있는(4) | 에너지 넘치는(2) | 표현적인(4),12.857,2,"['거문고', '장구']","['거문고', '장구']",False,data/extracted/train/source/0284_민속악_산조/0284_민속악_산조_master.wav,48000,2,617143,12.857,PCM_24,train
0286_민속악_산조,0286,민속악,산조,거문고 산조,280,12/8,Db / Bbm,다이내믹한(2) | 도취된(3) | 사색적인(2) | 에너지 넘치는(2) | 열정적인(2) | 표현적인(4) | 활달한(2),267.429,2,"['거문고', '장구']","['거문고', '장구']",False,data/extracted/train/source/0286_민속악_산조/0286_민속악_산조_master.wav,48000,2,12836572,267.429,PCM_24,train
0287_민속악_산조,0287,민속악,산조,거문고 산조,280,12/8,Db / Bbm,우울감 있는(2) | 표현적인(4),280.286,2,"['거문고', '장구']","['거문고', '장구']",False,data/extracted/train/source/0287_민속악_산조/0287_민속악_산조_master.wav,48000,2,13453715,280.286,PCM_24,val
0288_민속악_산조,0288,민속악,산조,거문고 산조,280,12/8,Db / Bbm,기품 있는(2) | 다이내믹한(2) | 리듬감 있는(2) | 우울감 있는(2) | 유려한(2) | 절제된(2) | 표현적인(2),272.571,2,"['거문고', '장구']","['거문고', '장구']",False,data/extracted/train/source/0288_민속악_산조/0288_민속악_산조_master.wav,48000,2,13083429,272.571,PCM_24,train
0289_민속악_산조,0289,민속악,산조,거문고 산조,280,12/8,Db / Bbm,다이내믹한(2) | 리듬감 있는(4) | 사색적인(2) | 신나는(2) | 에너지 넘치는(3),262.286,2,"['거문고', '장구']","['거문고', '장구']",False,data/extracted/train/source/0289_민속악_산조/0289_민속악_산조_master.wav,48000,2,12589714,262.286,PCM_24,train
0290_민속악_산조,0290,민속악,산조,거문고 산조,280,12/8,Db / Bbm,다이내믹한(3) | 리듬감 있는(3) | 우울감 있는(2) | 표현적인(2),12.857,2,"['거문고', '장구']","['거문고', '장구']",False,data/extracted/train/source/0290_민속악_산조/0290_민속악_산조_master.wav,48000,2,617143,12.857,PCM_24,train
0291_민속악_산조,0291,민속악,산조,거문고 산조,280,12/8,Db / Bbm,강한(2) | 다이내믹한(2) | 리듬감 있는(2) | 에너지 넘치는(3) | 유려한(2) | 표현적인(3),10.286,2,"['거문고', '장구']","['거문고', '장구']",False,data/extracted/train/source/0291_민속악_산조/0291_민속악_산조_master.wav,48000,2,493714,10.286,PCM_24,train
0292_민속악_산조,0292,민속악,산조,거문고 산조,280,12/8,Db / Bbm,다이내믹한(2) | 리듬감 있는(3) | 신나는(3) | 쓸쓸한(2) | 열정적인(2) | 유려한(2) | 표현적인(2),365.143,2,"['거문고', '장구']","['거문고', '장구']",False,data/extracted/train/source/0292_민속악_산조/0292_민속악_산조_master.wav,48000,2,17526857,365.143,PCM_24,val
0293_민속악_산조,0293,민속악,산조,거문고 산조,280,12/8,Db / Bbm,다이내믹한(2) | 신명난(2) | 에너지 넘치는(2) | 표현적인(3) | 활달한(2),15.429,2,"['거문고', '장구']","['거문고', '장구']",False,data/extracted/train/source/0293_민속악_산조/0293_민속악_산조_master.wav,48000,2,740572,15.429,PCM_24,train
0294_민속악_산조,0294,민속악,산조,거문고 산조,280,12/8,Db / Bbm,강렬한(2) | 경쾌한(2) | 다이내믹한(2) | 도취된(2) | 리듬감 있는(4) | 서사적인(2) | 신명난(2) | 표현적인(3),20.571,2,"['거문고', '장구']","['거문고', '장구']",False,data/extracted/train/source/0294_민속악_산조/0294_민속악_산조_master.wav,48000,2,987428,20.571,PCM_24,train
0295_민속악_산조,0295,민속악,산조,거문고 산조,280,12/8,Db / Bbm,다이내믹한(2) | 신나는(2) | 표현적인(3) | 활달한(2),293.143,2,"['거문고', '장구']","['거문고', '장구']",False,data/extracted/train/source/0295_민속악_산조/0295_민속악_산조_master.wav,48000,2,14070857,293.143,PCM_24,train
0296_민속악_산조,0296,민속악,산조,거문고 산조,280,12/8,Db / Bbm,다이내믹한(2) | 도취된(2) | 리듬감 있는(2) | 신나는(2) | 신명난(2) | 차분한(2) | 표현적인(2),311.143,2,"['거문고', '장구']","['거문고', '장구']",False,data/extracted/train/source/0296_민속악_산조/0296_민속악_산조_master.wav,48000,2,14934857,311.143,PCM_24,train
0298_민속악_산조,0298,민속악,산조,거문고 산조,200,4/4,Ab / Fm,강렬한(2) | 강한(3) | 공격적인(2) | 다이내믹한(2) | 리듬감 있는(3) | 에너지 넘치는(4) | 열정적인(2) | 표현적인(2),6.3,2,"['거문고', '장구']","['거문고', '장구']",False,data/extracted/train/source/0298_민속악_산조/0298_민속악_산조_master.wav,48000,2,302400,6.3,PCM_24,test
0299_민속악_산조,0299,민속악,산조,거문고 산조,200,4/4,Ab / Fm,공격적인(3) | 다이내믹한(3) | 리듬감 있는(4) | 신명난(2) | 에너지 넘치는(4) | 활달한(3),7.2,2,"['거문고', '장구']","['거문고', '장구']",False,data/extracted/train/source/0299_민속악_산조/0299_민속악_산조_master.wav,48000,2,345600,7.2,PCM_24,train
0300_민속악_산조,0300,민속악,산조,거문고 산조,200,4/4,Ab / Fm,공격적인(2) | 다이내믹한(2) | 리듬감 있는(3) | 신나는(3) | 에너지 넘치는(3) | 열정적인(3) | 표현적인(2),8.4,2,"['거문고', '장구']","['거문고', '장구']",False,data/extracted/train/source/0300_민속악_산조/0300_민속악_산조_master.wav,48000,2,403200,8.4,PCM_24,train
0302_민속악_산조,0302,민속악,산조,거문고 산조,200,4/4,Ab / Fm,강렬한(2) | 공격적인(2) | 다이내믹한(3) | 리듬감 있는(2) | 신나는(3) | 신명난(4) | 에너지 넘치는(3),16.8,2,"['거문고', '장구']","['거문고', '장구']",False,data/extracted/train/source/0302_민속악_산조/0302_민속악_산조_master.wav,48000,2,806400,16.8,PCM_24,train
0303_민속악_산조,0303,민속악,산조,거문고 산조,200,4/4,Ab / Fm,강렬한(2) | 공격적인(2) | 다이내믹한(2) | 리듬감 있는(3) | 신나는(2) | 에너지 넘치는(3) | 유려한(2) | 표현적인(2),8.4,2,"['거문고', '장구']","['거문고', '장구']",False,data/extracted/train/source/0303_민속악_산조/0303_민속악_산조_master.wav,48000,2,403200,8.4,PCM_24,train
0304_민속악_산조,0304,민속악,산조,거문고 산조,200,4/4,Ab / Fm,강한(2) | 긴장감 넘치는(2) | 다이내믹한(3) | 리듬감 있는(2) | 신나는(2) | 에너지 넘치는(3),11.4,2,"['거문고', '장구']","['거문고', '장구']",False,data/extracted/train/source/0304_민속악_산조/0304_민속악_산조_master.wav,48000,2,547200,11.4,PCM_24,train
0305_민속악_산조,0305,민속악,산조,거문고 산조,240,10/8,Db / Bbm,경쾌한(2) | 다이내믹한(2) | 도취된(2) | 리듬감 있는(3) | 신명난(2) | 활달한(2),15.5,2,"['거문고', '장구']","['거문고', '장구']",False,data/extracted/train/source/0305_민속악_산조/0305_민속악_산조_master.wav,48000,2,744000,15.5,PCM_24,train
0306_민속악_산조,0306,민속악,산조,거문고 산조,240,10/8,Db / Bbm,강한(3) | 경쾌한(2) | 다이내믹한(4) | 도취된(2) | 리듬감 있는(3) | 에너지 넘치는(3) | 표현적인(3) | 활달한(3),20.0,2,"['거문고', '장구']","['거문고', '장구']",False,data/extracted/train/source/0306_민속악_산조/0306_민속악_산조_master.wav,48000,2,960000,20.0,PCM_24,train
0307_민속악_산조,0307,민속악,산조,거문고 산조,240,10/8,Db / Bbm,경쾌한(2) | 다이내믹한(2) | 리듬감 있는(3) | 차분한(2) | 표현적인(4),30.0,2,"['거문고', '장구']","['거문고', '장구']",False,data/extracted/train/source/0307_민속악_산조/0307_민속악_산조_master.wav,48000,2,1440000,30.0,PCM_24,train
0308_민속악_산조,0308,민속악,산조,거문고 산조,240,10/8,Db / Bbm,공격적인(2) | 다이내믹한(2) | 리듬감 있는(2) | 열정적인(2) | 표현적인(3),10.0,2,"['거문고', '장구']","['거문고', '장구']",False,data/extracted/train/source/0308_민속악_산조/0308_민속악_산조_master.wav,48000,2,480000,10.0,PCM_24,test
0309_민속악_산조,0309,민속악,산조,거문고 산조,240,10/8,Db / Bbm,다이내믹한(4) | 에너지 넘치는(2) | 표현적인(3) | 활달한(2),20.0,2,"['거문고', '장구']","['거문고', '장구']",False,data/extracted/train/source/0309_민속악_산조/0309_민속악_산조_master.wav,48000,2,960000,20.0,PCM_24,train
0310_민속악_산조,0310,민속악,산조,거문고 산조,240,10/8,Db / Bbm,경쾌한(2) | 다이내믹한(2) | 리듬감 있는(3) | 신나는(2) | 에너지 넘치는(3) | 표현적인(2),25.5,2,"['거문고', '장구']","['거문고', '장구']",False,data/extracted/train/source/0310_민속악_산조/0310_민속악_산조_master.wav,48000,2,1224000,25.5,PCM_24,train
0311_민속악_산조,0311,민속악,산조,대금 산조,100,18/8,E / Dbm,명상적인(2) | 절제된(3) | 진지한(2) | 차분한(3) | 표현적인(2) | 향수 어린(2),205.5,2,"['대금', '장구']","['대금', '장구']",False,data/extracted/train/source/0311_민속악_산조/0311_민속악_산조_master.wav,48000,2,9864000,205.5,PCM_24,train
0312_민속악_산조,0312,민속악,산조,대금 산조,100,18/8,E / Dbm,쓸쓸한(2) | 애절한(2) | 우울한(2) | 유려한(2) | 진지한(2) | 차분한(2) | 표현적인(2) | 향토적인(2),162.0,2,"['대금', '장구']","['대금', '장구']",False,data/extracted/train/source/0312_민속악_산조/0312_민속악_산조_master.wav,48000,2,7776000,162.0,PCM_24,val
0313_민속악_산조,0313,민속악,산조,대금 산조,100,18/8,E / Dbm,그리운(2) | 쓸쓸한(4) | 애절한(2) | 우울감 있는(2) | 우울한(2) | 유려한(2) | 절제된(2) | 표현적인(2) | 향토적인(2),303.6,2,"['대금', '장구']","['대금', '장구']",False,data/extracted/train/source/0313_민속악_산조/0313_민속악_산조_master.wav,48000,2,14572800,303.6,PCM_24,train
0314_민속악_산조,0314,민속악,산조,대금 산조,100,18/8,E / Dbm,다이내믹한(2) | 비통한(2) | 쓸쓸한(2) | 애절한(3) | 우울감 있는(2) | 우울한(2) | 절제된(2) | 침울한(3) | 표현적인(2) | 향토적인(2),295.2,2,"['대금', '장구']","['대금', '장구']",False,data/extracted/train/source/0314_민속악_산조/0314_민속악_산조_master.wav,48000,2,14169600,295.2,PCM_24,train
0315_민속악_산조,0315,민속악,산조,대금 산조,100,18/8,Ab / Fm,명상적인(2) | 슬픈(3) | 우울감 있는(2) | 우울한(2) | 차분한(2) | 표현적인(2),21.6,2,"['대금', '장구']","['대금', '장구']",False,data/extracted/train/source/0315_민속악_산조/0315_민속악_산조_master.wav,48000,2,1036800,21.6,PCM_24,train
0316_민속악_산조,0316,민속악,산조,대금 산조,100,18/8,E / Dbm,강한(2) | 비통한(2) | 애절한(2) | 표현적인(2),10.8,2,"['대금', '장구']","['대금', '장구']",False,data/extracted/train/source/0316_민속악_산조/0316_민속악_산조_master.wav,48000,2,518400,10.8,PCM_24,val
0317_민속악_산조,0317,민속악,산조,대금 산조,100,18/8,E / Dbm,비통한(2) | 우울감 있는(2) | 표현적인(3),303.6,2,"['대금', '장구']","['대금', '장구']",False,data/extracted/train/source/0317_민속악_산조/0317_민속악_산조_master.wav,48000,2,14572800,303.6,PCM_24,train
0318_민속악_산조,0318,민속악,산조,대금 산조,100,18/8,A / Gbm,슬픈(3) | 쓸쓸한(2) | 유려한(2) | 차분한(2) | 표현적인(3),325.2,2,"['대금', '장구']","['대금', '장구']",False,data/extracted/train/source/0318_민속악_산조/0318_민속악_산조_master.wav,48000,2,15609600,325.2,PCM_24,train
0319_민속악_산조,0319,민속악,산조,대금 산조,100,18/8,A / Gbm,슬픈(2) | 우울감 있는(2) | 우울한(2) | 잔잔한(3) | 절제된(2) | 차분한(2) | 평온한(2) | 표현적인(2),325.2,2,"['대금', '장구']","['대금', '장구']",False,data/extracted/train/source/0319_민속악_산조/0319_민속악_산조_master.wav,48000,2,15609600,325.2,PCM_24,train
0320_민속악_산조,0320,민속악,산조,대금 산조,100,18/8,E / Dbm,애절한(2) | 유려한(2) | 표현적인(3) | 향토적인(2),162.0,2,"['대금', '장구']","['대금', '장구']",False,data/extracted/train/source/0320_민속악_산조/0320_민속악_산조_master.wav,48000,2,7776000,162.0,PCM_24,train
0321_민속악_산조,0321,민속악,산조,대금 산조,60,12/4,E / Dbm,기품 있는(2) | 쓸쓸한(2) | 우울감 있는(3) | 차분한(2) | 표현적인(2),192.25,2,"['대금', '장구']","['대금', '장구']",False,data/extracted/train/source/0321_민속악_산조/0321_민속악_산조_master.wav,48000,2,9228000,192.25,PCM_24,train
0322_민속악_산조,0322,민속악,산조,대금 산조,60,12/4,E / Dbm,그리운(2) | 사색적인(2) | 애절한(2) | 우울한(2) | 절제된(2) | 차분한(2) | 표현적인(3),347.75,2,"['대금', '장구']","['대금', '장구']",False,data/extracted/train/source/0322_민속악_산조/0322_민속악_산조_master.wav,48000,2,16692000,347.75,PCM_24,train
0323_민속악_산조,0323,민속악,산조,대금 산조,160,12/8,E / Dbm,리듬감 있는(2) | 사색적인(2) | 에너지 넘치는(2) | 절제된(2) | 차분한(2) | 표현적인(3),326.25,2,"['대금', '장구']","['대금', '장구']",False,data/extracted/val/source/0323_민속악_산조/0323_민속악_산조_master.wav,48000,2,15660000,326.25,PCM_24,train
0324_민속악_산조,0324,민속악,산조,대금 산조,160,12/8,E / Dbm,다이내믹한(2) | 리듬감 있는(3) | 시적인(2) | 애절한(2) | 유려한(2) | 표현적인(2),326.25,2,"['대금', '장구']","['대금', '장구']",False,data/extracted/val/source/0324_민속악_산조/0324_민속악_산조_master.wav,48000,2,15660000,326.25,PCM_24,train
0325_민속악_산조,0325,민속악,산조,대금 산조,160,12/8,E / Dbm,강렬한(2) | 강한(2) | 경쾌한(2) | 리듬감 있는(2) | 표현적인(2),285.75,2,"['대금', '장구']","['대금', '장구']",False,data/extracted/train/source/0325_민속악_산조/0325_민속악_산조_master.wav,48000,2,13716000,285.75,PCM_24,train
0326_민속악_산조,0326,민속악,산조,대금 산조,160,12/8,E / Dbm,다이내믹한(2) | 리듬감 있는(3) | 에너지 넘치는(2) | 우울감 있는(2) | 유려한(2) | 침울한(2),13.5,2,"['대금', '장구']","['대금', '장구']",False,data/extracted/train/source/0326_민속악_산조/0326_민속악_산조_master.wav,48000,2,648000,13.5,PCM_24,train
0327_민속악_산조,0327,민속악,산조,대금 산조,160,12/8,E / Dbm,다이내믹한(2) | 우울감 있는(3) | 유려한(2) | 표현적인(3) | 향토적인(2),290.25,2,"['대금', '장구']","['대금', '장구']",False,data/extracted/train/source/0327_민속악_산조/0327_민속악_산조_master.wav,48000,2,13932000,290.25,PCM_24,train
0328_민속악_산조,0328,민속악,산조,대금 산조,160,12/8,A / Gbm,기품 있는(2) | 다이내믹한(2) | 비통한(2) | 우울감 있는(2) | 유려한(2) | 표현적인(3),326.25,2,"['대금', '장구']","['대금', '장구']",False,data/extracted/train/source/0328_민속악_산조/0328_민속악_산조_master.wav,48000,2,15660000,326.25,PCM_24,train
0329_민속악_산조,0329,민속악,산조,대금 산조,160,12/8,E / Dbm,그리운(2) | 기품 있는(3) | 다이내믹한(2) | 리듬감 있는(2) | 절제된(2) | 차분한(2),285.75,2,"['대금', '장구']","['대금', '장구']",False,data/extracted/train/source/0329_민속악_산조/0329_민속악_산조_master.wav,48000,2,13716000,285.75,PCM_24,train
0330_민속악_산조,0330,민속악,산조,대금 산조,160,12/8,E / Dbm,리듬감 있는(3) | 에너지 넘치는(2) | 우울감 있는(2) | 유려한(2) | 절제된(2) | 진지한(2) | 표현적인(2) | 향수 어린(2),285.75,2,"['대금', '장구']","['대금', '장구']",False,data/extracted/train/source/0330_민속악_산조/0330_민속악_산조_master.wav,48000,2,13716000,285.75,PCM_24,train
0331_민속악_산조,0331,민속악,산조,대금 산조,160,12/8,E / Dbm,다이내믹한(2) | 시적인(2) | 에너지 넘치는(2) | 우울감 있는(2) | 표현적인(4),324.0,2,"['대금', '장구']","['대금', '장구']",False,data/extracted/train/source/0331_민속악_산조/0331_민속악_산조_master.wav,48000,2,15552000,324.0,PCM_24,train
0332_민속악_산조,0332,민속악,산조,대금 산조,240,12/8,E / Dbm,강한(2) | 그리운(2) | 다이내믹한(3) | 리듬감 있는(4) | 에너지 넘치는(2) | 열정적인(2) | 표현적인(2),337.5,2,"['대금', '장구']","['대금', '장구']",False,data/extracted/train/source/0332_민속악_산조/0332_민속악_산조_master.wav,48000,2,16200000,337.5,PCM_24,train
0333_민속악_산조,0333,민속악,산조,대금 산조,240,12/8,E / Dbm,긴장된(2) | 사색적인(2) | 우울감 있는(2) | 차분한(2) | 표현적인(3),24.0,2,"['대금', '장구']","['대금', '장구']",False,data/extracted/val/source/0333_민속악_산조/0333_민속악_산조_master.wav,48000,2,1152000,24.0,PCM_24,val
0334_민속악_산조,0334,민속악,산조,대금 산조,240,12/8,E / Dbm,강한(2) | 다이내믹한(2) | 리듬감 있는(2) | 비통한(2) | 에너지 넘치는(2) | 유려한(2) | 표현적인(3),12.0,2,"['대금', '장구']","['대금', '장구']",False,data/extracted/train/source/0334_민속악_산조/0334_민속악_산조_master.wav,48000,2,576000,12.0,PCM_24,test
0335_민속악_산조,0335,민속악,산조,대금 산조,240,12/8,F / Dm,리듬감 있는(3) | 쓸쓸한(2) | 우울감 있는(2) | 절제된(2),6.0,2,"['대금', '장구']","['대금', '장구']",False,data/extracted/train/source/0335_민속악_산조/0335_민속악_산조_master.wav,48000,2,288000,6.0,PCM_24,train
0336_민속악_산조,0336,민속악,산조,대금 산조,240,12/8,A / Gbm,다이내믹한(2) | 리듬감 있는(2) | 우울감 있는(2) | 유려한(2) | 진지한(3) | 표현적인(4) | 해학적인(2),18.0,2,"['대금', '장구']","['대금', '장구']",False,data/extracted/train/source/0336_민속악_산조/0336_민속악_산조_master.wav,48000,2,864000,18.0,PCM_24,train
0337_민속악_산조,0337,민속악,산조,대금 산조,240,12/8,E / Dbm,리듬감 있는(3) | 쓸쓸한(2) | 애절한(2) | 에너지 넘치는(2) | 유려한(3) | 표현적인(3),18.0,2,"['대금', '장구']","['대금', '장구']",False,data/extracted/train/source/0337_민속악_산조/0337_민속악_산조_master.wav,48000,2,864000,18.0,PCM_24,train
0338_민속악_산조,0338,민속악,산조,대금 산조,240,12/8,E / Dbm,리듬감 있는(2) | 시적인(2) | 유려한(2) | 절제된(3) | 표현적인(2),318.0,2,"['대금', '장구']","['대금', '장구']",False,data/extracted/train/source/0338_민속악_산조/0338_민속악_산조_master.wav,48000,2,15264000,318.0,PCM_24,train
0339_민속악_산조,0339,민속악,산조,대금 산조,240,12/8,E / Dbm,아정한(2) | 애절한(2) | 유려한(2) | 진지한(3),21.0,2,"['대금', '장구']","['대금', '장구']",False,data/extracted/train/source/0339_민속악_산조/0339_민속악_산조_master.wav,48000,2,1008000,21.0,PCM_24,val
0340_민속악_산조,0340,민속악,산조,대금 산조,240,12/8,E / Dbm,강렬한(2) | 리듬감 있는(3) | 에너지 넘치는(2) | 표현적인(2),300.75,2,"['대금', '장구']","['대금', '장구']",False,data/extracted/train/source/0340_민속악_산조/0340_민속악_산조_master.wav,48000,2,14436000,300.75,PCM_24,train
0341_민속악_산조,0341,민속악,산조,대금 산조,240,12/8,E / Dbm,다이내믹한(2) | 서사적인(2) | 유려한(2) | 진지한(3) | 침울한(2) | 표현적인(3),187.5,2,"['대금', '장구']","['대금', '장구']",False,data/extracted/train/source/0341_민속악_산조/0341_민속악_산조_master.wav,48000,2,9000000,187.5,PCM_24,test
0342_민속악_산조,0342,민속악,산조,아쟁 산조,80,18/8,Eb / Cm,긴장감 넘치는(2) | 진지한(3) | 차분한(2) | 표현적인(3),339.75,2,"['아쟁', '장구']","['아쟁', '장구']",False,data/extracted/train/source/0342_민속악_산조/0342_민속악_산조_master.wav,48000,2,16308000,339.75,PCM_24,train
0343_민속악_산조,0343,민속악,산조,아쟁 산조,80,18/8,Eb / Cm,기품 있는(2) | 긴장된(2) | 진지한(4) | 표현적인(2),108.0,2,"['아쟁', '장구']","['아쟁', '장구']",False,data/extracted/train/source/0343_민속악_산조/0343_민속악_산조_master.wav,48000,2,5184000,108.0,PCM_24,train
0344_민속악_산조,0344,민속악,산조,아쟁 산조,80,18/8,Eb / Cm,긴장감 넘치는(2) | 엄숙한(2) | 진지한(3) | 표현적인(3),621.75,2,"['아쟁', '장구']","['아쟁', '장구']",False,data/extracted/train/source/0344_민속악_산조/0344_민속악_산조_master.wav,48000,2,29844000,621.75,PCM_24,test
0346_민속악_산조,0346,민속악,산조,아쟁 산조,60,12/4,Eb / Cm,긴장감 넘치는(2) | 긴장된(2) | 도취된(3) | 어두운(2) | 열정적인(2) | 우울감 있는(2) | 진지한(2) | 표현적인(3),372.5,2,"['아쟁', '장구']","['아쟁', '장구']",False,data/extracted/train/source/0346_민속악_산조/0346_민속악_산조_master.wav,48000,2,17880000,372.5,PCM_24,train
0347_민속악_산조,0347,민속악,산조,아쟁 산조,120,12/8,Eb / Cm,강한(3) | 긴장감 넘치는(2) | 다이내믹한(4) | 리듬감 있는(2) | 불안한(2) | 어두운(2) | 표현적인(3),324.5,2,"['아쟁', '장구']","['아쟁', '장구']",False,data/extracted/train/source/0347_민속악_산조/0347_민속악_산조_master.wav,48000,2,15576000,324.5,PCM_24,train
0348_민속악_산조,0348,민속악,산조,아쟁 산조,240,12/8,Eb / Cm,강렬한(2) | 긴장감 넘치는(3) | 다이내믹한(4) | 리듬감 있는(2) | 불안한(2) | 열정적인(2) | 표현적인(2),444.75,2,"['아쟁', '장구']","['아쟁', '장구']",False,data/extracted/train/source/0348_민속악_산조/0348_민속악_산조_master.wav,48000,2,21348000,444.75,PCM_24,test
0350_민속악_산조,0350,민속악,산조,피리 산조,100,18/8,A / Gbm,기품 있는(2) | 비통한(2) | 슬픈(3) | 우울감 있는(2) | 우울한(2) | 절제된(2) | 진지한(4) | 차분한(2),347.4,2,"['장구', '피리']","['장구', '피리']",False,data/extracted/train/source/0350_민속악_산조/0350_민속악_산조_master.wav,48000,2,16675200,347.4,PCM_24,test
0351_민속악_산조,0351,민속악,산조,피리 산조,100,18/8,Bb / Gm,긴장감 넘치는(2) | 슬픈(2) | 장엄한(2) | 진지한(4) | 표현적인(2),307.8,2,"['장구', '피리']","['장구', '피리']",False,data/extracted/train/source/0351_민속악_산조/0351_민속악_산조_master.wav,48000,2,14774400,307.8,PCM_24,train
0352_민속악_산조,0352,민속악,산조,피리 산조,100,18/8,Bb / Gm,절제된(2) | 진지한(2) | 표현적인(2) | 품위 있는(2),306.0,2,"['장구', '피리']","['장구', '피리']",False,data/extracted/train/source/0352_민속악_산조/0352_민속악_산조_master.wav,48000,2,14688000,306.0,PCM_24,train
0354_민속악_산조,0354,민속악,산조,피리 산조,100,18/8,F / Dm,강한(2) | 긴장감 넘치는(2) | 엄숙한(2) | 유려한(2) | 표현적인(2),349.2,2,"['장구', '피리']","['장구', '피리']",False,data/extracted/train/source/0354_민속악_산조/0354_민속악_산조_master.wav,48000,2,16761600,349.2,PCM_24,train
0355_민속악_산조,0355,민속악,산조,피리 산조,100,18/8,Bb / Gm,긴장감 넘치는(2) | 쓸쓸한(2) | 엄숙한(2) | 절제된(2) | 진지한(3) | 표현적인(3),307.8,2,"['장구', '피리']","['장구', '피리']",False,data/extracted/train/source/0355_민속악_산조/0355_민속악_산조_master.wav,48000,2,14774400,307.8,PCM_24,train
0356_민속악_산조,0356,민속악,산조,피리 산조,70,12/4,F / Dm,시적인(2) | 애절한(2) | 웅대한(2) | 유려한(2) | 진지한(2) | 표현적인(3),293.143,2,"['장구', '피리']","['장구', '피리']",False,data/extracted/train/source/0356_민속악_산조/0356_민속악_산조_master.wav,48000,2,14070858,293.143,PCM_24,train
0357_민속악_산조,0357,민속악,산조,피리 산조,70,12/4,F / Dm,생기 있는(2) | 쓸쓸한(2) | 차분한(2) | 표현적인(2) | 향토적인(2),290.571,2,"['장구', '피리']","['장구', '피리']",False,data/extracted/train/source/0357_민속악_산조/0357_민속악_산조_master.wav,48000,2,13947428,290.571,PCM_24,train
0358_민속악_산조,0358,민속악,산조,피리 산조,70,12/4,Bb / Gm,열정적인(2) | 우울감 있는(2) | 진지한(3) | 표현적인(2),290.571,2,"['장구', '피리']","['장구', '피리']",False,data/extracted/train/source/0358_민속악_산조/0358_민속악_산조_master.wav,48000,2,13947429,290.571,PCM_24,train
0359_민속악_산조,0359,민속악,산조,피리 산조,70,12/4,Bb / Gm,열정적인(2) | 영웅적인(2) | 진지한(3) | 표현적인(4) | 향토적인(2),290.571,2,"['장구', '피리']","['장구', '피리']",False,data/extracted/train/source/0359_민속악_산조/0359_민속악_산조_master.wav,48000,2,13947428,290.571,PCM_24,train
0360_민속악_산조,0360,민속악,산조,피리 산조,70,12/4,Bb / Gm,우울감 있는(2) | 유려한(2) | 진지한(2) | 표현적인(4),290.571,2,"['장구', '피리']","['장구', '피리']",False,data/extracted/train/source/0360_민속악_산조/0360_민속악_산조_master.wav,48000,2,13947428,290.571,PCM_24,train
0361_민속악_산조,0361,민속악,산조,피리 산조,70,12/4,Bb / Gm,비통한(2) | 슬픈(2) | 쓸쓸한(3) | 애절한(2) | 절제된(2) | 진지한(2) | 표현적인(2),30.857,2,"['장구', '피리']","['장구', '피리']",False,data/extracted/train/source/0361_민속악_산조/0361_민속악_산조_master.wav,48000,2,1481143,30.857,PCM_24,train
0362_민속악_산조,0362,민속악,산조,피리 산조,70,12/4,Bb / Gm,우울감 있는(2) | 유려한(3) | 조화로운(2) | 표현적인(4),20.571,2,"['장구', '피리']","['장구', '피리']",False,data/extracted/train/source/0362_민속악_산조/0362_민속악_산조_master.wav,48000,2,987428,20.571,PCM_24,train
0363_민속악_산조,0363,민속악,산조,피리 산조,70,12/4,Bb / Gm,비통한(2) | 슬픈(2) | 열정적인(2) | 진지한(4) | 표현적인(4),295.714,2,"['장구', '피리']","['장구', '피리']",False,data/extracted/train/source/0363_민속악_산조/0363_민속악_산조_master.wav,48000,2,14194286,295.714,PCM_24,test
0365_민속악_산조,0365,민속악,산조,피리 산조,140,12/8,Bb / Gm,강한(2) | 다이내믹한(2) | 열정적인(2) | 표현적인(4),284.143,2,"['장구', '피리']","['장구', '피리']",False,data/extracted/train/source/0365_민속악_산조/0365_민속악_산조_master.wav,48000,2,13638857,284.143,PCM_24,train
0366_민속악_산조,0366,민속악,산조,피리 산조,140,12/8,Bb / Gm,쓸쓸한(2) | 애절한(3) | 우울감 있는(2) | 표현적인(3),310.714,2,"['장구', '피리']","['장구', '피리']",False,data/extracted/train/source/0366_민속악_산조/0366_민속악_산조_master.wav,48000,2,14914286,310.714,PCM_24,test
0367_민속악_산조,0367,민속악,산조,피리 산조,140,12/8,F / Dm,다이내믹한(3) | 도취된(3) | 비통한(2) | 슬픈(2) | 애절한(2) | 표현적인(3),30.857,2,"['장구', '피리']","['장구', '피리']",False,data/extracted/train/source/0367_민속악_산조/0367_민속악_산조_master.wav,48000,2,1481143,30.857,PCM_24,train
0369_민속악_산조,0369,민속악,산조,피리 산조,140,12/8,F / Dm,도취된(2) | 비통한(2) | 슬픈(2) | 쓸쓸한(3) | 애절한(2) | 열정적인(2) | 우울한(2) | 표현적인(3),20.571,2,"['장구', '피리']","['장구', '피리']",False,data/extracted/train/source/0369_민속악_산조/0369_민속악_산조_master.wav,48000,2,987428,20.571,PCM_24,train
0370_민속악_산조,0370,민속악,산조,피리 산조,140,12/8,B / Abm,그리운(2) | 다이내믹한(2) | 도취된(2) | 비통한(2) | 쓸쓸한(2) | 애절한(3) | 유려한(2) | 표현적인(4),339.429,2,"['장구', '피리']","['장구', '피리']",False,data/extracted/train/source/0370_민속악_산조/0370_민속악_산조_master.wav,48000,2,16292571,339.429,PCM_24,train
0372_민속악_산조,0372,민속악,산조,피리 산조,140,12/8,B / Abm,강렬한(2) | 도취된(2) | 애절한(2) | 우울감 있는(2) | 진지한(2) | 표현적인(3),10.286,2,"['장구', '피리']","['장구', '피리']",False,data/extracted/train/source/0372_민속악_산조/0372_민속악_산조_master.wav,48000,2,493714,10.286,PCM_24,train
0373_민속악_산조,0373,민속악,산조,피리 산조,140,12/8,B / Abm,리듬감 있는(2) | 비통한(2) | 표현적인(4),324.0,2,"['장구', '피리']","['장구', '피리']",False,data/extracted/train/source/0373_민속악_산조/0373_민속악_산조_master.wav,48000,2,15552000,324.0,PCM_24,train
0375_민속악_산조,0375,민속악,산조,피리 산조,140,12/8,F / Dm,강렬한(3) | 도취된(2) | 애절한(2) | 에너지 넘치는(2) | 침울한(2) | 표현적인(4),241.672,2,"['장구', '피리']","['장구', '피리']",False,data/extracted/train/source/0375_민속악_산조/0375_민속악_산조_master.wav,48000,2,11600242,241.672,PCM_24,train
0376_민속악_산조,0376,민속악,산조,피리 산조,320,12/8,F / Dm,다이내믹한(2) | 도취된(2) | 에너지 넘치는(2) | 진지한(2) | 표현적인(4),319.5,2,"['장구', '피리']","['장구', '피리']",False,data/extracted/train/source/0376_민속악_산조/0376_민속악_산조_master.wav,48000,2,15336000,319.5,PCM_24,train
0377_민속악_산조,0377,민속악,산조,피리 산조,320,12/8,F / Dm,강렬한(3) | 다이내믹한(2) | 도취된(2) | 비통한(2) | 열정적인(2) | 표현적인(3),24.844,2,"['장구', '피리']","['장구', '피리']",False,data/extracted/train/source/0377_민속악_산조/0377_민속악_산조_master.wav,48000,2,1192500,24.844,PCM_24,train
0378_민속악_산조,0378,민속악,산조,피리 산조,320,12/8,F / Dm,리듬감 있는(3) | 생기 있는(3) | 유려한(3) | 표현적인(3) | 해학적인(2),387.0,2,"['장구', '피리']","['장구', '피리']",False,data/extracted/train/source/0378_민속악_산조/0378_민속악_산조_master.wav,48000,2,18576000,387.0,PCM_24,train
0379_민속악_산조,0379,민속악,산조,피리 산조,320,12/8,F / Dm,신명난(2) | 애절한(2) | 에너지 넘치는(2) | 유쾌한(2) | 진지한(2) | 표현적인(4) | 해학적인(2) | 활달한(2),29.156,2,"['장구', '피리']","['장구', '피리']",False,data/extracted/train/source/0379_민속악_산조/0379_민속악_산조_master.wav,48000,2,1399500,29.156,PCM_24,val
0381_민속악_산조,0381,민속악,산조,피리 산조,320,12/8,A / Gbm,경쾌한(2) | 생기 있는(2) | 에너지 넘치는(2) | 유려한(2) | 표현적인(4),300.375,2,"['장구', '피리']","['장구', '피리']",False,data/extracted/train/source/0381_민속악_산조/0381_민속악_산조_master.wav,48000,2,14418000,300.375,PCM_24,train
0382_민속악_산조,0382,민속악,산조,피리 산조,320,12/8,F / Dm,강한(2) | 리듬감 있는(2) | 서사적인(2) | 에너지 넘치는(3) | 열정적인(2) | 진지한(2) | 표현적인(4),289.125,2,"['장구', '피리']","['장구', '피리']",False,data/extracted/train/source/0382_민속악_산조/0382_민속악_산조_master.wav,48000,2,13878000,289.125,PCM_24,train
0383_민속악_산조,0383,민속악,산조,피리 산조,320,12/8,F / Dm,강렬한(2) | 도취된(2) | 슬픈(2) | 열정적인(2) | 진지한(2) | 표현적인(4),326.25,2,"['장구', '피리']","['장구', '피리']",False,data/extracted/train/source/0383_민속악_산조/0383_민속악_산조_master.wav,48000,2,15660000,326.25,PCM_24,train
0384_민속악_산조,0384,민속악,산조,해금 산조,80,18/8,A / Gbm,긴장감 넘치는(2) | 시적인(2) | 유려한(2) | 표현적인(3),216.75,2,"['장구', '해금']","['장구', '해금']",False,data/extracted/train/source/0384_민속악_산조/0384_민속악_산조_master.wav,48000,2,10404000,216.75,PCM_24,test
0385_민속악_산조,0385,민속악,산조,해금 산조,80,18/8,B / Abm,쓸쓸한(2) | 어두운(2) | 우울감 있는(2) | 유려한(2) | 절제된(2) | 차분한(2) | 표현적인(4),326.25,2,"['장구', '해금']","['장구', '해금']",False,data/extracted/train/source/0385_민속악_산조/0385_민속악_산조_master.wav,48000,2,15660000,326.25,PCM_24,test
0386_민속악_산조,0386,민속악,산조,해금 산조,80,18/8,A / Gbm,긴장감 넘치는(2) | 유려한(2) | 절제된(2) | 차분한(3) | 표현적인(4),103.5,2,"['장구', '해금']","['장구', '해금']",False,data/extracted/train/source/0386_민속악_산조/0386_민속악_산조_master.wav,48000,2,4968000,103.5,PCM_24,train
0387_민속악_산조,0387,민속악,산조,해금 산조,80,18/8,D / Bm,기품 있는(2) | 도취된(2) | 시적인(2) | 어두운(2) | 우아한(2) | 진지한(2) | 표현적인(2) | 품위 있는(2),436.5,2,"['장구', '해금']","['장구', '해금']",False,data/extracted/train/source/0387_민속악_산조/0387_민속악_산조_master.wav,48000,2,20952000,436.5,PCM_24,train
0389_민속악_산조,0389,민속악,산조,해금 산조,60,12/4,B / Abm,기품 있는(2) | 도취된(2) | 우울감 있는(2) | 유려한(2) | 절제된(3) | 진지한(2) | 표현적인(4),240.0,2,"['장구', '해금']","['장구', '해금']",False,data/extracted/val/source/0389_민속악_산조/0389_민속악_산조_master.wav,48000,2,11520000,240.0,PCM_24,train
0391_민속악_산조,0391,민속악,산조,해금 산조,140,12/8,D / Bm,다이내믹한(2) | 단아한(2) | 리듬감 있는(4) | 유려한(2) | 표현적인(3),98.127,2,"['장구', '해금']","['장구', '해금']",False,data/extracted/val/source/0391_민속악_산조/0391_민속악_산조_master.wav,48000,2,4710075,98.127,PCM_24,test
0392_민속악_산조,0392,민속악,산조,해금 산조,140,12/8,D / Bm,리듬감 있는(2) | 유려한(2) | 표현적인(4),20.588,2,"['장구', '해금']","['장구', '해금']",False,data/extracted/train/source/0392_민속악_산조/0392_민속악_산조_master.wav,48000,2,988210,20.588,PCM_24,train
0393_민속악_산조,0393,민속악,산조,해금 산조,140,12/8,D / Bm,리듬감 있는(3) | 시적인(2) | 유려한(3) | 표현적인(3),10.286,2,"['장구', '해금']","['장구', '해금']",False,data/extracted/train/source/0393_민속악_산조/0393_민속악_산조_master.wav,48000,2,493715,10.286,PCM_24,train
0394_민속악_산조,0394,민속악,산조,해금 산조,140,12/8,D / Bm,리듬감 있는(2) | 우울감 있는(2) | 유려한(2) | 표현적인(3),331.714,2,"['장구', '해금']","['장구', '해금']",False,data/extracted/train/source/0394_민속악_산조/0394_민속악_산조_master.wav,48000,2,15922286,331.714,PCM_24,val
0395_민속악_산조,0395,민속악,산조,해금 산조,140,12/8,D / Bm,기품 있는(2) | 리듬감 있는(4) | 열정적인(2) | 유려한(2) | 표현적인(4),15.0,2,"['장구', '해금']","['장구', '해금']",False,data/extracted/val/source/0395_민속악_산조/0395_민속악_산조_master.wav,48000,2,720000,15.0,PCM_24,train
0396_민속악_산조,0396,민속악,산조,해금 산조,240,12/8,D / Bm,다이내믹한(2) | 리듬감 있는(3) | 유려한(2) | 표현적인(2),12.25,2,"['장구', '해금']","['장구', '해금']",False,data/extracted/train/source/0396_민속악_산조/0396_민속악_산조_master.wav,48000,2,588000,12.25,PCM_24,val
0397_민속악_산조,0397,민속악,산조,해금 산조,240,12/8,D / Bm,리듬감 있는(3) | 유려한(3) | 표현적인(3),316.784,2,"['장구', '해금']","['장구', '해금']",False,data/extracted/train/source/0397_민속악_산조/0397_민속악_산조_master.wav,48000,2,15205652,316.784,PCM_24,train
0398_민속악_산조,0398,민속악,산조,해금 산조,240,12/8,Eb / Cm,다이내믹한(2) | 단아한(2) | 리듬감 있는(2) | 유려한(2) | 표현적인(3),93.0,2,"['장구', '해금']","['장구', '해금']",False,data/extracted/train/source/0398_민속악_산조/0398_민속악_산조_master.wav,48000,2,4464000,93.0,PCM_24,train
0399_민속악_산조,0399,민속악,산조,해금 산조,260,12/8,Eb / Cm,다이내믹한(2) | 도취된(2) | 리듬감 있는(2) | 차분한(2) | 표현적인(4),183.0,2,"['장구', '해금']","['장구', '해금']",False,data/extracted/train/source/0399_민속악_산조/0399_민속악_산조_master.wav,48000,2,8784000,183.0,PCM_24,train
0400_민속악_대풍류,0400,민속악,대풍류,대풍류,140,12/8,Bb / Gm,다이내믹한(2) | 리듬감 있는(2) | 열정적인(2) | 즐거운(2) | 향토적인(2) | 활기찬(2),344.571,6,"['대금', '아쟁', '장구', '좌고', '피리', '해금']","['대금', '아쟁', '장구', '좌고', '피리', '해금']",False,data/extracted/train/source/0400_민속악_대풍류/0400_민속악_대풍류_master.wav,48000,2,16539429,344.571,PCM_24,train
0401_민속악_대풍류,0401,민속악,대풍류,대풍류,80,18/8,Bb / Gm,진지한(2) | 품위 있는(2),162.603,6,"['대금', '아쟁', '장구', '좌고', '피리', '해금']","['대금', '아쟁', '장구', '좌고', '피리', '해금']",False,data/extracted/train/source/0401_민속악_대풍류/0401_민속악_대풍류_master.wav,48000,2,7804928,162.603,PCM_24,train
0402_민속악_대풍류,0402,민속악,대풍류,대풍류,120,24/8,E / Dbm,도취된(2) | 쓸쓸한(2) | 우아한(2) | 품위 있는(2) | 해학적인(2),108.544,6,"['대금', '아쟁', '장구', '좌고', '피리', '해금']","['대금', '아쟁', '장구', '좌고', '피리', '해금']",False,data/extracted/train/source/0402_민속악_대풍류/0402_민속악_대풍류_master.wav,48000,2,5210112,108.544,PCM_24,train
0403_민속악_대풍류,0403,민속악,대풍류,대풍류,120,24/8,E / Dbm,강한(2) | 품위 있는(2),120.661,6,"['대금', '아쟁', '장구', '좌고', '피리', '해금']","['대금', '아쟁', '장구', '좌고', '피리', '해금']",False,data/extracted/train/source/0403_민속악_대풍류/0403_민속악_대풍류_master.wav,48000,2,5791744,120.661,PCM_24,train
0404_민속악_대풍류,0404,민속악,대풍류,대풍류,140,12/8,B / Abm,기품 있는(2) | 도취된(2) | 리듬감 있는(2) | 신명난(2) | 해학적인(3) | 향토적인(2),370.286,6,"['대금', '아쟁', '장구', '좌고', '피리', '해금']","['대금', '아쟁', '장구', '좌고', '피리', '해금']",False,data/extracted/train/source/0404_민속악_대풍류/0404_민속악_대풍류_master.wav,48000,2,17773714,370.286,PCM_24,train
0405_민속악_대풍류,0405,민속악,대풍류,대풍류,120,12/8,Ab / Fm,경쾌한(3) | 도취된(2) | 리듬감 있는(4) | 생기 있는(2) | 신명난(3) | 열정적인(2) | 조화로운(2) | 즐거운(2) | 해학적인(3),372.0,6,"['대금', '아쟁', '장구', '좌고', '피리', '해금']","['대금', '아쟁', '장구', '좌고', '피리', '해금']",False,data/extracted/train/source/0405_민속악_대풍류/0405_민속악_대풍류_master.wav,48000,2,17856000,372.0,PCM_24,train
0406_민속악_대풍류,0406,민속악,대풍류,대풍류,100,60/8,Ab / Fm,강한(2) | 기품 있는(2) | 명상적인(2) | 우아한(2) | 의례적인(2) | 진지한(4) | 품위 있는(3),486.869,6,"['대금', '아쟁', '장구', '좌고', '피리', '해금']","['대금', '아쟁', '장구', '좌고', '피리', '해금']",False,data/extracted/val/source/0406_민속악_대풍류/0406_민속악_대풍류_master.wav,48000,2,23369728,486.869,PCM_24,val
0407_민속악_대풍류,0407,민속악,대풍류,대풍류,210,18/8,B / Abm,에너지 넘치는(2) | 침울한(2) | 활달한(2),318.857,6,"['대금', '아쟁', '장구', '좌고', '피리', '해금']","['대금', '아쟁', '장구', '좌고', '피리', '해금']",False,data/extracted/train/source/0407_민속악_대풍류/0407_민속악_대풍류_master.wav,48000,2,15305142,318.857,PCM_24,train
0408_민속악_대풍류,0408,민속악,대풍류,대풍류,160,12/8,B / Abm,경쾌한(2) | 다이내믹한(2) | 리듬감 있는(2) | 신명난(2) | 에너지 넘치는(3) | 유려한(2) | 조화로운(2) | 축제적인(2) | 희망찬(2),195.797,6,"['대금', '아쟁', '장구', '좌고', '피리', '해금']","['대금', '아쟁', '장구', '좌고', '피리', '해금']",False,data/extracted/train/source/0408_민속악_대풍류/0408_민속악_대풍류_master.wav,48000,2,9398272,195.797,PCM_24,train
0409_민속악_대풍류,0409,민속악,대풍류,대풍류,200,18/8,Ab / Fm,쓸쓸한(2) | 우아한(2) | 유려한(2) | 조화로운(2) | 평화로운(2) | 표현적인(2),190.336,6,"['대금', '아쟁', '장구', '좌고', '피리', '해금']","['대금', '아쟁', '장구', '좌고', '피리', '해금']",False,data/extracted/val/source/0409_민속악_대풍류/0409_민속악_대풍류_master.wav,48000,2,9136128,190.336,PCM_24,train
0410_민속악_대풍류,0410,민속악,대풍류,대풍류,120,12/8,Ab / Fm,신나는(2) | 유려한(3),162.347,6,"['대금', '아쟁', '장구', '좌고', '피리', '해금']","['대금', '아쟁', '장구', '좌고', '피리', '해금']",False,data/extracted/train/source/0410_민속악_대풍류/0410_민속악_대풍류_master.wav,48000,2,7792640,162.347,PCM_24,train
0411_민속악_대풍류,0411,민속악,대풍류,대풍류,120,12/8,Ab / Fm,강한(2) | 도취된(3) | 신명난(2) | 에너지 넘치는(2) | 표현적인(3) | 활기찬(2),138.112,6,"['대금', '아쟁', '장구', '좌고', '피리', '해금']","['대금', '아쟁', '장구', '좌고', '피리', '해금']",False,data/extracted/val/source/0411_민속악_대풍류/0411_민속악_대풍류_master.wav,48000,2,6629376,138.112,PCM_24,train
0412_민속악_대풍류,0412,민속악,대풍류,대풍류,200,18/8,Bb / Gm,강한(2) | 우아한(2) | 조화로운(2),238.848,6,"['대금', '아쟁', '장구', '좌고', '피리', '해금']","['대금', '아쟁', '장구', '좌고', '피리', '해금']",False,data/extracted/train/source/0412_민속악_대풍류/0412_민속악_대풍류_master.wav,48000,2,11464704,238.848,PCM_24,train
0413_민속악_대풍류,0413,민속악,대풍류,대풍류,80,18/8,Bb / Gm,기품 있는(2) | 우아한(2) | 절제된(2),149.376,6,"['대금', '아쟁', '장구', '좌고', '피리', '해금']","['대금', '아쟁', '장구', '좌고', '피리', '해금']",False,data/extracted/train/source/0413_민속악_대풍류/0413_민속악_대풍류_master.wav,48000,2,7170048,149.376,PCM_24,test
0414_민속악_대풍류,0414,민속악,대풍류,대풍류,240,12/8,Bb / Gm,다이내믹한(2) | 리듬감 있는(4) | 신명난(2) | 유려한(2) | 조화로운(2) | 축제적인(2) | 향토적인(2) | 활기찬(2) | 활달한(2),318.0,6,"['대금', '아쟁', '장구', '좌고', '피리', '해금']","['대금', '아쟁', '장구', '좌고', '피리', '해금']",False,data/extracted/train/source/0414_민속악_대풍류/0414_민속악_대풍류_master.wav,48000,2,15264000,318.0,PCM_24,train
0415_민속악_대풍류,0415,민속악,대풍류,대풍류,300,12/8,Ab / Fm,경쾌한(4) | 리듬감 있는(5) | 신나는(3) | 신명난(4) | 에너지 넘치는(2) | 표현적인(2) | 희망찬(2),350.452,6,"['대금', '아쟁', '장구', '좌고', '피리', '해금']","['대금', '아쟁', '장구', '좌고', '피리', '해금']",False,data/extracted/train/source/0415_민속악_대풍류/0415_민속악_대풍류_master.wav,48000,2,16821704,350.452,PCM_24,val
0416_민속악_대풍류,0416,민속악,대풍류,대풍류,160,30/8,Ab / Fm,기품 있는(3) | 진지한(3) | 해학적인(2),180.053,6,"['대금', '아쟁', '장구', '좌고', '피리', '해금']","['대금', '아쟁', '장구', '좌고', '피리', '해금']",False,data/extracted/train/source/0416_민속악_대풍류/0416_민속악_대풍류_master.wav,48000,2,8642560,180.053,PCM_24,train
0417_민속악_대풍류,0417,민속악,대풍류,대풍류,120,30/8,Ab / Fm,기품 있는(2) | 애절한(2) | 절제된(2) | 조화로운(2) | 평화로운(2) | 품위 있는(3),540.075,6,"['대금', '아쟁', '장구', '좌고', '피리', '해금']","['대금', '아쟁', '장구', '좌고', '피리', '해금']",False,data/extracted/train/source/0417_민속악_대풍류/0417_민속악_대풍류_master.wav,48000,2,25923584,540.075,PCM_24,train
0418_민속악_대풍류,0418,민속악,대풍류,대풍류,220,12/8,Ab / Fm,다이내믹한(2) | 도취된(2) | 리듬감 있는(4) | 명랑한(2) | 생기 있는(2) | 신명난(2) | 표현적인(2) | 해학적인(2),320.727,6,"['대금', '아쟁', '장구', '좌고', '피리', '해금']","['대금', '아쟁', '장구', '좌고', '피리', '해금']",False,data/extracted/train/source/0418_민속악_대풍류/0418_민속악_대풍류_master.wav,48000,2,15394909,320.727,PCM_24,train
0419_민속악_대풍류,0419,민속악,대풍류,대풍류,180,18/8,F / Dm,유려한(3) | 조화로운(2),260.053,6,"['대금', '아쟁', '장구', '좌고', '피리', '해금']","['대금', '아쟁', '장구', '좌고', '피리', '해금']",False,data/extracted/train/source/0419_민속악_대풍류/0419_민속악_대풍류_master.wav,48000,2,12482560,260.053,PCM_24,test
0420_민속악_대풍류,0420,민속악,대풍류,대풍류,360,12/8,F / Dm,경쾌한(4) | 리듬감 있는(3) | 명랑한(2) | 신나는(3) | 신명난(3) | 즐거운(3) | 표현적인(3) | 행복한(2) | 향토적인(2) | 활기찬(3),118.722,6,"['대금', '아쟁', '장구', '좌고', '피리', '해금']","['대금', '아쟁', '장구', '좌고', '피리', '해금']",False,data/extracted/train/source/0420_민속악_대풍류/0420_민속악_대풍류_master.wav,48000,2,5698665,118.722,PCM_24,train
0421_민속악_판소리,0421,민속악,판소리,춘향가,120,18/8,Ab / Fm,다정한(2) | 단아한(2) | 따뜻한(2) | 부드러운(2) | 절제된(2),184.0,7,"['가야금', '거문고', '대금', '소리북', '아쟁', '피리', '해금']","['가야금', '거문고', '대금', '소리북', '아쟁', '피리', '해금']",True,data/extracted/train/source/0421_민속악_판소리/0421_민속악_판소리_master.wav,48000,2,8832000,184.0,PCM_24,train
0422_민속악_판소리,0422,민속악,판소리,춘향가,120,18/8,Eb / Cm,서사적인(2) | 열정적인(2) | 표현적인(3) | 품위 있는(2) | 활기찬(2),378.5,7,"['가야금', '거문고', '대금', '소리북', '아쟁', '피리', '해금']","['가야금', '거문고', '대금', '소리북', '아쟁', '피리', '해금']",True,data/extracted/train/source/0422_민속악_판소리/0422_민속악_판소리_master.wav,48000,2,18168000,378.5,PCM_24,train
0423_민속악_판소리,0423,민속악,판소리,춘향가,120,18/8,Eb / Cm,명상적인(2) | 부드러운(2) | 차분한(2) | 표현적인(2) | 향토적인(2),333.0,7,"['가야금', '거문고', '대금', '소리북', '아쟁', '피리', '해금']","['가야금', '거문고', '대금', '소리북', '아쟁', '피리', '해금']",True,data/extracted/train/source/0423_민속악_판소리/0423_민속악_판소리_master.wav,48000,2,15984000,333.0,PCM_24,train
0424_민속악_판소리,0424,민속악,판소리,춘향가,120,18/8,Eb / Cm,따뜻한(2) | 차분한(2) | 해학적인(2),313.0,7,"['가야금', '거문고', '대금', '소리북', '아쟁', '피리', '해금']","['가야금', '거문고', '대금', '소리북', '아쟁', '피리', '해금']",True,data/extracted/train/source/0424_민속악_판소리/0424_민속악_판소리_master.wav,48000,2,15024000,313.0,PCM_24,train
0425_민속악_판소리,0425,민속악,판소리,춘향가,120,18/8,Eb / Cm,여유로운(2) | 진심 어린(2) | 평화로운(2),196.5,7,"['가야금', '거문고', '대금', '소리북', '아쟁', '피리', '해금']","['가야금', '거문고', '대금', '소리북', '아쟁', '피리', '해금']",True,data/extracted/train/source/0425_민속악_판소리/0425_민속악_판소리_master.wav,48000,2,9432000,196.5,PCM_24,val
0426_민속악_판소리,0426,민속악,판소리,춘향가,120,18/8,Eb / Cm,그리운(2) | 단아한(3) | 애절한(2) | 표현적인(2) | 품위 있는(2),235.5,7,"['가야금', '거문고', '대금', '소리북', '아쟁', '피리', '해금']","['가야금', '거문고', '대금', '소리북', '아쟁', '피리', '해금']",True,data/extracted/train/source/0426_민속악_판소리/0426_민속악_판소리_master.wav,48000,2,11304000,235.5,PCM_24,train
0427_민속악_판소리,0427,민속악,판소리,춘향가,120,18/8,F / Dm,긴장된(2) | 불안한(3) | 생기 있는(2) | 표현적인(2) | 해학적인(2),333.0,7,"['가야금', '거문고', '대금', '소리북', '아쟁', '피리', '해금']","['가야금', '거문고', '대금', '소리북', '아쟁', '피리', '해금']",True,data/extracted/train/source/0427_민속악_판소리/0427_민속악_판소리_master.wav,48000,2,15984000,333.0,PCM_24,train
0428_민속악_판소리,0428,민속악,판소리,춘향가,220,12/8,F / Dm,생기 있는(2) | 즐거운(2) | 표현적인(2) | 활기찬(2),179.727,7,"['가야금', '거문고', '대금', '소리북', '아쟁', '피리', '해금']","['가야금', '거문고', '대금', '소리북', '아쟁', '피리', '해금']",True,data/extracted/train/source/0428_민속악_판소리/0428_민속악_판소리_master.wav,48000,2,8626909,179.727,PCM_24,val
0429_민속악_판소리,0429,민속악,판소리,춘향가,220,12/8,Eb / Cm,경쾌한(2) | 리듬감 있는(2) | 생기 있는(3) | 여유로운(2) | 진심 어린(2) | 활기찬(2),392.455,7,"['가야금', '거문고', '대금', '소리북', '아쟁', '피리', '해금']","['가야금', '거문고', '대금', '소리북', '아쟁', '피리', '해금']",True,data/extracted/train/source/0429_민속악_판소리/0429_민속악_판소리_master.wav,48000,2,18837818,392.455,PCM_24,train
0431_민속악_판소리,0431,민속악,판소리,춘향가,240,12/8,Eb / Cm,경쾌한(4) | 귀여운(2) | 다이내믹한(2) | 리듬감 있는(5) | 생기 있는(2) | 유쾌한(2) | 해학적인(2) | 활기찬(2),22.072,7,"['가야금', '거문고', '대금', '소리북', '아쟁', '피리', '해금']","['가야금', '거문고', '대금', '소리북', '아쟁', '피리', '해금']",True,data/extracted/train/source/0431_민속악_판소리/0431_민속악_판소리_master.wav,48000,2,1059456,22.072,PCM_24,test
0432_민속악_판소리,0432,민속악,판소리,춘향가,220,12/8,Eb / Cm,다이내믹한(2) | 리듬감 있는(2) | 신명난(2) | 열정적인(2) | 편안한(2) | 해학적인(2),261.545,7,"['가야금', '거문고', '대금', '소리북', '아쟁', '피리', '해금']","['가야금', '거문고', '대금', '소리북', '아쟁', '피리', '해금']",True,data/extracted/train/source/0432_민속악_판소리/0432_민속악_판소리_master.wav,48000,2,12554181,261.545,PCM_24,train
0434_민속악_판소리,0434,민속악,판소리,춘향가,160,12/8,Eb / Cm,따뜻한(2) | 리듬감 있는(2) | 표현적인(2),188.625,7,"['가야금', '거문고', '대금', '소리북', '아쟁', '피리', '해금']","['가야금', '거문고', '대금', '소리북', '아쟁', '피리', '해금']",True,data/extracted/train/source/0434_민속악_판소리/0434_민속악_판소리_master.wav,48000,2,9054000,188.625,PCM_24,train
0435_민속악_판소리,0435,민속악,판소리,춘향가,180,12/8,Eb / Cm,경쾌한(3) | 리듬감 있는(4) | 명랑한(4) | 생기 있는(4) | 신명난(2) | 유쾌한(2) | 해학적인(2) | 활기찬(3),135.667,7,"['가야금', '거문고', '대금', '소리북', '아쟁', '피리', '해금']","['가야금', '거문고', '대금', '소리북', '아쟁', '피리', '해금']",True,data/extracted/train/source/0435_민속악_판소리/0435_민속악_판소리_master.wav,48000,2,6512000,135.667,PCM_24,train
0436_민속악_판소리,0436,민속악,판소리,춘향가,80,12/4,Eb / Cm,따뜻한(2) | 신명난(2) | 차분한(2),180.75,7,"['가야금', '거문고', '대금', '소리북', '아쟁', '피리', '해금']","['가야금', '거문고', '대금', '소리북', '아쟁', '피리', '해금']",True,data/extracted/train/source/0436_민속악_판소리/0436_민속악_판소리_master.wav,48000,2,8676000,180.75,PCM_24,val
0437_민속악_판소리,0437,민속악,판소리,춘향가,140,12/8,Eb / Cm,귀여운(2) | 다정한(2) | 따뜻한(2) | 생기 있는(2) | 여유로운(2) | 유쾌한(2) | 평온한(2) | 표현적인(2) | 해학적인(2),128.143,7,"['가야금', '거문고', '대금', '소리북', '아쟁', '피리', '해금']","['가야금', '거문고', '대금', '소리북', '아쟁', '피리', '해금']",True,data/extracted/train/source/0437_민속악_판소리/0437_민속악_판소리_master.wav,48000,2,6150857,128.143,PCM_24,train
0438_민속악_판소리,0438,민속악,판소리,춘향가,140,12/8,Eb / Cm,감상적인(2) | 리듬감 있는(2) | 생기 있는(3) | 신명난(3) | 행복한(2),123.0,7,"['가야금', '거문고', '대금', '소리북', '아쟁', '피리', '해금']","['가야금', '거문고', '대금', '소리북', '아쟁', '피리', '해금']",True,data/extracted/train/source/0438_민속악_판소리/0438_민속악_판소리_master.wav,48000,2,5904000,123.0,PCM_24,train
0439_민속악_판소리,0439,민속악,판소리,춘향가,140,12/8,Eb / Cm,리듬감 있는(3) | 명랑한(2) | 생기 있는(3) | 신명난(2),112.714,7,"['가야금', '거문고', '대금', '소리북', '아쟁', '피리', '해금']","['가야금', '거문고', '대금', '소리북', '아쟁', '피리', '해금']",True,data/extracted/val/source/0439_민속악_판소리/0439_민속악_판소리_master.wav,48000,2,5410286,112.714,PCM_24,train
0440_민속악_판소리,0440,민속악,판소리,춘향가,140,12/8,Eb / Cm,따뜻한(2) | 리듬감 있는(2) | 조화로운(2) | 해학적인(2),333.0,7,"['가야금', '거문고', '대금', '소리북', '아쟁', '피리', '해금']","['가야금', '거문고', '대금', '소리북', '아쟁', '피리', '해금']",True,data/extracted/train/source/0440_민속악_판소리/0440_민속악_판소리_master.wav,48000,2,15984000,333.0,PCM_24,train
0441_민속악_판소리,0441,민속악,판소리,춘향가,140,12/8,Eb / Cm,경쾌한(2) | 명랑한(3) | 생기 있는(2) | 신나는(2) | 즐거운(2),333.0,7,"['가야금', '거문고', '대금', '소리북', '아쟁', '피리', '해금']","['가야금', '거문고', '대금', '소리북', '아쟁', '피리', '해금']",True,data/extracted/train/source/0441_민속악_판소리/0441_민속악_판소리_master.wav,48000,2,15984000,333.0,PCM_24,train
0442_민속악_판소리,0442,민속악,판소리,춘향가,140,12/8,Eb / Cm,감상적인(2) | 따뜻한(3) | 명랑한(2) | 생기 있는(3) | 절제된(2),112.714,7,"['가야금', '거문고', '대금', '소리북', '아쟁', '피리', '해금']","['가야금', '거문고', '대금', '소리북', '아쟁', '피리', '해금']",True,data/extracted/train/source/0442_민속악_판소리/0442_민속악_판소리_master.wav,48000,2,5410285,112.714,PCM_24,train
0443_민속악_판소리,0443,민속악,판소리,춘향가,140,12/8,Eb / Cm,감상적인(2) | 경쾌한(2) | 리듬감 있는(4) | 명랑한(2) | 신명난(2) | 잔잔한(2),529.286,7,"['가야금', '거문고', '대금', '소리북', '아쟁', '피리', '해금']","['가야금', '거문고', '대금', '소리북', '아쟁', '피리', '해금']",True,data/extracted/train/source/0443_민속악_판소리/0443_민속악_판소리_master.wav,48000,2,25405715,529.286,PCM_24,train
0444_민속악_판소리,0444,민속악,판소리,춘향가,140,12/8,Eb / Cm,부드러운(2) | 생기 있는(3) | 표현적인(2),210.857,7,"['가야금', '거문고', '대금', '소리북', '아쟁', '피리', '해금']","['가야금', '거문고', '대금', '소리북', '아쟁', '피리', '해금']",True,data/extracted/train/source/0444_민속악_판소리/0444_민속악_판소리_master.wav,48000,2,10121143,210.857,PCM_24,train
0445_민속악_판소리,0445,민속악,판소리,춘향가,280,12/8,Eb / Cm,경쾌한(2) | 리듬감 있는(4) | 명랑한(2) | 생기 있는(2) | 신나는(2) | 신명난(2) | 에너지 넘치는(2) | 표현적인(2) | 해학적인(2) | 활기찬(2),150.857,7,"['가야금', '거문고', '대금', '소리북', '아쟁', '피리', '해금']","['가야금', '거문고', '대금', '소리북', '아쟁', '피리', '해금']",True,data/extracted/train/source/0445_민속악_판소리/0445_민속악_판소리_master.wav,48000,2,7241143,150.857,PCM_24,val
0446_민속악_판소리,0446,민속악,판소리,춘향가,140,12/8,Eb / Cm,경쾌한(2) | 리듬감 있는(2) | 생기 있는(2) | 신명난(2) | 차분한(2) | 해학적인(2) | 희망찬(2),231.857,7,"['가야금', '거문고', '대금', '소리북', '아쟁', '피리', '해금']","['가야금', '거문고', '대금', '소리북', '아쟁', '피리', '해금']",True,data/extracted/val/source/0446_민속악_판소리/0446_민속악_판소리_master.wav,48000,2,11129143,231.857,PCM_24,train
0447_민속악_판소리,0447,민속악,판소리,춘향가,200,12/8,Eb / Cm,리듬감 있는(2) | 명랑한(2) | 생기 있는(2) | 표현적인(2),158.1,7,"['가야금', '거문고', '대금', '소리북', '아쟁', '피리', '해금']","['가야금', '거문고', '대금', '소리북', '아쟁', '피리', '해금']",True,data/extracted/train/source/0447_민속악_판소리/0447_민속악_판소리_master.wav,48000,2,7588800,158.1,PCM_24,train
0448_민속악_판소리,0448,민속악,판소리,춘향가,280,12/8,Eb / Cm,경쾌한(5) | 리듬감 있는(5) | 명랑한(3) | 생기 있는(3) | 신나는(3) | 유쾌한(2) | 즐거운(2) | 해학적인(2) | 활기찬(2),327.214,7,"['가야금', '거문고', '대금', '소리북', '아쟁', '피리', '해금']","['가야금', '거문고', '대금', '소리북', '아쟁', '피리', '해금']",True,data/extracted/train/source/0448_민속악_판소리/0448_민속악_판소리_master.wav,48000,2,15706286,327.214,PCM_24,train
0449_민속악_판소리,0449,민속악,판소리,춘향가,240,12/8,Eb / Cm,경쾌한(3) | 리듬감 있는(4) | 명랑한(2) | 생기 있는(4) | 절제된(2) | 해학적인(2) | 활기찬(3),334.5,7,"['가야금', '거문고', '대금', '소리북', '아쟁', '피리', '해금']","['가야금', '거문고', '대금', '소리북', '아쟁', '피리', '해금']",True,data/extracted/train/source/0449_민속악_판소리/0449_민속악_판소리_master.wav,48000,2,16056000,334.5,PCM_24,val
0450_민속악_판소리,0450,민속악,판소리,춘향가,240,12/8,Eb / Cm,경쾌한(3) | 리듬감 있는(2) | 명랑한(3) | 신명난(2) | 유쾌한(2) | 즐거운(3) | 표현적인(2) | 활기찬(3),328.5,7,"['가야금', '거문고', '대금', '소리북', '아쟁', '피리', '해금']","['가야금', '거문고', '대금', '소리북', '아쟁', '피리', '해금']",True,data/extracted/train/source/0450_민속악_판소리/0450_민속악_판소리_master.wav,48000,2,15768000,328.5,PCM_24,train
0451_민속악_판소리,0451,민속악,판소리,춘향가,240,12/8,Gb / Ebm,경쾌한(2) | 리듬감 있는(3) | 절제된(3),108.933,7,"['가야금', '거문고', '대금', '소리북', '아쟁', '피리', '해금']","['가야금', '거문고', '대금', '소리북', '아쟁', '피리', '해금']",True,data/extracted/train/source/0451_민속악_판소리/0451_민속악_판소리_master.wav,48000,2,5228800,108.933,PCM_24,train
0452_민속악_판소리,0452,민속악,판소리,춘향가,90,12/4,Db / Bbm,다정한(2) | 명랑한(2) | 생기 있는(2) | 평화로운(2),364.0,7,"['가야금', '거문고', '대금', '소리북', '아쟁', '피리', '해금']","['가야금', '거문고', '대금', '소리북', '아쟁', '피리', '해금']",True,data/extracted/train/source/0452_민속악_판소리/0452_민속악_판소리_master.wav,48000,2,17472000,364.0,PCM_24,test
0453_민속악_판소리,0453,민속악,판소리,춘향가,90,12/4,Eb / Cm,리듬감 있는(2) | 명랑한(2) | 생기 있는(2),356.0,7,"['가야금', '거문고', '대금', '소리북', '아쟁', '피리', '해금']","['가야금', '거문고', '대금', '소리북', '아쟁', '피리', '해금']",True,data/extracted/train/source/0453_민속악_판소리/0453_민속악_판소리_master.wav,48000,2,17088000,356.0,PCM_24,train
0454_민속악_판소리,0454,민속악,판소리,춘향가,90,12/4,Eb / Cm,경쾌한(3) | 리듬감 있는(3) | 명랑한(2) | 불가사의한(2) | 생기 있는(2) | 신명난(2) | 유쾌한(2) | 해학적인(4) | 활기찬(2),145.433,7,"['가야금', '거문고', '대금', '소리북', '아쟁', '피리', '해금']","['가야금', '거문고', '대금', '소리북', '아쟁', '피리', '해금']",True,data/extracted/train/source/0454_민속악_판소리/0454_민속악_판소리_master.wav,48000,2,6980800,145.433,PCM_24,train
0455_민속악_판소리,0455,민속악,판소리,춘향가,90,12/4,Eb / Cm,경쾌한(2) | 명랑한(2) | 생기 있는(2) | 절제된(2) | 해학적인(2),356.0,7,"['가야금', '거문고', '대금', '소리북', '아쟁', '피리', '해금']","['가야금', '거문고', '대금', '소리북', '아쟁', '피리', '해금']",True,data/extracted/train/source/0455_민속악_판소리/0455_민속악_판소리_master.wav,48000,2,17088000,356.0,PCM_24,train
0456_민속악_판소리,0456,민속악,판소리,춘향가,90,12/4,Eb / Cm,다이내믹한(2) | 리듬감 있는(2) | 명랑한(2) | 유쾌한(2) | 해학적인(2),289.367,7,"['가야금', '거문고', '대금', '소리북', '아쟁', '피리', '해금']","['가야금', '거문고', '대금', '소리북', '아쟁', '피리', '해금']",True,data/extracted/train/source/0456_민속악_판소리/0456_민속악_판소리_master.wav,48000,2,13889600,289.367,PCM_24,train
0457_민속악_판소리,0457,민속악,판소리,춘향가,90,12/4,Eb / Cm,경쾌한(3) | 리듬감 있는(4) | 명랑한(2) | 생기 있는(2) | 표현적인(2),199.367,7,"['가야금', '거문고', '대금', '소리북', '아쟁', '피리', '해금']","['가야금', '거문고', '대금', '소리북', '아쟁', '피리', '해금']",True,data/extracted/train/source/0457_민속악_판소리/0457_민속악_판소리_master.wav,48000,2,9569600,199.367,PCM_24,train
0458_민속악_판소리,0458,민속악,판소리,춘향가,90,12/4,Eb / Cm,경쾌한(3) | 리듬감 있는(2) | 신명난(2) | 해학적인(2),247.367,7,"['가야금', '거문고', '대금', '소리북', '아쟁', '피리', '해금']","['가야금', '거문고', '대금', '소리북', '아쟁', '피리', '해금']",True,data/extracted/train/source/0458_민속악_판소리/0458_민속악_판소리_master.wav,48000,2,11873600,247.367,PCM_24,train
0459_민속악_판소리,0459,민속악,판소리,춘향가,80,12/4,Eb / Cm,경쾌한(3) | 도취된(2) | 따뜻한(2) | 리듬감 있는(2) | 생기 있는(2) | 희망적인(2),360.0,7,"['가야금', '거문고', '대금', '소리북', '아쟁', '피리', '해금']","['가야금', '거문고', '대금', '소리북', '아쟁', '피리', '해금']",True,data/extracted/train/source/0459_민속악_판소리/0459_민속악_판소리_master.wav,48000,2,17280000,360.0,PCM_24,train
0461_민속악_판소리,0461,민속악,판소리,춘향가,80,12/4,Eb / Cm,여유로운(2) | 표현적인(2) | 해학적인(2),332.333,7,"['가야금', '거문고', '대금', '소리북', '아쟁', '피리', '해금']","['가야금', '거문고', '대금', '소리북', '아쟁', '피리', '해금']",True,data/extracted/train/source/0461_민속악_판소리/0461_민속악_판소리_master.wav,48000,2,15952000,332.333,PCM_24,train
0462_민속악_판소리,0462,민속악,판소리,춘향가,80,12/4,Eb / Cm,감상적인(2) | 도취된(2) | 리듬감 있는(2) | 불가사의한(2) | 평온한(2) | 평화로운(2) | 해학적인(3),152.167,7,"['가야금', '거문고', '대금', '소리북', '아쟁', '피리', '해금']","['가야금', '거문고', '대금', '소리북', '아쟁', '피리', '해금']",True,data/extracted/train/source/0462_민속악_판소리/0462_민속악_판소리_master.wav,48000,2,7304000,152.167,PCM_24,train
0463_민속악_판소리,0463,민속악,판소리,춘향가,80,12/4,F / Dm,도취된(2) | 리듬감 있는(3) | 명랑한(2) | 생기 있는(3) | 신명난(2) | 절제된(2) | 표현적인(3) | 해학적인(2),305.2,7,"['가야금', '거문고', '대금', '소리북', '아쟁', '피리', '해금']","['가야금', '거문고', '대금', '소리북', '아쟁', '피리', '해금']",True,data/extracted/train/source/0463_민속악_판소리/0463_민속악_판소리_master.wav,48000,2,14649600,305.2,PCM_24,train
0464_민속악_판소리,0464,민속악,판소리,춘향가,80,12/4,F / Dm,따뜻한(2) | 명랑한(2) | 우울감 있는(2) | 향토적인(3),367.5,7,"['가야금', '거문고', '대금', '소리북', '아쟁', '피리', '해금']","['가야금', '거문고', '대금', '소리북', '아쟁', '피리', '해금']",True,data/extracted/train/source/0464_민속악_판소리/0464_민속악_판소리_master.wav,48000,2,17640000,367.5,PCM_24,train
0466_민속악_판소리,0466,민속악,판소리,춘향가,80,12/4,F / Dm,경쾌한(2) | 조화로운(2) | 즐거운(2) | 표현적인(2) | 해학적인(2),131.25,7,"['가야금', '거문고', '대금', '소리북', '아쟁', '피리', '해금']","['가야금', '거문고', '대금', '소리북', '아쟁', '피리', '해금']",True,data/extracted/train/source/0466_민속악_판소리/0466_민속악_판소리_master.wav,48000,2,6300000,131.25,PCM_24,train
0467_민속악_판소리,0467,민속악,판소리,춘향가,80,12/4,Eb / Cm,다정한(2) | 리듬감 있는(3) | 명랑한(2),134.233,7,"['가야금', '거문고', '대금', '소리북', '아쟁', '피리', '해금']","['가야금', '거문고', '대금', '소리북', '아쟁', '피리', '해금']",True,data/extracted/train/source/0467_민속악_판소리/0467_민속악_판소리_master.wav,48000,2,6443200,134.233,PCM_24,test
0468_민속악_판소리,0468,민속악,판소리,춘향가,80,12/4,Eb / Cm,경쾌한(2) | 긴장된(2) | 리듬감 있는(2) | 유려한(2) | 해학적인(2),332.433,7,"['가야금', '거문고', '대금', '소리북', '아쟁', '피리', '해금']","['가야금', '거문고', '대금', '소리북', '아쟁', '피리', '해금']",True,data/extracted/train/source/0468_민속악_판소리/0468_민속악_판소리_master.wav,48000,2,15956800,332.433,PCM_24,train
0469_민속악_판소리,0469,민속악,판소리,춘향가,80,12/4,Eb / Cm,리듬감 있는(2) | 신명난(2) | 조화로운(2),395.733,7,"['가야금', '거문고', '대금', '소리북', '아쟁', '피리', '해금']","['가야금', '거문고', '대금', '소리북', '아쟁', '피리', '해금']",True,data/extracted/train/source/0469_민속악_판소리/0469_민속악_판소리_master.wav,48000,2,18995200,395.733,PCM_24,train
0470_민속악_판소리,0470,민속악,판소리,춘향가,80,12/4,Eb / Cm,불가사의한(2) | 불안한(2) | 쓸쓸한(2) | 표현적인(2) | 해학적인(3),224.3,7,"['가야금', '거문고', '대금', '소리북', '아쟁', '피리', '해금']","['가야금', '거문고', '대금', '소리북', '아쟁', '피리', '해금']",True,data/extracted/val/source/0470_민속악_판소리/0470_민속악_판소리_master.wav,48000,2,10766400,224.3,PCM_24,train
0472_민속악_판소리,0472,민속악,판소리,춘향가,80,12/4,Eb / Cm,도취된(2) | 리듬감 있는(2) | 불가사의한(2) | 절제된(2) | 표현적인(2) | 향토적인(2),364.5,7,"['가야금', '거문고', '대금', '소리북', '아쟁', '피리', '해금']","['가야금', '거문고', '대금', '소리북', '아쟁', '피리', '해금']",True,data/extracted/train/source/0472_민속악_판소리/0472_민속악_판소리_master.wav,48000,2,17496000,364.5,PCM_24,val
0473_민속악_판소리,0473,민속악,판소리,춘향가,80,12/4,Eb / Cm,리듬감 있는(3) | 명랑한(2) | 신명난(2) | 여유로운(2) | 표현적인(2) | 향토적인(2),229.8,7,"['가야금', '거문고', '대금', '소리북', '아쟁', '피리', '해금']","['가야금', '거문고', '대금', '소리북', '아쟁', '피리', '해금']",True,data/extracted/train/source/0473_민속악_판소리/0473_민속악_판소리_master.wav,48000,2,11030400,229.8,PCM_24,train
0474_민속악_판소리,0474,민속악,판소리,춘향가,80,12/4,Eb / Cm,경쾌한(2) | 생기 있는(2) | 잔잔한(2) | 표현적인(4) | 품위 있는(2) | 해학적인(2),187.667,7,"['가야금', '거문고', '대금', '소리북', '아쟁', '피리', '해금']","['가야금', '거문고', '대금', '소리북', '아쟁', '피리', '해금']",True,data/extracted/val/source/0474_민속악_판소리/0474_민속악_판소리_master.wav,48000,2,9008000,187.667,PCM_24,train
0475_민속악_판소리,0475,민속악,판소리,춘향가,100,12/4,Eb / Cm,다정한(2) | 여유로운(2) | 품위 있는(2),309.133,7,"['가야금', '거문고', '대금', '소리북', '아쟁', '피리', '해금']","['가야금', '거문고', '대금', '소리북', '아쟁', '피리', '해금']",True,data/extracted/train/source/0475_민속악_판소리/0475_민속악_판소리_master.wav,48000,2,14838400,309.133,PCM_24,train
0476_민속악_판소리,0476,민속악,판소리,춘향가,100,12/4,Bb / Gm,생기 있는(2) | 시적인(2) | 진지한(2) | 해학적인(2),316.8,7,"['가야금', '거문고', '대금', '소리북', '아쟁', '피리', '해금']","['가야금', '거문고', '대금', '소리북', '아쟁', '피리', '해금']",True,data/extracted/train/source/0476_민속악_판소리/0476_민속악_판소리_master.wav,48000,2,15206400,316.8,PCM_24,train
0477_민속악_판소리,0477,민속악,판소리,춘향가,90,12/4,Eb / Cm,리듬감 있는(2) | 생기 있는(2) | 표현적인(3),134.767,7,"['가야금', '거문고', '대금', '소리북', '아쟁', '피리', '해금']","['가야금', '거문고', '대금', '소리북', '아쟁', '피리', '해금']",True,data/extracted/train/source/0477_민속악_판소리/0477_민속악_판소리_master.wav,48000,2,6468800,134.767,PCM_24,train
0478_민속악_판소리,0478,민속악,판소리,춘향가,90,12/4,Eb / Cm,다정한(2) | 따뜻한(2) | 쓸쓸한(2),324.0,7,"['가야금', '거문고', '대금', '소리북', '아쟁', '피리', '해금']","['가야금', '거문고', '대금', '소리북', '아쟁', '피리', '해금']",True,data/extracted/train/source/0478_민속악_판소리/0478_민속악_판소리_master.wav,48000,2,15552000,324.0,PCM_24,train
0479_민속악_판소리,0479,민속악,판소리,춘향가,90,12/4,Eb / Cm,경쾌한(2) | 명랑한(2) | 생기 있는(2) | 서사적인(2) | 표현적인(2) | 활기찬(2),135.8,7,"['가야금', '거문고', '대금', '소리북', '아쟁', '피리', '해금']","['가야금', '거문고', '대금', '소리북', '아쟁', '피리', '해금']",True,data/extracted/train/source/0479_민속악_판소리/0479_민속악_판소리_master.wav,48000,2,6518400,135.8,PCM_24,train
0480_민속악_판소리,0480,민속악,판소리,춘향가,90,12/4,Eb / Cm,신나는(2) | 여유로운(2) | 평화로운(2) | 표현적인(2) | 희망적인(2),95.333,7,"['가야금', '거문고', '대금', '소리북', '아쟁', '피리', '해금']","['가야금', '거문고', '대금', '소리북', '아쟁', '피리', '해금']",True,data/extracted/val/source/0480_민속악_판소리/0480_민속악_판소리_master.wav,48000,2,4576000,95.333,PCM_24,train
0481_민속악_판소리,0481,민속악,판소리,춘향가,90,12/4,Eb / Cm,경쾌한(2) | 리듬감 있는(2) | 생기 있는(2) | 서사적인(2) | 에너지 넘치는(2) | 평화로운(2) | 표현적인(2),191.933,7,"['가야금', '거문고', '대금', '소리북', '아쟁', '피리', '해금']","['가야금', '거문고', '대금', '소리북', '아쟁', '피리', '해금']",True,data/extracted/train/source/0481_민속악_판소리/0481_민속악_판소리_master.wav,48000,2,9212800,191.933,PCM_24,test
0482_민속악_판소리,0482,민속악,판소리,춘향가,90,12/4,F / Dm,리듬감 있는(2) | 표현적인(2),215.433,7,"['가야금', '거문고', '대금', '소리북', '아쟁', '피리', '해금']","['가야금', '거문고', '대금', '소리북', '아쟁', '피리', '해금']",True,data/extracted/train/source/0482_민속악_판소리/0482_민속악_판소리_master.wav,48000,2,10340800,215.433,PCM_24,train
0483_민속악_판소리,0483,민속악,판소리,춘향가,90,12/4,Ab / Fm,명랑한(2) | 서사적인(2) | 조화로운(2) | 표현적인(2),441.3,7,"['가야금', '거문고', '대금', '소리북', '아쟁', '피리', '해금']","['가야금', '거문고', '대금', '소리북', '아쟁', '피리', '해금']",True,data/extracted/train/source/0483_민속악_판소리/0483_민속악_판소리_master.wav,48000,2,21182400,441.3,PCM_24,train
0484_민속악_판소리,0484,민속악,판소리,춘향가,90,12/4,Eb / Cm,기품 있는(2) | 단아한(2) | 사색적인(2) | 여유로운(2) | 표현적인(2),119.2,7,"['가야금', '거문고', '대금', '소리북', '아쟁', '피리', '해금']","['가야금', '거문고', '대금', '소리북', '아쟁', '피리', '해금']",True,data/extracted/train/source/0484_민속악_판소리/0484_민속악_판소리_master.wav,48000,2,5721600,119.2,PCM_24,train
0485_민속악_판소리,0485,민속악,판소리,춘향가,90,12/4,Eb / Cm,감상적인(2) | 다이내믹한(2) | 다정한(2) | 서사적인(2) | 표현적인(3),163.367,7,"['가야금', '거문고', '대금', '소리북', '아쟁', '피리', '해금']","['가야금', '거문고', '대금', '소리북', '아쟁', '피리', '해금']",True,data/extracted/train/source/0485_민속악_판소리/0485_민속악_판소리_master.wav,48000,2,7841600,163.367,PCM_24,train
0486_민속악_판소리,0486,민속악,판소리,춘향가,90,12/4,Eb / Cm,리듬감 있는(2) | 평화로운(2),322.9,7,"['가야금', '거문고', '대금', '소리북', '아쟁', '피리', '해금']","['가야금', '거문고', '대금', '소리북', '아쟁', '피리', '해금']",True,data/extracted/train/source/0486_민속악_판소리/0486_민속악_판소리_master.wav,48000,2,15499200,322.9,PCM_24,train
0487_민속악_판소리,0487,민속악,판소리,춘향가,90,12/4,Eb / Cm,경쾌한(4) | 리듬감 있는(3) | 명랑한(3) | 생기 있는(2) | 유쾌한(2) | 활기찬(2),118.567,7,"['가야금', '거문고', '대금', '소리북', '아쟁', '피리', '해금']","['가야금', '거문고', '대금', '소리북', '아쟁', '피리', '해금']",True,data/extracted/train/source/0487_민속악_판소리/0487_민속악_판소리_master.wav,48000,2,5691200,118.567,PCM_24,train
0488_민속악_판소리,0488,민속악,판소리,춘향가,110,4/4,Eb / Cm,경쾌한(3) | 리듬감 있는(5) | 명랑한(4) | 신나는(2) | 신명난(2) | 유쾌한(3) | 즐거운(4) | 해학적인(2) | 활달한(2),115.933,7,"['가야금', '거문고', '대금', '소리북', '아쟁', '피리', '해금']","['가야금', '거문고', '대금', '소리북', '아쟁', '피리', '해금']",True,data/extracted/train/source/0488_민속악_판소리/0488_민속악_판소리_master.wav,48000,2,5564800,115.933,PCM_24,train
0489_민속악_판소리,0489,민속악,판소리,춘향가,110,4/4,Eb / Cm,경쾌한(4) | 리듬감 있는(2) | 명랑한(2) | 생기 있는(3) | 유쾌한(2) | 즐거운(2) | 활기찬(3) | 희망적인(2),353.455,7,"['가야금', '거문고', '대금', '소리북', '아쟁', '피리', '해금']","['가야금', '거문고', '대금', '소리북', '아쟁', '피리', '해금']",True,data/extracted/train/source/0489_민속악_판소리/0489_민속악_판소리_master.wav,48000,2,16965818,353.455,PCM_24,train
0490_민속악_판소리,0490,민속악,판소리,춘향가,110,4/4,Eb / Cm,리듬감 있는(2) | 명랑한(2) | 생기 있는(3) | 유쾌한(3) | 조화로운(2) | 해학적인(2),348.545,7,"['가야금', '거문고', '대금', '소리북', '아쟁', '피리', '해금']","['가야금', '거문고', '대금', '소리북', '아쟁', '피리', '해금']",True,data/extracted/train/source/0490_민속악_판소리/0490_민속악_판소리_master.wav,48000,2,16730181,348.545,PCM_24,test
0491_민속악_판소리,0491,민속악,판소리,심청가,120,18/8,Gb / Ebm,따뜻한(2) | 생기 있는(2) | 희망적인(2),388.0,7,"['가야금', '거문고', '대금', '소리북', '아쟁', '피리', '해금']","['가야금', '거문고', '대금', '소리북', '아쟁', '피리', '해금']",True,data/extracted/train/source/0491_민속악_판소리/0491_민속악_판소리_master.wav,48000,2,18624000,388.0,PCM_24,val
0492_민속악_판소리,0492,민속악,판소리,심청가,120,18/8,Eb / Cm,불가사의한(3) | 절제된(2),432.5,7,"['가야금', '거문고', '대금', '소리북', '아쟁', '피리', '해금']","['가야금', '거문고', '대금', '소리북', '아쟁', '피리', '해금']",True,data/extracted/train/source/0492_민속악_판소리/0492_민속악_판소리_master.wav,48000,2,20760000,432.5,PCM_24,train
0493_민속악_판소리,0493,민속악,판소리,심청가,120,18/8,Eb / Cm,사색적인(2) | 잔잔한(2) | 절제된(2) | 진지한(2) | 차분한(3),325.0,7,"['가야금', '거문고', '대금', '소리북', '아쟁', '피리', '해금']","['가야금', '거문고', '대금', '소리북', '아쟁', '피리', '해금']",True,data/extracted/train/source/0493_민속악_판소리/0493_민속악_판소리_master.wav,48000,2,15600000,325.0,PCM_24,val
0494_민속악_판소리,0494,민속악,판소리,심청가,120,18/8,Eb / Cm,잔잔한(2) | 차분한(2) | 해학적인(2),396.5,7,"['가야금', '거문고', '대금', '소리북', '아쟁', '피리', '해금']","['가야금', '거문고', '대금', '소리북', '아쟁', '피리', '해금']",True,data/extracted/train/source/0494_민속악_판소리/0494_민속악_판소리_master.wav,48000,2,19032000,396.5,PCM_24,train
0495_민속악_판소리,0495,민속악,판소리,심청가,120,18/8,Gb / Ebm,기품 있는(2) | 불가사의한(2) | 불안한(2) | 유려한(2) | 차분한(2),145.0,7,"['가야금', '거문고', '대금', '소리북', '아쟁', '피리', '해금']","['가야금', '거문고', '대금', '소리북', '아쟁', '피리', '해금']",True,data/extracted/train/source/0495_민속악_판소리/0495_민속악_판소리_master.wav,48000,2,6960000,145.0,PCM_24,train
0496_민속악_판소리,0496,민속악,판소리,심청가,120,18/8,Gb / Ebm,긴장된(2) | 도취된(2) | 쓸쓸한(2) | 절제된(2) | 차분한(2),127.0,7,"['가야금', '거문고', '대금', '소리북', '아쟁', '피리', '해금']","['가야금', '거문고', '대금', '소리북', '아쟁', '피리', '해금']",True,data/extracted/train/source/0496_민속악_판소리/0496_민속악_판소리_master.wav,48000,2,6096000,127.0,PCM_24,train
0497_민속악_판소리,0497,민속악,판소리,심청가,80,12/4,Gb / Ebm,불가사의한(3),97.875,7,"['가야금', '거문고', '대금', '소리북', '아쟁', '피리', '해금']","['가야금', '거문고', '대금', '소리북', '아쟁', '피리', '해금']",True,data/extracted/train/source/0497_민속악_판소리/0497_민속악_판소리_master.wav,48000,2,4698000,97.875,PCM_24,val
0498_민속악_판소리,0498,민속악,판소리,심청가,140,12/8,Gb / Ebm,리듬감 있는(3) | 우울감 있는(2) | 유쾌한(2) | 해학적인(2),137.571,7,"['가야금', '거문고', '대금', '소리북', '아쟁', '피리', '해금']","['가야금', '거문고', '대금', '소리북', '아쟁', '피리', '해금']",True,data/extracted/train/source/0498_민속악_판소리/0498_민속악_판소리_master.wav,48000,2,6603428,137.571,PCM_24,train
0499_민속악_판소리,0499,민속악,판소리,심청가,120,18/8,Gb / Ebm,절제된(2) | 표현적인(2) | 품위 있는(2),181.0,7,"['가야금', '거문고', '대금', '소리북', '아쟁', '피리', '해금']","['가야금', '거문고', '대금', '소리북', '아쟁', '피리', '해금']",True,data/extracted/train/source/0499_민속악_판소리/0499_민속악_판소리_master.wav,48000,2,8688000,181.0,PCM_24,train
0500_민속악_판소리,0500,민속악,판소리,심청가,120,18/8,Ab / Fm,불가사의한(2) | 우울감 있는(2) | 유려한(2) | 조화로운(2) | 표현적인(2) | 향토적인(2),215.5,7,"['가야금', '거문고', '대금', '소리북', '아쟁', '피리', '해금']","['가야금', '거문고', '대금', '소리북', '아쟁', '피리', '해금']",True,data/extracted/train/source/0500_민속악_판소리/0500_민속악_판소리_master.wav,48000,2,10344000,215.5,PCM_24,train
0501_민속악_판소리,0501,민속악,판소리,심청가,120,18/8,Gb / Ebm,기품 있는(2) | 애절한(2) | 우울감 있는(2) | 의례적인(2),172.0,7,"['가야금', '거문고', '대금', '소리북', '아쟁', '피리', '해금']","['가야금', '거문고', '대금', '소리북', '아쟁', '피리', '해금']",True,data/extracted/train/source/0501_민속악_판소리/0501_민속악_판소리_master.wav,48000,2,8256000,172.0,PCM_24,train
0502_민속악_판소리,0502,민속악,판소리,심청가,120,18/8,Ab / Fm,우울감 있는(2) | 진지한(2),262.0,7,"['가야금', '거문고', '대금', '소리북', '아쟁', '피리', '해금']","['가야금', '거문고', '대금', '소리북', '아쟁', '피리', '해금']",True,data/extracted/train/source/0502_민속악_판소리/0502_민속악_판소리_master.wav,48000,2,12576000,262.0,PCM_24,train
0503_민속악_판소리,0503,민속악,판소리,심청가,120,18/8,Bb / Gm,불가사의한(2),215.0,7,"['가야금', '거문고', '대금', '소리북', '아쟁', '피리', '해금']","['가야금', '거문고', '대금', '소리북', '아쟁', '피리', '해금']",True,data/extracted/train/source/0503_민속악_판소리/0503_민속악_판소리_master.wav,48000,2,10320000,215.0,PCM_24,test
0504_민속악_판소리,0504,민속악,판소리,심청가,120,18/8,Ab / Fm,긴장감 넘치는(2) | 서사적인(2) | 우울감 있는(2) | 향토적인(2),496.0,7,"['가야금', '거문고', '대금', '소리북', '아쟁', '피리', '해금']","['가야금', '거문고', '대금', '소리북', '아쟁', '피리', '해금']",True,data/extracted/train/source/0504_민속악_판소리/0504_민속악_판소리_master.wav,48000,2,23808000,496.0,PCM_24,test
0505_민속악_판소리,0505,민속악,판소리,심청가,140,12/4,Ab / Fm,리듬감 있는(2) | 불안한(2) | 절제된(2) | 표현적인(2),117.429,7,"['가야금', '거문고', '대금', '소리북', '아쟁', '피리', '해금']","['가야금', '거문고', '대금', '소리북', '아쟁', '피리', '해금']",True,data/extracted/train/source/0505_민속악_판소리/0505_민속악_판소리_master.wav,48000,2,5636572,117.429,PCM_24,train
0506_민속악_판소리,0506,민속악,판소리,심청가,80,12/4,Gb / Ebm,긴장된(2) | 리듬감 있는(2) | 불안한(2) | 유려한(2) | 차분한(2),160.875,7,"['가야금', '거문고', '대금', '소리북', '아쟁', '피리', '해금']","['가야금', '거문고', '대금', '소리북', '아쟁', '피리', '해금']",True,data/extracted/val/source/0506_민속악_판소리/0506_민속악_판소리_master.wav,48000,2,7722000,160.875,PCM_24,test
0507_민속악_판소리,0507,민속악,판소리,심청가,200,12/8,Gb / Ebm,긴장감 넘치는(2) | 리듬감 있는(2) | 불안한(2),114.6,7,"['가야금', '거문고', '대금', '소리북', '아쟁', '피리', '해금']","['가야금', '거문고', '대금', '소리북', '아쟁', '피리', '해금']",True,data/extracted/train/source/0507_민속악_판소리/0507_민속악_판소리_master.wav,48000,2,5500800,114.6,PCM_24,train
0508_민속악_판소리,0508,민속악,판소리,심청가,200,12/8,Ab / Fm,경쾌한(2) | 리듬감 있는(5) | 에너지 넘치는(4) | 활기찬(2),193.8,7,"['가야금', '거문고', '대금', '소리북', '아쟁', '피리', '해금']","['가야금', '거문고', '대금', '소리북', '아쟁', '피리', '해금']",True,data/extracted/train/source/0508_민속악_판소리/0508_민속악_판소리_master.wav,48000,2,9302400,193.8,PCM_24,train
0509_민속악_판소리,0509,민속악,판소리,심청가,200,12/8,Gb / Ebm,경쾌한(2) | 도취된(2) | 리듬감 있는(3) | 생기 있는(2) | 활기찬(2),324.9,7,"['가야금', '거문고', '대금', '소리북', '아쟁', '피리', '해금']","['가야금', '거문고', '대금', '소리북', '아쟁', '피리', '해금']",True,data/extracted/train/source/0509_민속악_판소리/0509_민속악_판소리_master.wav,48000,2,15595200,324.9,PCM_24,train
0510_민속악_판소리,0510,민속악,판소리,심청가,140,12/8,Gb / Ebm,긴장감 넘치는(2) | 불안한(2),317.571,7,"['가야금', '거문고', '대금', '소리북', '아쟁', '피리', '해금']","['가야금', '거문고', '대금', '소리북', '아쟁', '피리', '해금']",True,data/extracted/train/source/0510_민속악_판소리/0510_민속악_판소리_master.wav,48000,2,15243428,317.571,PCM_24,train
0511_민속악_판소리,0511,민속악,판소리,심청가,120,12/8,B / Abm,엄숙한(2) | 유려한(2) | 절제된(3) | 진지한(2),342.5,7,"['가야금', '거문고', '대금', '소리북', '아쟁', '피리', '해금']","['가야금', '거문고', '대금', '소리북', '아쟁', '피리', '해금']",True,data/extracted/train/source/0511_민속악_판소리/0511_민속악_판소리_master.wav,48000,2,16440000,342.5,PCM_24,train
0512_민속악_판소리,0512,민속악,판소리,심청가,240,12/8,Gb / Ebm,경쾌한(2) | 다이내믹한(2) | 리듬감 있는(3) | 불안한(2) | 신나는(2) | 에너지 넘치는(2) | 유쾌한(2) | 해학적인(2) | 활달한(3),381.75,7,"['가야금', '거문고', '대금', '소리북', '아쟁', '피리', '해금']","['가야금', '거문고', '대금', '소리북', '아쟁', '피리', '해금']",True,data/extracted/val/source/0512_민속악_판소리/0512_민속악_판소리_master.wav,48000,2,18324000,381.75,PCM_24,train
0513_민속악_판소리,0513,민속악,판소리,심청가,240,12/8,Ab / Fm,다이내믹한(2) | 도취된(2) | 리듬감 있는(3),99.5,7,"['가야금', '거문고', '대금', '소리북', '아쟁', '피리', '해금']","['가야금', '거문고', '대금', '소리북', '아쟁', '피리', '해금']",True,data/extracted/val/source/0513_민속악_판소리/0513_민속악_판소리_master.wav,48000,2,4776000,99.5,PCM_24,test
0514_민속악_판소리,0514,민속악,판소리,심청가,240,12/8,Ab / Fm,경쾌한(3) | 리듬감 있는(3) | 신나는(2) | 신명난(2) | 유려한(2) | 표현적인(2) | 해학적인(2) | 활기찬(2),134.5,7,"['가야금', '거문고', '대금', '소리북', '아쟁', '피리', '해금']","['가야금', '거문고', '대금', '소리북', '아쟁', '피리', '해금']",True,data/extracted/train/source/0514_민속악_판소리/0514_민속악_판소리_master.wav,48000,2,6456000,134.5,PCM_24,train
0515_민속악_판소리,0515,민속악,판소리,심청가,240,12/8,Gb / Ebm,경쾌한(2) | 리듬감 있는(5) | 즐거운(2) | 해학적인(2) | 활기찬(3),114.75,7,"['가야금', '거문고', '대금', '소리북', '아쟁', '피리', '해금']","['가야금', '거문고', '대금', '소리북', '아쟁', '피리', '해금']",True,data/extracted/train/source/0515_민속악_판소리/0515_민속악_판소리_master.wav,48000,2,5508000,114.75,PCM_24,train
0516_민속악_판소리,0516,민속악,판소리,심청가,240,12/8,Ab / Fm,경쾌한(2) | 리듬감 있는(4) | 생기 있는(2) | 신명난(2) | 품위 있는(2) | 해학적인(2) | 활기찬(3) | 희망찬(2),325.5,7,"['가야금', '거문고', '대금', '소리북', '아쟁', '피리', '해금']","['가야금', '거문고', '대금', '소리북', '아쟁', '피리', '해금']",True,data/extracted/train/source/0516_민속악_판소리/0516_민속악_판소리_master.wav,48000,2,15624000,325.5,PCM_24,train
0517_민속악_판소리,0517,민속악,판소리,심청가,240,12/8,Ab / Fm,경쾌한(2) | 도취된(2) | 리듬감 있는(4) | 명랑한(3) | 불안한(2) | 해학적인(2) | 향토적인(2) | 활기찬(2),306.75,7,"['가야금', '거문고', '대금', '소리북', '아쟁', '피리', '해금']","['가야금', '거문고', '대금', '소리북', '아쟁', '피리', '해금']",True,data/extracted/train/source/0517_민속악_판소리/0517_민속악_판소리_master.wav,48000,2,14724000,306.75,PCM_24,val
0519_민속악_판소리,0519,민속악,판소리,심청가,80,12/4,Ab / Fm,도취된(2) | 우울감 있는(2) | 절제된(2) | 해학적인(2),125.25,7,"['가야금', '거문고', '대금', '소리북', '아쟁', '피리', '해금']","['가야금', '거문고', '대금', '소리북', '아쟁', '피리', '해금']",True,data/extracted/train/source/0519_민속악_판소리/0519_민속악_판소리_master.wav,48000,2,6012000,125.25,PCM_24,train
0520_민속악_판소리,0520,민속악,판소리,심청가,240,12/8,Gb / Ebm,경쾌한(2) | 리듬감 있는(2) | 열정적인(2) | 유려한(2) | 조화로운(2) | 향토적인(2),212.75,7,"['가야금', '거문고', '대금', '소리북', '아쟁', '피리', '해금']","['가야금', '거문고', '대금', '소리북', '아쟁', '피리', '해금']",True,data/extracted/train/source/0520_민속악_판소리/0520_민속악_판소리_master.wav,48000,2,10212000,212.75,PCM_24,test
0521_민속악_판소리,0521,민속악,판소리,심청가,200,10/8,Gb / Ebm,경쾌한(2) | 리듬감 있는(4) | 신명난(2) | 표현적인(2),326.786,7,"['가야금', '거문고', '대금', '소리북', '아쟁', '피리', '해금']","['가야금', '거문고', '대금', '소리북', '아쟁', '피리', '해금']",True,data/extracted/train/source/0521_민속악_판소리/0521_민속악_판소리_master.wav,48000,2,15685715,326.786,PCM_24,test
0522_민속악_판소리,0522,민속악,판소리,심청가,200,10/8,Gb / Ebm,도취된(2) | 리듬감 있는(3) | 명랑한(4) | 생기 있는(2) | 표현적인(2) | 활기찬(2),104.7,7,"['가야금', '거문고', '대금', '소리북', '아쟁', '피리', '해금']","['가야금', '거문고', '대금', '소리북', '아쟁', '피리', '해금']",True,data/extracted/val/source/0522_민속악_판소리/0522_민속악_판소리_master.wav,48000,2,5025600,104.7,PCM_24,train
0523_민속악_판소리,0523,민속악,판소리,심청가,200,10/8,Gb / Ebm,경쾌한(4) | 리듬감 있는(2) | 명랑한(2) | 생기 있는(2) | 신나는(2) | 절제된(3) | 표현적인(2) | 활기찬(2),132.0,7,"['가야금', '거문고', '대금', '소리북', '아쟁', '피리', '해금']","['가야금', '거문고', '대금', '소리북', '아쟁', '피리', '해금']",True,data/extracted/train/source/0523_민속악_판소리/0523_민속악_판소리_master.wav,48000,2,6336000,132.0,PCM_24,train
0524_민속악_판소리,0524,민속악,판소리,심청가,140,12/8,Gb / Ebm,기품 있는(2) | 단아한(2) | 따뜻한(2) | 리듬감 있는(2) | 사색적인(2) | 서사적인(2) | 유려한(2) | 차분한(2) | 편안한(2) | 평화로운(2) | 표현적인(2) | 해학적인(2),235.286,7,"['가야금', '거문고', '대금', '소리북', '아쟁', '피리', '해금']","['가야금', '거문고', '대금', '소리북', '아쟁', '피리', '해금']",True,data/extracted/train/source/0524_민속악_판소리/0524_민속악_판소리_master.wav,48000,2,11293714,235.286,PCM_24,train
0525_민속악_판소리,0525,민속악,판소리,심청가,140,12/8,Gb / Ebm,경쾌한(2) | 긴장감 넘치는(2) | 불안한(3) | 우울감 있는(2) | 표현적인(2) | 해학적인(2),376.286,7,"['가야금', '거문고', '대금', '소리북', '아쟁', '피리', '해금']","['가야금', '거문고', '대금', '소리북', '아쟁', '피리', '해금']",True,data/extracted/train/source/0525_민속악_판소리/0525_민속악_판소리_master.wav,48000,2,18061714,376.286,PCM_24,train
0526_민속악_판소리,0526,민속악,판소리,심청가,140,12/8,Gb / Ebm,도취된(2) | 여유로운(2) | 표현적인(2) | 품위 있는(2) | 향토적인(2),179.143,7,"['가야금', '거문고', '대금', '소리북', '아쟁', '피리', '해금']","['가야금', '거문고', '대금', '소리북', '아쟁', '피리', '해금']",True,data/extracted/train/source/0526_민속악_판소리/0526_민속악_판소리_master.wav,48000,2,8598857,179.143,PCM_24,train
0527_민속악_판소리,0527,민속악,판소리,심청가,140,12/8,Gb / Ebm,경쾌한(3) | 리듬감 있는(2) | 우울감 있는(2),343.286,7,"['가야금', '거문고', '대금', '소리북', '아쟁', '피리', '해금']","['가야금', '거문고', '대금', '소리북', '아쟁', '피리', '해금']",True,data/extracted/train/source/0527_민속악_판소리/0527_민속악_판소리_master.wav,48000,2,16477715,343.286,PCM_24,val
0528_민속악_판소리,0528,민속악,판소리,심청가,140,12/8,Gb / Ebm,경쾌한(3) | 차분한(2) | 표현적인(2) | 해학적인(2),174.429,7,"['가야금', '거문고', '대금', '소리북', '아쟁', '피리', '해금']","['가야금', '거문고', '대금', '소리북', '아쟁', '피리', '해금']",True,data/extracted/train/source/0528_민속악_판소리/0528_민속악_판소리_master.wav,48000,2,8372571,174.429,PCM_24,train
0529_민속악_판소리,0529,민속악,판소리,심청가,140,12/8,Gb / Ebm,경쾌한(2) | 리듬감 있는(2) | 절제된(2),311.143,7,"['가야금', '거문고', '대금', '소리북', '아쟁', '피리', '해금']","['가야금', '거문고', '대금', '소리북', '아쟁', '피리', '해금']",True,data/extracted/train/source/0529_민속악_판소리/0529_민속악_판소리_master.wav,48000,2,14934857,311.143,PCM_24,train
0530_민속악_판소리,0530,민속악,판소리,심청가,140,12/8,B / Abm,도취된(2) | 부드러운(2) | 품위 있는(2),176.143,7,"['가야금', '거문고', '대금', '소리북', '아쟁', '피리', '해금']","['가야금', '거문고', '대금', '소리북', '아쟁', '피리', '해금']",True,data/extracted/train/source/0530_민속악_판소리/0530_민속악_판소리_master.wav,48000,2,8454857,176.143,PCM_24,test
0531_민속악_판소리,0531,민속악,판소리,심청가,160,12/8,Gb / Ebm,리듬감 있는(2) | 향토적인(2),24.868,7,"['가야금', '거문고', '대금', '소리북', '아쟁', '피리', '해금']","['가야금', '거문고', '대금', '소리북', '아쟁', '피리', '해금']",True,data/extracted/train/source/0531_민속악_판소리/0531_민속악_판소리_master.wav,48000,2,1193679,24.868,PCM_24,train
0532_민속악_판소리,0532,민속악,판소리,심청가,80,12/4,Ab / Fm,감상적인(2) | 도취된(3) | 서사적인(2),376.875,7,"['가야금', '거문고', '대금', '소리북', '아쟁', '피리', '해금']","['가야금', '거문고', '대금', '소리북', '아쟁', '피리', '해금']",True,data/extracted/train/source/0532_민속악_판소리/0532_민속악_판소리_master.wav,48000,2,18090000,376.875,PCM_24,train
0533_민속악_판소리,0533,민속악,판소리,심청가,80,12/4,Ab / Fm,리듬감 있는(3) | 명랑한(2) | 생기 있는(3) | 해학적인(2) | 향토적인(2),27.375,7,"['가야금', '거문고', '대금', '소리북', '아쟁', '피리', '해금']","['가야금', '거문고', '대금', '소리북', '아쟁', '피리', '해금']",True,data/extracted/train/source/0533_민속악_판소리/0533_민속악_판소리_master.wav,48000,2,1314000,27.375,PCM_24,train
0534_민속악_판소리,0534,민속악,판소리,심청가,80,12/4,Ab / Fm,경쾌한(2) | 다이내믹한(2) | 명랑한(2) | 절제된(2) | 표현적인(2),214.875,7,"['가야금', '거문고', '대금', '소리북', '아쟁', '피리', '해금']","['가야금', '거문고', '대금', '소리북', '아쟁', '피리', '해금']",True,data/extracted/train/source/0534_민속악_판소리/0534_민속악_판소리_master.wav,48000,2,10314000,214.875,PCM_24,train
0535_민속악_판소리,0535,민속악,판소리,심청가,80,12/4,Ab / Fm,다이내믹한(3) | 유려한(2) | 절제된(2) | 품위 있는(2) | 향토적인(2),356.625,7,"['가야금', '거문고', '대금', '소리북', '아쟁', '피리', '해금']","['가야금', '거문고', '대금', '소리북', '아쟁', '피리', '해금']",True,data/extracted/train/source/0535_민속악_판소리/0535_민속악_판소리_master.wav,48000,2,17118000,356.625,PCM_24,train
0536_민속악_판소리,0536,민속악,판소리,심청가,100,12/4,Ab / Fm,기품 있는(2) | 다정한(2) | 생기 있는(2) | 표현적인(2),342.0,7,"['가야금', '거문고', '대금', '소리북', '아쟁', '피리', '해금']","['가야금', '거문고', '대금', '소리북', '아쟁', '피리', '해금']",True,data/extracted/train/source/0536_민속악_판소리/0536_민속악_판소리_master.wav,48000,2,16416000,342.0,PCM_24,train
0537_민속악_판소리,0537,민속악,판소리,심청가,100,12/4,F / Dm,기품 있는(2) | 리듬감 있는(2) | 여유로운(3) | 해학적인(2),107.4,7,"['가야금', '거문고', '대금', '소리북', '아쟁', '피리', '해금']","['가야금', '거문고', '대금', '소리북', '아쟁', '피리', '해금']",True,data/extracted/train/source/0537_민속악_판소리/0537_민속악_판소리_master.wav,48000,2,5155200,107.4,PCM_24,val
0538_민속악_판소리,0538,민속악,판소리,심청가,100,12/4,Ab / Fm,우울감 있는(2) | 표현적인(2),363.6,7,"['가야금', '거문고', '대금', '소리북', '아쟁', '피리', '해금']","['가야금', '거문고', '대금', '소리북', '아쟁', '피리', '해금']",True,data/extracted/train/source/0538_민속악_판소리/0538_민속악_판소리_master.wav,48000,2,17452800,363.6,PCM_24,train
0539_민속악_판소리,0539,민속악,판소리,심청가,100,12/4,Ab / Fm,긴장감 넘치는(2) | 리듬감 있는(2) | 절제된(2) | 표현적인(2) | 품위 있는(2),208.2,7,"['가야금', '거문고', '대금', '소리북', '아쟁', '피리', '해금']","['가야금', '거문고', '대금', '소리북', '아쟁', '피리', '해금']",True,data/extracted/train/source/0539_민속악_판소리/0539_민속악_판소리_master.wav,48000,2,9993600,208.2,PCM_24,train
0540_민속악_판소리,0540,민속악,판소리,심청가,80,12/4,Ab / Fm,리듬감 있는(3) | 생기 있는(2) | 우울감 있는(2) | 유려한(2) | 차분한(2),142.875,7,"['가야금', '거문고', '대금', '소리북', '아쟁', '피리', '해금']","['가야금', '거문고', '대금', '소리북', '아쟁', '피리', '해금']",True,data/extracted/train/source/0540_민속악_판소리/0540_민속악_판소리_master.wav,48000,2,6858000,142.875,PCM_24,train
0541_민속악_판소리,0541,민속악,판소리,심청가,100,12/4,Ab / Fm,경쾌한(3) | 리듬감 있는(4) | 명랑한(2) | 진지한(2),114.3,7,"['가야금', '거문고', '대금', '소리북', '아쟁', '피리', '해금']","['가야금', '거문고', '대금', '소리북', '아쟁', '피리', '해금']",True,data/extracted/train/source/0541_민속악_판소리/0541_민속악_판소리_master.wav,48000,2,5486400,114.3,PCM_24,train
0542_민속악_판소리,0542,민속악,판소리,심청가,80,12/4,Ab / Fm,경쾌한(3) | 도취된(2) | 리듬감 있는(2) | 부드러운(2) | 생기 있는(3) | 유쾌한(2) | 진지한(2),363.375,7,"['가야금', '거문고', '대금', '소리북', '아쟁', '피리', '해금']","['가야금', '거문고', '대금', '소리북', '아쟁', '피리', '해금']",True,data/extracted/val/source/0542_민속악_판소리/0542_민속악_판소리_master.wav,48000,2,17442000,363.375,PCM_24,train
0543_민속악_판소리,0543,민속악,판소리,심청가,100,12/4,Ab / Fm,다정한(2) | 리듬감 있는(2) | 유쾌한(2) | 절제된(2) | 표현적인(2),106.5,7,"['가야금', '거문고', '대금', '소리북', '아쟁', '피리', '해금']","['가야금', '거문고', '대금', '소리북', '아쟁', '피리', '해금']",True,data/extracted/train/source/0543_민속악_판소리/0543_민속악_판소리_master.wav,48000,2,5112000,106.5,PCM_24,train
0544_민속악_판소리,0544,민속악,판소리,심청가,80,12/4,Ab / Fm,경쾌한(2) | 리듬감 있는(3) | 향토적인(2),357.75,7,"['가야금', '거문고', '대금', '소리북', '아쟁', '피리', '해금']","['가야금', '거문고', '대금', '소리북', '아쟁', '피리', '해금']",True,data/extracted/train/source/0544_민속악_판소리/0544_민속악_판소리_master.wav,48000,2,17172000,357.75,PCM_24,train
0545_민속악_판소리,0545,민속악,판소리,심청가,80,12/4,Ab / Fm,경쾌한(2) | 명랑한(2) | 열정적인(2) | 절제된(2) | 품위 있는(2),115.875,7,"['가야금', '거문고', '대금', '소리북', '아쟁', '피리', '해금']","['가야금', '거문고', '대금', '소리북', '아쟁', '피리', '해금']",True,data/extracted/train/source/0545_민속악_판소리/0545_민속악_판소리_master.wav,48000,2,5562000,115.875,PCM_24,train
0546_민속악_판소리,0546,민속악,판소리,심청가,80,12/4,Ab / Fm,차분한(2) | 표현적인(2),360.0,7,"['가야금', '거문고', '대금', '소리북', '아쟁', '피리', '해금']","['가야금', '거문고', '대금', '소리북', '아쟁', '피리', '해금']",True,data/extracted/train/source/0546_민속악_판소리/0546_민속악_판소리_master.wav,48000,2,17280000,360.0,PCM_24,train
0547_민속악_판소리,0547,민속악,판소리,심청가,80,12/4,Ab / Fm,부드러운(2) | 표현적인(3) | 품위 있는(2),349.875,7,"['가야금', '거문고', '대금', '소리북', '아쟁', '피리', '해금']","['가야금', '거문고', '대금', '소리북', '아쟁', '피리', '해금']",True,data/extracted/val/source/0547_민속악_판소리/0547_민속악_판소리_master.wav,48000,2,16794000,349.875,PCM_24,test
0548_민속악_판소리,0548,민속악,판소리,심청가,80,12/4,Ab / Fm,경쾌한(2) | 기품 있는(2) | 리듬감 있는(2) | 여유로운(2) | 평화로운(2) | 표현적인(2),276.75,7,"['가야금', '거문고', '대금', '소리북', '아쟁', '피리', '해금']","['가야금', '거문고', '대금', '소리북', '아쟁', '피리', '해금']",True,data/extracted/train/source/0548_민속악_판소리/0548_민속악_판소리_master.wav,48000,2,13284000,276.75,PCM_24,train
0549_민속악_판소리,0549,민속악,판소리,심청가,80,12/4,Ab / Fm,리듬감 있는(2) | 우울감 있는(2),493.5,7,"['가야금', '거문고', '대금', '소리북', '아쟁', '피리', '해금']","['가야금', '거문고', '대금', '소리북', '아쟁', '피리', '해금']",True,data/extracted/train/source/0549_민속악_판소리/0549_민속악_판소리_master.wav,48000,2,23688000,493.5,PCM_24,train
0551_민속악_판소리,0551,민속악,판소리,흥보가,80,12/4,F / Dm,쓸쓸한(2) | 어두운(2) | 우울감 있는(2) | 우울한(3) | 유려한(2) | 조화로운(2) | 차분한(3) | 품위 있는(2),324.0,7,"['가야금', '거문고', '대금', '소리북', '아쟁', '피리', '해금']","['가야금', '거문고', '대금', '소리북', '아쟁', '피리', '해금']",True,data/extracted/train/source/0551_민속악_판소리/0551_민속악_판소리_master.wav,48000,2,15552000,324.0,PCM_24,train
0552_민속악_판소리,0552,민속악,판소리,흥보가,120,18/8,F / Dm,비통한(2) | 쓸쓸한(2) | 애절한(2) | 우울감 있는(2) | 표현적인(2),108.5,7,"['가야금', '거문고', '대금', '소리북', '아쟁', '피리', '해금']","['가야금', '거문고', '대금', '소리북', '아쟁', '피리', '해금']",True,data/extracted/val/source/0552_민속악_판소리/0552_민속악_판소리_master.wav,48000,2,5208000,108.5,PCM_24,train
0553_민속악_판소리,0553,민속악,판소리,흥보가,80,12/4,F / Dm,서사적인(2) | 진지한(2) | 차분한(2),196.875,7,"['가야금', '거문고', '대금', '소리북', '아쟁', '피리', '해금']","['가야금', '거문고', '대금', '소리북', '아쟁', '피리', '해금']",True,data/extracted/train/source/0553_민속악_판소리/0553_민속악_판소리_master.wav,48000,2,9450000,196.875,PCM_24,train
0554_민속악_판소리,0554,민속악,판소리,흥보가,140,12/8,F / Dm,리듬감 있는(2) | 신명난(2) | 여유로운(2) | 진지한(3) | 차분한(3),92.571,7,"['가야금', '거문고', '대금', '소리북', '아쟁', '피리', '해금']","['가야금', '거문고', '대금', '소리북', '아쟁', '피리', '해금']",True,data/extracted/train/source/0554_민속악_판소리/0554_민속악_판소리_master.wav,48000,2,4443428,92.571,PCM_24,train
0555_민속악_판소리,0555,민속악,판소리,흥보가,120,18/8,F / Dm,긴장감 넘치는(2) | 표현적인(2),108.5,7,"['가야금', '거문고', '대금', '소리북', '아쟁', '피리', '해금']","['가야금', '거문고', '대금', '소리북', '아쟁', '피리', '해금']",True,data/extracted/train/source/0555_민속악_판소리/0555_민속악_판소리_master.wav,48000,2,5208000,108.5,PCM_24,train
0556_민속악_판소리,0556,민속악,판소리,흥보가,80,12/4,F / Dm,시적인(2) | 여유로운(2) | 진지한(2) | 표현적인(2),133.875,7,"['가야금', '거문고', '대금', '소리북', '아쟁', '피리', '해금']","['가야금', '거문고', '대금', '소리북', '아쟁', '피리', '해금']",True,data/extracted/train/source/0556_민속악_판소리/0556_민속악_판소리_master.wav,48000,2,6426000,133.875,PCM_24,train
0557_민속악_판소리,0557,민속악,판소리,흥보가,80,12/4,F / Dm,슬픈(2) | 애절한(2) | 우울감 있는(2) | 우울한(2) | 절제된(2) | 진지한(3) | 차분한(2),363.75,7,"['가야금', '거문고', '대금', '소리북', '아쟁', '피리', '해금']","['가야금', '거문고', '대금', '소리북', '아쟁', '피리', '해금']",True,data/extracted/train/source/0557_민속악_판소리/0557_민속악_판소리_master.wav,48000,2,17460000,363.75,PCM_24,train
0558_민속악_판소리,0558,민속악,판소리,흥보가,140,12/8,F / Dm,도취된(2) | 여유로운(2) | 진지한(2) | 표현적인(2),362.571,7,"['가야금', '거문고', '대금', '소리북', '아쟁', '피리', '해금']","['가야금', '거문고', '대금', '소리북', '아쟁', '피리', '해금']",True,data/extracted/train/source/0558_민속악_판소리/0558_민속악_판소리_master.wav,48000,2,17403429,362.571,PCM_24,train
0560_민속악_판소리,0560,민속악,판소리,흥보가,120,18/8,F / Dm,비통한(2) | 슬픈(3) | 쓸쓸한(2) | 엄숙한(3) | 우울감 있는(2) | 절제된(2) | 진지한(3) | 침울한(2) | 표현적인(2),216.5,7,"['가야금', '거문고', '대금', '소리북', '아쟁', '피리', '해금']","['가야금', '거문고', '대금', '소리북', '아쟁', '피리', '해금']",True,data/extracted/train/source/0560_민속악_판소리/0560_민속악_판소리_master.wav,48000,2,10392000,216.5,PCM_24,train
0561_민속악_판소리,0561,민속악,판소리,흥보가,200,12/8,F / Dm,리듬감 있는(3) | 우울감 있는(3) | 조화로운(2),239.7,7,"['가야금', '거문고', '대금', '소리북', '아쟁', '피리', '해금']","['가야금', '거문고', '대금', '소리북', '아쟁', '피리', '해금']",True,data/extracted/train/source/0561_민속악_판소리/0561_민속악_판소리_master.wav,48000,2,11505600,239.7,PCM_24,train
0562_민속악_판소리,0562,민속악,판소리,흥보가,120,18/8,F / Dm,그리운(2) | 쓸쓸한(3) | 애절한(2) | 열정적인(2) | 유려한(2) | 조화로운(3) | 표현적인(2),144.5,7,"['가야금', '거문고', '대금', '소리북', '아쟁', '피리', '해금']","['가야금', '거문고', '대금', '소리북', '아쟁', '피리', '해금']",True,data/extracted/train/source/0562_민속악_판소리/0562_민속악_판소리_master.wav,48000,2,6936000,144.5,PCM_24,train
0563_민속악_판소리,0563,민속악,판소리,흥보가,80,12/4,F / Dm,비통한(2) | 사색적인(2) | 서사적인(2) | 슬픈(3) | 쓸쓸한(3) | 애절한(3) | 침울한(3) | 표현적인(2),135.0,7,"['가야금', '거문고', '대금', '소리북', '아쟁', '피리', '해금']","['가야금', '거문고', '대금', '소리북', '아쟁', '피리', '해금']",True,data/extracted/train/source/0563_민속악_판소리/0563_민속악_판소리_master.wav,48000,2,6480000,135.0,PCM_24,val
0564_민속악_판소리,0564,민속악,판소리,흥보가,120,18/8,F / Dm,애절한(2) | 엄숙한(2) | 우울감 있는(2) | 절제된(3) | 진지한(2) | 향수 어린(2) | 향토적인(2),198.5,7,"['가야금', '거문고', '대금', '소리북', '아쟁', '피리', '해금']","['가야금', '거문고', '대금', '소리북', '아쟁', '피리', '해금']",True,data/extracted/train/source/0564_민속악_판소리/0564_민속악_판소리_master.wav,48000,2,9528000,198.5,PCM_24,train
0565_민속악_판소리,0565,민속악,판소리,흥보가,140,12/8,F / Dm,단아한(2) | 우울한(2) | 조화로운(2) | 진지한(2),362.571,7,"['가야금', '거문고', '대금', '소리북', '아쟁', '피리', '해금']","['가야금', '거문고', '대금', '소리북', '아쟁', '피리', '해금']",True,data/extracted/train/source/0565_민속악_판소리/0565_민속악_판소리_master.wav,48000,2,17403429,362.571,PCM_24,train
0567_민속악_판소리,0567,민속악,판소리,흥보가,160,12/8,F / Dm,리듬감 있는(3) | 슬픈(2) | 유려한(2) | 향수 어린(2),308.25,7,"['가야금', '거문고', '대금', '소리북', '아쟁', '피리', '해금']","['가야금', '거문고', '대금', '소리북', '아쟁', '피리', '해금']",True,data/extracted/val/source/0567_민속악_판소리/0567_민속악_판소리_master.wav,48000,2,14796000,308.25,PCM_24,train
0568_민속악_판소리,0568,민속악,판소리,흥보가,160,12/8,F / Dm,리듬감 있는(3) | 애절한(2),513.0,7,"['가야금', '거문고', '대금', '소리북', '아쟁', '피리', '해금']","['가야금', '거문고', '대금', '소리북', '아쟁', '피리', '해금']",True,data/extracted/train/source/0568_민속악_판소리/0568_민속악_판소리_master.wav,48000,2,24624000,513.0,PCM_24,train
0569_민속악_판소리,0569,민속악,판소리,흥보가,120,18/8,F / Dm,도취된(2) | 리듬감 있는(2) | 서사적인(2) | 슬픈(2) | 쓸쓸한(2) | 애절한(3) | 우울감 있는(2) | 침울한(2),288.5,7,"['가야금', '거문고', '대금', '소리북', '아쟁', '피리', '해금']","['가야금', '거문고', '대금', '소리북', '아쟁', '피리', '해금']",True,data/extracted/train/source/0569_민속악_판소리/0569_민속악_판소리_master.wav,48000,2,13848000,288.5,PCM_24,train
0570_민속악_판소리,0570,민속악,판소리,흥보가,120,4/4,F / Dm,공포스러운(2) | 도취된(2) | 리듬감 있는(4) | 생기 있는(2) | 신명난(3) | 에너지 넘치는(2) | 유쾌한(2) | 향토적인(2),374.0,7,"['가야금', '거문고', '대금', '소리북', '아쟁', '피리', '해금']","['가야금', '거문고', '대금', '소리북', '아쟁', '피리', '해금']",True,data/extracted/train/source/0570_민속악_판소리/0570_민속악_판소리_master.wav,48000,2,17952000,374.0,PCM_24,train
0571_민속악_판소리,0571,민속악,판소리,흥보가,180,12/8,F / Dm,경쾌한(2) | 리듬감 있는(4) | 표현적인(2) | 활기찬(3),128.0,7,"['가야금', '거문고', '대금', '소리북', '아쟁', '피리', '해금']","['가야금', '거문고', '대금', '소리북', '아쟁', '피리', '해금']",True,data/extracted/val/source/0571_민속악_판소리/0571_민속악_판소리_master.wav,48000,2,6144000,128.0,PCM_24,train
0572_민속악_판소리,0572,민속악,판소리,흥보가,120,18/8,F / Dm,애절한(2) | 우아한(2) | 우울감 있는(3) | 유려한(2),288.25,7,"['가야금', '거문고', '대금', '소리북', '아쟁', '피리', '해금']","['가야금', '거문고', '대금', '소리북', '아쟁', '피리', '해금']",True,data/extracted/train/source/0572_민속악_판소리/0572_민속악_판소리_master.wav,48000,2,13836000,288.25,PCM_24,train
0573_민속악_판소리,0573,민속악,판소리,흥보가,120,4/4,F / Dm,경쾌한(2) | 다이내믹한(2) | 리듬감 있는(3) | 신명난(2),13.375,7,"['가야금', '거문고', '대금', '소리북', '아쟁', '피리', '해금']","['가야금', '거문고', '대금', '소리북', '아쟁', '피리', '해금']",True,data/extracted/train/source/0573_민속악_판소리/0573_민속악_판소리_master.wav,48000,2,642000,13.375,PCM_24,train
0574_민속악_판소리,0574,민속악,판소리,흥보가,80,12/4,F / Dm,시적인(2) | 애절한(2) | 우울감 있는(2) | 표현적인(3),99.0,7,"['가야금', '거문고', '대금', '소리북', '아쟁', '피리', '해금']","['가야금', '거문고', '대금', '소리북', '아쟁', '피리', '해금']",True,data/extracted/train/source/0574_민속악_판소리/0574_민속악_판소리_master.wav,48000,2,4752000,99.0,PCM_24,train
0576_민속악_판소리,0576,민속악,판소리,흥보가,120,18/8,F / Dm,우울감 있는(2) | 절제된(2) | 진지한(3) | 차분한(2),319.25,7,"['가야금', '거문고', '대금', '소리북', '아쟁', '피리', '해금']","['가야금', '거문고', '대금', '소리북', '아쟁', '피리', '해금']",True,data/extracted/train/source/0576_민속악_판소리/0576_민속악_판소리_master.wav,48000,2,15324000,319.25,PCM_24,test
0577_민속악_판소리,0577,민속악,판소리,흥보가,90,12/4,F / Dm,유쾌한(2) | 표현적인(2) | 향토적인(3),103.0,7,"['가야금', '거문고', '대금', '소리북', '아쟁', '피리', '해금']","['가야금', '거문고', '대금', '소리북', '아쟁', '피리', '해금']",True,data/extracted/train/source/0577_민속악_판소리/0577_민속악_판소리_master.wav,48000,2,4944000,103.0,PCM_24,train
0578_민속악_판소리,0578,민속악,판소리,흥보가,200,12/8,F / Dm,경쾌한(2) | 기품 있는(2) | 쓸쓸한(2) | 애절한(2) | 잔잔한(2) | 품위 있는(2),129.0,7,"['가야금', '거문고', '대금', '소리북', '아쟁', '피리', '해금']","['가야금', '거문고', '대금', '소리북', '아쟁', '피리', '해금']",True,data/extracted/train/source/0578_민속악_판소리/0578_민속악_판소리_master.wav,48000,2,6192000,129.0,PCM_24,train
0579_민속악_판소리,0579,민속악,판소리,흥보가,120,18/8,F / Dm,비통한(2) | 애절한(2) | 의례적인(2) | 진지한(2),125.75,7,"['가야금', '거문고', '대금', '소리북', '아쟁', '피리', '해금']","['가야금', '거문고', '대금', '소리북', '아쟁', '피리', '해금']",True,data/extracted/train/source/0579_민속악_판소리/0579_민속악_판소리_master.wav,48000,2,6036000,125.75,PCM_24,val
0580_민속악_판소리,0580,민속악,판소리,흥보가,220,12/8,F / Dm,공포스러운(2) | 긴장감 넘치는(3) | 리듬감 있는(4) | 생기 있는(2) | 유쾌한(2) | 해학적인(2),111.545,7,"['가야금', '거문고', '대금', '소리북', '아쟁', '피리', '해금']","['가야금', '거문고', '대금', '소리북', '아쟁', '피리', '해금']",True,data/extracted/train/source/0580_민속악_판소리/0580_민속악_판소리_master.wav,48000,2,5354182,111.545,PCM_24,train
0581_민속악_판소리,0581,민속악,판소리,흥보가,180,12/8,F / Dm,도취된(2) | 리듬감 있는(3) | 생기 있는(2) | 에너지 넘치는(2) | 유려한(2) | 축제적인(2) | 표현적인(2) | 활기찬(3),120.0,7,"['가야금', '거문고', '대금', '소리북', '아쟁', '피리', '해금']","['가야금', '거문고', '대금', '소리북', '아쟁', '피리', '해금']",True,data/extracted/val/source/0581_민속악_판소리/0581_민속악_판소리_master.wav,48000,2,5760000,120.0,PCM_24,train
0582_민속악_판소리,0582,민속악,판소리,수궁가,140,18/8,F / Dm,그리운(2) | 슬픈(2) | 쓸쓸한(3) | 애절한(2) | 우울한(2) | 표현적인(2) | 품위 있는(2),124.071,7,"['가야금', '거문고', '대금', '소리북', '아쟁', '피리', '해금']","['가야금', '거문고', '대금', '소리북', '아쟁', '피리', '해금']",True,data/extracted/train/source/0582_민속악_판소리/0582_민속악_판소리_master.wav,48000,2,5955429,124.071,PCM_24,train
0583_민속악_판소리,0583,민속악,판소리,수궁가,200,10/8,F / Dm,리듬감 있는(4) | 유려한(2) | 표현적인(3) | 향토적인(2),318.0,7,"['가야금', '거문고', '대금', '소리북', '아쟁', '피리', '해금']","['가야금', '거문고', '대금', '소리북', '아쟁', '피리', '해금']",True,data/extracted/train/source/0583_민속악_판소리/0583_민속악_판소리_master.wav,48000,2,15264000,318.0,PCM_24,train
0584_민속악_판소리,0584,민속악,판소리,수궁가,200,12/8,F / Dm,경쾌한(2) | 도취된(2) | 애절한(2) | 열정적인(2) | 우울감 있는(4) | 표현적인(3) | 향수 어린(2) | 향토적인(2),370.65,7,"['가야금', '거문고', '대금', '소리북', '아쟁', '피리', '해금']","['가야금', '거문고', '대금', '소리북', '아쟁', '피리', '해금']",True,data/extracted/train/source/0584_민속악_판소리/0584_민속악_판소리_master.wav,48000,2,17791200,370.65,PCM_24,test
0585_민속악_판소리,0585,민속악,판소리,수궁가,80,12/4,F / Dm,절제된(2) | 차분한(3) | 표현적인(2) | 향토적인(3),161.062,7,"['가야금', '거문고', '대금', '소리북', '아쟁', '피리', '해금']","['가야금', '거문고', '대금', '소리북', '아쟁', '피리', '해금']",True,data/extracted/train/source/0585_민속악_판소리/0585_민속악_판소리_master.wav,48000,2,7731000,161.062,PCM_24,train
0586_민속악_판소리,0586,민속악,판소리,수궁가,200,12/8,F / Dm,경쾌한(3) | 리듬감 있는(4) | 쓸쓸한(2) | 품위 있는(2),115.5,7,"['가야금', '거문고', '대금', '소리북', '아쟁', '피리', '해금']","['가야금', '거문고', '대금', '소리북', '아쟁', '피리', '해금']",True,data/extracted/train/source/0586_민속악_판소리/0586_민속악_판소리_master.wav,48000,2,5544000,115.5,PCM_24,train
0587_민속악_판소리,0587,민속악,판소리,수궁가,120,18/8,F / Dm,그리운(2) | 우울감 있는(2) | 진지한(2),145.0,7,"['가야금', '거문고', '대금', '소리북', '아쟁', '피리', '해금']","['가야금', '거문고', '대금', '소리북', '아쟁', '피리', '해금']",True,data/extracted/train/source/0587_민속악_판소리/0587_민속악_판소리_master.wav,48000,2,6960000,145.0,PCM_24,train
0588_민속악_판소리,0588,민속악,판소리,수궁가,200,12/8,F / Dm,리듬감 있는(3) | 신명난(2) | 애절한(2) | 향토적인(2) | 활달한(2),162.0,7,"['가야금', '거문고', '대금', '소리북', '아쟁', '피리', '해금']","['가야금', '거문고', '대금', '소리북', '아쟁', '피리', '해금']",True,data/extracted/train/source/0588_민속악_판소리/0588_민속악_판소리_master.wav,48000,2,7776000,162.0,PCM_24,train
0589_민속악_판소리,0589,민속악,판소리,수궁가,110,12/4,F / Dm,해학적인(2),130.909,7,"['가야금', '거문고', '대금', '소리북', '아쟁', '피리', '해금']","['가야금', '거문고', '대금', '소리북', '아쟁', '피리', '해금']",True,data/extracted/train/source/0589_민속악_판소리/0589_민속악_판소리_master.wav,48000,2,6283637,130.909,PCM_24,train
0590_민속악_판소리,0590,민속악,판소리,수궁가,200,12/8,F / Dm,기품 있는(2) | 리듬감 있는(3) | 생기 있는(2) | 진지한(2),318.6,7,"['가야금', '거문고', '대금', '소리북', '아쟁', '피리', '해금']","['가야금', '거문고', '대금', '소리북', '아쟁', '피리', '해금']",True,data/extracted/train/source/0590_민속악_판소리/0590_민속악_판소리_master.wav,48000,2,15292800,318.6,PCM_24,test
0591_민속악_판소리,0591,민속악,판소리,수궁가,80,12/4,F / Dm,리듬감 있는(2) | 잔잔한(2) | 차분한(3) | 해학적인(2) | 향토적인(2),106.312,7,"['가야금', '거문고', '대금', '소리북', '아쟁', '피리', '해금']","['가야금', '거문고', '대금', '소리북', '아쟁', '피리', '해금']",True,data/extracted/train/source/0591_민속악_판소리/0591_민속악_판소리_master.wav,48000,2,5103000,106.312,PCM_24,train
0593_민속악_판소리,0593,민속악,판소리,수궁가,90,12/4,F / Dm,도취된(2) | 슬픈(4) | 애절한(2) | 우울한(3) | 표현적인(2) | 향토적인(2),224.333,7,"['가야금', '거문고', '대금', '소리북', '아쟁', '피리', '해금']","['가야금', '거문고', '대금', '소리북', '아쟁', '피리', '해금']",True,data/extracted/train/source/0593_민속악_판소리/0593_민속악_판소리_master.wav,48000,2,10768000,224.333,PCM_24,train
0594_민속악_판소리,0594,민속악,판소리,수궁가,90,12/4,F / Dm,기품 있는(2) | 평온한(2) | 표현적인(3) | 향토적인(2),144.0,7,"['가야금', '거문고', '대금', '소리북', '아쟁', '피리', '해금']","['가야금', '거문고', '대금', '소리북', '아쟁', '피리', '해금']",True,data/extracted/train/source/0594_민속악_판소리/0594_민속악_판소리_master.wav,48000,2,6912000,144.0,PCM_24,train
0595_민속악_판소리,0595,민속악,판소리,수궁가,120,18/8,F / Dm,도취된(2) | 슬픈(2) | 여유로운(2) | 유려한(2) | 절제된(2) | 표현적인(3) | 향토적인(2),355.5,7,"['가야금', '거문고', '대금', '소리북', '아쟁', '피리', '해금']","['가야금', '거문고', '대금', '소리북', '아쟁', '피리', '해금']",True,data/extracted/train/source/0595_민속악_판소리/0595_민속악_판소리_master.wav,48000,2,17064000,355.5,PCM_24,train
0596_민속악_판소리,0596,민속악,판소리,수궁가,90,12/4,F / Dm,경쾌한(2) | 다이내믹한(2) | 도취된(2) | 리듬감 있는(4) | 유쾌한(3) | 해학적인(2) | 향토적인(2) | 활달한(2),207.833,7,"['가야금', '거문고', '대금', '소리북', '아쟁', '피리', '해금']","['가야금', '거문고', '대금', '소리북', '아쟁', '피리', '해금']",True,data/extracted/train/source/0596_민속악_판소리/0596_민속악_판소리_master.wav,48000,2,9976000,207.833,PCM_24,train
0597_민속악_판소리,0597,민속악,판소리,수궁가,90,6/4,B / Abm,경쾌한(2) | 리듬감 있는(2) | 명랑한(2) | 편안한(2) | 해학적인(2),364.0,7,"['가야금', '거문고', '대금', '소리북', '아쟁', '피리', '해금']","['가야금', '거문고', '대금', '소리북', '아쟁', '피리', '해금']",True,data/extracted/train/source/0597_민속악_판소리/0597_민속악_판소리_master.wav,48000,2,17472000,364.0,PCM_24,val
0598_민속악_판소리,0598,민속악,판소리,수궁가,200,10/8,F / Dm,공격적인(2) | 도취된(3) | 리듬감 있는(4) | 생기 있는(2) | 절제된(3) | 해학적인(2),93.75,7,"['가야금', '거문고', '대금', '소리북', '아쟁', '피리', '해금']","['가야금', '거문고', '대금', '소리북', '아쟁', '피리', '해금']",True,data/extracted/val/source/0598_민속악_판소리/0598_민속악_판소리_master.wav,48000,2,4500000,93.75,PCM_24,train
0599_민속악_판소리,0599,민속악,판소리,수궁가,90,12/4,F / Dm,쓸쓸한(2) | 우울감 있는(2) | 우울한(2) | 절제된(2) | 표현적인(2) | 향토적인(2),324.0,7,"['가야금', '거문고', '대금', '소리북', '아쟁', '피리', '해금']","['가야금', '거문고', '대금', '소리북', '아쟁', '피리', '해금']",True,data/extracted/val/source/0599_민속악_판소리/0599_민속악_판소리_master.wav,48000,2,15552000,324.0,PCM_24,train
0600_민속악_판소리,0600,민속악,판소리,수궁가,180,12/8,F / Dm,경쾌한(2) | 리듬감 있는(3) | 생기 있는(2) | 평온한(2) | 표현적인(2) | 향토적인(2),168.0,7,"['가야금', '거문고', '대금', '소리북', '아쟁', '피리', '해금']","['가야금', '거문고', '대금', '소리북', '아쟁', '피리', '해금']",True,data/extracted/train/source/0600_민속악_판소리/0600_민속악_판소리_master.wav,48000,2,8064000,168.0,PCM_24,train
0601_민속악_판소리,0601,민속악,판소리,수궁가,90,12/4,F / Dm,사색적인(2) | 쓸쓸한(2) | 애절한(2) | 우울감 있는(3) | 절제된(2) | 품위 있는(3) | 향토적인(2),143.0,7,"['가야금', '거문고', '대금', '소리북', '아쟁', '피리', '해금']","['가야금', '거문고', '대금', '소리북', '아쟁', '피리', '해금']",True,data/extracted/train/source/0601_민속악_판소리/0601_민속악_판소리_master.wav,48000,2,6864000,143.0,PCM_24,train
0602_민속악_판소리,0602,민속악,판소리,수궁가,140,18/8,F / Dm,유려한(2) | 조화로운(2) | 품위 있는(2) | 향토적인(2),155.143,7,"['가야금', '거문고', '대금', '소리북', '아쟁', '피리', '해금']","['가야금', '거문고', '대금', '소리북', '아쟁', '피리', '해금']",True,data/extracted/train/source/0602_민속악_판소리/0602_민속악_판소리_master.wav,48000,2,7446857,155.143,PCM_24,train
0603_민속악_판소리,0603,민속악,판소리,수궁가,90,12/4,F / Dm,다이내믹한(2) | 리듬감 있는(2) | 우울감 있는(2) | 절제된(2) | 표현적인(3) | 향토적인(2),95.0,7,"['가야금', '거문고', '대금', '소리북', '아쟁', '피리', '해금']","['가야금', '거문고', '대금', '소리북', '아쟁', '피리', '해금']",True,data/extracted/train/source/0603_민속악_판소리/0603_민속악_판소리_master.wav,48000,2,4560000,95.0,PCM_24,train
0606_민속악_판소리,0606,민속악,판소리,수궁가,200,12/8,F / Dm,경쾌한(3) | 다이내믹한(2) | 리듬감 있는(4) | 에너지 넘치는(2) | 조화로운(2) | 활기찬(2) | 활달한(2),237.0,7,"['가야금', '거문고', '대금', '소리북', '아쟁', '피리', '해금']","['가야금', '거문고', '대금', '소리북', '아쟁', '피리', '해금']",True,data/extracted/train/source/0606_민속악_판소리/0606_민속악_판소리_master.wav,48000,2,11376000,237.0,PCM_24,train
0607_민속악_판소리,0607,민속악,판소리,수궁가,140,18/8,F / Dm,차분한(2) | 침울한(2) | 향토적인(2),155.143,7,"['가야금', '거문고', '대금', '소리북', '아쟁', '피리', '해금']","['가야금', '거문고', '대금', '소리북', '아쟁', '피리', '해금']",True,data/extracted/train/source/0607_민속악_판소리/0607_민속악_판소리_master.wav,48000,2,7446857,155.143,PCM_24,test
0608_민속악_판소리,0608,민속악,판소리,수궁가,90,12/4,F / Dm,그리운(2) | 쓸쓸한(2) | 우울감 있는(2) | 절제된(2),111.667,7,"['가야금', '거문고', '대금', '소리북', '아쟁', '피리', '해금']","['가야금', '거문고', '대금', '소리북', '아쟁', '피리', '해금']",True,data/extracted/train/source/0608_민속악_판소리/0608_민속악_판소리_master.wav,48000,2,5360000,111.667,PCM_24,val
0609_민속악_판소리,0609,민속악,판소리,수궁가,90,12/4,F / Dm,사색적인(2) | 우울감 있는(2) | 절제된(3) | 차분한(3) | 향토적인(2),111.5,7,"['가야금', '거문고', '대금', '소리북', '아쟁', '피리', '해금']","['가야금', '거문고', '대금', '소리북', '아쟁', '피리', '해금']",True,data/extracted/train/source/0609_민속악_판소리/0609_민속악_판소리_master.wav,48000,2,5352000,111.5,PCM_24,train
0610_민속악_판소리,0610,민속악,판소리,수궁가,90,6/4,F / Dm,생기 있는(2) | 여유로운(2) | 유쾌한(2) | 절제된(2) | 표현적인(2),96.0,7,"['가야금', '거문고', '대금', '소리북', '아쟁', '피리', '해금']","['가야금', '거문고', '대금', '소리북', '아쟁', '피리', '해금']",True,data/extracted/train/source/0610_민속악_판소리/0610_민속악_판소리_master.wav,48000,2,4608000,96.0,PCM_24,train
0611_민속악_판소리,0611,민속악,판소리,수궁가,90,12/4,F / Dm,절제된(2) | 조화로운(2),158.667,7,"['가야금', '거문고', '대금', '소리북', '아쟁', '피리', '해금']","['가야금', '거문고', '대금', '소리북', '아쟁', '피리', '해금']",True,data/extracted/val/source/0611_민속악_판소리/0611_민속악_판소리_master.wav,48000,2,7616000,158.667,PCM_24,val
0612_민속악_판소리,0612,민속악,판소리,수궁가,90,12/4,F / Dm,우울감 있는(2) | 잔잔한(2) | 차분한(2) | 향토적인(2),239.0,7,"['가야금', '거문고', '대금', '소리북', '아쟁', '피리', '해금']","['가야금', '거문고', '대금', '소리북', '아쟁', '피리', '해금']",True,data/extracted/train/source/0612_민속악_판소리/0612_민속악_판소리_master.wav,48000,2,11472000,239.0,PCM_24,train
0613_민속악_판소리,0613,민속악,판소리,수궁가,200,12/8,F / Dm,다이내믹한(2) | 리듬감 있는(3) | 품위 있는(2) | 향토적인(3),305.1,7,"['가야금', '거문고', '대금', '소리북', '아쟁', '피리', '해금']","['가야금', '거문고', '대금', '소리북', '아쟁', '피리', '해금']",True,data/extracted/train/source/0613_민속악_판소리/0613_민속악_판소리_master.wav,48000,2,14644800,305.1,PCM_24,train
0614_민속악_판소리,0614,민속악,판소리,수궁가,90,12/4,F / Dm,잔잔한(3) | 조화로운(3) | 평온한(2) | 표현적인(3) | 품위 있는(2),334.0,7,"['가야금', '거문고', '대금', '소리북', '아쟁', '피리', '해금']","['가야금', '거문고', '대금', '소리북', '아쟁', '피리', '해금']",True,data/extracted/train/source/0614_민속악_판소리/0614_민속악_판소리_master.wav,48000,2,16032000,334.0,PCM_24,val
0615_민속악_판소리,0615,민속악,판소리,수궁가,90,12/4,F / Dm,리듬감 있는(3) | 조화로운(2) | 평화로운(2),143.833,7,"['가야금', '거문고', '대금', '소리북', '아쟁', '피리', '해금']","['가야금', '거문고', '대금', '소리북', '아쟁', '피리', '해금']",True,data/extracted/train/source/0615_민속악_판소리/0615_민속악_판소리_master.wav,48000,2,6904000,143.833,PCM_24,val
0616_민속악_판소리,0616,민속악,판소리,수궁가,200,12/8,F / Dm,리듬감 있는(3) | 애절한(2) | 표현적인(3) | 해학적인(3) | 향토적인(2),151.95,7,"['가야금', '거문고', '대금', '소리북', '아쟁', '피리', '해금']","['가야금', '거문고', '대금', '소리북', '아쟁', '피리', '해금']",True,data/extracted/train/source/0616_민속악_판소리/0616_민속악_판소리_master.wav,48000,2,7293600,151.95,PCM_24,train
0618_민속악_판소리,0618,민속악,판소리,수궁가,180,12/8,F / Dm,도취된(2) | 드라마틱한(2) | 리듬감 있는(3) | 향토적인(4),322.0,7,"['가야금', '거문고', '대금', '소리북', '아쟁', '피리', '해금']","['가야금', '거문고', '대금', '소리북', '아쟁', '피리', '해금']",True,data/extracted/train/source/0618_민속악_판소리/0618_민속악_판소리_master.wav,48000,2,15456000,322.0,PCM_24,train
0620_민속악_판소리,0620,민속악,판소리,수궁가,90,12/4,F / Dm,애절한(2) | 우울감 있는(3) | 표현적인(2) | 향수 어린(2) | 향토적인(2),95.833,7,"['가야금', '거문고', '대금', '소리북', '아쟁', '피리', '해금']","['가야금', '거문고', '대금', '소리북', '아쟁', '피리', '해금']",True,data/extracted/train/source/0620_민속악_판소리/0620_민속악_판소리_master.wav,48000,2,4600000,95.833,PCM_24,train
0621_민속악_판소리,0621,민속악,판소리,수궁가,160,4/4,F / Dm,경쾌한(2) | 긴장감 넘치는(2) | 도취된(2) | 리듬감 있는(4) | 생기 있는(2) | 신나는(2) | 신명난(3) | 에너지 넘치는(3) | 즐거운(2) | 표현적인(2) | 활기찬(2) | 희망찬(2),21.0,7,"['가야금', '거문고', '대금', '소리북', '아쟁', '피리', '해금']","['가야금', '거문고', '대금', '소리북', '아쟁', '피리', '해금']",True,data/extracted/train/source/0621_민속악_판소리/0621_민속악_판소리_master.wav,48000,2,1008000,21.0,PCM_24,test
0622_민속악_판소리,0622,민속악,판소리,수궁가,90,12/4,F / Dm,차분한(2) | 품위 있는(2) | 향토적인(2),324.0,7,"['가야금', '거문고', '대금', '소리북', '아쟁', '피리', '해금']","['가야금', '거문고', '대금', '소리북', '아쟁', '피리', '해금']",True,data/extracted/train/source/0622_민속악_판소리/0622_민속악_판소리_master.wav,48000,2,15552000,324.0,PCM_24,val
0623_민속악_판소리,0623,민속악,판소리,수궁가,140,18/8,F / Dm,리듬감 있는(2) | 표현적인(2) | 품위 있는(2) | 해학적인(2) | 향토적인(2),370.286,7,"['가야금', '거문고', '대금', '소리북', '아쟁', '피리', '해금']","['가야금', '거문고', '대금', '소리북', '아쟁', '피리', '해금']",True,data/extracted/train/source/0623_민속악_판소리/0623_민속악_판소리_master.wav,48000,2,17773714,370.286,PCM_24,test
0624_민속악_판소리,0624,민속악,판소리,수궁가,180,12/8,F / Dm,다이내믹한(2) | 리듬감 있는(4) | 신명난(2) | 열정적인(2) | 표현적인(2) | 해학적인(2),160.5,7,"['가야금', '거문고', '대금', '소리북', '아쟁', '피리', '해금']","['가야금', '거문고', '대금', '소리북', '아쟁', '피리', '해금']",True,data/extracted/val/source/0624_민속악_판소리/0624_민속악_판소리_master.wav,48000,2,7704000,160.5,PCM_24,train
0625_민속악_판소리,0625,민속악,판소리,수궁가,160,12/8,F / Dm,경쾌한(2) | 리듬감 있는(3) | 절제된(2) | 표현적인(2) | 해학적인(2) | 향토적인(2),198.29,7,"['가야금', '거문고', '대금', '소리북', '아쟁', '피리', '해금']","['가야금', '거문고', '대금', '소리북', '아쟁', '피리', '해금']",True,data/extracted/train/source/0625_민속악_판소리/0625_민속악_판소리_master.wav,48000,2,9517943,198.29,PCM_24,train
0626_민속악_판소리,0626,민속악,판소리,수궁가,92,12/4,F / Dm,사색적인(2) | 잔잔한(2) | 절제된(4) | 진지한(2) | 차분한(3) | 표현적인(2),364.0,7,"['가야금', '거문고', '대금', '소리북', '아쟁', '피리', '해금']","['가야금', '거문고', '대금', '소리북', '아쟁', '피리', '해금']",True,data/extracted/train/source/0626_민속악_판소리/0626_민속악_판소리_master.wav,48000,2,17472000,364.0,PCM_24,val
0627_민속악_판소리,0627,민속악,판소리,수궁가,150,12/8,F / Dm,진지한(3) | 차분한(3) | 표현적인(2),536.8,7,"['가야금', '거문고', '대금', '소리북', '아쟁', '피리', '해금']","['가야금', '거문고', '대금', '소리북', '아쟁', '피리', '해금']",True,data/extracted/train/source/0627_민속악_판소리/0627_민속악_판소리_master.wav,48000,2,25766400,536.8,PCM_24,val
0628_민속악_판소리,0628,민속악,판소리,수궁가,90,18/8,F / Dm,명상적인(2) | 시적인(2) | 진지한(2) | 차분한(2),525.667,7,"['가야금', '거문고', '대금', '소리북', '아쟁', '피리', '해금']","['가야금', '거문고', '대금', '소리북', '아쟁', '피리', '해금']",True,data/extracted/train/source/0628_민속악_판소리/0628_민속악_판소리_master.wav,48000,2,25232000,525.667,PCM_24,train
0629_민속악_판소리,0629,민속악,판소리,수궁가,100,12/4,F / Dm,강한(2) | 유려한(2) | 절제된(3) | 차분한(2) | 표현적인(2) | 해학적인(2),215.1,7,"['가야금', '거문고', '대금', '소리북', '아쟁', '피리', '해금']","['가야금', '거문고', '대금', '소리북', '아쟁', '피리', '해금']",True,data/extracted/train/source/0629_민속악_판소리/0629_민속악_판소리_master.wav,48000,2,10324800,215.1,PCM_24,train
0630_민속악_판소리,0630,민속악,판소리,수궁가,120,18/8,F / Dm,긴장된(2) | 시적인(2) | 쓸쓸한(2) | 잔잔한(2) | 절제된(2) | 진지한(2) | 차분한(2) | 표현적인(3),468.5,7,"['가야금', '거문고', '대금', '소리북', '아쟁', '피리', '해금']","['가야금', '거문고', '대금', '소리북', '아쟁', '피리', '해금']",True,data/extracted/train/source/0630_민속악_판소리/0630_민속악_판소리_master.wav,48000,2,22488000,468.5,PCM_24,train
0631_민속악_판소리,0631,민속악,판소리,수궁가,280,12/8,F / Dm,경쾌한(2) | 리듬감 있는(5) | 신나는(2) | 활기찬(2),257.571,7,"['가야금', '거문고', '대금', '소리북', '아쟁', '피리', '해금']","['가야금', '거문고', '대금', '소리북', '아쟁', '피리', '해금']",True,data/extracted/train/source/0631_민속악_판소리/0631_민속악_판소리_master.wav,48000,2,12363429,257.571,PCM_24,val
0632_민속악_판소리,0632,민속악,판소리,수궁가,90,12/4,F / Dm,비통한(2) | 애절한(3) | 우울한(2) | 절제된(2) | 진지한(3) | 표현적인(2),192.667,7,"['가야금', '거문고', '대금', '소리북', '아쟁', '피리', '해금']","['가야금', '거문고', '대금', '소리북', '아쟁', '피리', '해금']",True,data/extracted/train/source/0632_민속악_판소리/0632_민속악_판소리_master.wav,48000,2,9248000,192.667,PCM_24,train
0633_민속악_판소리,0633,민속악,판소리,수궁가,90,12/4,F / Dm,시적인(2) | 우울감 있는(2) | 절제된(3) | 진지한(2) | 차분한(3) | 표현적인(2),608.0,7,"['가야금', '거문고', '대금', '소리북', '아쟁', '피리', '해금']","['가야금', '거문고', '대금', '소리북', '아쟁', '피리', '해금']",True,data/extracted/train/source/0633_민속악_판소리/0633_민속악_판소리_master.wav,48000,2,29184000,608.0,PCM_24,train
0635_민속악_판소리,0635,민속악,판소리,수궁가,260,12/8,F / Dm,경쾌한(2) | 리듬감 있는(3) | 유쾌한(2) | 활기찬(2),140.769,7,"['가야금', '거문고', '대금', '소리북', '아쟁', '피리', '해금']","['가야금', '거문고', '대금', '소리북', '아쟁', '피리', '해금']",True,data/extracted/train/source/0635_민속악_판소리/0635_민속악_판소리_master.wav,48000,2,6756923,140.769,PCM_24,train
0636_민속악_판소리,0636,민속악,판소리,수궁가,200,10/8,F / Dm,경쾌한(2) | 다이내믹한(2) | 리듬감 있는(2) | 열정적인(2) | 우울감 있는(3) | 표현적인(4) | 해학적인(2) | 활달한(2),195.0,7,"['가야금', '거문고', '대금', '소리북', '아쟁', '피리', '해금']","['가야금', '거문고', '대금', '소리북', '아쟁', '피리', '해금']",True,data/extracted/train/source/0636_민속악_판소리/0636_민속악_판소리_master.wav,48000,2,9360000,195.0,PCM_24,train
0637_민속악_판소리,0637,민속악,판소리,수궁가,100,12/4,F / Dm,그리운(2) | 다이내믹한(3) | 우울감 있는(2),173.7,7,"['가야금', '거문고', '대금', '소리북', '아쟁', '피리', '해금']","['가야금', '거문고', '대금', '소리북', '아쟁', '피리', '해금']",True,data/extracted/train/source/0637_민속악_판소리/0637_민속악_판소리_master.wav,48000,2,8337600,173.7,PCM_24,train
0638_민속악_판소리,0638,민속악,판소리,수궁가,200,12/8,F / Dm,경쾌한(3) | 다이내믹한(3) | 리듬감 있는(2) | 우울감 있는(2) | 표현적인(3),136.8,7,"['가야금', '거문고', '대금', '소리북', '아쟁', '피리', '해금']","['가야금', '거문고', '대금', '소리북', '아쟁', '피리', '해금']",True,data/extracted/train/source/0638_민속악_판소리/0638_민속악_판소리_master.wav,48000,2,6566400,136.8,PCM_24,test
0639_민속악_판소리,0639,민속악,판소리,수궁가,120,18/8,F / Dm,애절한(2) | 엄숙한(2) | 유려한(2) | 진지한(2) | 차분한(2),289.0,7,"['가야금', '거문고', '대금', '소리북', '아쟁', '피리', '해금']","['가야금', '거문고', '대금', '소리북', '아쟁', '피리', '해금']",True,data/extracted/train/source/0639_민속악_판소리/0639_민속악_판소리_master.wav,48000,2,13872000,289.0,PCM_24,val
0640_민속악_판소리,0640,민속악,판소리,수궁가,100,12/4,F / Dm,여유로운(2) | 차분한(2) | 표현적인(2),101.7,7,"['가야금', '거문고', '대금', '소리북', '아쟁', '피리', '해금']","['가야금', '거문고', '대금', '소리북', '아쟁', '피리', '해금']",True,data/extracted/train/source/0640_민속악_판소리/0640_민속악_판소리_master.wav,48000,2,4881600,101.7,PCM_24,train
0641_민속악_판소리,0641,민속악,판소리,수궁가,120,18/8,F / Dm,그리운(2) | 도취된(2) | 부드러운(2) | 차분한(2) | 표현적인(3) | 해학적인(2),145.0,7,"['가야금', '거문고', '대금', '소리북', '아쟁', '피리', '해금']","['가야금', '거문고', '대금', '소리북', '아쟁', '피리', '해금']",True,data/extracted/train/source/0641_민속악_판소리/0641_민속악_판소리_master.wav,48000,2,6960000,145.0,PCM_24,train
0642_민속악_판소리,0642,민속악,판소리,수궁가,100,12/4,B / Abm,다이내믹한(2) | 우울감 있는(2) | 차분한(3) | 표현적인(3) | 해학적인(2),349.2,7,"['가야금', '거문고', '대금', '소리북', '아쟁', '피리', '해금']","['가야금', '거문고', '대금', '소리북', '아쟁', '피리', '해금']",True,data/extracted/train/source/0642_민속악_판소리/0642_민속악_판소리_master.wav,48000,2,16761600,349.2,PCM_24,train
0643_민속악_판소리,0643,민속악,판소리,수궁가,100,12/4,F / Dm,어두운(3) | 침울한(2) | 향토적인(2),186.6,7,"['가야금', '거문고', '대금', '소리북', '아쟁', '피리', '해금']","['가야금', '거문고', '대금', '소리북', '아쟁', '피리', '해금']",True,data/extracted/val/source/0643_민속악_판소리/0643_민속악_판소리_master.wav,48000,2,8956800,186.6,PCM_24,train
0645_민속악_판소리,0645,민속악,판소리,수궁가,180,12/8,F / Dm,리듬감 있는(2) | 서사적인(2) | 조화로운(2) | 표현적인(3),117.333,7,"['가야금', '거문고', '대금', '소리북', '아쟁', '피리', '해금']","['가야금', '거문고', '대금', '소리북', '아쟁', '피리', '해금']",True,data/extracted/train/source/0645_민속악_판소리/0645_민속악_판소리_master.wav,48000,2,5632000,117.333,PCM_24,train
0646_민속악_판소리,0646,민속악,판소리,수궁가,180,12/8,F / Dm,다이내믹한(2) | 리듬감 있는(2) | 우울감 있는(3) | 유려한(2) | 표현적인(2),340.0,7,"['가야금', '거문고', '대금', '소리북', '아쟁', '피리', '해금']","['가야금', '거문고', '대금', '소리북', '아쟁', '피리', '해금']",True,data/extracted/train/source/0646_민속악_판소리/0646_민속악_판소리_master.wav,48000,2,16320000,340.0,PCM_24,train
0647_민속악_판소리,0647,민속악,판소리,수궁가,100,12/4,F / Dm,경쾌한(2) | 도취된(2) | 슬픈(2),327.6,7,"['가야금', '거문고', '대금', '소리북', '아쟁', '피리', '해금']","['가야금', '거문고', '대금', '소리북', '아쟁', '피리', '해금']",True,data/extracted/train/source/0647_민속악_판소리/0647_민속악_판소리_master.wav,48000,2,15724800,327.6,PCM_24,train
0648_민속악_판소리,0648,민속악,판소리,수궁가,90,12/4,B / Abm,생기 있는(2) | 조화로운(2) | 표현적인(2),340.0,7,"['가야금', '거문고', '대금', '소리북', '아쟁', '피리', '해금']","['가야금', '거문고', '대금', '소리북', '아쟁', '피리', '해금']",True,data/extracted/train/source/0648_민속악_판소리/0648_민속악_판소리_master.wav,48000,2,16320000,340.0,PCM_24,train
0649_민속악_판소리,0649,민속악,판소리,적벽가,90,12/4,G / Em,슬픈(2) | 애절한(2) | 우울감 있는(2) | 차분한(2) | 침울한(3),184.005,7,"['가야금', '거문고', '대금', '소리북', '아쟁', '피리', '해금']","['가야금', '거문고', '대금', '소리북', '아쟁', '피리', '해금']",True,data/extracted/train/source/0649_민속악_판소리/0649_민속악_판소리_master.wav,48000,2,8832256,184.005,PCM_24,train
0650_민속악_판소리,0650,민속악,판소리,적벽가,200,12/8,G / Em,다이내믹한(2) | 리듬감 있는(3) | 차분한(2) | 평온한(2),352.8,7,"['가야금', '거문고', '대금', '소리북', '아쟁', '피리', '해금']","['가야금', '거문고', '대금', '소리북', '아쟁', '피리', '해금']",True,data/extracted/train/source/0650_민속악_판소리/0650_민속악_판소리_master.wav,48000,2,16934400,352.8,PCM_24,train
0652_민속악_판소리,0652,민속악,판소리,적벽가,120,12/8,G / Em,도취된(3) | 리듬감 있는(3) | 애절한(3) | 우울감 있는(3) | 표현적인(2) | 해학적인(2) | 향토적인(2),145.152,7,"['가야금', '거문고', '대금', '소리북', '아쟁', '피리', '해금']","['가야금', '거문고', '대금', '소리북', '아쟁', '피리', '해금']",True,data/extracted/train/source/0652_민속악_판소리/0652_민속악_판소리_master.wav,48000,2,6967296,145.152,PCM_24,train
0653_민속악_판소리,0653,민속악,판소리,적벽가,90,12/4,G / Em,리듬감 있는(3) | 신명난(2) | 해학적인(2),113.195,7,"['가야금', '거문고', '대금', '소리북', '아쟁', '피리', '해금']","['가야금', '거문고', '대금', '소리북', '아쟁', '피리', '해금']",True,data/extracted/train/source/0653_민속악_판소리/0653_민속악_판소리_master.wav,48000,2,5433344,113.195,PCM_24,train
0654_민속악_판소리,0654,민속악,판소리,적벽가,90,12/4,G / Em,리듬감 있는(2) | 쓸쓸한(2) | 우울감 있는(2) | 표현적인(3) | 해학적인(2) | 향토적인(2),368.0,7,"['가야금', '거문고', '대금', '소리북', '아쟁', '피리', '해금']","['가야금', '거문고', '대금', '소리북', '아쟁', '피리', '해금']",True,data/extracted/train/source/0654_민속악_판소리/0654_민속악_판소리_master.wav,48000,2,17664000,368.0,PCM_24,test
0656_민속악_판소리,0656,민속악,판소리,적벽가,90,12/4,G / Em,기품 있는(2) | 사색적인(2) | 시적인(2) | 여유로운(3) | 의례적인(2) | 절제된(2) | 차분한(2) | 평화로운(3) | 품위 있는(3) | 향수 어린(2),263.765,7,"['가야금', '거문고', '대금', '소리북', '아쟁', '피리', '해금']","['가야금', '거문고', '대금', '소리북', '아쟁', '피리', '해금']",True,data/extracted/val/source/0656_민속악_판소리/0656_민속악_판소리_master.wav,48000,2,12660736,263.765,PCM_24,train
0657_민속악_판소리,0657,민속악,판소리,적벽가,200,12/8,G / Em,경쾌한(3) | 명랑한(2) | 생기 있는(3) | 향토적인(2),190.144,7,"['가야금', '거문고', '대금', '소리북', '아쟁', '피리', '해금']","['가야금', '거문고', '대금', '소리북', '아쟁', '피리', '해금']",True,data/extracted/val/source/0657_민속악_판소리/0657_민속악_판소리_master.wav,48000,2,9126912,190.144,PCM_24,train
0658_민속악_판소리,0658,민속악,판소리,적벽가,100,12/4,G / Em,사색적인(2) | 생기 있는(2) | 절제된(2) | 조화로운(2),172.629,7,"['가야금', '거문고', '대금', '소리북', '아쟁', '피리', '해금']","['가야금', '거문고', '대금', '소리북', '아쟁', '피리', '해금']",True,data/extracted/train/source/0658_민속악_판소리/0658_민속악_판소리_master.wav,48000,2,8286208,172.629,PCM_24,train
0659_민속악_판소리,0659,민속악,판소리,적벽가,90,12/4,G / Em,사색적인(2) | 여유로운(3) | 차분한(2) | 향토적인(2) | 희망적인(2),161.323,7,"['가야금', '거문고', '대금', '소리북', '아쟁', '피리', '해금']","['가야금', '거문고', '대금', '소리북', '아쟁', '피리', '해금']",True,data/extracted/val/source/0659_민속악_판소리/0659_민속악_판소리_master.wav,48000,2,7743488,161.323,PCM_24,train
0660_민속악_판소리,0660,민속악,판소리,적벽가,90,12/4,G / Em,사색적인(2) | 시적인(2) | 여유로운(2) | 절제된(2) | 차분한(2) | 품위 있는(3),128.981,7,"['가야금', '거문고', '대금', '소리북', '아쟁', '피리', '해금']","['가야금', '거문고', '대금', '소리북', '아쟁', '피리', '해금']",True,data/extracted/train/source/0660_민속악_판소리/0660_민속악_판소리_master.wav,48000,2,6191104,128.981,PCM_24,train
0661_민속악_판소리,0661,민속악,판소리,적벽가,200,12/8,G / Em,리듬감 있는(2) | 생기 있는(3) | 신나는(2) | 신명난(2) | 축제적인(2) | 해학적인(2) | 향토적인(2),298.667,7,"['가야금', '거문고', '대금', '소리북', '아쟁', '피리', '해금']","['가야금', '거문고', '대금', '소리북', '아쟁', '피리', '해금']",True,data/extracted/train/source/0661_민속악_판소리/0661_민속악_판소리_master.wav,48000,2,14336000,298.667,PCM_24,test
0662_민속악_판소리,0662,민속악,판소리,적벽가,200,12/8,G / Em,경쾌한(3) | 리듬감 있는(4) | 신명난(2) | 유려한(2) | 평화로운(2) | 향토적인(2),151.125,7,"['가야금', '거문고', '대금', '소리북', '아쟁', '피리', '해금']","['가야금', '거문고', '대금', '소리북', '아쟁', '피리', '해금']",True,data/extracted/train/source/0662_민속악_판소리/0662_민속악_판소리_master.wav,48000,2,7254016,151.125,PCM_24,train
0663_민속악_판소리,0663,민속악,판소리,적벽가,160,12/8,G / Em,경쾌한(5) | 리듬감 있는(4) | 명랑한(2) | 생기 있는(2) | 신나는(3) | 신명난(3) | 에너지 넘치는(2) | 유쾌한(4) | 즐거운(2) | 활기찬(3) | 희망찬(2),152.896,7,"['가야금', '거문고', '대금', '소리북', '아쟁', '피리', '해금']","['가야금', '거문고', '대금', '소리북', '아쟁', '피리', '해금']",True,data/extracted/train/source/0663_민속악_판소리/0663_민속악_판소리_master.wav,48000,2,7339008,152.896,PCM_24,train
0664_민속악_판소리,0664,민속악,판소리,적벽가,100,18/8,G / Em,쓸쓸한(3) | 여유로운(2) | 우울감 있는(2) | 유려한(2) | 의례적인(2) | 절제된(2) | 진지한(2) | 차분한(2) | 품위 있는(2),433.195,7,"['가야금', '거문고', '대금', '소리북', '아쟁', '피리', '해금']","['가야금', '거문고', '대금', '소리북', '아쟁', '피리', '해금']",True,data/extracted/val/source/0664_민속악_판소리/0664_민속악_판소리_master.wav,48000,2,20793344,433.195,PCM_24,train
0665_민속악_판소리,0665,민속악,판소리,적벽가,90,12/4,G / Em,그리운(2) | 시적인(2) | 쓸쓸한(2) | 애절한(3) | 우울감 있는(2) | 품위 있는(2),95.765,7,"['가야금', '거문고', '대금', '소리북', '아쟁', '피리', '해금']","['가야금', '거문고', '대금', '소리북', '아쟁', '피리', '해금']",True,data/extracted/train/source/0665_민속악_판소리/0665_민속악_판소리_master.wav,48000,2,4596736,95.765,PCM_24,train
0667_민속악_판소리,0667,민속악,판소리,적벽가,160,12/8,G / Em,그리운(2) | 유려한(2),337.365,7,"['가야금', '거문고', '대금', '소리북', '아쟁', '피리', '해금']","['가야금', '거문고', '대금', '소리북', '아쟁', '피리', '해금']",True,data/extracted/train/source/0667_민속악_판소리/0667_민속악_판소리_master.wav,48000,2,16193536,337.365,PCM_24,train
0668_민속악_판소리,0668,민속악,판소리,적벽가,90,12/4,G / Em,부드러운(2) | 애절한(3) | 여유로운(2) | 우울한(3) | 표현적인(2) | 향수 어린(2) | 향토적인(2),191.68,7,"['가야금', '거문고', '대금', '소리북', '아쟁', '피리', '해금']","['가야금', '거문고', '대금', '소리북', '아쟁', '피리', '해금']",True,data/extracted/train/source/0668_민속악_판소리/0668_민속악_판소리_master.wav,48000,2,9200640,191.68,PCM_24,test
0669_민속악_판소리,0669,민속악,판소리,적벽가,180,12/8,G / Em,사색적인(2) | 우울감 있는(2) | 조화로운(2) | 진지한(2) | 차분한(2) | 향토적인(3),291.904,7,"['가야금', '거문고', '대금', '소리북', '아쟁', '피리', '해금']","['가야금', '거문고', '대금', '소리북', '아쟁', '피리', '해금']",True,data/extracted/train/source/0669_민속악_판소리/0669_민속악_판소리_master.wav,48000,2,14011392,291.904,PCM_24,train
0670_민속악_판소리,0670,민속악,판소리,적벽가,160,12/8,G / Em,경쾌한(3) | 리듬감 있는(2) | 절제된(2),99.157,7,"['가야금', '거문고', '대금', '소리북', '아쟁', '피리', '해금']","['가야금', '거문고', '대금', '소리북', '아쟁', '피리', '해금']",True,data/extracted/train/source/0670_민속악_판소리/0670_민속악_판소리_master.wav,48000,2,4759552,99.157,PCM_24,train
0671_민속악_판소리,0671,민속악,판소리,적벽가,100,12/4,G / Em,긴장된(2) | 도취된(2) | 슬픈(3) | 쓸쓸한(3) | 여유로운(2) | 우울감 있는(2) | 침울한(2),244.864,7,"['가야금', '거문고', '대금', '소리북', '아쟁', '피리', '해금']","['가야금', '거문고', '대금', '소리북', '아쟁', '피리', '해금']",True,data/extracted/train/source/0671_민속악_판소리/0671_민속악_판소리_master.wav,48000,2,11753472,244.864,PCM_24,train
0672_민속악_판소리,0672,민속악,판소리,적벽가,120,18/8,G / Em,쓸쓸한(3) | 애절한(2) | 우울감 있는(2) | 절제된(2) | 조화로운(2) | 표현적인(4) | 향토적인(3),105.003,7,"['가야금', '거문고', '대금', '소리북', '아쟁', '피리', '해금']","['가야금', '거문고', '대금', '소리북', '아쟁', '피리', '해금']",True,data/extracted/val/source/0672_민속악_판소리/0672_민속악_판소리_master.wav,48000,2,5040128,105.003,PCM_24,train
0673_민속악_판소리,0673,민속악,판소리,적벽가,180,12/8,G / Em,경쾌한(2) | 리듬감 있는(4) | 신나는(2) | 신명난(2) | 조화로운(2) | 즐거운(2) | 해학적인(2) | 활기찬(3),328.0,7,"['가야금', '거문고', '대금', '소리북', '아쟁', '피리', '해금']","['가야금', '거문고', '대금', '소리북', '아쟁', '피리', '해금']",True,data/extracted/train/source/0673_민속악_판소리/0673_민속악_판소리_master.wav,48000,2,15744000,328.0,PCM_24,val
0674_민속악_판소리,0674,민속악,판소리,적벽가,260,12/8,G / Em,리듬감 있는(3) | 유쾌한(2) | 조화로운(2) | 표현적인(2) | 해학적인(2),263.538,7,"['가야금', '거문고', '대금', '소리북', '아쟁', '피리', '해금']","['가야금', '거문고', '대금', '소리북', '아쟁', '피리', '해금']",True,data/extracted/train/source/0674_민속악_판소리/0674_민속악_판소리_master.wav,48000,2,12649846,263.538,PCM_24,train
0675_민속악_판소리,0675,민속악,판소리,적벽가,80,12/4,G / Em,진지한(2) | 차분한(2),106.5,7,"['가야금', '거문고', '대금', '소리북', '아쟁', '피리', '해금']","['가야금', '거문고', '대금', '소리북', '아쟁', '피리', '해금']",True,data/extracted/train/source/0675_민속악_판소리/0675_민속악_판소리_master.wav,48000,2,5112000,106.5,PCM_24,test
0676_민속악_판소리,0676,민속악,판소리,적벽가,160,12/8,G / Em,우울감 있는(2) | 진지한(2) | 표현적인(2),138.75,7,"['가야금', '거문고', '대금', '소리북', '아쟁', '피리', '해금']","['가야금', '거문고', '대금', '소리북', '아쟁', '피리', '해금']",True,data/extracted/train/source/0676_민속악_판소리/0676_민속악_판소리_master.wav,48000,2,6660000,138.75,PCM_24,train
0677_민속악_판소리,0677,민속악,판소리,적벽가,200,10/8,G / Em,강한(2) | 경쾌한(2) | 리듬감 있는(3) | 절제된(2),360.0,7,"['가야금', '거문고', '대금', '소리북', '아쟁', '피리', '해금']","['가야금', '거문고', '대금', '소리북', '아쟁', '피리', '해금']",True,data/extracted/train/source/0677_민속악_판소리/0677_민속악_판소리_master.wav,48000,2,17280000,360.0,PCM_24,train
0679_민속악_판소리,0679,민속악,판소리,적벽가,260,12/8,G / Em,조화로운(2) | 표현적인(2),113.423,7,"['가야금', '거문고', '대금', '소리북', '아쟁', '피리', '해금']","['가야금', '거문고', '대금', '소리북', '아쟁', '피리', '해금']",True,data/extracted/train/source/0679_민속악_판소리/0679_민속악_판소리_master.wav,48000,2,5444307,113.423,PCM_24,train
0680_민속악_판소리,0680,민속악,판소리,적벽가,80,12/4,G / Em,사색적인(3) | 엄숙한(2) | 우울감 있는(2) | 차분한(2) | 침울한(2) | 표현적인(2),106.875,7,"['가야금', '거문고', '대금', '소리북', '아쟁', '피리', '해금']","['가야금', '거문고', '대금', '소리북', '아쟁', '피리', '해금']",True,data/extracted/train/source/0680_민속악_판소리/0680_민속악_판소리_master.wav,48000,2,5130000,106.875,PCM_24,train
0681_민속악_판소리,0681,민속악,판소리,적벽가,200,10/8,G / Em,다이내믹한(2) | 리듬감 있는(3) | 명랑한(2) | 생기 있는(2) | 에너지 넘치는(2) | 해학적인(2),95.85,7,"['가야금', '거문고', '대금', '소리북', '아쟁', '피리', '해금']","['가야금', '거문고', '대금', '소리북', '아쟁', '피리', '해금']",True,data/extracted/train/source/0681_민속악_판소리/0681_민속악_판소리_master.wav,48000,2,4600800,95.85,PCM_24,train
0682_민속악_판소리,0682,민속악,판소리,적벽가,120,18/8,G / Em,비통한(2) | 사색적인(2) | 슬픈(2) | 엄숙한(2) | 우울감 있는(3) | 차분한(3) | 침울한(2),248.75,7,"['가야금', '거문고', '대금', '소리북', '아쟁', '피리', '해금']","['가야금', '거문고', '대금', '소리북', '아쟁', '피리', '해금']",True,data/extracted/train/source/0682_민속악_판소리/0682_민속악_판소리_master.wav,48000,2,11940000,248.75,PCM_24,train
0683_민속악_판소리,0683,민속악,판소리,적벽가,100,12/4,G / Em,다이내믹한(2) | 사색적인(2) | 서사적인(2) | 슬픈(2) | 우울감 있는(2) | 차분한(3),364.2,7,"['가야금', '거문고', '대금', '소리북', '아쟁', '피리', '해금']","['가야금', '거문고', '대금', '소리북', '아쟁', '피리', '해금']",True,data/extracted/train/source/0683_민속악_판소리/0683_민속악_판소리_master.wav,48000,2,17481600,364.2,PCM_24,train
0684_민속악_판소리,0684,민속악,판소리,적벽가,260,12/8,G / Em,경쾌한(2) | 다이내믹한(2) | 리듬감 있는(2) | 생기 있는(3) | 신나는(2) | 활기찬(2),128.192,7,"['가야금', '거문고', '대금', '소리북', '아쟁', '피리', '해금']","['가야금', '거문고', '대금', '소리북', '아쟁', '피리', '해금']",True,data/extracted/train/source/0684_민속악_판소리/0684_민속악_판소리_master.wav,48000,2,6153231,128.192,PCM_24,train
0685_민속악_판소리,0685,민속악,판소리,적벽가,80,12/4,G / Em,서사적인(2) | 우울감 있는(2) | 조화로운(2) | 진지한(2) | 차분한(2),106.688,7,"['가야금', '거문고', '대금', '소리북', '아쟁', '피리', '해금']","['가야금', '거문고', '대금', '소리북', '아쟁', '피리', '해금']",True,data/extracted/train/source/0685_민속악_판소리/0685_민속악_판소리_master.wav,48000,2,5121000,106.688,PCM_24,train
0686_민속악_판소리,0686,민속악,판소리,적벽가,120,18/8,G / Em,명상적인(2) | 사색적인(2) | 어두운(2) | 절제된(2) | 차분한(2) | 표현적인(3),141.0,7,"['가야금', '거문고', '대금', '소리북', '아쟁', '피리', '해금']","['가야금', '거문고', '대금', '소리북', '아쟁', '피리', '해금']",True,data/extracted/train/source/0686_민속악_판소리/0686_민속악_판소리_master.wav,48000,2,6768000,141.0,PCM_24,train
0688_민속악_판소리,0688,민속악,판소리,적벽가,140,18/8,G / Em,다이내믹한(2) | 슬픈(2) | 시적인(2) | 절제된(2) | 진지한(2) | 차분한(2),182.357,7,"['가야금', '거문고', '대금', '소리북', '아쟁', '피리', '해금']","['가야금', '거문고', '대금', '소리북', '아쟁', '피리', '해금']",True,data/extracted/train/source/0688_민속악_판소리/0688_민속악_판소리_master.wav,48000,2,8753143,182.357,PCM_24,train
0689_민속악_판소리,0689,민속악,판소리,적벽가,110,12/4,G / Em,에너지 넘치는(2) | 우울감 있는(2) | 절제된(2) | 조화로운(2) | 평온한(2) | 표현적인(2) | 향토적인(2) | 활달한(2),169.773,7,"['가야금', '거문고', '대금', '소리북', '아쟁', '피리', '해금']","['가야금', '거문고', '대금', '소리북', '아쟁', '피리', '해금']",True,data/extracted/train/source/0689_민속악_판소리/0689_민속악_판소리_master.wav,48000,2,8149091,169.773,PCM_24,train
0690_민속악_판소리,0690,민속악,판소리,적벽가,100,12/4,G / Em,우울감 있는(2) | 우울한(3) | 의례적인(2) | 절제된(2) | 침울한(2),172.2,7,"['가야금', '거문고', '대금', '소리북', '아쟁', '피리', '해금']","['가야금', '거문고', '대금', '소리북', '아쟁', '피리', '해금']",True,data/extracted/train/source/0690_민속악_판소리/0690_민속악_판소리_master.wav,48000,2,8265600,172.2,PCM_24,train
0691_민속악_판소리,0691,민속악,판소리,적벽가,140,18/8,G / Em,서사적인(2) | 슬픈(2) | 우울감 있는(2) | 절제된(2) | 진지한(2),213.214,7,"['가야금', '거문고', '대금', '소리북', '아쟁', '피리', '해금']","['가야금', '거문고', '대금', '소리북', '아쟁', '피리', '해금']",True,data/extracted/train/source/0691_민속악_판소리/0691_민속악_판소리_master.wav,48000,2,10234286,213.214,PCM_24,train
0692_민속악_판소리,0692,민속악,판소리,적벽가,100,12/4,G / Em,서사적인(2) | 슬픈(2) | 우울감 있는(2) | 우울한(2) | 진지한(2),172.2,7,"['가야금', '거문고', '대금', '소리북', '아쟁', '피리', '해금']","['가야금', '거문고', '대금', '소리북', '아쟁', '피리', '해금']",True,data/extracted/train/source/0692_민속악_판소리/0692_민속악_판소리_master.wav,48000,2,8265600,172.2,PCM_24,train
0694_민속악_판소리,0694,민속악,판소리,적벽가,100,12/4,G / Em,서사적인(2) | 우울감 있는(2) | 조화로운(2) | 진지한(2) | 표현적인(2),349.2,7,"['가야금', '거문고', '대금', '소리북', '아쟁', '피리', '해금']","['가야금', '거문고', '대금', '소리북', '아쟁', '피리', '해금']",True,data/extracted/train/source/0694_민속악_판소리/0694_민속악_판소리_master.wav,48000,2,16761600,349.2,PCM_24,train
0695_민속악_판소리,0695,민속악,판소리,적벽가,140,18/8,G / Em,사색적인(2) | 슬픈(2) | 진지한(3) | 차분한(2) | 침울한(2) | 표현적인(2),120.643,7,"['가야금', '거문고', '대금', '소리북', '아쟁', '피리', '해금']","['가야금', '거문고', '대금', '소리북', '아쟁', '피리', '해금']",True,data/extracted/train/source/0695_민속악_판소리/0695_민속악_판소리_master.wav,48000,2,5790857,120.643,PCM_24,train
0696_민속악_판소리,0696,민속악,판소리,적벽가,100,12/4,G / Em,강한(2) | 다이내믹한(3) | 표현적인(3),363.6,7,"['가야금', '거문고', '대금', '소리북', '아쟁', '피리', '해금']","['가야금', '거문고', '대금', '소리북', '아쟁', '피리', '해금']",True,data/extracted/train/source/0696_민속악_판소리/0696_민속악_판소리_master.wav,48000,2,17452800,363.6,PCM_24,train
0697_민속악_판소리,0697,민속악,판소리,적벽가,100,12/4,G / Em,다이내믹한(2) | 리듬감 있는(2) | 우울감 있는(2),363.6,7,"['가야금', '거문고', '대금', '소리북', '아쟁', '피리', '해금']","['가야금', '거문고', '대금', '소리북', '아쟁', '피리', '해금']",True,data/extracted/val/source/0697_민속악_판소리/0697_민속악_판소리_master.wav,48000,2,17452800,363.6,PCM_24,train
0698_민속악_판소리,0698,민속악,판소리,적벽가,140,18/8,G / Em,단아한(2) | 슬픈(2) | 우울감 있는(2) | 진지한(2) | 차분한(2) | 향토적인(2),93.214,7,"['가야금', '거문고', '대금', '소리북', '아쟁', '피리', '해금']","['가야금', '거문고', '대금', '소리북', '아쟁', '피리', '해금']",True,data/extracted/train/source/0698_민속악_판소리/0698_민속악_판소리_master.wav,48000,2,4474286,93.214,PCM_24,test
0699_민속악_판소리,0699,민속악,판소리,적벽가,260,12/8,G / Em,다이내믹한(3) | 리듬감 있는(3) | 사색적인(2) | 신명난(2),152.885,7,"['가야금', '거문고', '대금', '소리북', '아쟁', '피리', '해금']","['가야금', '거문고', '대금', '소리북', '아쟁', '피리', '해금']",True,data/extracted/val/source/0699_민속악_판소리/0699_민속악_판소리_master.wav,48000,2,7338462,152.885,PCM_24,train
0700_민속악_판소리,0700,민속악,판소리,적벽가,100,12/4,G / Em,서사적인(2) | 슬픈(2) | 시적인(2) | 유려한(2) | 진지한(2) | 차분한(2),359.4,7,"['가야금', '거문고', '대금', '소리북', '아쟁', '피리', '해금']","['가야금', '거문고', '대금', '소리북', '아쟁', '피리', '해금']",True,data/extracted/val/source/0700_민속악_판소리/0700_민속악_판소리_master.wav,48000,2,17251200,359.4,PCM_24,train
0701_민속악_판소리,0701,민속악,판소리,적벽가,140,18/8,G / Em,다이내믹한(3) | 도취된(3) | 드라마틱한(2) | 서사적인(2) | 슬픈(2) | 우울감 있는(2) | 차분한(2) | 표현적인(2) | 향수 어린(2),274.929,7,"['가야금', '거문고', '대금', '소리북', '아쟁', '피리', '해금']","['가야금', '거문고', '대금', '소리북', '아쟁', '피리', '해금']",True,data/extracted/train/source/0701_민속악_판소리/0701_민속악_판소리_master.wav,48000,2,13196571,274.929,PCM_24,train
0702_민속악_판소리,0702,민속악,판소리,적벽가,110,12/4,G / Em,리듬감 있는(3) | 사색적인(2) | 슬픈(2),90.818,7,"['가야금', '거문고', '대금', '소리북', '아쟁', '피리', '해금']","['가야금', '거문고', '대금', '소리북', '아쟁', '피리', '해금']",True,data/extracted/val/source/0702_민속악_판소리/0702_민속악_판소리_master.wav,48000,2,4359273,90.818,PCM_24,train
0703_민속악_판소리,0703,민속악,판소리,적벽가,260,12/8,G / Em,강한(2) | 경쾌한(3) | 리듬감 있는(4) | 유쾌한(2) | 활기찬(2),115.962,7,"['가야금', '거문고', '대금', '소리북', '아쟁', '피리', '해금']","['가야금', '거문고', '대금', '소리북', '아쟁', '피리', '해금']",True,data/extracted/train/source/0703_민속악_판소리/0703_민속악_판소리_master.wav,48000,2,5566153,115.962,PCM_24,train
0704_민속악_판소리,0704,민속악,판소리,적벽가,260,12/8,G / Em,리듬감 있는(3) | 생기 있는(2) | 신나는(2) | 표현적인(2),333.0,7,"['가야금', '거문고', '대금', '소리북', '아쟁', '피리', '해금']","['가야금', '거문고', '대금', '소리북', '아쟁', '피리', '해금']",True,data/extracted/train/source/0704_민속악_판소리/0704_민속악_판소리_master.wav,48000,2,15984000,333.0,PCM_24,train
0705_민속악_판소리,0705,민속악,판소리,적벽가,220,10/8,G / Em,다이내믹한(4) | 리듬감 있는(3) | 신나는(2) | 에너지 넘치는(3),313.636,7,"['가야금', '거문고', '대금', '소리북', '아쟁', '피리', '해금']","['가야금', '거문고', '대금', '소리북', '아쟁', '피리', '해금']",True,data/extracted/val/source/0705_민속악_판소리/0705_민속악_판소리_master.wav,48000,2,15054546,313.636,PCM_24,train
0706_민속악_판소리,0706,민속악,판소리,적벽가,100,12/4,G / Em,사색적인(2) | 슬픈(2) | 쓸쓸한(2) | 우울한(2) | 진지한(2) | 차분한(3) | 향토적인(4),114.15,7,"['가야금', '거문고', '대금', '소리북', '아쟁', '피리', '해금']","['가야금', '거문고', '대금', '소리북', '아쟁', '피리', '해금']",True,data/extracted/train/source/0706_민속악_판소리/0706_민속악_판소리_master.wav,48000,2,5479200,114.15,PCM_24,train
0707_민속악_판소리,0707,민속악,판소리,적벽가,100,12/4,G / Em,강렬한(2) | 강한(2) | 긴장된(2) | 다이내믹한(2) | 비통한(2) | 서사적인(2) | 슬픈(3) | 표현적인(3) | 향토적인(2),99.45,7,"['가야금', '거문고', '대금', '소리북', '아쟁', '피리', '해금']","['가야금', '거문고', '대금', '소리북', '아쟁', '피리', '해금']",True,data/extracted/train/source/0707_민속악_판소리/0707_민속악_판소리_master.wav,48000,2,4773600,99.45,PCM_24,val
0708_민속악_판소리,0708,민속악,판소리,적벽가,140,18/8,G / Em,슬픈(2) | 우울한(4) | 진지한(3) | 침울한(2) | 향토적인(2),216.643,7,"['가야금', '거문고', '대금', '소리북', '아쟁', '피리', '해금']","['가야금', '거문고', '대금', '소리북', '아쟁', '피리', '해금']",True,data/extracted/train/source/0708_민속악_판소리/0708_민속악_판소리_master.wav,48000,2,10398857,216.643,PCM_24,val
0709_민속악_판소리,0709,민속악,판소리,적벽가,260,12/8,G / Em,경쾌한(2) | 리듬감 있는(4) | 명랑한(2) | 에너지 넘치는(3) | 우울감 있는(2) | 유쾌한(2),351.692,7,"['가야금', '거문고', '대금', '소리북', '아쟁', '피리', '해금']","['가야금', '거문고', '대금', '소리북', '아쟁', '피리', '해금']",True,data/extracted/train/source/0709_민속악_판소리/0709_민속악_판소리_master.wav,48000,2,16881231,351.692,PCM_24,train
0710_민속악_판소리,0710,민속악,판소리,적벽가,110,12/4,G / Em,강한(2) | 우울감 있는(3) | 표현적인(2) | 해학적인(2),92.182,7,"['가야금', '거문고', '대금', '소리북', '아쟁', '피리', '해금']","['가야금', '거문고', '대금', '소리북', '아쟁', '피리', '해금']",True,data/extracted/train/source/0710_민속악_판소리/0710_민속악_판소리_master.wav,48000,2,4424727,92.182,PCM_24,train
0711_민속악_판소리,0711,민속악,판소리,적벽가,110,12/4,G / Em,사색적인(2) | 슬픈(2) | 쓸쓸한(4) | 애절한(2) | 진지한(2) | 표현적인(3),105.409,7,"['가야금', '거문고', '대금', '소리북', '아쟁', '피리', '해금']","['가야금', '거문고', '대금', '소리북', '아쟁', '피리', '해금']",True,data/extracted/train/source/0711_민속악_판소리/0711_민속악_판소리_master.wav,48000,2,5059637,105.409,PCM_24,test
0712_민속악_판소리,0712,민속악,판소리,적벽가,110,12/4,G / Em,리듬감 있는(3) | 생기 있는(2) | 신나는(3) | 신명난(2) | 활기찬(2),324.0,7,"['가야금', '거문고', '대금', '소리북', '아쟁', '피리', '해금']","['가야금', '거문고', '대금', '소리북', '아쟁', '피리', '해금']",True,data/extracted/train/source/0712_민속악_판소리/0712_민속악_판소리_master.wav,48000,2,15552000,324.0,PCM_24,test
0713_민속악_민요,0713,민속악,민요,경기민요,120,12/8,Eb / Cm,경쾌한(2) | 따뜻한(3) | 리듬감 있는(2) | 생기 있는(3) | 신명난(2) | 즐거운(2),293.979,7,"['가야금', '거문고', '대금', '아쟁', '장구', '피리', '해금']","['가야금', '거문고', '대금', '아쟁', '장구', '피리', '해금']",False,data/extracted/train/source/0713_민속악_민요/0713_민속악_민요_master.wav,48000,2,14110976,293.979,PCM_24,test
0714_민속악_민요,0714,민속악,민요,경기민요,120,12/8,Eb / Cm,경쾌한(2) | 명랑한(3) | 부드러운(2) | 신명난(2) | 희망적인(3),324.0,7,"['가야금', '거문고', '대금', '아쟁', '장구', '피리', '해금']","['가야금', '거문고', '대금', '아쟁', '장구', '피리', '해금']",False,data/extracted/train/source/0714_민속악_민요/0714_민속악_민요_master.wav,48000,2,15552000,324.0,PCM_24,val
0716_민속악_민요,0716,민속악,민요,경기민요,120,12/8,Eb / Cm,경쾌한(2) | 따뜻한(2) | 리듬감 있는(3) | 즐거운(2) | 향토적인(2) | 희망적인(2),216.0,7,"['가야금', '거문고', '대금', '아쟁', '장구', '피리', '해금']","['가야금', '거문고', '대금', '아쟁', '장구', '피리', '해금']",False,data/extracted/train/source/0716_민속악_민요/0716_민속악_민요_master.wav,48000,2,10368000,216.0,PCM_24,train
0717_민속악_민요,0717,민속악,민요,경기민요,120,12/8,Eb / Cm,따뜻한(3) | 리듬감 있는(2) | 여유로운(3) | 편안한(2) | 행복한(2),291.625,7,"['가야금', '거문고', '대금', '아쟁', '장구', '피리', '해금']","['가야금', '거문고', '대금', '아쟁', '장구', '피리', '해금']",False,data/extracted/train/source/0717_민속악_민요/0717_민속악_민요_master.wav,48000,2,13998004,291.625,PCM_24,train
0718_민속악_민요,0718,민속악,민요,경기민요,120,12/8,Eb / Cm,도취된(2) | 신명난(2) | 여유로운(2),223.459,7,"['가야금', '거문고', '대금', '아쟁', '장구', '피리', '해금']","['가야금', '거문고', '대금', '아쟁', '장구', '피리', '해금']",False,data/extracted/train/source/0718_민속악_민요/0718_민속악_민요_master.wav,48000,2,10726047,223.459,PCM_24,train
0720_민속악_민요,0720,민속악,민요,경기민요,100,12/8,Eb / Cm,따뜻한(2) | 생기 있는(2) | 여유로운(2) | 조화로운(3) | 즐거운(2),352.8,7,"['가야금', '거문고', '대금', '아쟁', '장구', '피리', '해금']","['가야금', '거문고', '대금', '아쟁', '장구', '피리', '해금']",False,data/extracted/train/source/0720_민속악_민요/0720_민속악_민요_master.wav,48000,2,16934400,352.8,PCM_24,test
0721_민속악_민요,0721,민속악,민요,경기민요,100,12/8,Eb / Cm,따뜻한(2) | 시적인(2) | 축제적인(2) | 평화로운(2) | 행복한(3) | 활기찬(2) | 희망적인(2) | 희망찬(2),230.4,7,"['가야금', '거문고', '대금', '아쟁', '장구', '피리', '해금']","['가야금', '거문고', '대금', '아쟁', '장구', '피리', '해금']",False,data/extracted/train/source/0721_민속악_민요/0721_민속악_민요_master.wav,48000,2,11059200,230.4,PCM_24,val
0723_민속악_민요,0723,민속악,민요,경기민요,100,12/8,Eb / Cm,따뜻한(2) | 여유로운(3) | 평온한(2) | 평화로운(2) | 표현적인(2) | 향토적인(2) | 희망적인(2),259.04,7,"['가야금', '거문고', '대금', '아쟁', '장구', '피리', '해금']","['가야금', '거문고', '대금', '아쟁', '장구', '피리', '해금']",False,data/extracted/train/source/0723_민속악_민요/0723_민속악_민요_master.wav,48000,2,12433920,259.04,PCM_24,train
0724_민속악_민요,0724,민속악,민요,경기민요,100,12/8,Eb / Cm,여유로운(2) | 평온한(2),216.0,7,"['가야금', '거문고', '대금', '아쟁', '장구', '피리', '해금']","['가야금', '거문고', '대금', '아쟁', '장구', '피리', '해금']",False,data/extracted/train/source/0724_민속악_민요/0724_민속악_민요_master.wav,48000,2,10368000,216.0,PCM_24,train
0725_민속악_민요,0725,민속악,민요,경기민요,100,12/8,Eb / Cm,도취된(2) | 여유로운(2) | 우울감 있는(2) | 절제된(2) | 표현적인(3) | 품위 있는(2) | 향토적인(3),302.997,7,"['가야금', '거문고', '대금', '아쟁', '장구', '피리', '해금']","['가야금', '거문고', '대금', '아쟁', '장구', '피리', '해금']",False,data/extracted/train/source/0725_민속악_민요/0725_민속악_민요_master.wav,48000,2,14543872,302.997,PCM_24,train
0726_민속악_민요,0726,민속악,민요,경기민요,220,9/8,Eb / Cm,경쾌한(2) | 다정한(2) | 따뜻한(3) | 명랑한(2) | 생기 있는(2) | 평온한(2) | 향토적인(3),235.636,7,"['가야금', '거문고', '대금', '아쟁', '장구', '피리', '해금']","['가야금', '거문고', '대금', '아쟁', '장구', '피리', '해금']",False,data/extracted/train/source/0726_민속악_민요/0726_민속악_민요_master.wav,48000,2,11310545,235.636,PCM_24,train
0727_민속악_민요,0727,민속악,민요,경기민요,110,12/8,Eb / Cm,경쾌한(2) | 여유로운(2),248.727,7,"['가야금', '거문고', '대금', '아쟁', '장구', '피리', '해금']","['가야금', '거문고', '대금', '아쟁', '장구', '피리', '해금']",False,data/extracted/train/source/0727_민속악_민요/0727_민속악_민요_master.wav,48000,2,11938909,248.727,PCM_24,train
0728_민속악_민요,0728,민속악,민요,경기민요,220,12/8,Ab / Fm,다정한(2) | 리듬감 있는(3) | 명랑한(2) | 생기 있는(2) | 의례적인(2) | 향토적인(2) | 활기찬(2),307.636,7,"['가야금', '거문고', '대금', '아쟁', '장구', '피리', '해금']","['가야금', '거문고', '대금', '아쟁', '장구', '피리', '해금']",False,data/extracted/train/source/0728_민속악_민요/0728_민속악_민요_master.wav,48000,2,14766545,307.636,PCM_24,train
0729_민속악_민요,0729,민속악,민요,경기민요,220,12/8,Eb / Cm,다정한(2) | 따뜻한(2) | 절제된(2) | 조화로운(2) | 차분한(2),301.091,7,"['가야금', '거문고', '대금', '아쟁', '장구', '피리', '해금']","['가야금', '거문고', '대금', '아쟁', '장구', '피리', '해금']",False,data/extracted/train/source/0729_민속악_민요/0729_민속악_민요_master.wav,48000,2,14452363,301.091,PCM_24,train
0730_민속악_민요,0730,민속악,민요,경기민요,220,12/8,Eb / Cm,따뜻한(2) | 조화로운(2) | 평온한(2) | 평화로운(2) | 향토적인(2) | 희망적인(2),276.922,7,"['가야금', '거문고', '대금', '아쟁', '장구', '피리', '해금']","['가야금', '거문고', '대금', '아쟁', '장구', '피리', '해금']",False,data/extracted/train/source/0730_민속악_민요/0730_민속악_민요_master.wav,48000,2,13292265,276.922,PCM_24,train
0731_민속악_민요,0731,민속악,민요,경기민요,220,12/8,Eb / Cm,따뜻한(2) | 명랑한(3) | 생기 있는(2) | 신명난(2) | 즐거운(2) | 편안한(2),206.182,7,"['가야금', '거문고', '대금', '아쟁', '장구', '피리', '해금']","['가야금', '거문고', '대금', '아쟁', '장구', '피리', '해금']",False,data/extracted/train/source/0731_민속악_민요/0731_민속악_민요_master.wav,48000,2,9896727,206.182,PCM_24,train
0732_민속악_민요,0732,민속악,민요,경기민요,200,12/8,Ab / Fm,애절한(2) | 우울감 있는(4) | 향토적인(2),183.6,7,"['가야금', '거문고', '대금', '아쟁', '장구', '피리', '해금']","['가야금', '거문고', '대금', '아쟁', '장구', '피리', '해금']",False,data/extracted/train/source/0732_민속악_민요/0732_민속악_민요_master.wav,48000,2,8812800,183.6,PCM_24,train
0733_민속악_민요,0733,민속악,민요,경기민요,200,12/8,Eb / Cm,따뜻한(2) | 사색적인(2) | 신명난(2) | 여유로운(2) | 유려한(2) | 의례적인(2) | 조화로운(2) | 품위 있는(2),230.4,7,"['가야금', '거문고', '대금', '아쟁', '장구', '피리', '해금']","['가야금', '거문고', '대금', '아쟁', '장구', '피리', '해금']",False,data/extracted/train/source/0733_민속악_민요/0733_민속악_민요_master.wav,48000,2,11059200,230.4,PCM_24,train
0735_민속악_민요,0735,민속악,민요,경기민요,200,12/8,Eb / Cm,따뜻한(2) | 여유로운(2) | 진지한(2) | 편안한(2) | 향토적인(2),216.0,7,"['가야금', '거문고', '대금', '아쟁', '장구', '피리', '해금']","['가야금', '거문고', '대금', '아쟁', '장구', '피리', '해금']",False,data/extracted/train/source/0735_민속악_민요/0735_민속악_민요_master.wav,48000,2,10368000,216.0,PCM_24,train
0736_민속악_민요,0736,민속악,민요,경기민요,160,9/8,Eb / Cm,시적인(2) | 쓸쓸한(2),228.512,7,"['가야금', '거문고', '대금', '아쟁', '장구', '피리', '해금']","['가야금', '거문고', '대금', '아쟁', '장구', '피리', '해금']",False,data/extracted/val/source/0736_민속악_민요/0736_민속악_민요_master.wav,48000,2,10968576,228.512,PCM_24,test
0737_민속악_민요,0737,민속악,민요,경기민요,200,9/8,Eb / Cm,여유로운(2) | 유려한(3) | 차분한(2) | 편안한(3) | 평화로운(3) | 품위 있는(2) | 희망적인(2),213.3,7,"['가야금', '거문고', '대금', '아쟁', '장구', '피리', '해금']","['가야금', '거문고', '대금', '아쟁', '장구', '피리', '해금']",False,data/extracted/val/source/0737_민속악_민요/0737_민속악_민요_master.wav,48000,2,10238400,213.3,PCM_24,train
0738_민속악_민요,0738,민속악,민요,경기민요,200,9/8,Eb / Cm,따뜻한(3) | 여유로운(2) | 유려한(2) | 조화로운(2) | 편안한(2) | 평온한(3) | 향토적인(2),302.4,7,"['가야금', '거문고', '대금', '아쟁', '장구', '피리', '해금']","['가야금', '거문고', '대금', '아쟁', '장구', '피리', '해금']",False,data/extracted/train/source/0738_민속악_민요/0738_민속악_민요_master.wav,48000,2,14515200,302.4,PCM_24,train
0739_민속악_민요,0739,민속악,민요,경기민요,200,9/8,Eb / Cm,경쾌한(2) | 마음을 울리는(2) | 생기 있는(2) | 유려한(3) | 활기찬(2) | 희망적인(2),216.0,7,"['가야금', '거문고', '대금', '아쟁', '장구', '피리', '해금']","['가야금', '거문고', '대금', '아쟁', '장구', '피리', '해금']",False,data/extracted/val/source/0739_민속악_민요/0739_민속악_민요_master.wav,48000,2,10368000,216.0,PCM_24,val
0740_민속악_민요,0740,민속악,민요,경기민요,200,9/8,Eb / Cm,감상적인(2) | 따뜻한(3) | 즐거운(2) | 희망적인(2),221.4,7,"['가야금', '거문고', '대금', '아쟁', '장구', '피리', '해금']","['가야금', '거문고', '대금', '아쟁', '장구', '피리', '해금']",False,data/extracted/val/source/0740_민속악_민요/0740_민속악_민요_master.wav,48000,2,10627200,221.4,PCM_24,train
0741_민속악_민요,0741,민속악,민요,경기민요,200,12/4,Eb / Cm,따뜻한(3) | 마음을 울리는(3) | 조화로운(2) | 희망적인(2),302.1,7,"['가야금', '거문고', '대금', '아쟁', '장구', '피리', '해금']","['가야금', '거문고', '대금', '아쟁', '장구', '피리', '해금']",False,data/extracted/train/source/0741_민속악_민요/0741_민속악_민요_master.wav,48000,2,14500800,302.1,PCM_24,train
0742_민속악_민요,0742,민속악,민요,서도민요,80,12/4,Eb / Cm,경쾌한(2) | 리듬감 있는(2) | 진심 어린(2) | 희망적인(2),251.625,7,"['가야금', '거문고', '대금', '아쟁', '장구', '피리', '해금']","['가야금', '거문고', '대금', '아쟁', '장구', '피리', '해금']",False,data/extracted/train/source/0742_민속악_민요/0742_민속악_민요_master.wav,48000,2,12078000,251.625,PCM_24,train
0743_민속악_민요,0743,민속악,민요,서도민요,80,12/4,Ab / Fm,기품 있는(2) | 우울감 있는(2) | 진심 어린(2) | 차분한(2),252.182,7,"['가야금', '거문고', '대금', '아쟁', '장구', '피리', '해금']","['가야금', '거문고', '대금', '아쟁', '장구', '피리', '해금']",False,data/extracted/train/source/0743_민속악_민요/0743_민속악_민요_master.wav,48000,2,12104720,252.182,PCM_24,train
0744_민속악_민요,0744,민속악,민요,경기민요,70,12/4,Ab / Fm,도취된(2) | 우울감 있는(2) | 진지한(3) | 향토적인(2),246.857,7,"['가야금', '거문고', '대금', '아쟁', '장구', '피리', '해금']","['가야금', '거문고', '대금', '아쟁', '장구', '피리', '해금']",False,data/extracted/train/source/0744_민속악_민요/0744_민속악_민요_master.wav,48000,2,11849143,246.857,PCM_24,test
0745_민속악_민요,0745,민속악,민요,경기민요,70,12/4,Eb / Cm,따뜻한(2) | 여유로운(2) | 잔잔한(2) | 절제된(2) | 평온한(2) | 품위 있는(2) | 향토적인(2),246.857,7,"['가야금', '거문고', '대금', '아쟁', '장구', '피리', '해금']","['가야금', '거문고', '대금', '아쟁', '장구', '피리', '해금']",False,data/extracted/train/source/0745_민속악_민요/0745_민속악_민요_master.wav,48000,2,11849143,246.857,PCM_24,val
0746_민속악_민요,0746,민속악,민요,경기민요,70,12/4,Eb / Cm,마음을 울리는(3) | 여유로운(2) | 차분한(2) | 품위 있는(2),205.714,7,"['가야금', '거문고', '대금', '아쟁', '장구', '피리', '해금']","['가야금', '거문고', '대금', '아쟁', '장구', '피리', '해금']",False,data/extracted/train/source/0746_민속악_민요/0746_민속악_민요_master.wav,48000,2,9874286,205.714,PCM_24,train
0747_민속악_민요,0747,민속악,민요,강원도민요,210,12/8,Ab / Fm,강한(2) | 비통한(3) | 슬픈(2) | 애절한(2) | 열정적인(3) | 우울감 있는(2) | 우울한(2) | 표현적인(2),205.714,7,"['가야금', '거문고', '대금', '아쟁', '장구', '피리', '해금']","['가야금', '거문고', '대금', '아쟁', '장구', '피리', '해금']",False,data/extracted/val/source/0747_민속악_민요/0747_민속악_민요_master.wav,48000,2,9874286,205.714,PCM_24,train
0749_민속악_민요,0749,민속악,민요,경기민요,100,12/8,Db / Bbm,기품 있는(2) | 유려한(3) | 절제된(2),288.0,7,"['가야금', '거문고', '대금', '아쟁', '장구', '피리', '해금']","['가야금', '거문고', '대금', '아쟁', '장구', '피리', '해금']",False,data/extracted/train/source/0749_민속악_민요/0749_민속악_민요_master.wav,48000,2,13824000,288.0,PCM_24,train
0750_민속악_민요,0750,민속악,민요,경기민요,100,12/8,Eb / Cm,따뜻한(2) | 유려한(2) | 조화로운(3) | 향토적인(2) | 희망찬(2),302.4,7,"['가야금', '거문고', '대금', '아쟁', '장구', '피리', '해금']","['가야금', '거문고', '대금', '아쟁', '장구', '피리', '해금']",False,data/extracted/train/source/0750_민속악_민요/0750_민속악_민요_master.wav,48000,2,14515200,302.4,PCM_24,train
0751_민속악_민요,0751,민속악,민요,경기민요,70,3/4,Eb / Cm,우울감 있는(3) | 의례적인(2),205.286,7,"['가야금', '거문고', '대금', '아쟁', '장구', '피리', '해금']","['가야금', '거문고', '대금', '아쟁', '장구', '피리', '해금']",False,data/extracted/train/source/0751_민속악_민요/0751_민속악_민요_master.wav,48000,2,9853715,205.286,PCM_24,train
0752_민속악_민요,0752,민속악,민요,강원도민요,200,10/8,Ab / Fm,경쾌한(4) | 리듬감 있는(4) | 명랑한(2) | 시적인(2) | 에너지 넘치는(2) | 해학적인(2) | 향토적인(2) | 활기찬(2) | 활달한(2),180.0,7,"['가야금', '거문고', '대금', '아쟁', '장구', '피리', '해금']","['가야금', '거문고', '대금', '아쟁', '장구', '피리', '해금']",False,data/extracted/train/source/0752_민속악_민요/0752_민속악_민요_master.wav,48000,2,8640000,180.0,PCM_24,train
0753_민속악_민요,0753,민속악,민요,강원도민요,60,3/4,Ab / Fm,비통한(3) | 엄숙한(2) | 여유로운(2) | 우울감 있는(2) | 우울한(3) | 표현적인(2),336.0,7,"['가야금', '거문고', '대금', '아쟁', '장구', '피리', '해금']","['가야금', '거문고', '대금', '아쟁', '장구', '피리', '해금']",False,data/extracted/train/source/0753_민속악_민요/0753_민속악_민요_master.wav,48000,2,16128000,336.0,PCM_24,train
0754_민속악_민요,0754,민속악,민요,서도민요,160,12/8,Gb / Ebm,쓸쓸한(2) | 우울감 있는(2) | 잔잔한(2) | 진지한(3) | 차분한(2) | 품위 있는(2),252.0,7,"['가야금', '거문고', '대금', '아쟁', '장구', '피리', '해금']","['가야금', '거문고', '대금', '아쟁', '장구', '피리', '해금']",False,data/extracted/train/source/0754_민속악_민요/0754_민속악_민요_master.wav,48000,2,12096000,252.0,PCM_24,train
0756_민속악_민요,0756,민속악,민요,서도민요,120,12/8,Eb / Cm,여유로운(2) | 유려한(2) | 잔잔한(2) | 진지한(2) | 평온한(2) | 평화로운(2) | 향토적인(2) | 희망적인(2),252.0,7,"['가야금', '거문고', '대금', '아쟁', '장구', '피리', '해금']","['가야금', '거문고', '대금', '아쟁', '장구', '피리', '해금']",False,data/extracted/train/source/0756_민속악_민요/0756_민속악_민요_master.wav,48000,2,12096000,252.0,PCM_24,train
0757_민속악_민요,0757,민속악,민요,강원도민요,120,12/8,Eb / Cm,리듬감 있는(2) | 생기 있는(3) | 신명난(2) | 여유로운(2) | 즐거운(2) | 축제적인(2) | 희망적인(2),240.0,7,"['가야금', '거문고', '대금', '아쟁', '장구', '피리', '해금']","['가야금', '거문고', '대금', '아쟁', '장구', '피리', '해금']",False,data/extracted/train/source/0757_민속악_민요/0757_민속악_민요_master.wav,48000,2,11520000,240.0,PCM_24,train
0758_민속악_민요,0758,민속악,민요,서도민요,120,12/8,Ab / Fm,경쾌한(2) | 따뜻한(2) | 리듬감 있는(2) | 신명난(2) | 에너지 넘치는(2) | 여유로운(2) | 표현적인(2) | 활기찬(3),234.0,7,"['가야금', '거문고', '대금', '아쟁', '장구', '피리', '해금']","['가야금', '거문고', '대금', '아쟁', '장구', '피리', '해금']",False,data/extracted/train/source/0758_민속악_민요/0758_민속악_민요_master.wav,48000,2,11232000,234.0,PCM_24,test
0761_민속악_민요,0761,민속악,민요,서도민요,120,12/8,Ab / Fm,다이내믹한(2) | 우울감 있는(2) | 즐거운(2),240.0,7,"['가야금', '거문고', '대금', '아쟁', '장구', '피리', '해금']","['가야금', '거문고', '대금', '아쟁', '장구', '피리', '해금']",False,data/extracted/train/source/0761_민속악_민요/0761_민속악_민요_master.wav,48000,2,11520000,240.0,PCM_24,train
0762_민속악_민요,0762,민속악,민요,서도민요,120,12/8,Gb / Ebm,긴장된(2) | 다이내믹한(2) | 쓸쓸한(2) | 에너지 넘치는(2) | 조화로운(2) | 표현적인(2),270.0,7,"['가야금', '거문고', '대금', '아쟁', '장구', '피리', '해금']","['가야금', '거문고', '대금', '아쟁', '장구', '피리', '해금']",False,data/extracted/train/source/0762_민속악_민요/0762_민속악_민요_master.wav,48000,2,12960000,270.0,PCM_24,train
0763_민속악_민요,0763,민속악,민요,서도민요,100,12/8,Ab / Fm,쓸쓸한(2) | 여유로운(2) | 유려한(2) | 절제된(2) | 차분한(2) | 품위 있는(2) | 향토적인(2),201.6,7,"['가야금', '거문고', '대금', '아쟁', '장구', '피리', '해금']","['가야금', '거문고', '대금', '아쟁', '장구', '피리', '해금']",False,data/extracted/val/source/0763_민속악_민요/0763_민속악_민요_master.wav,48000,2,9676800,201.6,PCM_24,train
0764_민속악_민요,0764,민속악,민요,서도민요,100,12/8,Ab / Fm,리듬감 있는(2) | 여유로운(2) | 차분한(2) | 편안한(3),201.6,7,"['가야금', '거문고', '대금', '아쟁', '장구', '피리', '해금']","['가야금', '거문고', '대금', '아쟁', '장구', '피리', '해금']",False,data/extracted/train/source/0764_민속악_민요/0764_민속악_민요_master.wav,48000,2,9676800,201.6,PCM_24,train
0765_민속악_민요,0765,민속악,민요,서도민요,100,12/8,Gb / Ebm,도취된(3) | 마음을 울리는(2) | 쓸쓸한(2) | 우아한(2) | 표현적인(3),201.6,7,"['가야금', '거문고', '대금', '아쟁', '장구', '피리', '해금']","['가야금', '거문고', '대금', '아쟁', '장구', '피리', '해금']",False,data/extracted/val/source/0765_민속악_민요/0765_민속악_민요_master.wav,48000,2,9676800,201.6,PCM_24,train
0766_민속악_민요,0766,민속악,민요,서도민요,100,12/8,Ab / Fm,감상적인(3) | 잔잔한(2) | 조화로운(2) | 진지한(2) | 차분한(2) | 평온한(2) | 평화로운(2),175.872,7,"['가야금', '거문고', '대금', '아쟁', '장구', '피리', '해금']","['가야금', '거문고', '대금', '아쟁', '장구', '피리', '해금']",False,data/extracted/train/source/0766_민속악_민요/0766_민속악_민요_master.wav,48000,2,8441856,175.872,PCM_24,train
0767_민속악_민요,0767,민속악,민요,서도민요,100,12/8,Ab / Fm,유려한(3) | 조화로운(2) | 표현적인(2),230.4,7,"['가야금', '거문고', '대금', '아쟁', '장구', '피리', '해금']","['가야금', '거문고', '대금', '아쟁', '장구', '피리', '해금']",False,data/extracted/train/source/0767_민속악_민요/0767_민속악_민요_master.wav,48000,2,11059200,230.4,PCM_24,train
0768_민속악_민요,0768,민속악,민요,서도민요,100,12/8,Eb / Cm,따뜻한(2) | 시적인(3) | 잔잔한(2) | 향토적인(2) | 희망적인(2),259.2,7,"['가야금', '거문고', '대금', '아쟁', '장구', '피리', '해금']","['가야금', '거문고', '대금', '아쟁', '장구', '피리', '해금']",False,data/extracted/train/source/0768_민속악_민요/0768_민속악_민요_master.wav,48000,2,12441600,259.2,PCM_24,train
0769_민속악_민요,0769,민속악,민요,서도민요,100,12/8,Ab / Fm,표현적인(3) | 해학적인(2) | 향토적인(3),230.4,7,"['가야금', '거문고', '대금', '아쟁', '장구', '피리', '해금']","['가야금', '거문고', '대금', '아쟁', '장구', '피리', '해금']",False,data/extracted/val/source/0769_민속악_민요/0769_민속악_민요_master.wav,48000,2,11059200,230.4,PCM_24,train
0770_민속악_민요,0770,민속악,민요,서도민요,160,9/8,Gb / Ebm,여유로운(3) | 절제된(3) | 품위 있는(2) | 향토적인(2),189.0,7,"['가야금', '거문고', '대금', '아쟁', '장구', '피리', '해금']","['가야금', '거문고', '대금', '아쟁', '장구', '피리', '해금']",False,data/extracted/train/source/0770_민속악_민요/0770_민속악_민요_master.wav,48000,2,9072000,189.0,PCM_24,train
0771_민속악_민요,0771,민속악,민요,서도민요,160,9/8,Eb / Cm,강한(2) | 관능적인(2) | 다이내믹한(2) | 진지한(2) | 표현적인(2) | 향토적인(3),216.0,7,"['가야금', '거문고', '대금', '아쟁', '장구', '피리', '해금']","['가야금', '거문고', '대금', '아쟁', '장구', '피리', '해금']",False,data/extracted/train/source/0771_민속악_민요/0771_민속악_민요_master.wav,48000,2,10368000,216.0,PCM_24,train
0772_민속악_민요,0772,민속악,민요,서도민요,160,9/8,Ab / Fm,그리운(2) | 기품 있는(2) | 단아한(2) | 비통한(2) | 아정한(2) | 유려한(2) | 향수 어린(2) | 향토적인(2),270.0,7,"['가야금', '거문고', '대금', '아쟁', '장구', '피리', '해금']","['가야금', '거문고', '대금', '아쟁', '장구', '피리', '해금']",False,data/extracted/train/source/0772_민속악_민요/0772_민속악_민요_master.wav,48000,2,12960000,270.0,PCM_24,train
0773_민속악_민요,0773,민속악,민요,서도민요,160,9/8,Ab / Fm,여유로운(2) | 우울감 있는(2) | 잔잔한(2) | 차분한(2) | 표현적인(2) | 향수 어린(2),216.0,7,"['가야금', '거문고', '대금', '아쟁', '장구', '피리', '해금']","['가야금', '거문고', '대금', '아쟁', '장구', '피리', '해금']",False,data/extracted/train/source/0773_민속악_민요/0773_민속악_민요_master.wav,48000,2,10368000,216.0,PCM_24,train
0774_민속악_민요,0774,민속악,민요,서도민요,160,9/8,Ab / Fm,단아한(2) | 우울감 있는(2) | 유려한(2) | 절제된(3) | 차분한(2) | 평온한(2),175.5,7,"['가야금', '거문고', '대금', '아쟁', '장구', '피리', '해금']","['가야금', '거문고', '대금', '아쟁', '장구', '피리', '해금']",False,data/extracted/val/source/0774_민속악_민요/0774_민속악_민요_master.wav,48000,2,8424000,175.5,PCM_24,train
0775_민속악_민요,0775,민속악,민요,서도민요,220,12/8,Eb / Cm,경쾌한(2) | 리듬감 있는(2) | 생기 있는(2) | 신명난(2) | 유쾌한(2),196.364,7,"['가야금', '거문고', '대금', '아쟁', '장구', '피리', '해금']","['가야금', '거문고', '대금', '아쟁', '장구', '피리', '해금']",False,data/extracted/train/source/0775_민속악_민요/0775_민속악_민요_master.wav,48000,2,9425455,196.364,PCM_24,train
0776_민속악_민요,0776,민속악,민요,서도민요,100,12/8,Eb / Cm,다정한(2) | 따뜻한(4) | 마음을 울리는(2) | 여유로운(2) | 편안한(3) | 평화로운(4) | 희망적인(2),172.8,7,"['가야금', '거문고', '대금', '아쟁', '장구', '피리', '해금']","['가야금', '거문고', '대금', '아쟁', '장구', '피리', '해금']",False,data/extracted/train/source/0776_민속악_민요/0776_민속악_민요_master.wav,48000,2,8294400,172.8,PCM_24,train
0777_민속악_민요,0777,민속악,민요,서도민요,100,12/8,Eb / Cm,따뜻한(2) | 편안한(3) | 평화로운(4) | 희망적인(2),172.8,7,"['가야금', '거문고', '대금', '아쟁', '장구', '피리', '해금']","['가야금', '거문고', '대금', '아쟁', '장구', '피리', '해금']",False,data/extracted/train/source/0777_민속악_민요/0777_민속악_민요_master.wav,48000,2,8294400,172.8,PCM_24,train
0779_민속악_민요,0779,민속악,민요,서도민요,200,12/8,Eb / Cm,리듬감 있는(2) | 유려한(2) | 조화로운(2) | 편안한(2),228.6,7,"['가야금', '거문고', '대금', '아쟁', '장구', '피리', '해금']","['가야금', '거문고', '대금', '아쟁', '장구', '피리', '해금']",False,data/extracted/train/source/0779_민속악_민요/0779_민속악_민요_master.wav,48000,2,10972800,228.6,PCM_24,val
0780_민속악_민요,0780,민속악,민요,서도민요,80,12/8,Eb / Cm,감상적인(2) | 경쾌한(2) | 따뜻한(3) | 명랑한(2) | 평화로운(2) | 향토적인(2),252.0,7,"['가야금', '거문고', '대금', '아쟁', '장구', '피리', '해금']","['가야금', '거문고', '대금', '아쟁', '장구', '피리', '해금']",False,data/extracted/train/source/0780_민속악_민요/0780_민속악_민요_master.wav,48000,2,12096000,252.0,PCM_24,train
0781_민속악_민요,0781,민속악,민요,경상도민요,220,12/8,Eb / Cm,경쾌한(3) | 귀여운(2) | 따뜻한(2) | 리듬감 있는(2) | 생기 있는(2) | 여유로운(2) | 즐거운(2) | 행복한(2),196.364,7,"['가야금', '거문고', '대금', '아쟁', '장구', '피리', '해금']","['가야금', '거문고', '대금', '아쟁', '장구', '피리', '해금']",False,data/extracted/train/source/0781_민속악_민요/0781_민속악_민요_master.wav,48000,2,9425455,196.364,PCM_24,val
0783_민속악_민요,0783,민속악,민요,경상도민요,70,12/4,Eb / Cm,그리운(2) | 우울감 있는(2) | 우울한(2) | 진지한(3) | 침울한(2),246.857,7,"['가야금', '거문고', '대금', '아쟁', '장구', '피리', '해금']","['가야금', '거문고', '대금', '아쟁', '장구', '피리', '해금']",False,data/extracted/train/source/0783_민속악_민요/0783_민속악_민요_master.wav,48000,2,11849143,246.857,PCM_24,train
0784_민속악_민요,0784,민속악,민요,남도민요,100,12/8,Ab / Fm,도취된(2) | 우울감 있는(2) | 잔잔한(2) | 차분한(2),171.0,7,"['가야금', '거문고', '대금', '아쟁', '장구', '피리', '해금']","['가야금', '거문고', '대금', '아쟁', '장구', '피리', '해금']",False,data/extracted/train/source/0784_민속악_민요/0784_민속악_민요_master.wav,48000,2,8208000,171.0,PCM_24,train
0785_민속악_민요,0785,민속악,민요,남도민요,200,12/8,Eb / Cm,경쾌한(4) | 리듬감 있는(3) | 신나는(2) | 에너지 넘치는(2) | 유쾌한(2) | 즐거운(2),172.8,7,"['가야금', '거문고', '대금', '아쟁', '장구', '피리', '해금']","['가야금', '거문고', '대금', '아쟁', '장구', '피리', '해금']",False,data/extracted/train/source/0785_민속악_민요/0785_민속악_민요_master.wav,48000,2,8294400,172.8,PCM_24,test
0786_민속악_민요,0786,민속악,민요,남도민요,140,12/8,E / Dbm,리듬감 있는(2) | 애절한(2) | 진지한(2) | 표현적인(2),298.286,7,"['가야금', '거문고', '대금', '아쟁', '장구', '피리', '해금']","['가야금', '거문고', '대금', '아쟁', '장구', '피리', '해금']",False,data/extracted/train/source/0786_민속악_민요/0786_민속악_민요_master.wav,48000,2,14317714,298.286,PCM_24,test
0787_민속악_민요,0787,민속악,민요,남도민요,180,9/8,E / Dbm,쓸쓸한(2) | 애절한(2) | 우울감 있는(3) | 절제된(2) | 표현적인(3) | 향토적인(2),216.0,7,"['가야금', '거문고', '대금', '아쟁', '장구', '피리', '해금']","['가야금', '거문고', '대금', '아쟁', '장구', '피리', '해금']",False,data/extracted/val/source/0787_민속악_민요/0787_민속악_민요_master.wav,48000,2,10368000,216.0,PCM_24,train
0788_민속악_민요,0788,민속악,민요,남도민요,60,12/4,E / Dbm,도취된(3) | 비통한(2) | 슬픈(2) | 쓸쓸한(2) | 진지한(2) | 차분한(2) | 침울한(2) | 표현적인(2),276.0,7,"['가야금', '거문고', '대금', '아쟁', '장구', '피리', '해금']","['가야금', '거문고', '대금', '아쟁', '장구', '피리', '해금']",False,data/extracted/val/source/0788_민속악_민요/0788_민속악_민요_master.wav,48000,2,13248000,276.0,PCM_24,train
0789_민속악_민요,0789,민속악,민요,남도민요,80,18/8,E / Dbm,도취된(2) | 불안한(2) | 비통한(2) | 슬픈(3) | 쓸쓸한(2) | 어두운(2) | 우울감 있는(2) | 우울한(2) | 진지한(2) | 차분한(2) | 표현적인(3),337.5,7,"['가야금', '거문고', '대금', '아쟁', '장구', '피리', '해금']","['가야금', '거문고', '대금', '아쟁', '장구', '피리', '해금']",False,data/extracted/train/source/0789_민속악_민요/0789_민속악_민요_master.wav,48000,2,16200000,337.5,PCM_24,val
0790_민속악_민요,0790,민속악,민요,남도민요,140,9/8,E / Dbm,강렬한(2) | 다이내믹한(3) | 도취된(2) | 리듬감 있는(2) | 애절한(2) | 우울감 있는(2) | 표현적인(3),273.857,7,"['가야금', '거문고', '대금', '아쟁', '장구', '피리', '해금']","['가야금', '거문고', '대금', '아쟁', '장구', '피리', '해금']",False,data/extracted/train/source/0790_민속악_민요/0790_민속악_민요_master.wav,48000,2,13145143,273.857,PCM_24,train
0791_민속악_민요,0791,민속악,민요,남도민요,80,12/4,E / Dbm,다이내믹한(2) | 리듬감 있는(2) | 애절한(2) | 우울감 있는(2) | 절제된(2) | 표현적인(2),207.899,7,"['가야금', '거문고', '대금', '아쟁', '장구', '피리', '해금']","['가야금', '거문고', '대금', '아쟁', '장구', '피리', '해금']",False,data/extracted/train/source/0791_민속악_민요/0791_민속악_민요_master.wav,48000,2,9979136,207.899,PCM_24,val
0793_민속악_민요,0793,민속악,민요,남도민요,240,9/8,E / Dbm,다이내믹한(2) | 도취된(2) | 리듬감 있는(2) | 우울감 있는(2) | 표현적인(3),200.25,7,"['가야금', '거문고', '대금', '아쟁', '장구', '피리', '해금']","['가야금', '거문고', '대금', '아쟁', '장구', '피리', '해금']",False,data/extracted/train/source/0793_민속악_민요/0793_민속악_민요_master.wav,48000,2,9612000,200.25,PCM_24,train
0794_민속악_민요,0794,민속악,민요,남도민요,180,12/8,E / Dbm,경쾌한(2) | 다이내믹한(2) | 도취된(2) | 리듬감 있는(4) | 신나는(2) | 우울감 있는(2) | 표현적인(2),273.372,7,"['가야금', '거문고', '대금', '아쟁', '장구', '피리', '해금']","['가야금', '거문고', '대금', '아쟁', '장구', '피리', '해금']",False,data/extracted/train/source/0794_민속악_민요/0794_민속악_민요_master.wav,48000,2,13121871,273.372,PCM_24,train
0795_민속악_민요,0795,민속악,민요,제주민요,220,9/8,Eb / Cm,생기 있는(3) | 유려한(3) | 조화로운(2) | 평화로운(3) | 향토적인(2),154.909,7,"['가야금', '거문고', '대금', '아쟁', '장구', '피리', '해금']","['가야금', '거문고', '대금', '아쟁', '장구', '피리', '해금']",False,data/extracted/val/source/0795_민속악_민요/0795_민속악_민요_master.wav,48000,2,7435636,154.909,PCM_24,train
0796_민속악_민요,0796,민속악,민요,제주민요,220,9/8,Eb / Cm,다정한(2) | 따뜻한(3) | 리듬감 있는(2) | 마음을 울리는(2) | 생기 있는(2) | 조화로운(2) | 즐거운(2) | 희망적인(2),157.364,7,"['가야금', '거문고', '대금', '아쟁', '장구', '피리', '해금']","['가야금', '거문고', '대금', '아쟁', '장구', '피리', '해금']",False,data/extracted/train/source/0796_민속악_민요/0796_민속악_민요_master.wav,48000,2,7553455,157.364,PCM_24,train
0797_민속악_민요,0797,민속악,민요,제주민요,100,9/8,Gb / Ebm,서사적인(2) | 잔잔한(2) | 진지한(2) | 차분한(2) | 표현적인(2),275.4,7,"['가야금', '거문고', '대금', '아쟁', '장구', '피리', '해금']","['가야금', '거문고', '대금', '아쟁', '장구', '피리', '해금']",False,data/extracted/train/source/0797_민속악_민요/0797_민속악_민요_master.wav,48000,2,13219200,275.4,PCM_24,test
0798_민속악_민요,0798,민속악,민요,제주민요,100,12/4,Eb / Cm,신명난(2) | 잔잔한(2) | 조화로운(3) | 진지한(2) | 평온한(2),172.8,7,"['가야금', '거문고', '대금', '아쟁', '장구', '피리', '해금']","['가야금', '거문고', '대금', '아쟁', '장구', '피리', '해금']",False,data/extracted/train/source/0798_민속악_민요/0798_민속악_민요_master.wav,48000,2,8294400,172.8,PCM_24,train
0799_창작국악_창작국악,0799,창작국악,창작국악,창작국악,200,12/8,Eb / Cm,서사적인(3) | 신비로운(3) | 여유로운(2) | 영감을 주는(2) | 장엄한(2) | 조화로운(2) | 평화로운(2) | 향토적인(2) | 환상적인(2),324.0,12,"['가야금', '가야금2', '거문고', '대고', '대금', '북', '소금', '아쟁', '양금', '장구', '피리', '해금']","['가야금', '가야금2', '거문고', '대고', '대금', '북', '소금', '아쟁', '양금', '장구', '피리', '해금']",False,data/extracted/train/source/0799_창작국악_창작국악/0799_창작국악_창작국악_master.wav,96000,2,31104000,324.0,PCM_24,train
0800_창작국악_창작국악,0800,창작국악,창작국악,창작국악,260,12/8,D / Bm,기품 있는(2) | 리듬감 있는(3) | 부드러운(2) | 아정한(2) | 잔잔한(3) | 차분한(2),66.462,2,"['가야금', '장구']","['가야금', '장구']",False,data/extracted/train/source/0800_창작국악_창작국악/0800_창작국악_창작국악_master.wav,48000,2,3190154,66.462,PCM_24,train
0801_창작국악_창작국악,0801,창작국악,창작국악,창작국악,100,4/4,Eb / Cm,긴장감 넘치는(2) | 긴장된(2) | 다이내믹한(2) | 리듬감 있는(4) | 몽환적인(2) | 에너지 넘치는(2) | 차분한(2),121.8,2,"['가야금', '장구']","['가야금', '장구']",False,data/extracted/train/source/0801_창작국악_창작국악/0801_창작국악_창작국악_master.wav,48000,2,5846400,121.8,PCM_24,train
0802_창작국악_창작국악,0802,창작국악,창작국악,창작국악,60,4/4,Eb / Cm,명상적인(2) | 신비로운(2) | 잔잔한(2) | 절제된(4) | 차분한(3) | 표현적인(2),157.0,2,"['가야금', '장구']","['가야금', '장구']",False,data/extracted/train/source/0802_창작국악_창작국악/0802_창작국악_창작국악_master.wav,48000,2,7536000,157.0,PCM_24,train
0803_창작국악_창작국악,0803,창작국악,창작국악,창작국악,100,12/8,Eb / Cm,긴장된(3) | 부드러운(2) | 시적인(2) | 우아한(2) | 절제된(2) | 차분한(3),66.6,2,"['가야금', '장구']","['가야금', '장구']",False,data/extracted/train/source/0803_창작국악_창작국악/0803_창작국악_창작국악_master.wav,48000,2,3196800,66.6,PCM_24,train
0804_창작국악_창작국악,0804,창작국악,창작국악,창작국악,100,12/8,E / Dbm,명상적인(2) | 불가사의한(3) | 신비로운(2) | 우아한(2) | 잔잔한(2) | 절제된(2) | 진지한(2),165.6,2,"['가야금', '대금']","['가야금', '대금']",False,data/extracted/train/source/0804_창작국악_창작국악/0804_창작국악_창작국악_master.wav,48000,2,7948800,165.6,PCM_24,train
0805_창작국악_창작국악,0805,창작국악,창작국악,창작국악,70,6/4,G / Em,긴장된(2) | 단아한(2) | 신비로운(3) | 우아한(2) | 잔잔한(2) | 차분한(2) | 환상적인(2),180.0,2,"['가야금', '대금']","['가야금', '대금']",False,data/extracted/train/source/0805_창작국악_창작국악/0805_창작국악_창작국악_master.wav,48000,2,8640000,180.0,PCM_24,train
0806_창작국악_창작국악,0806,창작국악,창작국악,창작국악,60,12/4,F / Dm,명상적인(2) | 신비로운(2) | 우아한(2) | 잔잔한(2) | 절제된(3) | 진지한(2) | 차분한(4),66.0,2,"['가야금', '장구']","['가야금', '장구']",False,data/extracted/train/source/0806_창작국악_창작국악/0806_창작국악_창작국악_master.wav,48000,2,3168000,66.0,PCM_24,train
0807_창작국악_창작국악,0807,창작국악,창작국악,창작국악,60,12/4,F / Dm,기품 있는(2) | 단아한(2) | 아정한(2) | 잔잔한(2) | 절제된(3) | 평온한(2),120.0,2,"['가야금', '장구']","['가야금', '장구']",False,data/extracted/train/source/0807_창작국악_창작국악/0807_창작국악_창작국악_master.wav,48000,2,5760000,120.0,PCM_24,test
0808_창작국악_창작국악,0808,창작국악,창작국악,창작국악,120,6/4,Ab / Fm,감상적인(2) | 경쾌한(2) | 기품 있는(2) | 생기 있는(3) | 우아한(2) | 축제적인(2) | 희망찬(2),126.0,10,"['가야금', '거문고', '대금', '북', '소금', '아쟁', '장구', '피리', '피리2', '해금']","['가야금', '거문고', '대금', '북', '소금', '아쟁', '장구', '피리', '피리2', '해금']",False,data/extracted/train/source/0808_창작국악_창작국악/0808_창작국악_창작국악_master.wav,48000,2,6048000,126.0,PCM_24,train
0809_창작국악_창작국악,0809,창작국악,창작국악,창작국악,90,4/4,Db / Bbm,몽환적인(2) | 서사적인(2),112.0,10,"['가야금', '거문고', '대금', '북', '소금', '아쟁', '장구', '피리', '피리2', '해금']","['가야금', '거문고', '대금', '북', '소금', '아쟁', '장구', '피리', '피리2', '해금']",False,data/extracted/train/source/0809_창작국악_창작국악/0809_창작국악_창작국악_master.wav,48000,2,5376000,112.0,PCM_24,test
0810_창작국악_창작국악,0810,창작국악,창작국악,창작국악,280,12/8,Ab / Fm,경쾌한(2) | 리듬감 있는(4) | 명랑한(2) | 생기 있는(2) | 에너지 넘치는(2) | 유쾌한(2) | 축제적인(2),331.811,10,"['가야금', '거문고', '대금', '북', '소금', '아쟁', '장구', '피리', '피리2', '해금']","['가야금', '거문고', '대금', '북', '소금', '아쟁', '장구', '피리', '피리2', '해금']",False,data/extracted/train/source/0810_창작국악_창작국악/0810_창작국악_창작국악_master.wav,96000,2,31853870,331.811,PCM_24,train
0811_창작국악_창작국악,0811,창작국악,창작국악,창작국악,90,4/4,Ab / Fm,경쾌한(3) | 낭만적인(2) | 리듬감 있는(2) | 열정적인(2) | 조화로운(2) | 평온한(2) | 평화로운(2) | 희망적인(2) | 희망찬(2),336.0,10,"['가야금', '거문고', '대금', '북', '소금', '아쟁', '장구', '피리', '피리2', '해금']","['가야금', '거문고', '대금', '북', '소금', '아쟁', '장구', '피리', '피리2', '해금']",False,data/extracted/train/source/0811_창작국악_창작국악/0811_창작국악_창작국악_master.wav,96000,2,32256000,336.0,PCM_24,val
0812_창작국악_창작국악,0812,창작국악,창작국악,창작국악,240,12/8,Ab / Fm,리듬감 있는(2) | 몽환적인(2) | 신비로운(2) | 조화로운(2) | 희망적인(2),201.0,13,"['가야금', '거문고', '대고', '대금', '목탁', '바라', '소금', '아쟁', '아쟁2', '양금', '장구', '피리', '해금']","['가야금', '거문고', '대고', '대금', '목탁', '바라', '소금', '아쟁', '아쟁2', '양금', '장구', '피리', '해금']",False,data/extracted/val/source/0812_창작국악_창작국악/0812_창작국악_창작국악_master.wav,48000,2,9648000,201.0,PCM_24,train
0813_창작국악_창작국악,0813,창작국악,창작국악,창작국악,100,4/4,Ab / Fm,긴장감 넘치는(2) | 긴장된(3) | 다이내믹한(2) | 드라마틱한(2) | 불안한(3) | 장엄한(2),91.2,13,"['가야금', '거문고', '대고', '대금', '목탁', '바라', '소금', '아쟁', '아쟁2', '양금', '장구', '피리', '해금']","['가야금', '거문고', '대고', '대금', '목탁', '바라', '소금', '아쟁', '아쟁2', '양금', '장구', '피리', '해금']",False,data/extracted/train/source/0813_창작국악_창작국악/0813_창작국악_창작국악_master.wav,48000,2,4377600,91.2,PCM_24,train
0814_창작국악_창작국악,0814,창작국악,창작국악,창작국악,120,3/4,Ab / Fm,기품 있는(2) | 마음을 울리는(2) | 우아한(2) | 유려한(2) | 평온한(2) | 향토적인(2) | 희망적인(2),147.0,13,"['가야금', '거문고', '대고', '대금', '목탁', '바라', '소금', '아쟁', '아쟁2', '양금', '장구', '피리', '해금']","['가야금', '거문고', '대고', '대금', '목탁', '바라', '소금', '아쟁', '아쟁2', '양금', '장구', '피리', '해금']",False,data/extracted/train/source/0814_창작국악_창작국악/0814_창작국악_창작국악_master.wav,48000,2,7056000,147.0,PCM_24,test
0815_창작국악_창작국악,0815,창작국악,창작국악,창작국악,150,4/4,Ab / Fm,리듬감 있는(5) | 명랑한(2) | 몽환적인(2) | 신비로운(2) | 환상적인(2),300.8,12,"['가야금', '거문고', '대고', '대금', '목탁', '소금', '아쟁', '아쟁2', '양금', '장구', '피리', '해금']","['가야금', '거문고', '대고', '대금', '목탁', '소금', '아쟁', '아쟁2', '양금', '장구', '피리', '해금']",False,data/extracted/train/source/0815_창작국악_창작국악/0815_창작국악_창작국악_master.wav,96000,2,28876800,300.8,PCM_24,train
0816_창작국악_창작국악,0816,창작국악,창작국악,창작국악,160,4/4,Ab / Fm,따뜻한(2) | 리듬감 있는(3) | 환상적인(2) | 활기찬(2) | 희망적인(2) | 희망찬(2),322.5,13,"['가야금', '거문고', '대고', '대금', '목탁', '바라', '소금', '아쟁', '아쟁2', '양금', '장구', '피리', '해금']","['가야금', '거문고', '대고', '대금', '목탁', '바라', '소금', '아쟁', '아쟁2', '양금', '장구', '피리', '해금']",False,data/extracted/train/source/0816_창작국악_창작국악/0816_창작국악_창작국악_master.wav,96000,2,30960000,322.5,PCM_24,train
0817_창작국악_창작국악,0817,창작국악,창작국악,창작국악,180,6/8,E / Dbm,긴장감 넘치는(2) | 몽환적인(3) | 불가사의한(2) | 불안한(2) | 신비로운(3) | 우아한(2) | 조화로운(3),308.0,12,"['가야금', '가야금2', '거문고', '대금', '소금', '아쟁', '아쟁2', '피리', '피리2', '피리3', '해금', '해금2']","['가야금', '가야금2', '거문고', '대금', '소금', '아쟁', '아쟁2', '피리', '피리2', '피리3', '해금', '해금2']",False,data/extracted/train/source/0817_창작국악_창작국악/0817_창작국악_창작국악_master.wav,96000,2,29568000,308.0,PCM_24,train
0818_창작국악_창작국악,0818,창작국악,창작국악,창작국악,180,6/8,Db / Bbm,귀여운(2) | 따뜻한(2) | 리듬감 있는(2) | 우아한(2) | 조화로운(4),96.0,13,"['가야금', '가야금2', '거문고', '대금', '대금2', '소금', '아쟁', '아쟁2', '피리', '피리2', '피리3', '해금', '해금2']","['가야금', '가야금2', '거문고', '대금', '대금2', '소금', '아쟁', '아쟁2', '피리', '피리2', '피리3', '해금', '해금2']",False,data/extracted/train/source/0818_창작국악_창작국악/0818_창작국악_창작국악_master.wav,48000,2,4608000,96.0,PCM_24,train
0819_창작국악_창작국악,0819,창작국악,창작국악,창작국악,150,3/4,Eb / Cm,강렬한(2) | 경쾌한(2) | 다이내믹한(4) | 리듬감 있는(2) | 에너지 넘치는(2) | 영감을 주는(2) | 조화로운(2) | 축제적인(3) | 표현적인(2) | 행복한(2) | 활기찬(3) | 희망적인(3),331.2,14,"['가야금', '가야금2', '거문고', '대고', '대금', '대금2', '소금', '아쟁', '장구', '피리', '피리2', '피리3', '해금', '해금2']","['가야금', '가야금2', '거문고', '대고', '대금', '대금2', '소금', '아쟁', '장구', '피리', '피리2', '피리3', '해금', '해금2']",False,data/extracted/train/source/0819_창작국악_창작국악/0819_창작국악_창작국악_master.wav,96000,2,31795200,331.2,PCM_24,train
0820_창작국악_창작국악,0820,창작국악,창작국악,창작국악,150,3/4,Eb / Cm,경쾌한(4) | 귀여운(3) | 다정한(3) | 리듬감 있는(2) | 명랑한(3) | 생기 있는(2) | 유쾌한(4) | 즐거운(2) | 축제적인(2) | 표현적인(2) | 희망적인(2),288.0,13,"['가야금', '가야금2', '거문고', '대고', '대금', '소금', '아쟁', '장구', '피리', '피리2', '피리3', '해금', '해금2']","['가야금', '가야금2', '거문고', '대고', '대금', '소금', '아쟁', '장구', '피리', '피리2', '피리3', '해금', '해금2']",False,data/extracted/train/source/0820_창작국악_창작국악/0820_창작국악_창작국악_master.wav,96000,2,27648000,288.0,PCM_24,train
0821_창작국악_창작국악,0821,창작국악,창작국악,창작국악,180,6/8,Db / Bbm,경쾌한(3) | 따뜻한(2) | 명랑한(2) | 생기 있는(3) | 여유로운(2) | 평화로운(2) | 행복한(2) | 활기찬(2),336.0,13,"['가야금', '가야금2', '거문고', '대고', '대금', '소금', '아쟁', '장구', '피리', '피리2', '피리3', '해금', '해금2']","['가야금', '가야금2', '거문고', '대고', '대금', '소금', '아쟁', '장구', '피리', '피리2', '피리3', '해금', '해금2']",False,data/extracted/train/source/0821_창작국악_창작국악/0821_창작국악_창작국악_master.wav,96000,2,32256000,336.0,PCM_24,train
0822_창작국악_창작국악,0822,창작국악,창작국악,창작국악,300,6/8,Ab / Fm,경쾌한(3) | 다정한(2) | 따뜻한(2) | 리듬감 있는(3) | 신명난(2) | 유쾌한(2) | 즐거운(2) | 축제적인(2) | 행복한(2) | 활기찬(3),331.2,11,"['가야금', '가야금2', '거문고', '대고', '대금', '소금', '아쟁', '장구', '피리', '피리2', '해금']","['가야금', '가야금2', '거문고', '대고', '대금', '소금', '아쟁', '장구', '피리', '피리2', '해금']",False,data/extracted/train/source/0822_창작국악_창작국악/0822_창작국악_창작국악_master.wav,96000,2,31795200,331.2,PCM_24,train
0823_창작국악_창작국악,0823,창작국악,창작국악,창작국악,300,6/8,Db / Bbm,경쾌한(3) | 리듬감 있는(3) | 명랑한(3) | 신나는(2) | 축제적인(4) | 활기찬(3),24.0,13,"['가야금', '가야금2', '거문고', '대고', '대금', '소금', '아쟁', '장구', '피리', '피리2', '피리3', '해금', '해금2']","['가야금', '가야금2', '거문고', '대고', '대금', '소금', '아쟁', '장구', '피리', '피리2', '피리3', '해금', '해금2']",False,data/extracted/train/source/0823_창작국악_창작국악/0823_창작국악_창작국악_master.wav,48000,2,1152000,24.0,PCM_24,train
0824_창작국악_창작국악,0824,창작국악,창작국악,창작국악,120,4/4,Eb / Cm,긴장감 넘치는(2) | 긴장된(3) | 리듬감 있는(4) | 신나는(2) | 어두운(2) | 영웅적인(2) | 향토적인(2) | 활달한(2) | 희망적인(2),148.0,9,"['가야금', '거문고', '대고', '대금', '소금', '아쟁', '장구', '피리', '해금']","['가야금', '거문고', '대고', '대금', '소금', '아쟁', '장구', '피리', '해금']",False,data/extracted/train/source/0824_창작국악_창작국악/0824_창작국악_창작국악_master.wav,48000,2,7104000,148.0,PCM_24,train
0825_창작국악_창작국악,0825,창작국악,창작국악,창작국악,120,4/4,Eb / Cm,긴장된(2) | 마음을 울리는(3) | 서사적인(2) | 쓸쓸한(2) | 어두운(2) | 영웅적인(2) | 웅대한(3) | 장엄한(4) | 진지한(2),114.0,10,"['가야금', '거문고', '대고', '대금', '소금', '아쟁', '장구', '피리', '피리2', '해금']","['가야금', '거문고', '대고', '대금', '소금', '아쟁', '장구', '피리', '피리2', '해금']",False,data/extracted/val/source/0825_창작국악_창작국악/0825_창작국악_창작국악_master.wav,48000,2,5472000,114.0,PCM_24,train
0828_창작국악_창작국악,0828,창작국악,창작국악,창작국악,60,3/4,Eb / Cm,시적인(2) | 아정한(2) | 우울한(2) | 잔잔한(2),216.0,3,"['가야금', '아쟁', '해금']","['가야금', '아쟁', '해금']",False,data/extracted/train/source/0828_창작국악_창작국악/0828_창작국악_창작국악_master.wav,48000,2,10368000,216.0,PCM_24,train
0830_창작국악_창작국악,0830,창작국악,창작국악,창작국악,70,3/4,Ab / Fm,감상적인(2) | 낭만적인(2) | 따뜻한(2) | 마음을 울리는(2) | 명상적인(2) | 우아한(2) | 잔잔한(2) | 조화로운(2) | 차분한(2) | 편안한(3) | 평화로운(2),123.429,6,"['가야금', '거문고', '대금', '소금', '아쟁', '해금']","['가야금', '거문고', '대금', '소금', '아쟁', '해금']",False,data/extracted/train/source/0830_창작국악_창작국악/0830_창작국악_창작국악_master.wav,48000,2,5924571,123.429,PCM_24,train
0831_창작국악_창작국악,0831,창작국악,창작국악,창작국악,120,9/8,Ab / Fm,명상적인(2) | 부드러운(2) | 사색적인(2) | 신비로운(2) | 유려한(2) | 잔잔한(2) | 절제된(2) | 차분한(3),297.0,5,"['가야금', '대금', '장구', '피리', '해금']","['가야금', '대금', '장구', '피리', '해금']",False,data/extracted/train/source/0831_창작국악_창작국악/0831_창작국악_창작국악_master.wav,48000,2,14256000,297.0,PCM_24,train
0832_창작국악_창작국악,0832,창작국악,창작국악,창작국악,120,6/8,Ab / Fm,기품 있는(2) | 리듬감 있는(2) | 서사적인(2) | 신비로운(2) | 여유로운(2) | 우아한(4) | 유려한(3) | 잔잔한(2) | 조화로운(2),105.0,5,"['가야금', '대금', '장구', '피리', '해금']","['가야금', '대금', '장구', '피리', '해금']",False,data/extracted/train/source/0832_창작국악_창작국악/0832_창작국악_창작국악_master.wav,48000,2,5040000,105.0,PCM_24,train
0833_창작국악_창작국악,0833,창작국악,창작국악,창작국악,60,4/4,Ab / Fm,기품 있는(3) | 사색적인(2) | 신비로운(2) | 아정한(2) | 우아한(3) | 우울감 있는(2) | 유려한(2) | 조화로운(3) | 차분한(2),156.0,5,"['가야금', '대금', '장구', '피리', '해금']","['가야금', '대금', '장구', '피리', '해금']",False,data/extracted/val/source/0833_창작국악_창작국악/0833_창작국악_창작국악_master.wav,48000,2,7488000,156.0,PCM_24,train
0834_창작국악_창작국악,0834,창작국악,창작국악,창작국악,70,3/4,Eb / Cm,긴장된(2) | 불가사의한(2) | 서사적인(3) | 슬픈(2) | 애절한(2) | 어두운(2) | 진지한(2) | 차분한(2),210.857,7,"['가야금', '가야금2', '대금', '소금', '아쟁', '피리', '해금']","['가야금', '가야금2', '대금', '소금', '아쟁', '피리', '해금']",False,data/extracted/train/source/0834_창작국악_창작국악/0834_창작국악_창작국악_master.wav,48000,2,10121142,210.857,PCM_24,train
0835_창작국악_창작국악,0835,창작국악,창작국악,창작국악,80,4/4,Eb / Cm,그리운(2) | 기품 있는(2) | 몽환적인(2) | 서사적인(2) | 쓸쓸한(2) | 애절한(2) | 우울감 있는(2) | 조화로운(2) | 향수 어린(2),138.0,7,"['가야금', '가야금2', '거문고', '대금', '소금', '피리', '해금']","['가야금', '가야금2', '거문고', '대금', '소금', '피리', '해금']",False,data/extracted/val/source/0835_창작국악_창작국악/0835_창작국악_창작국악_master.wav,48000,2,6624000,138.0,PCM_24,train
0836_창작국악_창작국악,0836,창작국악,창작국악,창작국악,220,12/8,Eb / Cm,기품 있는(2) | 아정한(2) | 우아한(2) | 유려한(3) | 조화로운(4) | 차분한(2) | 평화로운(2),157.091,6,"['가야금', '거문고', '대금', '소금', '피리', '해금']","['가야금', '거문고', '대금', '소금', '피리', '해금']",False,data/extracted/train/source/0836_창작국악_창작국악/0836_창작국악_창작국악_master.wav,48000,2,7540363,157.091,PCM_24,train
0837_창작국악_창작국악,0837,창작국악,창작국악,창작국악,60,6/4,Ab / Fm,단아한(2) | 사색적인(2) | 신비로운(3) | 쓸쓸한(2) | 애절한(2) | 차분한(3) | 향수 어린(2),156.0,7,"['가야금', '대금', '아쟁', '양금', '장구', '피리', '해금']","['가야금', '대금', '아쟁', '양금', '장구', '피리', '해금']",False,data/extracted/train/source/0837_창작국악_창작국악/0837_창작국악_창작국악_master.wav,48000,2,7488000,156.0,PCM_24,test
0838_창작국악_창작국악,0838,창작국악,창작국악,창작국악,90,6/8,Ab / Fm,기품 있는(2) | 단아한(2) | 리듬감 있는(4) | 신비로운(3) | 조화로운(2),92.0,7,"['가야금', '대금', '아쟁', '양금', '장구', '피리', '해금']","['가야금', '대금', '아쟁', '양금', '장구', '피리', '해금']",False,data/extracted/train/source/0838_창작국악_창작국악/0838_창작국악_창작국악_master.wav,48000,2,4416000,92.0,PCM_24,test
0839_창작국악_창작국악,0839,창작국악,창작국악,창작국악,100,4/4,Eb / Cm,리듬감 있는(3) | 생기 있는(2) | 신나는(2) | 유쾌한(2) | 조화로운(2) | 즐거운(3) | 행복한(2) | 향토적인(2) | 희망찬(2),120.0,17,"['가야금', '거문고', '꽹과리', '대고', '대금', '대금2', '바라', '북', '소금', '아쟁', '아쟁2', '장구', '태평소', '피리', '피리2', '해금', '해금2']","['가야금', '거문고', '꽹과리', '대고', '대금', '대금2', '바라', '북', '소금', '아쟁', '아쟁2', '장구', '태평소', '피리', '피리2', '해금', '해금2']",False,data/extracted/train/source/0839_창작국악_창작국악/0839_창작국악_창작국악_master.wav,48000,2,5760000,120.0,PCM_24,train
0840_창작국악_창작국악,0840,창작국악,창작국악,창작국악,300,12/8,Eb / Cm,경쾌한(4) | 다이내믹한(2) | 리듬감 있는(5) | 명랑한(2) | 생기 있는(2) | 신나는(3) | 신명난(3) | 에너지 넘치는(3) | 즐거운(2) | 행복한(2) | 활기찬(3) | 활달한(2),146.4,14,"['가야금', '가야금2', '거문고', '꽹과리', '대고', '대금', '바라', '북', '소금', '아쟁', '아쟁2', '장구', '피리', '해금']","['가야금', '가야금2', '거문고', '꽹과리', '대고', '대금', '바라', '북', '소금', '아쟁', '아쟁2', '장구', '피리', '해금']",False,data/extracted/train/source/0840_창작국악_창작국악/0840_창작국악_창작국악_master.wav,48000,2,7027200,146.4,PCM_24,train
0841_창작국악_창작국악,0841,창작국악,창작국악,창작국악,100,4/4,Ab / Fm,강한(2) | 다이내믹한(3) | 리듬감 있는(5) | 신나는(2) | 신비로운(2) | 에너지 넘치는(3) | 활기찬(2),302.4,14,"['가야금', '거문고', '꽹과리', '대금', '바라', '북', '소금', '아쟁', '아쟁2', '장구', '피리', '피리2', '해금', '해금2']","['가야금', '거문고', '꽹과리', '대금', '바라', '북', '소금', '아쟁', '아쟁2', '장구', '피리', '피리2', '해금', '해금2']",False,data/extracted/train/source/0841_창작국악_창작국악/0841_창작국악_창작국악_master.wav,48000,2,14515200,302.4,PCM_24,train
0842_창작국악_창작국악,0842,창작국악,창작국악,창작국악,100,9/8,Eb / Cm,강력한(2) | 긴장감 넘치는(2) | 긴장된(3) | 어두운(2) | 장엄한(2) | 진지한(2),102.6,10,"['가야금', '거문고', '대금', '북', '소금', '아쟁', '장구', '피리', '해금', '해금2']","['가야금', '거문고', '대금', '북', '소금', '아쟁', '장구', '피리', '해금', '해금2']",False,data/extracted/val/source/0842_창작국악_창작국악/0842_창작국악_창작국악_master.wav,48000,2,4924800,102.6,PCM_24,train
0843_창작국악_창작국악,0843,창작국악,창작국악,창작국악,100,9/8,Ab / Fm,명상적인(3) | 어두운(3) | 우울감 있는(2) | 절제된(4) | 차분한(2),221.4,10,"['가야금', '거문고', '대금', '북', '소금', '아쟁', '장구', '피리', '해금', '해금2']","['가야금', '거문고', '대금', '북', '소금', '아쟁', '장구', '피리', '해금', '해금2']",False,data/extracted/train/source/0843_창작국악_창작국악/0843_창작국악_창작국악_master.wav,48000,2,10627200,221.4,PCM_24,train
0844_창작국악_창작국악,0844,창작국악,창작국악,창작국악,60,3/4,Eb / Cm,긴장감 넘치는(2) | 다이내믹한(2) | 장엄한(2) | 진지한(3) | 표현적인(2),312.0,13,"['가야금', '거문고', '대금', '대금2', '북', '소금', '아쟁', '아쟁2', '장구', '피리', '피리2', '해금', '해금2']","['가야금', '거문고', '대금', '대금2', '북', '소금', '아쟁', '아쟁2', '장구', '피리', '피리2', '해금', '해금2']",False,data/extracted/train/source/0844_창작국악_창작국악/0844_창작국악_창작국악_master.wav,48000,2,14976000,312.0,PCM_24,train
0845_창작국악_창작국악,0845,창작국악,창작국악,창작국악,60,3/4,Eb / Cm,긴장감 넘치는(2) | 여유로운(2) | 웅대한(2) | 장엄한(4) | 진지한(3) | 표현적인(2),222.0,12,"['가야금', '거문고', '대금', '대금2', '북', '소금', '아쟁', '아쟁2', '장구', '피리', '피리2', '해금']","['가야금', '거문고', '대금', '대금2', '북', '소금', '아쟁', '아쟁2', '장구', '피리', '피리2', '해금']",False,data/extracted/train/source/0845_창작국악_창작국악/0845_창작국악_창작국악_master.wav,48000,2,10656000,222.0,PCM_24,train
0846_창작국악_창작국악,0846,창작국악,창작국악,창작국악,280,12/8,Eb / Cm,다이내믹한(3) | 리듬감 있는(4) | 열정적인(2) | 조화로운(2) | 표현적인(3),182.571,12,"['가야금', '거문고', '대금', '대금2', '북', '소금', '아쟁', '아쟁2', '장구', '피리', '피리2', '해금']","['가야금', '거문고', '대금', '대금2', '북', '소금', '아쟁', '아쟁2', '장구', '피리', '피리2', '해금']",False,data/extracted/train/source/0846_창작국악_창작국악/0846_창작국악_창작국악_master.wav,48000,2,8763428,182.571,PCM_24,train
0847_창작국악_창작국악,0847,창작국악,창작국악,창작국악,280,12/8,Ab / Fm,강한(2) | 다이내믹한(4) | 리듬감 있는(2) | 에너지 넘치는(2) | 표현적인(2),59.143,12,"['가야금', '거문고', '대금', '대금2', '북', '소금', '아쟁', '아쟁2', '장구', '피리', '피리2', '해금']","['가야금', '거문고', '대금', '대금2', '북', '소금', '아쟁', '아쟁2', '장구', '피리', '피리2', '해금']",False,data/extracted/train/source/0847_창작국악_창작국악/0847_창작국악_창작국악_master.wav,48000,2,2838857,59.143,PCM_24,train
0848_창작국악_창작국악,0848,창작국악,창작국악,창작국악,280,12/8,Eb / Cm,드라마틱한(2) | 서사적인(2) | 웅대한(2) | 장엄한(3) | 품위 있는(2),77.143,13,"['가야금', '가야금2', '거문고', '꽹과리', '대금', '북', '소금', '아쟁', '아쟁2', '장구', '피리', '피리2', '해금']","['가야금', '가야금2', '거문고', '꽹과리', '대금', '북', '소금', '아쟁', '아쟁2', '장구', '피리', '피리2', '해금']",False,data/extracted/train/source/0848_창작국악_창작국악/0848_창작국악_창작국악_master.wav,48000,2,3702857,77.143,PCM_24,train
0849_창작국악_창작국악,0849,창작국악,창작국악,창작국악,280,12/8,Eb / Cm,다이내믹한(2) | 리듬감 있는(3) | 신나는(2) | 에너지 넘치는(2) | 웅대한(2) | 표현적인(2),82.286,12,"['가야금', '가야금2', '거문고', '꽹과리', '대금', '북', '소금', '아쟁', '장구', '피리', '피리2', '해금']","['가야금', '가야금2', '거문고', '꽹과리', '대금', '북', '소금', '아쟁', '장구', '피리', '피리2', '해금']",False,data/extracted/train/source/0849_창작국악_창작국악/0849_창작국악_창작국악_master.wav,48000,2,3949714,82.286,PCM_24,train
0851_창작국악_창작국악,0851,창작국악,창작국악,창작국악,50,4/4,Eb / Cm,강력한(2) | 강렬한(2) | 긴장감 넘치는(2) | 긴장된(2) | 다이내믹한(2) | 불안한(2) | 서사적인(2) | 웅대한(3) | 진지한(2),336.0,13,"['가야금', '거문고', '꽹과리', '대금', '북', '소금', '아쟁', '아쟁2', '아쟁3', '양금', '장구', '해금', '해금2']","['가야금', '거문고', '꽹과리', '대금', '북', '소금', '아쟁', '아쟁2', '아쟁3', '양금', '장구', '해금', '해금2']",False,data/extracted/train/source/0851_창작국악_창작국악/0851_창작국악_창작국악_master.wav,48000,2,16128000,336.0,PCM_24,train
0852_창작국악_창작국악,0852,창작국악,창작국악,창작국악,110,4/4,Eb / Cm,경쾌한(2) | 다이내믹한(2) | 리듬감 있는(5) | 에너지 넘치는(2) | 영웅적인(2) | 유려한(2) | 장엄한(2) | 향토적인(3),96.0,15,"['가야금', '거문고', '꽹과리', '대금', '대금2', '북', '소금', '아쟁', '아쟁2', '아쟁3', '양금', '장구', '피리', '피리2', '해금']","['가야금', '거문고', '꽹과리', '대금', '대금2', '북', '소금', '아쟁', '아쟁2', '아쟁3', '양금', '장구', '피리', '피리2', '해금']",False,data/extracted/train/source/0852_창작국악_창작국악/0852_창작국악_창작국악_master.wav,48000,2,4608000,96.0,PCM_24,train
0853_창작국악_창작국악,0853,창작국악,창작국악,창작국악,110,4/4,Eb / Cm,강력한(2) | 경쾌한(2) | 다이내믹한(3) | 리듬감 있는(3) | 신나는(3) | 신명난(2) | 에너지 넘치는(3) | 활기찬(2),305.455,16,"['가야금', '거문고', '꽹과리', '대금', '대금2', '북', '소금', '아쟁', '아쟁2', '아쟁3', '양금', '장구', '피리', '피리2', '해금', '해금2']","['가야금', '거문고', '꽹과리', '대금', '대금2', '북', '소금', '아쟁', '아쟁2', '아쟁3', '양금', '장구', '피리', '피리2', '해금', '해금2']",False,data/extracted/train/source/0853_창작국악_창작국악/0853_창작국악_창작국악_master.wav,48000,2,14661822,305.455,PCM_24,test
0854_창작국악_창작국악,0854,창작국악,창작국악,창작국악,180,12/8,Ab / Fm,강력한(3) | 강렬한(2) | 드라마틱한(2) | 서사적인(2) | 웅대한(3) | 장엄한(3),320.0,15,"['가야금', '가야금2', '거문고', '대금', '바라', '북', '소금', '아쟁', '아쟁2', '아쟁3', '장구', '피리', '피리2', '해금', '해금2']","['가야금', '가야금2', '거문고', '대금', '바라', '북', '소금', '아쟁', '아쟁2', '아쟁3', '장구', '피리', '피리2', '해금', '해금2']",False,data/extracted/val/source/0854_창작국악_창작국악/0854_창작국악_창작국악_master.wav,48000,2,15360000,320.0,PCM_24,val
0856_창작국악_창작국악,0856,창작국악,창작국악,창작국악,240,10/8,Ab / Fm,경쾌한(2) | 다이내믹한(2) | 드라마틱한(2) | 리듬감 있는(4) | 신나는(2) | 활기찬(2),95.0,17,"['가야금', '가야금2', '거문고', '대금', '대금2', '바라', '방울', '북', '소금', '아쟁', '아쟁2', '아쟁3', '장구', '피리', '피리2', '해금', '해금2']","['가야금', '가야금2', '거문고', '대금', '대금2', '바라', '방울', '북', '소금', '아쟁', '아쟁2', '아쟁3', '장구', '피리', '피리2', '해금', '해금2']",False,data/extracted/train/source/0856_창작국악_창작국악/0856_창작국악_창작국악_master.wav,48000,2,4560000,95.0,PCM_24,train
0857_창작국악_창작국악,0857,창작국악,창작국악,창작국악,280,12/8,Eb / Cm,강렬한(3) | 강한(2) | 긴장감 넘치는(2) | 다이내믹한(2) | 신나는(2) | 영웅적인(2) | 장엄한(4),324.0,14,"['가야금', '거문고', '꽹과리', '대금', '대금2', '바라', '북', '소금', '아쟁', '아쟁2', '아쟁3', '피리', '피리2', '해금']","['가야금', '거문고', '꽹과리', '대금', '대금2', '바라', '북', '소금', '아쟁', '아쟁2', '아쟁3', '피리', '피리2', '해금']",False,data/extracted/train/source/0857_창작국악_창작국악/0857_창작국악_창작국악_master.wav,48000,2,15552000,324.0,PCM_24,train
0858_창작국악_창작국악,0858,창작국악,창작국악,창작국악,320,12/8,Eb / Cm,경쾌한(2) | 다이내믹한(5) | 리듬감 있는(3) | 에너지 넘치는(4) | 유쾌한(2),128.25,17,"['가야금', '거문고', '꽹과리', '대금', '대금2', '바라', '북', '소금', '아쟁', '아쟁2', '아쟁3', '아쟁4', '장구', '태평소', '피리', '피리2', '해금']","['가야금', '거문고', '꽹과리', '대금', '대금2', '바라', '북', '소금', '아쟁', '아쟁2', '아쟁3', '아쟁4', '장구', '태평소', '피리', '피리2', '해금']",False,data/extracted/train/source/0858_창작국악_창작국악/0858_창작국악_창작국악_master.wav,48000,2,6156000,128.25,PCM_24,train
0859_창작국악_창작국악,0859,창작국악,창작국악,창작국악,320,12/8,Eb / Cm,강렬한(3) | 경쾌한(4) | 다이내믹한(3) | 리듬감 있는(4) | 에너지 넘치는(2) | 웅대한(2) | 즐거운(2) | 축제적인(4) | 활기찬(3),310.5,15,"['가야금', '가야금2', '거문고', '꽹과리', '대금', '대금2', '바라', '북', '소금', '아쟁', '아쟁2', '아쟁3', '피리', '피리2', '해금']","['가야금', '가야금2', '거문고', '꽹과리', '대금', '대금2', '바라', '북', '소금', '아쟁', '아쟁2', '아쟁3', '피리', '피리2', '해금']",False,data/extracted/train/source/0859_창작국악_창작국악/0859_창작국악_창작국악_master.wav,48000,2,14904000,310.5,PCM_24,train
0860_창작국악_창작국악,0860,창작국악,창작국악,창작국악,160,4/4,Ab / Fm,강한(2) | 경쾌한(2) | 리듬감 있는(4) | 신나는(3) | 신명난(2) | 에너지 넘치는(5) | 유쾌한(2) | 즐거운(2) | 축제적인(2) | 활기찬(3) | 활달한(3) | 희망찬(3),25.5,18,"['가야금', '가야금2', '거문고', '꽹과리', '대금', '대금2', '바라', '북', '소금', '아쟁', '아쟁2', '아쟁3', '아쟁4', '장구', '피리', '피리2', '해금', '해금2']","['가야금', '가야금2', '거문고', '꽹과리', '대금', '대금2', '바라', '북', '소금', '아쟁', '아쟁2', '아쟁3', '아쟁4', '장구', '피리', '피리2', '해금', '해금2']",False,data/extracted/train/source/0860_창작국악_창작국악/0860_창작국악_창작국악_master.wav,48000,2,1224000,25.5,PCM_24,train
0861_창작국악_창작국악,0861,창작국악,창작국악,창작국악,160,12/8,Eb / Cm,경쾌한(3) | 기품 있는(2) | 리듬감 있는(3) | 명랑한(2) | 유려한(2) | 즐거운(2) | 축제적인(2) | 평화로운(2) | 희망찬(3),337.5,14,"['가야금', '가야금2', '거문고', '대고', '대금', '대금2', '바라', '소금', '아쟁', '아쟁2', '장구', '피리', '피리2', '해금']","['가야금', '가야금2', '거문고', '대고', '대금', '대금2', '바라', '소금', '아쟁', '아쟁2', '장구', '피리', '피리2', '해금']",False,data/extracted/train/source/0861_창작국악_창작국악/0861_창작국악_창작국악_master.wav,48000,2,16200000,337.5,PCM_24,val
0862_창작국악_창작국악,0862,창작국악,창작국악,창작국악,160,12/8,Ab / Fm,경쾌한(2) | 다이내믹한(3) | 리듬감 있는(4) | 생기 있는(2) | 에너지 넘치는(2) | 여유로운(2) | 즐거운(2),148.5,14,"['가야금', '가야금2', '거문고', '대고', '대금', '대금2', '바라', '소금', '아쟁', '아쟁2', '장구', '피리', '피리2', '해금']","['가야금', '가야금2', '거문고', '대고', '대금', '대금2', '바라', '소금', '아쟁', '아쟁2', '장구', '피리', '피리2', '해금']",False,data/extracted/train/source/0862_창작국악_창작국악/0862_창작국악_창작국악_master.wav,48000,2,7128000,148.5,PCM_24,train
0863_창작국악_창작국악,0863,창작국악,창작국악,창작국악,160,12/8,Eb / Cm,경쾌한(2) | 기품 있는(3) | 다이내믹한(2) | 우아한(2) | 유려한(2) | 조화로운(2) | 희망적인(2),72.0,14,"['가야금', '가야금2', '거문고', '대고', '대금', '대금2', '바라', '소금', '아쟁', '아쟁2', '장구', '피리', '피리2', '해금']","['가야금', '가야금2', '거문고', '대고', '대금', '대금2', '바라', '소금', '아쟁', '아쟁2', '장구', '피리', '피리2', '해금']",False,data/extracted/train/source/0863_창작국악_창작국악/0863_창작국악_창작국악_master.wav,48000,2,3456000,72.0,PCM_24,train
0864_창작국악_창작국악,0864,창작국악,창작국악,창작국악,50,3/4,Eb / Cm,긴장감 넘치는(3) | 몽환적인(2) | 신비로운(2) | 잔잔한(2) | 진지한(3) | 차분한(2),126.0,13,"['가야금', '거문고', '대금', '대금2', '북', '소금', '아쟁', '아쟁2', '양금', '장구', '피리', '피리2', '해금']","['가야금', '거문고', '대금', '대금2', '북', '소금', '아쟁', '아쟁2', '양금', '장구', '피리', '피리2', '해금']",False,data/extracted/val/source/0864_창작국악_창작국악/0864_창작국악_창작국악_master.wav,48000,2,6048000,126.0,PCM_24,train
0865_창작국악_창작국악,0865,창작국악,창작국악,창작국악,340,12/8,Ab / Fm,경쾌한(2) | 기품 있는(2) | 리듬감 있는(3) | 유쾌한(3) | 절제된(3) | 활기찬(2),326.118,14,"['가야금', '거문고', '대금', '대금2', '북', '소금', '아쟁', '아쟁2', '양금', '장구', '피리', '피리2', '해금', '해금2']","['가야금', '거문고', '대금', '대금2', '북', '소금', '아쟁', '아쟁2', '양금', '장구', '피리', '피리2', '해금', '해금2']",False,data/extracted/train/source/0865_창작국악_창작국악/0865_창작국악_창작국악_master.wav,48000,2,15653652,326.118,PCM_24,train
0866_창작국악_창작국악,0866,창작국악,창작국악,창작국악,340,12/8,Ab / Fm,기품 있는(2) | 신나는(2) | 에너지 넘치는(2) | 조화로운(3) | 행복한(2),338.824,15,"['가야금', '거문고', '대금', '대금2', '북', '소금', '아쟁', '아쟁2', '아쟁3', '양금', '장구', '피리', '피리2', '해금', '해금2']","['가야금', '거문고', '대금', '대금2', '북', '소금', '아쟁', '아쟁2', '아쟁3', '양금', '장구', '피리', '피리2', '해금', '해금2']",False,data/extracted/train/source/0866_창작국악_창작국악/0866_창작국악_창작국악_master.wav,48000,2,16263530,338.824,PCM_24,train
0867_창작국악_창작국악,0867,창작국악,창작국악,창작국악,320,10/8,Ab / Fm,강렬한(2) | 경쾌한(2) | 다이내믹한(2) | 리듬감 있는(3) | 서사적인(2) | 신나는(2) | 에너지 넘치는(3) | 장엄한(2),60.0,14,"['가야금', '거문고', '대금', '대금2', '북', '소금', '소금2', '아쟁', '아쟁2', '장구', '태평소', '피리', '해금', '해금2']","['가야금', '거문고', '대금', '대금2', '북', '소금', '소금2', '아쟁', '아쟁2', '장구', '태평소', '피리', '해금', '해금2']",False,data/extracted/train/source/0867_창작국악_창작국악/0867_창작국악_창작국악_master.wav,48000,2,2880000,60.0,PCM_24,val
0869_창작국악_창작국악,0869,창작국악,창작국악,창작국악,120,4/4,Ab / Fm,경쾌한(2) | 다이내믹한(2) | 리듬감 있는(3) | 신나는(3) | 에너지 넘치는(3) | 유려한(2) | 절제된(2) | 향토적인(2),104.0,17,"['가야금', '거문고', '대고', '대금', '대금2', '소금', '소금2', '아쟁', '아쟁2', '아쟁3', '양금', '장구', '태평소', '피리', '피리2', '해금', '해금2']","['가야금', '거문고', '대고', '대금', '대금2', '소금', '소금2', '아쟁', '아쟁2', '아쟁3', '양금', '장구', '태평소', '피리', '피리2', '해금', '해금2']",False,data/extracted/train/source/0869_창작국악_창작국악/0869_창작국악_창작국악_master.wav,48000,2,4992000,104.0,PCM_24,train
0870_창작국악_창작국악,0870,창작국악,창작국악,창작국악,200,12/8,G / Em,기품 있는(3) | 단아한(3) | 리듬감 있는(2) | 아정한(2) | 희망적인(2),205.2,6,"['가야금', '대금', '아쟁', '장구', '피리', '해금']","['가야금', '대금', '아쟁', '장구', '피리', '해금']",False,data/extracted/train/source/0870_창작국악_창작국악/0870_창작국악_창작국악_master.wav,48000,2,9849600,205.2,PCM_24,val
0871_창작국악_창작국악,0871,창작국악,창작국악,창작국악,200,12/8,G / Em,리듬감 있는(3) | 사색적인(2) | 평온한(2) | 평화로운(2) | 행복한(2),190.8,7,"['가야금', '가야금2', '대금', '아쟁', '장구', '피리', '해금']","['가야금', '가야금2', '대금', '아쟁', '장구', '피리', '해금']",False,data/extracted/train/source/0871_창작국악_창작국악/0871_창작국악_창작국악_master.wav,48000,2,9158400,190.8,PCM_24,test
0872_창작국악_창작국악,0872,창작국악,창작국악,창작국악,40,4/4,Ab / Fm,긴장감 넘치는(2) | 긴장된(2) | 서사적인(2) | 엄숙한(3) | 의례적인(2) | 절제된(2) | 진지한(5),270.0,9,"['가야금', '거문고', '대금', '소금', '아쟁', '장구', '좌고', '피리', '해금']","['가야금', '거문고', '대금', '소금', '아쟁', '장구', '좌고', '피리', '해금']",False,data/extracted/train/source/0872_창작국악_창작국악/0872_창작국악_창작국악_master.wav,48000,2,12960000,270.0,PCM_24,train
0873_창작국악_창작국악,0873,창작국악,창작국악,창작국악,40,4/4,Ab / Fm,명상적인(2) | 아정한(2) | 장엄한(2) | 절제된(2) | 진지한(2) | 차분한(2),186.0,10,"['가야금', '거문고', '대금', '소금', '아쟁', '아쟁2', '장구', '좌고', '피리', '해금']","['가야금', '거문고', '대금', '소금', '아쟁', '아쟁2', '장구', '좌고', '피리', '해금']",False,data/extracted/train/source/0873_창작국악_창작국악/0873_창작국악_창작국악_master.wav,48000,2,8928000,186.0,PCM_24,test
0874_창작국악_창작국악,0874,창작국악,창작국악,창작국악,100,4/4,Ab / Fm,경쾌한(4) | 귀여운(3) | 리듬감 있는(4) | 여유로운(2),158.4,10,"['가야금', '거문고', '대금', '소금', '아쟁', '아쟁2', '장구', '좌고', '피리', '해금']","['가야금', '거문고', '대금', '소금', '아쟁', '아쟁2', '장구', '좌고', '피리', '해금']",False,data/extracted/train/source/0874_창작국악_창작국악/0874_창작국악_창작국악_master.wav,48000,2,7603200,158.4,PCM_24,train
0875_창작국악_창작국악,0875,창작국악,창작국악,창작국악,90,4/4,Ab / Fm,우울감 있는(2) | 장엄한(2) | 절제된(3) | 진지한(4) | 품위 있는(2),133.333,10,"['가야금', '거문고', '대금', '소금', '아쟁', '아쟁2', '장구', '좌고', '피리', '해금']","['가야금', '거문고', '대금', '소금', '아쟁', '아쟁2', '장구', '좌고', '피리', '해금']",False,data/extracted/train/source/0875_창작국악_창작국악/0875_창작국악_창작국악_master.wav,48000,2,6400000,133.333,PCM_24,train
0877_창작국악_창작국악,0877,창작국악,창작국악,창작국악,240,12/8,Eb / Cm,경쾌한(2) | 리듬감 있는(4) | 진지한(2) | 품위 있는(2),66.0,11,"['가야금', '거문고', '대금', '소금', '아쟁', '아쟁2', '장구', '좌고', '피리', '피리2', '해금']","['가야금', '거문고', '대금', '소금', '아쟁', '아쟁2', '장구', '좌고', '피리', '피리2', '해금']",False,data/extracted/train/source/0877_창작국악_창작국악/0877_창작국악_창작국악_master.wav,48000,2,3168000,66.0,PCM_24,train
0878_창작국악_창작국악,0878,창작국악,창작국악,창작국악,70,4/4,Eb / Cm,웅대한(2) | 의례적인(3) | 잔잔한(2) | 진지한(2) | 편안한(2) | 표현적인(2) | 품위 있는(2),342.857,11,"['가야금', '거문고', '대고', '대금', '소금', '아쟁', '아쟁2', '장구', '피리', '피리2', '해금']","['가야금', '거문고', '대고', '대금', '소금', '아쟁', '아쟁2', '장구', '피리', '피리2', '해금']",False,data/extracted/train/source/0878_창작국악_창작국악/0878_창작국악_창작국악_master.wav,48000,2,16457140,342.857,PCM_24,train
0879_창작국악_창작국악,0879,창작국악,창작국악,창작국악,90,4/4,Ab / Fm,다이내믹한(2) | 리듬감 있는(2) | 의례적인(2) | 활기찬(2),336.0,11,"['가야금', '거문고', '대고', '대금', '소금', '아쟁', '아쟁2', '장구', '피리', '피리2', '해금']","['가야금', '거문고', '대고', '대금', '소금', '아쟁', '아쟁2', '장구', '피리', '피리2', '해금']",False,data/extracted/train/source/0879_창작국악_창작국악/0879_창작국악_창작국악_master.wav,48000,2,16128000,336.0,PCM_24,train
0880_창작국악_창작국악,0880,창작국악,창작국악,창작국악,280,15/8,F / Dm,서사적인(2) | 에너지 넘치는(2) | 웅대한(3) | 의례적인(2) | 장엄한(2) | 진지한(2),369.643,12,"['가야금', '거문고', '대고', '대금', '생황', '소금', '아쟁', '아쟁2', '아쟁3', '피리', '피리2', '해금']","['가야금', '거문고', '대고', '대금', '생황', '소금', '아쟁', '아쟁2', '아쟁3', '피리', '피리2', '해금']",False,data/extracted/train/source/0880_창작국악_창작국악/0880_창작국악_창작국악_master.wav,48000,2,17742860,369.643,PCM_24,train
0881_창작국악_창작국악,0881,창작국악,창작국악,창작국악,380,15/8,F / Dm,긴장감 넘치는(2) | 긴장된(2) | 리듬감 있는(2) | 몽환적인(2) | 불가사의한(2) | 불안한(3) | 진지한(3),315.0,10,"['가야금', '거문고', '대고', '대금', '생황', '아쟁', '장구', '피리', '피리2', '해금']","['가야금', '거문고', '대고', '대금', '생황', '아쟁', '장구', '피리', '피리2', '해금']",False,data/extracted/train/source/0881_창작국악_창작국악/0881_창작국악_창작국악_master.wav,48000,2,15120000,315.0,PCM_24,val
0882_창작국악_창작국악,0882,창작국악,창작국악,창작국악,340,15/8,F / Dm,긴장감 넘치는(2) | 긴장된(3) | 어두운(2) | 절제된(2) | 진지한(2),124.412,15,"['가야금', '가야금2', '거문고', '꽹과리', '대고', '대금', '바라', '생황', '소금', '아쟁', '아쟁2', '장구', '피리', '피리2', '해금']","['가야금', '가야금2', '거문고', '꽹과리', '대고', '대금', '바라', '생황', '소금', '아쟁', '아쟁2', '장구', '피리', '피리2', '해금']",False,data/extracted/train/source/0882_창작국악_창작국악/0882_창작국악_창작국악_master.wav,48000,2,5971765,124.412,PCM_24,train
0884_창작국악_창작국악,0884,창작국악,창작국악,창작국악,70,6/4,B / Abm,몽환적인(2) | 아정한(2) | 여유로운(3) | 우아한(2) | 유려한(2) | 천상의(2) | 평온한(2),149.143,13,"['가야금', '가야금2', '거문고', '대금', '생황', '소금', '아쟁', '아쟁2', '양금', '장구', '태평소', '피리', '해금']","['가야금', '가야금2', '거문고', '대금', '생황', '소금', '아쟁', '아쟁2', '양금', '장구', '태평소', '피리', '해금']",False,data/extracted/train/source/0884_창작국악_창작국악/0884_창작국악_창작국악_master.wav,48000,2,7158857,149.143,PCM_24,train
0885_창작국악_창작국악,0885,창작국악,창작국악,창작국악,180,12/8,Ab / Fm,절제된(2) | 조화로운(2),336.0,12,"['가야금', '가야금2', '거문고2', '대금', '생황', '소금', '아쟁', '아쟁2', '양금', '장구', '피리', '해금']","['가야금', '가야금2', '거문고2', '대금', '생황', '소금', '아쟁', '아쟁2', '양금', '장구', '피리', '해금']",False,data/extracted/train/source/0885_창작국악_창작국악/0885_창작국악_창작국악_master.wav,48000,2,16128000,336.0,PCM_24,val
0886_창작국악_창작국악,0886,창작국악,창작국악,창작국악,180,12/8,Ab / Fm,기품 있는(2) | 서사적인(2) | 슬픈(2) | 신비로운(2) | 애절한(2) | 우울감 있는(3) | 절제된(3) | 조화로운(2),48.0,12,"['가야금', '가야금2', '거문고', '대금', '생황', '소금', '아쟁', '아쟁2', '양금', '장구', '피리', '해금']","['가야금', '가야금2', '거문고', '대금', '생황', '소금', '아쟁', '아쟁2', '양금', '장구', '피리', '해금']",False,data/extracted/val/source/0886_창작국악_창작국악/0886_창작국악_창작국악_master.wav,48000,2,2304000,48.0,PCM_24,train
0887_창작국악_창작국악,0887,창작국악,창작국악,창작국악,300,12/8,Ab / Fm,경쾌한(2) | 긴장된(2) | 리듬감 있는(3) | 에너지 넘치는(2),55.3,15,"['가야금', '가야금2', '거문고', '대금', '대금2', '생황', '소금', '아쟁', '아쟁2', '양금', '장구', '태평소', '피리', '해금', '해금2']","['가야금', '가야금2', '거문고', '대금', '대금2', '생황', '소금', '아쟁', '아쟁2', '양금', '장구', '태평소', '피리', '해금', '해금2']",False,data/extracted/train/source/0887_창작국악_창작국악/0887_창작국악_창작국악_master.wav,48000,2,2654400,55.3,PCM_24,train
0889_창작국악_창작국악,0889,창작국악,창작국악,창작국악,420,12/8,C / Am,경쾌한(4) | 귀여운(2) | 다이내믹한(2) | 리듬감 있는(4) | 명랑한(3) | 생기 있는(3) | 신나는(2) | 신명난(3) | 유쾌한(2) | 즐거운(3) | 축제적인(2) | 해학적인(2) | 행복한(2) | 활기찬(2),329.143,14,"['가야금', '가야금2', '거문고2', '꽹과리', '대금', '생황', '소금', '아쟁', '아쟁2', '양금', '장구', '태평소', '피리', '해금2']","['가야금', '가야금2', '거문고2', '꽹과리', '대금', '생황', '소금', '아쟁', '아쟁2', '양금', '장구', '태평소', '피리', '해금2']",False,data/extracted/train/source/0889_창작국악_창작국악/0889_창작국악_창작국악_master.wav,48000,2,15798852,329.143,PCM_24,train
0890_창작국악_창작국악,0890,창작국악,창작국악,창작국악,100,4/4,Eb / Cm,강렬한(2) | 공포스러운(2) | 긴장감 넘치는(4) | 긴장된(2) | 불안한(2) | 어두운(2) | 에너지 넘치는(3) | 진지한(2) | 표현적인(2),372.0,14,"['가야금', '가야금2', '거문고2', '대금', '대금2', '생황', '소금', '아쟁', '아쟁2', '양금', '장구', '태평소', '피리', '해금2']","['가야금', '가야금2', '거문고2', '대금', '대금2', '생황', '소금', '아쟁', '아쟁2', '양금', '장구', '태평소', '피리', '해금2']",False,data/extracted/train/source/0890_창작국악_창작국악/0890_창작국악_창작국악_master.wav,48000,2,17856000,372.0,PCM_24,train
0892_창작국악_창작국악,0892,창작국악,창작국악,창작국악,180,12/8,Ab / Fm,기품 있는(2) | 다이내믹한(2) | 몽환적인(2) | 불가사의한(2) | 절제된(2) | 차분한(2) | 품위 있는(2),184.0,7,"['가야금', '가야금2', '거문고', '대금', '생황', '아쟁', '양금']","['가야금', '가야금2', '거문고', '대금', '생황', '아쟁', '양금']",False,data/extracted/train/source/0892_창작국악_창작국악/0892_창작국악_창작국악_master.wav,48000,2,8832000,184.0,PCM_24,train
0893_창작국악_창작국악,0893,창작국악,창작국악,창작국악,180,12/8,Ab / Fm,긴장감 넘치는(2) | 긴장된(4) | 리듬감 있는(2) | 불가사의한(2) | 불안한(2) | 엄숙한(2) | 진지한(2),336.0,4,"['가야금', '거문고2', '대금', '생황']","['가야금', '거문고2', '대금', '생황']",False,data/extracted/train/source/0893_창작국악_창작국악/0893_창작국악_창작국악_master.wav,48000,2,16128000,336.0,PCM_24,train
0894_창작국악_창작국악,0894,창작국악,창작국악,창작국악,70,4/4,Ab / Fm,기품 있는(2) | 긴장된(2) | 몽환적인(3) | 신비로운(2) | 우아한(2) | 잔잔한(2) | 절제된(2) | 품위 있는(2),102.857,6,"['가야금', '거문고', '대금', '생황', '아쟁', '양금']","['가야금', '거문고', '대금', '생황', '아쟁', '양금']",False,data/extracted/train/source/0894_창작국악_창작국악/0894_창작국악_창작국악_master.wav,48000,2,4937143,102.857,PCM_24,train
0895_창작국악_창작국악,0895,창작국악,창작국악,창작국악,90,4/4,Eb / Cm,긴장된(2) | 리듬감 있는(2) | 서사적인(2) | 신비로운(2) | 우아한(3) | 유려한(3) | 조화로운(2),130.667,7,"['가야금', '가야금2', '거문고', '대금', '생황', '아쟁', '양금']","['가야금', '가야금2', '거문고', '대금', '생황', '아쟁', '양금']",False,data/extracted/train/source/0895_창작국악_창작국악/0895_창작국악_창작국악_master.wav,48000,2,6272000,130.667,PCM_24,test
0896_창작국악_창작국악,0896,창작국악,창작국악,창작국악,320,12/8,Eb / Cm,강한(2) | 다이내믹한(2) | 영웅적인(2) | 웅대한(3),27.0,9,"['가야금2', '거문고', '대금', '소금', '아쟁', '피리', '피리2', '해금', '해금2']","['가야금2', '거문고', '대금', '소금', '아쟁', '피리', '피리2', '해금', '해금2']",False,data/extracted/train/source/0896_창작국악_창작국악/0896_창작국악_창작국악_master.wav,48000,2,1296000,27.0,PCM_24,train
0897_창작국악_창작국악,0897,창작국악,창작국악,창작국악,140,10/8,E / Dbm,다정한(2) | 따뜻한(2) | 마음을 울리는(2) | 유려한(2) | 조화로운(2) | 평온한(2) | 평화로운(2) | 희망적인(3) | 희망찬(2),214.286,15,"['가야금', '가야금2', '거문고', '대금', '대금2', '바라', '방울', '북', '소금', '아쟁', '장구', '피리', '피리2', '해금', '해금2']","['가야금', '가야금2', '거문고', '대금', '대금2', '바라', '방울', '북', '소금', '아쟁', '장구', '피리', '피리2', '해금', '해금2']",False,data/extracted/train/source/0897_창작국악_창작국악/0897_창작국악_창작국악_master.wav,48000,2,10285714,214.286,PCM_24,train
0898_창작국악_창작국악,0898,창작국악,창작국악,창작국악,100,4/4,Gb / Ebm,리듬감 있는(4) | 생기 있는(2) | 조화로운(2) | 희망적인(2) | 희망찬(2),302.4,12,"['가야금', '거문고2', '꽹과리', '대금', '바라', '방울', '북', '아쟁', '장구', '피리', '피리2', '해금']","['가야금', '거문고2', '꽹과리', '대금', '바라', '방울', '북', '아쟁', '장구', '피리', '피리2', '해금']",False,data/extracted/train/source/0898_창작국악_창작국악/0898_창작국악_창작국악_master.wav,48000,2,14515200,302.4,PCM_24,train
0899_창작국악_창작국악,0899,창작국악,창작국악,창작국악,180,9/8,Gb / Ebm,긴장된(2) | 드라마틱한(2) | 불안한(3) | 사색적인(2) | 쓸쓸한(3) | 우울감 있는(3) | 우울한(2) | 향수 어린(2),117.0,11,"['가야금', '가야금2', '거문고', '대고', '생황', '아쟁', '아쟁2', '피리', '피리2', '해금', '해금2']","['가야금', '가야금2', '거문고', '대고', '생황', '아쟁', '아쟁2', '피리', '피리2', '해금', '해금2']",False,data/extracted/train/source/0899_창작국악_창작국악/0899_창작국악_창작국악_master.wav,48000,2,5616000,117.0,PCM_24,train
0900_창작국악_창작국악,0900,창작국악,창작국악,창작국악,120,6/8,Eb / Cm,따뜻한(2) | 몽환적인(2) | 부드러운(2) | 신비로운(2) | 우아한(3) | 유려한(2) | 조화로운(4) | 품위 있는(2),93.0,15,"['가야금', '가야금2', '거문고', '대고', '대금', '대금2', '생황', '소금', '아쟁', '아쟁2', '아쟁3', '피리', '피리2', '해금', '해금2']","['가야금', '가야금2', '거문고', '대고', '대금', '대금2', '생황', '소금', '아쟁', '아쟁2', '아쟁3', '피리', '피리2', '해금', '해금2']",False,data/extracted/train/source/0900_창작국악_창작국악/0900_창작국악_창작국악_master.wav,48000,2,4464000,93.0,PCM_24,val
0901_창작국악_창작국악,0901,창작국악,창작국악,창작국악,70,4/4,B / Abm,감상적인(4) | 다정한(2) | 단아한(2) | 따뜻한(3) | 마음을 울리는(2) | 편안한(2),315.428,13,"['가야금', '거문고2', '대고', '대금', '대금2', '생황', '소금', '아쟁', '아쟁2', '피리', '피리2', '해금', '해금2']","['가야금', '거문고2', '대고', '대금', '대금2', '생황', '소금', '아쟁', '아쟁2', '피리', '피리2', '해금', '해금2']",False,data/extracted/train/source/0901_창작국악_창작국악/0901_창작국악_창작국악_master.wav,48000,2,15140568,315.428,PCM_24,train
0902_창작국악_창작국악,0902,창작국악,창작국악,창작국악,100,4/4,Ab / Fm,감상적인(2) | 기품 있는(2) | 단아한(2) | 따뜻한(2) | 리듬감 있는(2) | 생기 있는(2) | 아정한(2) | 우아한(3) | 차분한(2) | 평온한(2),345.6,5,"['가야금', '거문고2', '단소', '아쟁2', '양금']","['가야금', '거문고2', '단소', '아쟁2', '양금']",False,data/extracted/train/source/0902_창작국악_창작국악/0902_창작국악_창작국악_master.wav,48000,2,16588800,345.6,PCM_24,train
0903_창작국악_창작국악,0903,창작국악,창작국악,창작국악,100,4/4,Ab / Fm,경쾌한(2) | 다정한(2) | 따뜻한(2) | 리듬감 있는(2) | 명랑한(2) | 유쾌한(2) | 즐거운(2) | 행복한(3) | 희망적인(2),316.8,5,"['가야금', '거문고2', '단소', '아쟁2', '양금']","['가야금', '거문고2', '단소', '아쟁2', '양금']",False,data/extracted/train/source/0903_창작국악_창작국악/0903_창작국악_창작국악_master.wav,48000,2,15206400,316.8,PCM_24,train
0904_창작국악_창작국악,0904,창작국악,창작국악,창작국악,110,6/4,Ab / Fm,단아한(4) | 부드러운(2) | 신비로운(3) | 우아한(3) | 유려한(3),310.909,5,"['가야금', '거문고2', '단소', '아쟁2', '양금']","['가야금', '거문고2', '단소', '아쟁2', '양금']",False,data/extracted/val/source/0904_창작국악_창작국악/0904_창작국악_창작국악_master.wav,48000,2,14923635,310.909,PCM_24,test
0905_창작국악_창작국악,0905,창작국악,창작국악,창작국악,80,4/4,Ab / Fm,아정한(2) | 절제된(4),315.0,1,['해금'],['해금'],False,data/extracted/train/source/0905_창작국악_창작국악/0905_창작국악_창작국악_master.wav,48000,2,15120000,315.0,PCM_24,test
0906_창작국악_창작국악,0906,창작국악,창작국악,창작국악,160,12/8,Ab / Fm,감상적인(2) | 생기 있는(3) | 에너지 넘치는(2) | 여유로운(2) | 유려한(2) | 조화로운(2) | 축제적인(2) | 평화로운(2) | 활기찬(2),153.0,15,"['가야금', '가야금2', '거문고', '대금', '대금2', '북', '소금', '아쟁', '아쟁2', '양금', '장구', '피리', '피리2', '해금', '해금2']","['가야금', '가야금2', '거문고', '대금', '대금2', '북', '소금', '아쟁', '아쟁2', '양금', '장구', '피리', '피리2', '해금', '해금2']",False,data/extracted/train/source/0906_창작국악_창작국악/0906_창작국악_창작국악_master.wav,48000,2,7344000,153.0,PCM_24,train
0908_창작국악_창작국악,0908,창작국악,창작국악,창작국악,110,6/8,Eb / Cm,기품 있는(2) | 사색적인(2) | 신비로운(2) | 아정한(2) | 우아한(3) | 우울감 있는(2) | 절제된(2) | 침울한(2) | 향수 어린(2),147.273,15,"['가야금', '가야금2', '거문고', '대금', '대금2', '북', '소금', '아쟁', '아쟁2', '양금', '장구', '피리', '피리2', '해금', '해금2']","['가야금', '가야금2', '거문고', '대금', '대금2', '북', '소금', '아쟁', '아쟁2', '양금', '장구', '피리', '피리2', '해금', '해금2']",False,data/extracted/train/source/0908_창작국악_창작국악/0908_창작국악_창작국악_master.wav,48000,2,7069091,147.273,PCM_24,train
0909_창작국악_창작국악,0909,창작국악,창작국악,창작국악,160,6/8,Ab / Fm,공포스러운(2) | 긴장감 넘치는(2) | 긴장된(2) | 불가사의한(2) | 불안한(4) | 서사적인(2) | 어두운(4),299.25,12,"['가야금', '가야금2', '거문고', '대금', '대금2', '소금', '아쟁', '아쟁2', '양금', '피리', '피리2', '해금2']","['가야금', '가야금2', '거문고', '대금', '대금2', '소금', '아쟁', '아쟁2', '양금', '피리', '피리2', '해금2']",False,data/extracted/train/source/0909_창작국악_창작국악/0909_창작국악_창작국악_master.wav,48000,2,14364000,299.25,PCM_24,train
0910_창작국악_창작국악,0910,창작국악,창작국악,창작국악,180,6/8,Ab / Fm,낭만적인(2) | 다정한(2) | 단아한(2) | 따뜻한(3) | 리듬감 있는(2) | 여유로운(3) | 조화로운(2) | 진심 어린(2) | 평화로운(2) | 표현적인(2) | 행복한(2) | 향토적인(2) | 희망적인(2),304.0,5,"['가야금', '가야금2', '가야금3', '대금', '장구']","['가야금', '가야금2', '가야금3', '대금', '장구']",False,data/extracted/train/source/0910_창작국악_창작국악/0910_창작국악_창작국악_master.wav,48000,2,14592000,304.0,PCM_24,train
0911_창작국악_창작국악,0911,창작국악,창작국악,창작국악,110,4/4,Eb / Cm,긴장감 넘치는(2) | 긴장된(2) | 다이내믹한(2) | 리듬감 있는(3) | 에너지 넘치는(2) | 활달한(2),220.364,5,"['가야금', '가야금2', '가야금3', '대금', '장구']","['가야금', '가야금2', '가야금3', '대금', '장구']",False,data/extracted/train/source/0911_창작국악_창작국악/0911_창작국악_창작국악_master.wav,48000,2,10577455,220.364,PCM_24,train
0912_창작국악_창작국악,0912,창작국악,창작국악,창작국악,200,12/8,Bb / Gm,기품 있는(2) | 리듬감 있는(3) | 우아한(2) | 유려한(3),124.2,4,"['가야금', '대금', '양금', '장구']","['가야금', '대금', '양금', '장구']",False,data/extracted/val/source/0912_창작국악_창작국악/0912_창작국악_창작국악_master.wav,48000,2,5961600,124.2,PCM_24,train
0913_창작국악_창작국악,0913,창작국악,창작국악,창작국악,60,4/4,Ab / Fm,긴장된(3) | 명상적인(2) | 장엄한(2) | 절제된(2),92.0,12,"['가야금', '거문고', '꽹과리', '단소', '대금', '북', '북2', '아쟁', '아쟁2', '장구', '피리', '피리2']","['가야금', '거문고', '꽹과리', '단소', '대금', '북', '북2', '아쟁', '아쟁2', '장구', '피리', '피리2']",False,data/extracted/val/source/0913_창작국악_창작국악/0913_창작국악_창작국악_master.wav,48000,2,4416000,92.0,PCM_24,train
0915_창작국악_창작국악,0915,창작국악,창작국악,창작국악,120,4/4,Eb / Cm,강렬한(3) | 공격적인(3) | 긴장된(2) | 다이내믹한(4) | 리듬감 있는(5) | 에너지 넘치는(5) | 표현적인(2) | 활달한(2),296.0,13,"['가야금', '거문고', '단소', '대금', '대금2', '북', '북2', '아쟁', '아쟁2', '장구', '피리', '피리2', '해금2']","['가야금', '거문고', '단소', '대금', '대금2', '북', '북2', '아쟁', '아쟁2', '장구', '피리', '피리2', '해금2']",False,data/extracted/train/source/0915_창작국악_창작국악/0915_창작국악_창작국악_master.wav,48000,2,14208000,296.0,PCM_24,test
0916_창작국악_창작국악,0916,창작국악,창작국악,창작국악,180,12/8,Ab / Fm,긴장감 넘치는(2) | 긴장된(3) | 불가사의한(2) | 웅대한(3) | 장엄한(2) | 절제된(2) | 진지한(2),248.0,4,"['북', '태평소', '피리', '피리2']","['북', '태평소', '피리', '피리2']",False,data/extracted/train/source/0916_창작국악_창작국악/0916_창작국악_창작국악_master.wav,48000,2,11904000,248.0,PCM_24,train
0917_창작국악_창작국악,0917,창작국악,창작국악,창작국악,220,12/8,Ab / Fm,도취된(2) | 엄숙한(2) | 절제된(2) | 진지한(3),94.909,3,"['북', '태평소', '피리1']","['북', '태평소', '피리1']",False,data/extracted/train/source/0917_창작국악_창작국악/0917_창작국악_창작국악_master.wav,48000,2,4555636,94.909,PCM_24,train
0918_창작국악_창작국악,0918,창작국악,창작국악,창작국악,90,4/4,Eb / Cm,긴장감 넘치는(2) | 리듬감 있는(2) | 명상적인(2) | 사색적인(2) | 절제된(2),128.981,3,"['북', '피리1', '피리2']","['북', '피리1', '피리2']",False,data/extracted/train/source/0918_창작국악_창작국악/0918_창작국악_창작국악_master.wav,48000,2,6191110,128.981,PCM_24,val
0919_창작국악_창작국악,0919,창작국악,창작국악,창작국악,280,12/8,Eb / Cm,긴장된(2) | 다이내믹한(2) | 리듬감 있는(2) | 신나는(2) | 웅대한(2) | 의례적인(2) | 장엄한(3) | 절제된(2),146.464,3,"['북', '태평소', '피리']","['북', '태평소', '피리']",False,data/extracted/train/source/0919_창작국악_창작국악/0919_창작국악_창작국악_master.wav,48000,2,7030286,146.464,PCM_24,train
0920_창작국악_창작국악,0920,창작국악,창작국악,창작국악,320,12/8,Ab / Fm,경쾌한(2) | 다이내믹한(2) | 리듬감 있는(3) | 웅대한(2) | 장엄한(2),231.874,4,"['북', '태평소', '피리', '피리2']","['북', '태평소', '피리', '피리2']",False,data/extracted/train/source/0920_창작국악_창작국악/0920_창작국악_창작국악_master.wav,48000,2,11129940,231.874,PCM_24,train
0921_창작국악_창작국악,0921,창작국악,창작국악,창작국악,70,3/4,Ab / Fm,긴장감 넘치는(2) | 다이내믹한(2) | 불가사의한(2) | 엄숙한(2) | 진지한(2),144.0,8,"['가야금', '거문고', '대금', '소금', '아쟁2', '장구', '피리', '해금2']","['가야금', '거문고', '대금', '소금', '아쟁2', '장구', '피리', '해금2']",False,data/extracted/train/source/0921_창작국악_창작국악/0921_창작국악_창작국악_master.wav,48000,2,6912000,144.0,PCM_24,test
0922_창작국악_창작국악,0922,창작국악,창작국악,창작국악,60,3/4,Eb / Cm,명상적인(2) | 절제된(3) | 진지한(2) | 차분한(3),360.0,5,"['대금', '아쟁', '장구', '피리', '해금2']","['대금', '아쟁', '장구', '피리', '해금2']",False,data/extracted/train/source/0922_창작국악_창작국악/0922_창작국악_창작국악_master.wav,48000,2,17280000,360.0,PCM_24,train
0923_창작국악_창작국악,0923,창작국악,창작국악,창작국악,160,6/8,Eb / Cm,경쾌한(3) | 리듬감 있는(3) | 신나는(2) | 우아한(2) | 조화로운(2) | 표현적인(2),306.0,7,"['가야금', '거문고', '대금', '아쟁', '장구', '피리', '해금2']","['가야금', '거문고', '대금', '아쟁', '장구', '피리', '해금2']",False,data/extracted/train/source/0923_창작국악_창작국악/0923_창작국악_창작국악_master.wav,48000,2,14688000,306.0,PCM_24,train
0924_창작국악_창작국악,0924,창작국악,창작국악,창작국악,300,12/8,Eb / Cm,경쾌한(2) | 따뜻한(2) | 리듬감 있는(4) | 여유로운(2) | 유쾌한(2) | 즐거운(2) | 품위 있는(2) | 행복한(2),360.0,7,"['가야금', '거문고', '대금', '아쟁', '장구', '피리', '해금2']","['가야금', '거문고', '대금', '아쟁', '장구', '피리', '해금2']",False,data/extracted/train/source/0924_창작국악_창작국악/0924_창작국악_창작국악_master.wav,48000,2,17280000,360.0,PCM_24,test
0925_창작국악_창작국악,0925,창작국악,창작국악,창작국악,60,3/4,Eb / Cm,명상적인(3) | 잔잔한(2) | 절제된(2) | 진지한(2) | 차분한(3),292.25,5,"['대금', '아쟁', '장구', '피리', '해금2']","['대금', '아쟁', '장구', '피리', '해금2']",False,data/extracted/train/source/0925_창작국악_창작국악/0925_창작국악_창작국악_master.wav,48000,2,14028000,292.25,PCM_24,test
0926_창작국악_창작국악,0926,창작국악,창작국악,창작국악,280,12/8,Eb / Cm,경쾌한(2) | 리듬감 있는(3) | 여유로운(2) | 잔잔한(2) | 절제된(2) | 차분한(2) | 편안한(2) | 평온한(2) | 향토적인(2),312.0,9,"['가야금', '거문고', '대금', '북', '소금', '아쟁', '장구', '피리', '해금2']","['가야금', '거문고', '대금', '북', '소금', '아쟁', '장구', '피리', '해금2']",False,data/extracted/train/source/0926_창작국악_창작국악/0926_창작국악_창작국악_master.wav,48000,2,14976000,312.0,PCM_24,train
0927_창작국악_창작국악,0927,창작국악,창작국악,창작국악,280,10/8,Eb / Cm,강렬한(2) | 경쾌한(5) | 리듬감 있는(4) | 명랑한(2) | 생기 있는(2) | 신명난(2) | 즐거운(2) | 활기찬(2),327.857,10,"['가야금', '거문고', '대금', '북', '소금', '아쟁', '장구', '피리', '해금', '해금2']","['가야금', '거문고', '대금', '북', '소금', '아쟁', '장구', '피리', '해금', '해금2']",False,data/extracted/train/source/0927_창작국악_창작국악/0927_창작국악_창작국악_master.wav,48000,2,15737143,327.857,PCM_24,train
0928_창작국악_창작국악,0928,창작국악,창작국악,창작국악,160,6/8,Eb / Cm,경쾌한(3) | 따뜻한(2) | 명랑한(2) | 생기 있는(2) | 즐거운(3) | 활기찬(2),339.75,12,"['가야금', '거문고', '대금', '대금2', '북', '소금', '아쟁', '장구', '피리', '피리2', '해금', '해금2']","['가야금', '거문고', '대금', '대금2', '북', '소금', '아쟁', '장구', '피리', '피리2', '해금', '해금2']",False,data/extracted/train/source/0928_창작국악_창작국악/0928_창작국악_창작국악_master.wav,48000,2,16308000,339.75,PCM_24,train
0929_창작국악_창작국악,0929,창작국악,창작국악,창작국악,60,3/4,Ab / Fm,공격적인(2) | 긴장감 넘치는(2) | 어두운(2) | 에너지 넘치는(2) | 열정적인(2) | 우울감 있는(3) | 웅대한(2) | 유려한(2) | 표현적인(2),294.0,10,"['가야금', '거문고', '대금', '대금2', '북', '아쟁', '아쟁2', '장구', '피리', '해금']","['가야금', '거문고', '대금', '대금2', '북', '아쟁', '아쟁2', '장구', '피리', '해금']",False,data/extracted/train/source/0929_창작국악_창작국악/0929_창작국악_창작국악_master.wav,48000,2,14112000,294.0,PCM_24,train
0930_창작국악_창작국악,0930,창작국악,창작국악,창작국악,60,3/4,Ab / Fm,슬픈(3) | 어두운(2) | 우울한(2) | 진지한(2) | 침울한(2),294.0,9,"['가야금', '거문고', '대금', '북', '아쟁', '아쟁2', '장구', '피리', '해금']","['가야금', '거문고', '대금', '북', '아쟁', '아쟁2', '장구', '피리', '해금']",False,data/extracted/val/source/0930_창작국악_창작국악/0930_창작국악_창작국악_master.wav,48000,2,14112000,294.0,PCM_24,train
0931_창작국악_창작국악,0931,창작국악,창작국악,창작국악,50,3/4,E / Dbm,슬픈(2) | 우울감 있는(3) | 절제된(2) | 진지한(2) | 희망적인(2),295.2,5,"['가야금', '거문고', '대금', '대금2', '해금']","['가야금', '거문고', '대금', '대금2', '해금']",False,data/extracted/train/source/0931_창작국악_창작국악/0931_창작국악_창작국악_master.wav,48000,2,14169600,295.2,PCM_24,val
0932_창작국악_창작국악,0932,창작국악,창작국악,창작국악,200,12/8,Ab / Fm,리듬감 있는(3) | 우울감 있는(2) | 진지한(2),57.6,11,"['가야금', '거문고', '대금', '대금2', '북', '소금', '아쟁', '아쟁2', '장구', '피리', '해금']","['가야금', '거문고', '대금', '대금2', '북', '소금', '아쟁', '아쟁2', '장구', '피리', '해금']",False,data/extracted/train/source/0932_창작국악_창작국악/0932_창작국악_창작국악_master.wav,48000,2,2764800,57.6,PCM_24,train
0933_창작국악_창작국악,0933,창작국악,창작국악,창작국악,100,4/4,Db / Bbm,에너지 넘치는(2) | 여유로운(2) | 유쾌한(3) | 표현적인(2),149.486,12,"['가야금', '거문고', '대금', '대금2', '북', '소금', '아쟁', '아쟁2', '장구', '피리', '피리2', '해금']","['가야금', '거문고', '대금', '대금2', '북', '소금', '아쟁', '아쟁2', '장구', '피리', '피리2', '해금']",False,data/extracted/train/source/0933_창작국악_창작국악/0933_창작국악_창작국악_master.wav,48000,2,7175313,149.486,PCM_24,train
0934_창작국악_창작국악,0934,창작국악,창작국악,창작국악,80,3/4,Ab / Fm,기품 있는(2) | 사색적인(2) | 엄숙한(2) | 우아한(2) | 진지한(2),177.75,8,"['가야금', '거문고', '대금', '아쟁', '양금', '장구', '피리', '해금']","['가야금', '거문고', '대금', '아쟁', '양금', '장구', '피리', '해금']",False,data/extracted/train/source/0934_창작국악_창작국악/0934_창작국악_창작국악_master.wav,48000,2,8532000,177.75,PCM_24,test
0935_창작국악_창작국악,0935,창작국악,창작국악,창작국악,160,6/8,Ab / Fm,따뜻한(2) | 리듬감 있는(3) | 명상적인(2) | 조화로운(2) | 행복한(2),121.5,8,"['가야금', '거문고', '대금', '아쟁', '양금', '장구', '피리', '해금']","['가야금', '거문고', '대금', '아쟁', '양금', '장구', '피리', '해금']",False,data/extracted/train/source/0935_창작국악_창작국악/0935_창작국악_창작국악_master.wav,48000,2,5832000,121.5,PCM_24,train
0936_창작국악_창작국악,0936,창작국악,창작국악,창작국악,80,3/4,Ab / Fm,어두운(2) | 잔잔한(2) | 절제된(2) | 조화로운(3) | 차분한(2),148.5,9,"['가야금', '거문고', '대금', '대금2', '아쟁', '양금', '장구', '피리', '해금']","['가야금', '거문고', '대금', '대금2', '아쟁', '양금', '장구', '피리', '해금']",False,data/extracted/val/source/0936_창작국악_창작국악/0936_창작국악_창작국악_master.wav,48000,2,7128000,148.5,PCM_24,train
0937_창작국악_창작국악,0937,창작국악,창작국악,창작국악,30,4/4,Ab / Fm,공포스러운(2) | 긴장감 넘치는(2) | 명상적인(2) | 불가사의한(2) | 절제된(2) | 진지한(2) | 표현적인(2),96.0,4,"['가야금', '대금', '방울', '해금']","['가야금', '대금', '방울', '해금']",False,data/extracted/train/source/0937_창작국악_창작국악/0937_창작국악_창작국악_master.wav,48000,2,4608000,96.0,PCM_24,test
0938_창작국악_창작국악,0938,창작국악,창작국악,창작국악,50,4/4,Eb / Cm,긴장된(2) | 사색적인(2) | 아정한(2) | 절제된(2) | 차분한(2) | 표현적인(2),110.4,4,"['가야금', '대금', '방울', '해금']","['가야금', '대금', '방울', '해금']",False,data/extracted/train/source/0938_창작국악_창작국악/0938_창작국악_창작국악_master.wav,48000,2,5299200,110.4,PCM_24,train
0939_창작국악_창작국악,0939,창작국악,창작국악,창작국악,200,12/8,Ab / Fm,리듬감 있는(3) | 유려한(2) | 조화로운(2) | 차분한(2) | 환상적인(2),352.8,4,"['가야금', '대금', '방울', '해금']","['가야금', '대금', '방울', '해금']",False,data/extracted/train/source/0939_창작국악_창작국악/0939_창작국악_창작국악_master.wav,48000,2,16934400,352.8,PCM_24,val
0940_창작국악_창작국악,0940,창작국악,창작국악,창작국악,70,4/4,Ab / Fm,기품 있는(2) | 리듬감 있는(2) | 사색적인(2) | 우아한(2) | 절제된(2) | 차분한(2),318.857,4,"['가야금', '대금', '방울', '해금']","['가야금', '대금', '방울', '해금']",False,data/extracted/train/source/0940_창작국악_창작국악/0940_창작국악_창작국악_master.wav,48000,2,15305143,318.857,PCM_24,train
0941_창작국악_창작국악,0941,창작국악,창작국악,창작국악,50,4/4,Ab / Fm,명상적인(3) | 부드러운(2) | 아정한(2) | 우아한(2) | 절제된(2) | 차분한(4) | 평화로운(2),295.2,4,"['거문고', '단소', '대금', '양금']","['거문고', '단소', '대금', '양금']",False,data/extracted/val/source/0941_창작국악_창작국악/0941_창작국악_창작국악_master.wav,48000,2,14169600,295.2,PCM_24,train
0942_창작국악_창작국악,0942,창작국악,창작국악,창작국악,30,4/4,Ab / Fm,명상적인(2) | 잔잔한(2) | 절제된(5) | 차분한(4) | 품위 있는(2),344.0,2,"['가야금', '대금']","['가야금', '대금']",False,data/extracted/train/source/0942_창작국악_창작국악/0942_창작국악_창작국악_master.wav,48000,2,16512000,344.0,PCM_24,val
0943_창작국악_창작국악,0943,창작국악,창작국악,창작국악,20,4/4,Ab / Fm,시적인(2) | 우울감 있는(2) | 잔잔한(2) | 절제된(2) | 진지한(2) | 차분한(2) | 침울한(2),132.0,2,"['가야금', '대금']","['가야금', '대금']",False,data/extracted/train/source/0943_창작국악_창작국악/0943_창작국악_창작국악_master.wav,48000,2,6336000,132.0,PCM_24,val
0944_창작국악_창작국악,0944,창작국악,창작국악,창작국악,70,3/4,Eb / Cm,긴장감 넘치는(2) | 긴장된(2) | 불가사의한(2) | 불안한(2) | 서사적인(2) | 어두운(2) | 절제된(2) | 진지한(4) | 침울한(2),213.429,5,"['가야금', '가야금2', '거문고', '북', '아쟁']","['가야금', '가야금2', '거문고', '북', '아쟁']",False,data/extracted/train/source/0944_창작국악_창작국악/0944_창작국악_창작국악_master.wav,48000,2,10244572,213.429,PCM_24,train
0945_창작국악_창작국악,0945,창작국악,창작국악,창작국악,90,3/4,Eb / Cm,강렬한(2) | 강한(2) | 긴장감 넘치는(4) | 긴장된(3) | 다이내믹한(2) | 불안한(3) | 어두운(2) | 진지한(2) | 활달한(2),352.0,9,"['가야금', '가야금2', '거문고', '대금', '북', '아쟁', '아쟁2', '피리', '해금']","['가야금', '가야금2', '거문고', '대금', '북', '아쟁', '아쟁2', '피리', '해금']",False,data/extracted/train/source/0945_창작국악_창작국악/0945_창작국악_창작국악_master.wav,48000,2,16896000,352.0,PCM_24,test
0946_창작국악_창작국악,0946,창작국악,창작국악,창작국악,90,3/4,Eb / Cm,강렬한(2) | 리듬감 있는(2) | 서사적인(2) | 에너지 넘치는(3) | 조화로운(2),134.0,10,"['가야금', '가야금2', '거문고', '대금', '대금2', '북', '아쟁', '아쟁2', '피리', '해금']","['가야금', '가야금2', '거문고', '대금', '대금2', '북', '아쟁', '아쟁2', '피리', '해금']",False,data/extracted/train/source/0946_창작국악_창작국악/0946_창작국악_창작국악_master.wav,48000,2,6432000,134.0,PCM_24,train
0947_창작국악_창작국악,0947,창작국악,창작국악,창작국악,200,12/8,Eb / Cm,강렬한(2) | 다이내믹한(2) | 드라마틱한(4) | 리듬감 있는(3) | 서사적인(2) | 어두운(2) | 에너지 넘치는(3) | 의례적인(2) | 장엄한(2) | 활달한(2),331.2,11,"['가야금', '가야금2', '거문고', '대금', '대금2', '북', '아쟁', '아쟁2', '피리', '피리2', '해금']","['가야금', '가야금2', '거문고', '대금', '대금2', '북', '아쟁', '아쟁2', '피리', '피리2', '해금']",False,data/extracted/train/source/0947_창작국악_창작국악/0947_창작국악_창작국악_master.wav,48000,2,15897600,331.2,PCM_24,train
0948_창작국악_창작국악,0948,창작국악,창작국악,창작국악,80,3/4,G / Em,기품 있는(2) | 긴장된(2) | 장엄한(2) | 진지한(3),265.5,9,"['가야금', '거문고', '대금', '목탁', '북', '아쟁', '장구', '피리', '해금']","['가야금', '거문고', '대금', '목탁', '북', '아쟁', '장구', '피리', '해금']",False,data/extracted/train/source/0948_창작국악_창작국악/0948_창작국악_창작국악_master.wav,48000,2,12744000,265.5,PCM_24,train
0949_창작국악_창작국악,0949,창작국악,창작국악,창작국악,80,4/4,Eb / Cm,긴장감 넘치는(2) | 시적인(2) | 어두운(2) | 엄숙한(2) | 절제된(2) | 진지한(3),93.0,4,"['가야금', '대금', '북', '해금']","['가야금', '대금', '북', '해금']",False,data/extracted/train/source/0949_창작국악_창작국악/0949_창작국악_창작국악_master.wav,48000,2,4464000,93.0,PCM_24,train
0950_창작국악_창작국악,0950,창작국악,창작국악,창작국악,80,4/4,Ab / Fm,긴장감 넘치는(2) | 어두운(2) | 우울감 있는(2) | 절제된(2) | 진지한(2),102.0,4,"['가야금', '대금', '북', '해금']","['가야금', '대금', '북', '해금']",False,data/extracted/train/source/0950_창작국악_창작국악/0950_창작국악_창작국악_master.wav,48000,2,4896000,102.0,PCM_24,train
0951_창작국악_창작국악,0951,창작국악,창작국악,창작국악,160,6/8,Ab / Fm,기품 있는(2) | 따뜻한(3) | 리듬감 있는(2) | 여유로운(2) | 우아한(2) | 조화로운(2) | 평화로운(2) | 희망적인(2),153.0,4,"['가야금', '대금', '북', '해금']","['가야금', '대금', '북', '해금']",False,data/extracted/train/source/0951_창작국악_창작국악/0951_창작국악_창작국악_master.wav,48000,2,7344000,153.0,PCM_24,val
0953_창작국악_창작국악,0953,창작국악,창작국악,창작국악,140,6/8,Ab / Fm,쓸쓸한(2) | 우울감 있는(4) | 우울한(2) | 유려한(2) | 절제된(3) | 표현적인(2),120.857,4,"['가야금', '대금', '아쟁', '해금']","['가야금', '대금', '아쟁', '해금']",False,data/extracted/train/source/0953_창작국악_창작국악/0953_창작국악_창작국악_master.wav,48000,2,5801143,120.857,PCM_24,train
0954_창작국악_창작국악,0954,창작국악,창작국악,창작국악,30,4/4,F / Dm,기품 있는(2) | 쓸쓸한(2) | 엄숙한(2) | 유려한(2) | 절제된(3) | 진지한(2) | 차분한(2) | 표현적인(2) | 향토적인(3),264.0,8,"['가야금', '대금', '소금', '아쟁', '양금', '장구', '피리', '해금']","['가야금', '대금', '소금', '아쟁', '양금', '장구', '피리', '해금']",False,data/extracted/train/source/0954_창작국악_창작국악/0954_창작국악_창작국악_master.wav,48000,2,12672000,264.0,PCM_24,train
0955_창작국악_창작국악,0955,창작국악,창작국악,창작국악,200,12/8,F / Dm,사색적인(3) | 우울감 있는(2) | 차분한(3),248.4,8,"['가야금', '대금', '소금', '아쟁', '양금', '장구', '피리', '해금']","['가야금', '대금', '소금', '아쟁', '양금', '장구', '피리', '해금']",False,data/extracted/train/source/0955_창작국악_창작국악/0955_창작국악_창작국악_master.wav,48000,2,11923200,248.4,PCM_24,train
0956_창작국악_창작국악,0956,창작국악,창작국악,창작국악,80,4/4,F / Dm,긴장감 넘치는(2) | 불안한(2) | 서사적인(2) | 의례적인(2) | 절제된(2) | 진지한(2),132.0,8,"['가야금', '대금', '소금', '아쟁', '양금', '장구', '피리', '해금']","['가야금', '대금', '소금', '아쟁', '양금', '장구', '피리', '해금']",False,data/extracted/train/source/0956_창작국악_창작국악/0956_창작국악_창작국악_master.wav,48000,2,6336000,132.0,PCM_24,train
0957_창작국악_창작국악,0957,창작국악,창작국악,창작국악,40,4/4,Ab / Fm,기품 있는(2) | 명상적인(3) | 엄숙한(2) | 절제된(3) | 진지한(2) | 차분한(3),126.0,7,"['가야금', '거문고', '대금', '소금', '아쟁', '피리', '해금']","['가야금', '거문고', '대금', '소금', '아쟁', '피리', '해금']",False,data/extracted/train/source/0957_창작국악_창작국악/0957_창작국악_창작국악_master.wav,48000,2,6048000,126.0,PCM_24,train
0958_창작국악_창작국악,0958,창작국악,창작국악,창작국악,40,4/4,Eb / Cm,명상적인(2) | 어두운(3) | 우울감 있는(2) | 절제된(2) | 향수 어린(2),234.0,7,"['가야금', '거문고', '대금', '소금', '아쟁', '피리', '해금']","['가야금', '거문고', '대금', '소금', '아쟁', '피리', '해금']",False,data/extracted/train/source/0958_창작국악_창작국악/0958_창작국악_창작국악_master.wav,48000,2,11232000,234.0,PCM_24,train
0960_창작국악_창작국악,0960,창작국악,창작국악,창작국악,60,4/4,G / Em,리듬감 있는(2) | 명상적인(2) | 부드러운(3) | 사색적인(3) | 신비로운(2) | 우울감 있는(2) | 잔잔한(4),284.0,13,"['가야금', '거문고', '꽹과리', '단소', '대금', '북', '소금', '아쟁', '아쟁2', '양금', '장구', '피리', '해금']","['가야금', '거문고', '꽹과리', '단소', '대금', '북', '소금', '아쟁', '아쟁2', '양금', '장구', '피리', '해금']",False,data/extracted/val/source/0960_창작국악_창작국악/0960_창작국악_창작국악_master.wav,48000,2,13632000,284.0,PCM_24,train
0961_창작국악_창작국악,0961,창작국악,창작국악,창작국악,60,4/4,Bb / Gm,명상적인(2) | 애절한(2) | 어두운(3) | 차분한(2),328.0,11,"['가야금', '거문고', '꽹과리', '단소', '대금', '소금', '아쟁', '아쟁2', '장구', '피리', '해금']","['가야금', '거문고', '꽹과리', '단소', '대금', '소금', '아쟁', '아쟁2', '장구', '피리', '해금']",False,data/extracted/val/source/0961_창작국악_창작국악/0961_창작국악_창작국악_master.wav,48000,2,15744000,328.0,PCM_24,train
0962_창작국악_창작국악,0962,창작국악,창작국악,창작국악,220,12/8,C / Am,리듬감 있는(3) | 의례적인(2) | 차분한(2),101.455,14,"['가야금', '거문고', '꽹과리', '대금', '대금2', '북', '소금', '아쟁', '아쟁2', '장구', '피리', '피리2', '해금', '해금2']","['가야금', '거문고', '꽹과리', '대금', '대금2', '북', '소금', '아쟁', '아쟁2', '장구', '피리', '피리2', '해금', '해금2']",False,data/extracted/train/source/0962_창작국악_창작국악/0962_창작국악_창작국악_master.wav,48000,2,4869818,101.455,PCM_24,train
0963_창작국악_창작국악,0963,창작국악,창작국악,창작국악,220,12/8,G / Em,리듬감 있는(4) | 불안한(2),327.273,13,"['가야금', '거문고', '꽹과리', '대금', '북', '소금', '아쟁', '아쟁2', '장구', '피리', '피리2', '해금', '해금2']","['가야금', '거문고', '꽹과리', '대금', '북', '소금', '아쟁', '아쟁2', '장구', '피리', '피리2', '해금', '해금2']",False,data/extracted/val/source/0963_창작국악_창작국악/0963_창작국악_창작국악_master.wav,48000,2,15709090,327.273,PCM_24,val
0964_창작국악_창작국악,0964,창작국악,창작국악,창작국악,180,12/8,Ab / Fm,리듬감 있는(2) | 사색적인(2) | 여유로운(2) | 유려한(2) | 조화로운(3) | 차분한(2) | 평화로운(2),312.0,10,"['가야금', '거문고', '대금', '북', '소금', '아쟁', '아쟁2', '장구', '피리', '해금']","['가야금', '거문고', '대금', '북', '소금', '아쟁', '아쟁2', '장구', '피리', '해금']",False,data/extracted/train/source/0964_창작국악_창작국악/0964_창작국악_창작국악_master.wav,48000,2,14976000,312.0,PCM_24,train
0965_창작국악_창작국악,0965,창작국악,창작국악,창작국악,180,12/8,Ab / Fm,리듬감 있는(3) | 장엄한(2) | 진지한(2),308.0,11,"['가야금', '거문고', '대금', '북', '소금', '아쟁', '아쟁2', '장구', '피리', '해금', '해금2']","['가야금', '거문고', '대금', '북', '소금', '아쟁', '아쟁2', '장구', '피리', '해금', '해금2']",False,data/extracted/train/source/0965_창작국악_창작국악/0965_창작국악_창작국악_master.wav,48000,2,14784000,308.0,PCM_24,train
0966_창작국악_창작국악,0966,창작국악,창작국악,창작국악,180,6/8,Db / Bbm,리듬감 있는(3) | 절제된(2) | 진지한(3),116.0,7,"['가야금', '거문고', '대금', '아쟁', '아쟁2', '장구', '피리']","['가야금', '거문고', '대금', '아쟁', '아쟁2', '장구', '피리']",False,data/extracted/train/source/0966_창작국악_창작국악/0966_창작국악_창작국악_master.wav,48000,2,5568000,116.0,PCM_24,train
0967_창작국악_창작국악,0967,창작국악,창작국악,창작국악,180,6/8,Ab / Fm,리듬감 있는(2) | 신명난(2) | 엄숙한(2) | 절제된(2) | 진지한(2),98.0,10,"['가야금', '거문고', '대금', '북', '소금', '아쟁', '아쟁2', '장구', '피리', '해금']","['가야금', '거문고', '대금', '북', '소금', '아쟁', '아쟁2', '장구', '피리', '해금']",False,data/extracted/train/source/0967_창작국악_창작국악/0967_창작국악_창작국악_master.wav,48000,2,4704000,98.0,PCM_24,train
0968_창작국악_창작국악,0968,창작국악,창작국악,창작국악,220,12/8,Db / Bbm,경쾌한(3) | 긴장감 넘치는(2) | 리듬감 있는(4) | 불가사의한(2) | 절제된(2),258.545,12,"['가야금', '거문고', '대금', '대금2', '북', '소금', '아쟁', '아쟁2', '장구', '피리', '피리2', '해금']","['가야금', '거문고', '대금', '대금2', '북', '소금', '아쟁', '아쟁2', '장구', '피리', '피리2', '해금']",False,data/extracted/train/source/0968_창작국악_창작국악/0968_창작국악_창작국악_master.wav,48000,2,12410182,258.545,PCM_24,train
0970_창작국악_창작국악,0970,창작국악,창작국악,창작국악,280,12/8,Ab / Fm,강렬한(2) | 긴장감 넘치는(2) | 긴장된(2) | 다이내믹한(2) | 드라마틱한(2) | 리듬감 있는(2) | 어두운(2) | 진지한(2),131.143,11,"['가야금', '거문고', '대금', '북', '소금', '아쟁', '아쟁2', '장구', '피리', '피리2', '해금']","['가야금', '거문고', '대금', '북', '소금', '아쟁', '아쟁2', '장구', '피리', '피리2', '해금']",False,data/extracted/train/source/0970_창작국악_창작국악/0970_창작국악_창작국악_master.wav,48000,2,6294857,131.143,PCM_24,val
0971_창작국악_창작국악,0971,창작국악,창작국악,창작국악,120,4/4,Db / Bbm,강렬한(2) | 긴장감 넘치는(2) | 긴장된(2) | 다이내믹한(4) | 드라마틱한(3) | 리듬감 있는(2) | 진지한(2),132.0,12,"['가야금', '거문고', '대금', '북', '소금', '아쟁', '아쟁2', '장구', '태평소', '피리', '피리2', '해금']","['가야금', '거문고', '대금', '북', '소금', '아쟁', '아쟁2', '장구', '태평소', '피리', '피리2', '해금']",False,data/extracted/train/source/0971_창작국악_창작국악/0971_창작국악_창작국악_master.wav,48000,2,6336000,132.0,PCM_24,val
0972_창작국악_창작국악,0972,창작국악,창작국악,창작국악,100,2/4,Eb / Cm,강렬한(3) | 긴장감 넘치는(2) | 다이내믹한(5) | 리듬감 있는(3) | 신명난(2) | 신비로운(2) | 에너지 넘치는(2) | 활기찬(2),330.0,18,"['가야금', '가야금2', '거문고', '대금', '대금2', '북', '소금', '아쟁', '아쟁2', '아쟁3', '아쟁4', '양금', '장구', '태평소', '피리', '피리2', '해금', '해금2']","['가야금', '가야금2', '거문고', '대금', '대금2', '북', '소금', '아쟁', '아쟁2', '아쟁3', '아쟁4', '양금', '장구', '태평소', '피리', '피리2', '해금', '해금2']",False,data/extracted/train/source/0972_창작국악_창작국악/0972_창작국악_창작국악_master.wav,48000,2,15840000,330.0,PCM_24,train
0973_창작국악_창작국악,0973,창작국악,창작국악,창작국악,140,6/8,Eb / Cm,기품 있는(2) | 우울감 있는(2) | 절제된(2) | 조화로운(2) | 진지한(2) | 향수 어린(2),313.714,15,"['가야금', '거문고', '대금', '대금2', '북', '소금', '아쟁', '아쟁2', '아쟁3', '아쟁4', '양금', '장구', '피리', '해금', '해금2']","['가야금', '거문고', '대금', '대금2', '북', '소금', '아쟁', '아쟁2', '아쟁3', '아쟁4', '양금', '장구', '피리', '해금', '해금2']",False,data/extracted/train/source/0973_창작국악_창작국악/0973_창작국악_창작국악_master.wav,48000,2,15058286,313.714,PCM_24,train
0974_창작국악_창작국악,0974,창작국악,창작국악,창작국악,60,3/4,Eb / Cm,단아한(2) | 아정한(3) | 우아한(3) | 유려한(3) | 조화로운(2) | 차분한(2) | 향토적인(2),192.0,16,"['가야금', '거문고', '대금', '대금2', '북', '소금', '아쟁', '아쟁2', '아쟁3', '아쟁4', '양금', '장구', '피리', '피리2', '해금', '해금2']","['가야금', '거문고', '대금', '대금2', '북', '소금', '아쟁', '아쟁2', '아쟁3', '아쟁4', '양금', '장구', '피리', '피리2', '해금', '해금2']",False,data/extracted/train/source/0974_창작국악_창작국악/0974_창작국악_창작국악_master.wav,48000,2,9216000,192.0,PCM_24,train
0975_창작국악_창작국악,0975,창작국악,창작국악,창작국악,160,6/8,Eb / Cm,경쾌한(2) | 리듬감 있는(2) | 명랑한(2) | 신명난(2) | 에너지 넘치는(2) | 여유로운(2) | 평화로운(2) | 희망적인(2),290.25,17,"['가야금', '가야금2', '거문고', '대금', '대금2', '북', '소금', '아쟁', '아쟁2', '아쟁3', '양금', '장구', '태평소', '피리', '피리2', '해금', '해금2']","['가야금', '가야금2', '거문고', '대금', '대금2', '북', '소금', '아쟁', '아쟁2', '아쟁3', '양금', '장구', '태평소', '피리', '피리2', '해금', '해금2']",False,data/extracted/val/source/0975_창작국악_창작국악/0975_창작국악_창작국악_master.wav,48000,2,13932000,290.25,PCM_24,train
0976_창작국악_창작국악,0976,창작국악,창작국악,창작국악,240,12/8,Gb / Ebm,경쾌한(2) | 리듬감 있는(2) | 절제된(2) | 조화로운(2) | 차분한(2),294.0,1,['가야금'],['가야금'],False,data/extracted/train/source/0976_창작국악_창작국악/0976_창작국악_창작국악_master.wav,48000,2,14112000,294.0,PCM_24,train
0977_창작국악_창작국악,0977,창작국악,창작국악,창작국악,280,9/8,Eb / Cm,경쾌한(4) | 다이내믹한(2) | 리듬감 있는(4) | 명랑한(2) | 생기 있는(2) | 신명난(3) | 즐거운(3) | 축제적인(2) | 활기찬(3) | 희망찬(2),73.286,14,"['가야금', '가야금2', '거문고', '대금', '대금2', '바라', '북', '소금', '아쟁', '아쟁2', '장구', '피리', '피리2', '해금']","['가야금', '가야금2', '거문고', '대금', '대금2', '바라', '북', '소금', '아쟁', '아쟁2', '장구', '피리', '피리2', '해금']",False,data/extracted/train/source/0977_창작국악_창작국악/0977_창작국악_창작국악_master.wav,48000,2,3517714,73.286,PCM_24,train
0978_창작국악_창작국악,0978,창작국악,창작국악,창작국악,280,9/8,Ab / Fm,리듬감 있는(3) | 신비로운(3) | 우울감 있는(2) | 유려한(2) | 차분한(2),92.571,14,"['가야금', '가야금2', '거문고', '대금', '대금2', '바라', '북', '소금', '아쟁', '아쟁2', '장구', '피리', '피리2', '해금']","['가야금', '가야금2', '거문고', '대금', '대금2', '바라', '북', '소금', '아쟁', '아쟁2', '장구', '피리', '피리2', '해금']",False,data/extracted/train/source/0978_창작국악_창작국악/0978_창작국악_창작국악_master.wav,48000,2,4443429,92.571,PCM_24,train
0979_창작국악_창작국악,0979,창작국악,창작국악,창작국악,60,6/4,Ab / Fm,긴장감 넘치는(2) | 불안한(2) | 시적인(2) | 우울감 있는(2) | 절제된(2) | 진지한(3),204.0,14,"['가야금', '거문고', '단소', '대고', '대금', '대금2', '북', '아쟁2', '장구', '피리', '피리2', '피리3', '해금', '해금2']","['가야금', '거문고', '단소', '대고', '대금', '대금2', '북', '아쟁2', '장구', '피리', '피리2', '피리3', '해금', '해금2']",False,data/extracted/val/source/0979_창작국악_창작국악/0979_창작국악_창작국악_master.wav,48000,2,9792000,204.0,PCM_24,train
0980_창작국악_창작국악,0980,창작국악,창작국악,창작국악,70,3/4,Eb / Cm,강력한(2) | 강렬한(2) | 엄숙한(3) | 의례적인(2) | 절제된(2) | 진지한(3) | 표현적인(2),149.143,12,"['가야금', '거문고', '대고', '대금', '소금', '아쟁', '아쟁2', '양금', '장구', '태평소', '피리', '해금']","['가야금', '거문고', '대고', '대금', '소금', '아쟁', '아쟁2', '양금', '장구', '태평소', '피리', '해금']",False,data/extracted/train/source/0980_창작국악_창작국악/0980_창작국악_창작국악_master.wav,48000,2,7158857,149.143,PCM_24,train
0981_창작국악_창작국악,0981,창작국악,창작국악,창작국악,110,6/8,Eb / Cm,절제된(3) | 조화로운(2) | 진지한(3) | 품위 있는(4),278.182,12,"['가야금', '거문고', '대고', '대금', '소금', '아쟁', '아쟁2', '양금', '장구', '피리', '피리2', '해금']","['가야금', '거문고', '대고', '대금', '소금', '아쟁', '아쟁2', '양금', '장구', '피리', '피리2', '해금']",False,data/extracted/train/source/0981_창작국악_창작국악/0981_창작국악_창작국악_master.wav,48000,2,13352727,278.182,PCM_24,val
0982_창작국악_창작국악,0982,창작국악,창작국악,창작국악,70,6/4,G / Em,명상적인(2) | 부드러운(2) | 여유로운(2) | 잔잔한(2) | 절제된(4) | 차분한(2),174.857,9,"['가야금', '거문고', '단소', '대금', '아쟁', '양금', '장구', '피리', '해금']","['가야금', '거문고', '단소', '대금', '아쟁', '양금', '장구', '피리', '해금']",False,data/extracted/train/source/0982_창작국악_창작국악/0982_창작국악_창작국악_master.wav,48000,2,8393143,174.857,PCM_24,train
0984_창작국악_창작국악,0984,창작국악,창작국악,창작국악,100,4/4,Ab / Fm,강한(2) | 긴장된(2) | 애절한(2) | 어두운(2) | 우울감 있는(2) | 절제된(3),187.2,9,"['가야금', '거문고', '대고', '대금', '소금', '아쟁', '장구', '피리', '해금']","['가야금', '거문고', '대고', '대금', '소금', '아쟁', '장구', '피리', '해금']",False,data/extracted/train/source/0984_창작국악_창작국악/0984_창작국악_창작국악_master.wav,48000,2,8985600,187.2,PCM_24,train
0985_창작국악_창작국악,0985,창작국악,창작국악,창작국악,120,4/4,Eb / Cm,긴장된(2) | 리듬감 있는(4) | 절제된(2) | 차분한(2),350.0,11,"['가야금', '가야금2', '가야금3', '거문고', '대고', '대금', '소금', '아쟁', '장구', '피리', '해금']","['가야금', '가야금2', '가야금3', '거문고', '대고', '대금', '소금', '아쟁', '장구', '피리', '해금']",False,data/extracted/train/source/0985_창작국악_창작국악/0985_창작국악_창작국악_master.wav,48000,2,16800000,350.0,PCM_24,train
0986_창작국악_창작국악,0986,창작국악,창작국악,창작국악,130,5/4,Eb / Cm,귀여운(4) | 낭만적인(2) | 다정한(2) | 따뜻한(3) | 생기 있는(2) | 유쾌한(2) | 평화로운(2),189.231,4,"['가야금', '가야금2', '대금', '아쟁']","['가야금', '가야금2', '대금', '아쟁']",False,data/extracted/train/source/0986_창작국악_창작국악/0986_창작국악_창작국악_master.wav,48000,2,9083077,189.231,PCM_24,train
0987_창작국악_창작국악,0987,창작국악,창작국악,창작국악,160,12/8,Db / Bbm,우울감 있는(2) | 표현적인(2) | 향토적인(2),297.0,8,"['가야금', '거문고', '대금', '소금', '아쟁', '아쟁2', '피리', '해금']","['가야금', '거문고', '대금', '소금', '아쟁', '아쟁2', '피리', '해금']",False,data/extracted/val/source/0987_창작국악_창작국악/0987_창작국악_창작국악_master.wav,48000,2,14256000,297.0,PCM_24,val
0989_창작국악_창작국악,0989,창작국악,창작국악,창작국악,90,3/4,Eb / Cm,어두운(2) | 우울감 있는(3) | 유려한(2) | 조화로운(2) | 표현적인(2) | 향수 어린(2),106.0,9,"['가야금', '거문고', '대금', '소금', '아쟁', '피리', '피리2', '해금', '해금2']","['가야금', '거문고', '대금', '소금', '아쟁', '피리', '피리2', '해금', '해금2']",False,data/extracted/train/source/0989_창작국악_창작국악/0989_창작국악_창작국악_master.wav,48000,2,5088000,106.0,PCM_24,train
0990_창작국악_창작국악,0990,창작국악,창작국악,창작국악,90,3/4,Eb / Cm,강한(2) | 서사적인(2) | 에너지 넘치는(2) | 의례적인(2) | 진지한(2),96.0,11,"['가야금', '거문고', '대금', '대금2', '소금', '아쟁', '태평소', '피리', '피리2', '해금', '해금2']","['가야금', '거문고', '대금', '대금2', '소금', '아쟁', '태평소', '피리', '피리2', '해금', '해금2']",False,data/extracted/train/source/0990_창작국악_창작국악/0990_창작국악_창작국악_master.wav,48000,2,4608000,96.0,PCM_24,train
0992_창작국악_창작국악,0992,창작국악,창작국악,창작국악,220,12/8,Eb / Cm,우아한(2) | 유려한(2) | 절제된(2) | 조화로운(2) | 희망적인(2),379.636,7,"['가야금', '가야금2', '대금', '아쟁', '장구', '피리', '해금']","['가야금', '가야금2', '대금', '아쟁', '장구', '피리', '해금']",False,data/extracted/train/source/0992_창작국악_창작국악/0992_창작국악_창작국악_master.wav,48000,2,18222546,379.636,PCM_24,test
0993_창작국악_창작국악,0993,창작국악,창작국악,창작국악,65,3/4,Ab / Fm,쓸쓸한(3) | 엄숙한(2) | 우울감 있는(2) | 절제된(3) | 진지한(3) | 차분한(2) | 침울한(2) | 품위 있는(2),254.769,3,"['대금', '아쟁', '아쟁2']","['대금', '아쟁', '아쟁2']",False,data/extracted/train/source/0993_창작국악_창작국악/0993_창작국악_창작국악_master.wav,48000,2,12228923,254.769,PCM_24,train
0994_창작국악_창작국악,0994,창작국악,창작국악,창작국악,220,10/8,Bb / Gm,경쾌한(2) | 리듬감 있는(3) | 신명난(2) | 유려한(3) | 유쾌한(2) | 절제된(2) | 조화로운(3) | 향토적인(3),331.364,9,"['가야금', '거문고', '대고', '대금', '소금', '아쟁', '장구', '피리', '해금']","['가야금', '거문고', '대고', '대금', '소금', '아쟁', '장구', '피리', '해금']",False,data/extracted/train/source/0994_창작국악_창작국악/0994_창작국악_창작국악_master.wav,48000,2,15905455,331.364,PCM_24,train
0996_창작국악_창작국악,0996,창작국악,창작국악,창작국악,300,12/8,Db / Bbm,단아한(2) | 리듬감 있는(2) | 여유로운(2) | 조화로운(2) | 활기찬(2) | 희망적인(2),316.8,7,"['가야금', '거문고', '대금', '소금', '아쟁', '피리', '해금']","['가야금', '거문고', '대금', '소금', '아쟁', '피리', '해금']",False,data/extracted/train/source/0996_창작국악_창작국악/0996_창작국악_창작국악_master.wav,48000,2,15206400,316.8,PCM_24,train
0997_창작국악_창작국악,0997,창작국악,창작국악,창작국악,120,6/8,Eb / Cm,단아한(2) | 명상적인(2) | 절제된(2) | 차분한(4) | 침울한(2),318.0,4,"['대금', '아쟁', '피리', '해금']","['대금', '아쟁', '피리', '해금']",False,data/extracted/val/source/0997_창작국악_창작국악/0997_창작국악_창작국악_master.wav,48000,2,15264000,318.0,PCM_24,train
0998_창작국악_창작국악,0998,창작국악,창작국악,창작국악,100,4/4,Gb / Ebm,귀여운(3) | 부드러운(2) | 불안한(2) | 생기 있는(2),340.8,8,"['거문고', '대금', '대금2', '소금', '아쟁', '피리', '해금', '해금2']","['거문고', '대금', '대금2', '소금', '아쟁', '피리', '해금', '해금2']",False,data/extracted/train/source/0998_창작국악_창작국악/0998_창작국악_창작국악_master.wav,48000,2,16358400,340.8,PCM_24,train
0999_창작국악_창작국악,0999,창작국악,창작국악,창작국악,90,3/4,Eb / Cm,명상적인(3) | 사색적인(3) | 아정한(2) | 엄숙한(2) | 절제된(2) | 진지한(2) | 차분한(4),92.0,2,"['거문고', '대금']","['거문고', '대금']",False,data/extracted/val/source/0999_창작국악_창작국악/0999_창작국악_창작국악_master.wav,48000,2,4416000,92.0,PCM_24,train
1000_창작국악_창작국악,1000,창작국악,창작국악,창작국악,50,3/4,Ab / Fm,긴장감 넘치는(2) | 긴장된(3) | 다이내믹한(2) | 불안한(2) | 엄숙한(2) | 진지한(2),122.4,14,"['가야금', '거문고', '대고', '대금', '대금2', '목탁', '소금', '아쟁', '아쟁2', '아쟁3', '아쟁4', '장구', '피리', '해금']","['가야금', '거문고', '대고', '대금', '대금2', '목탁', '소금', '아쟁', '아쟁2', '아쟁3', '아쟁4', '장구', '피리', '해금']",False,data/extracted/train/source/1000_창작국악_창작국악/1000_창작국악_창작국악_master.wav,48000,2,5875200,122.4,PCM_24,train
1001_창작국악_창작국악,1001,창작국악,창작국악,창작국악,200,6/8,Eb / Cm,경쾌한(3) | 생기 있는(2) | 신명난(2) | 유려한(2) | 유쾌한(3) | 활기찬(3),291.6,10,"['가야금', '거문고', '대고', '대금', '소금', '아쟁', '아쟁2', '아쟁3', '장구', '해금']","['가야금', '거문고', '대고', '대금', '소금', '아쟁', '아쟁2', '아쟁3', '장구', '해금']",False,data/extracted/train/source/1001_창작국악_창작국악/1001_창작국악_창작국악_master.wav,48000,2,13996800,291.6,PCM_24,train
1002_창작국악_창작국악,1002,창작국악,창작국악,창작국악,200,6/8,Eb / Cm,따뜻한(2) | 리듬감 있는(3) | 즐거운(2) | 평화로운(2) | 활달한(2),329.4,9,"['가야금', '거문고', '대고', '대금', '소금', '아쟁', '아쟁2', '장구', '해금']","['가야금', '거문고', '대고', '대금', '소금', '아쟁', '아쟁2', '장구', '해금']",False,data/extracted/train/source/1002_창작국악_창작국악/1002_창작국악_창작국악_master.wav,48000,2,15811200,329.4,PCM_24,train
1003_창작국악_창작국악,1003,창작국악,창작국악,창작국악,160,6/8,Gb / Ebm,경쾌한(2) | 리듬감 있는(3) | 신명난(2) | 차분한(2) | 향토적인(3),342.0,10,"['가야금', '거문고', '대고', '대금', '소금', '아쟁', '아쟁2', '장구', '피리', '해금']","['가야금', '거문고', '대고', '대금', '소금', '아쟁', '아쟁2', '장구', '피리', '해금']",False,data/extracted/val/source/1003_창작국악_창작국악/1003_창작국악_창작국악_master.wav,48000,2,16416000,342.0,PCM_24,train
1004_창작국악_창작국악,1004,창작국악,창작국악,창작국악,280,12/8,Gb / Ebm,다이내믹한(3) | 리듬감 있는(3) | 신나는(2) | 신명난(2) | 진지한(2),300.857,10,"['가야금', '거문고', '대고', '대금', '소금', '아쟁', '아쟁2', '장구', '피리', '해금']","['가야금', '거문고', '대고', '대금', '소금', '아쟁', '아쟁2', '장구', '피리', '해금']",False,data/extracted/train/source/1004_창작국악_창작국악/1004_창작국악_창작국악_master.wav,48000,2,14441143,300.857,PCM_24,train
