song_id,num_id,genre_sub,instrument,instrument_base,instrument_major,stem_group_4,is_pansori,stem_path,sr,ch,frames,dur_s,subtype,split
0001_정악_풍류음악,0001,풍류음악,대금,대금,대금,관악,False,data/extracted/train/source/0001_정악_풍류음악/0001_정악_풍류음악_대금.wav,48000,2,12268800,255.6,PCM_24,train
0001_정악_풍류음악,0001,풍류음악,소금,소금,기타,관악,False,data/extracted/train/source/0001_정악_풍류음악/0001_정악_풍류음악_소금.wav,48000,2,12268800,255.6,PCM_24,train
0001_정악_풍류음악,0001,풍류음악,아쟁,아쟁,아쟁,찰현,False,data/extracted/train/source/0001_정악_풍류음악/0001_정악_풍류음악_아쟁.wav,48000,2,12268800,255.6,PCM_24,train
0001_정악_풍류음악,0001,풍류음악,장구,장구,타악기,타악,False,data/extracted/train/source/0001_정악_풍류음악/0001_정악_풍류음악_장구.wav,48000,2,12268800,255.6,PCM_24,train
0001_정악_풍류음악,0001,풍류음악,좌고,좌고,타악기,타악,False,data/extracted/train/source/0001_정악_풍류음악/0001_정악_풍류음악_좌고.wav,48000,2,12268800,255.6,PCM_24,train
0001_정악_풍류음악,0001,풍류음악,피리,피리,피리,관악,False,data/extracted/train/source/0001_정악_풍류음악/0001_정악_풍류음악_피리.wav,48000,2,12268800,255.6,PCM_24,train
0001_정악_풍류음악,0001,풍류음악,해금,해금,해금,찰현,False,data/extracted/train/source/0001_정악_풍류음악/0001_정악_풍류음악_해금.wav,48000,2,12268800,255.6,PCM_24,train
0002_정악_풍류음악,0002,풍류음악,대금,대금,대금,관악,False,data/extracted/train/source/0002_정악_풍류음악/0002_정악_풍류음악_대금.wav,48000,2,12643200,263.4,PCM_24,train
0002_정악_풍류음악,0002,풍류음악,소금,소금,기타,관악,False,data/extracted/train/source/0002_정악_풍류음악/0002_정악_풍류음악_소금.wav,48000,2,12643200,263.4,PCM_24,train
0002_정악_풍류음악,0002,풍류음악,아쟁,아쟁,아쟁,찰현,False,data/extracted/train/source/0002_정악_풍류음악/0002_정악_풍류음악_아쟁.wav,48000,2,12643200,263.4,PCM_24,train
0002_정악_풍류음악,0002,풍류음악,장구,장구,타악기,타악,False,data/extracted/train/source/0002_정악_풍류음악/0002_정악_풍류음악_장구.wav,48000,2,12643200,263.4,PCM_24,train
0002_정악_풍류음악,0002,풍류음악,좌고,좌고,타악기,타악,False,data/extracted/train/source/0002_정악_풍류음악/0002_정악_풍류음악_좌고.wav,48000,2,12643200,263.4,PCM_24,train
0002_정악_풍류음악,0002,풍류음악,피리,피리,피리,관악,False,data/extracted/train/source/0002_정악_풍류음악/0002_정악_풍류음악_피리.wav,48000,2,12643200,263.4,PCM_24,train
0002_정악_풍류음악,0002,풍류음악,해금,해금,해금,찰현,False,data/extracted/train/source/0002_정악_풍류음악/0002_정악_풍류음악_해금.wav,48000,2,12643200,263.4,PCM_24,train
0003_정악_풍류음악,0003,풍류음악,대금,대금,대금,관악,False,data/extracted/train/source/0003_정악_풍류음악/0003_정악_풍류음악_대금.wav,48000,2,10224000,213.0,PCM_24,train
0003_정악_풍류음악,0003,풍류음악,소금,소금,기타,관악,False,data/extracted/train/source/0003_정악_풍류음악/0003_정악_풍류음악_소금.wav,48000,2,10224000,213.0,PCM_24,train
0003_정악_풍류음악,0003,풍류음악,아쟁,아쟁,아쟁,찰현,False,data/extracted/train/source/0003_정악_풍류음악/0003_정악_풍류음악_아쟁.wav,48000,2,10224000,213.0,PCM_24,train
0003_정악_풍류음악,0003,풍류음악,장구,장구,타악기,타악,False,data/extracted/train/source/0003_정악_풍류음악/0003_정악_풍류음악_장구.wav,48000,2,10224000,213.0,PCM_24,train
0003_정악_풍류음악,0003,풍류음악,좌고,좌고,타악기,타악,False,data/extracted/train/source/0003_정악_풍류음악/0003_정악_풍류음악_좌고.wav,48000,2,10224000,213.0,PCM_24,train
0003_정악_풍류음악,0003,풍류음악,피리,피리,피리,관악,False,data/extracted/train/source/0003_정악_풍류음악/0003_정악_풍류음악_피리.wav,48000,2,10224000,213.0,PCM_24,train
0003_정악_풍류음악,0003,풍류음악,해금,해금,해금,찰현,False,data/extracted/train/source/0003_정악_풍류음악/0003_정악_풍류음악_해금.wav,48000,2,10224000,213.0,PCM_24,train
0004_정악_풍류음악,0004,풍류음악,대금,대금,대금,관악,False,data/extracted/val/source/0004_정악_풍류음악/0004_정악_풍류음악_대금.wav,48000,2,9244800,192.6,PCM_24,train
0004_정악_풍류음악,0004,풍류음악,소금,소금,기타,관악,False,data/extracted/val/source/0004_정악_풍류음악/0004_정악_풍류음악_소금.wav,48000,2,9244800,192.6,PCM_24,train
0004_정악_풍류음악,0004,풍류음악,아쟁,아쟁,아쟁,찰현,False,data/extracted/val/source/0004_정악_풍류음악/0004_정악_풍류음악_아쟁.wav,48000,2,9244800,192.6,PCM_24,train
0004_정악_풍류음악,0004,풍류음악,장구,장구,타악기,타악,False,data/extracted/val/source/0004_정악_풍류음악/0004_정악_풍류음악_장구.wav,48000,2,9244800,192.6,PCM_24,train
0004_정악_풍류음악,0004,풍류음악,좌고,좌고,타악기,타악,False,data/extracted/val/source/0004_정악_풍류음악/0004_정악_풍류음악_좌고.wav,48000,2,9244800,192.6,PCM_24,train
0004_정악_풍류음악,0004,풍류음악,피리,피리,피리,관악,False,data/extracted/val/source/0004_정악_풍류음악/0004_정악_풍류음악_피리.wav,48000,2,9244800,192.6,PCM_24,train
0004_정악_풍류음악,0004,풍류음악,해금,해금,해금,찰현,False,data/extracted/val/source/0004_정악_풍류음악/0004_정악_풍류음악_해금.wav,48000,2,9244800,192.6,PCM_24,train
0005_정악_풍류음악,0005,풍류음악,가야금,가야금,가야금,발현,False,data/extracted/train/source/0005_정악_풍류음악/0005_정악_풍류음악_가야금.wav,48000,2,10426943,217.228,PCM_24,train
0005_정악_풍류음악,0005,풍류음악,거문고,거문고,거문고,발현,False,data/extracted/train/source/0005_정악_풍류음악/0005_정악_풍류음악_거문고.wav,48000,2,10426943,217.228,PCM_24,train
0005_정악_풍류음악,0005,풍류음악,단소,단소,기타,관악,False,data/extracted/train/source/0005_정악_풍류음악/0005_정악_풍류음악_단소.wav,48000,2,10426943,217.228,PCM_24,train
0005_정악_풍류음악,0005,풍류음악,대금,대금,대금,관악,False,data/extracted/train/source/0005_정악_풍류음악/0005_정악_풍류음악_대금.wav,48000,2,10426943,217.228,PCM_24,train
0005_정악_풍류음악,0005,풍류음악,소금,소금,기타,관악,False,data/extracted/train/source/0005_정악_풍류음악/0005_정악_풍류음악_소금.wav,48000,2,10426943,217.228,PCM_24,train
0005_정악_풍류음악,0005,풍류음악,아쟁,아쟁,아쟁,찰현,False,data/extracted/train/source/0005_정악_풍류음악/0005_정악_풍류음악_아쟁.wav,48000,2,10426943,217.228,PCM_24,train
0005_정악_풍류음악,0005,풍류음악,양금,양금,양금,발현,False,data/extracted/train/source/0005_정악_풍류음악/0005_정악_풍류음악_양금.wav,48000,2,10426943,217.228,PCM_24,train
0005_정악_풍류음악,0005,풍류음악,장구,장구,타악기,타악,False,data/extracted/train/source/0005_정악_풍류음악/0005_정악_풍류음악_장구.wav,48000,2,10426943,217.228,PCM_24,train
0005_정악_풍류음악,0005,풍류음악,피리,피리,피리,관악,False,data/extracted/train/source/0005_정악_풍류음악/0005_정악_풍류음악_피리.wav,48000,2,10426943,217.228,PCM_24,train
0005_정악_풍류음악,0005,풍류음악,해금,해금,해금,찰현,False,data/extracted/train/source/0005_정악_풍류음악/0005_정악_풍류음악_해금.wav,48000,2,10426943,217.228,PCM_24,train
0006_정악_풍류음악,0006,풍류음악,가야금,가야금,가야금,발현,False,data/extracted/train/source/0006_정악_풍류음악/0006_정악_풍류음악_가야금.wav,48000,2,13852800,288.6,PCM_24,val
0006_정악_풍류음악,0006,풍류음악,거문고,거문고,거문고,발현,False,data/extracted/train/source/0006_정악_풍류음악/0006_정악_풍류음악_거문고.wav,48000,2,13852800,288.6,PCM_24,val
0006_정악_풍류음악,0006,풍류음악,단소,단소,기타,관악,False,data/extracted/train/source/0006_정악_풍류음악/0006_정악_풍류음악_단소.wav,48000,2,13852800,288.6,PCM_24,val
0006_정악_풍류음악,0006,풍류음악,대금,대금,대금,관악,False,data/extracted/train/source/0006_정악_풍류음악/0006_정악_풍류음악_대금.wav,48000,2,13852800,288.6,PCM_24,val
0006_정악_풍류음악,0006,풍류음악,소금,소금,기타,관악,False,data/extracted/train/source/0006_정악_풍류음악/0006_정악_풍류음악_소금.wav,48000,2,13852800,288.6,PCM_24,val
0006_정악_풍류음악,0006,풍류음악,아쟁,아쟁,아쟁,찰현,False,data/extracted/train/source/0006_정악_풍류음악/0006_정악_풍류음악_아쟁.wav,48000,2,13852800,288.6,PCM_24,val
0006_정악_풍류음악,0006,풍류음악,양금,양금,양금,발현,False,data/extracted/train/source/0006_정악_풍류음악/0006_정악_풍류음악_양금.wav,48000,2,13852800,288.6,PCM_24,val
0006_정악_풍류음악,0006,풍류음악,장구,장구,타악기,타악,False,data/extracted/train/source/0006_정악_풍류음악/0006_정악_풍류음악_장구.wav,48000,2,13852800,288.6,PCM_24,val
0006_정악_풍류음악,0006,풍류음악,피리,피리,피리,관악,False,data/extracted/train/source/0006_정악_풍류음악/0006_정악_풍류음악_피리.wav,48000,2,13852800,288.6,PCM_24,val
0006_정악_풍류음악,0006,풍류음악,해금,해금,해금,찰현,False,data/extracted/train/source/0006_정악_풍류음악/0006_정악_풍류음악_해금.wav,48000,2,13852800,288.6,PCM_24,val
0008_정악_풍류음악,0008,풍류음악,가야금,가야금,가야금,발현,False,data/extracted/train/source/0008_정악_풍류음악/0008_정악_풍류음악_가야금.wav,48000,2,10454400,217.8,PCM_24,train
0008_정악_풍류음악,0008,풍류음악,거문고,거문고,거문고,발현,False,data/extracted/train/source/0008_정악_풍류음악/0008_정악_풍류음악_거문고.wav,48000,2,10454400,217.8,PCM_24,train
0008_정악_풍류음악,0008,풍류음악,단소,단소,기타,관악,False,data/extracted/train/source/0008_정악_풍류음악/0008_정악_풍류음악_단소.wav,48000,2,10454400,217.8,PCM_24,train
0008_정악_풍류음악,0008,풍류음악,대금,대금,대금,관악,False,data/extracted/train/source/0008_정악_풍류음악/0008_정악_풍류음악_대금.wav,48000,2,10454400,217.8,PCM_24,train
0008_정악_풍류음악,0008,풍류음악,소금,소금,기타,관악,False,data/extracted/train/source/0008_정악_풍류음악/0008_정악_풍류음악_소금.wav,48000,2,10454400,217.8,PCM_24,train
0008_정악_풍류음악,0008,풍류음악,아쟁,아쟁,아쟁,찰현,False,data/extracted/train/source/0008_정악_풍류음악/0008_정악_풍류음악_아쟁.wav,48000,2,10454400,217.8,PCM_24,train
0008_정악_풍류음악,0008,풍류음악,양금,양금,양금,발현,False,data/extracted/train/source/0008_정악_풍류음악/0008_정악_풍류음악_양금.wav,48000,2,10454400,217.8,PCM_24,train
0008_정악_풍류음악,0008,풍류음악,장구,장구,타악기,타악,False,data/extracted/train/source/0008_정악_풍류음악/0008_정악_풍류음악_장구.wav,48000,2,10454400,217.8,PCM_24,train
0008_정악_풍류음악,0008,풍류음악,피리,피리,피리,관악,False,data/extracted/train/source/0008_정악_풍류음악/0008_정악_풍류음악_피리.wav,48000,2,10454400,217.8,PCM_24,train
0008_정악_풍류음악,0008,풍류음악,해금,해금,해금,찰현,False,data/extracted/train/source/0008_정악_풍류음악/0008_정악_풍류음악_해금.wav,48000,2,10454400,217.8,PCM_24,train
0009_정악_풍류음악,0009,풍류음악,가야금,가야금,가야금,발현,False,data/extracted/train/source/0009_정악_풍류음악/0009_정악_풍류음악_가야금.wav,48000,2,5256000,109.5,PCM_24,train
0009_정악_풍류음악,0009,풍류음악,거문고,거문고,거문고,발현,False,data/extracted/train/source/0009_정악_풍류음악/0009_정악_풍류음악_거문고.wav,48000,2,5256000,109.5,PCM_24,train
0009_정악_풍류음악,0009,풍류음악,단소,단소,기타,관악,False,data/extracted/train/source/0009_정악_풍류음악/0009_정악_풍류음악_단소.wav,48000,2,5256000,109.5,PCM_24,train
0009_정악_풍류음악,0009,풍류음악,대금,대금,대금,관악,False,data/extracted/train/source/0009_정악_풍류음악/0009_정악_풍류음악_대금.wav,48000,2,5256000,109.5,PCM_24,train
0009_정악_풍류음악,0009,풍류음악,양금,양금,양금,발현,False,data/extracted/train/source/0009_정악_풍류음악/0009_정악_풍류음악_양금.wav,48000,2,5256000,109.5,PCM_24,train
0009_정악_풍류음악,0009,풍류음악,장구,장구,타악기,타악,False,data/extracted/train/source/0009_정악_풍류음악/0009_정악_풍류음악_장구.wav,48000,2,5256000,109.5,PCM_24,train
0009_정악_풍류음악,0009,풍류음악,피리,피리,피리,관악,False,data/extracted/train/source/0009_정악_풍류음악/0009_정악_풍류음악_피리.wav,48000,2,5256000,109.5,PCM_24,train
0009_정악_풍류음악,0009,풍류음악,해금,해금,해금,찰현,False,data/extracted/train/source/0009_정악_풍류음악/0009_정악_풍류음악_해금.wav,48000,2,5256000,109.5,PCM_24,train
0010_정악_풍류음악,0010,풍류음악,가야금,가야금,가야금,발현,False,data/extracted/train/source/0010_정악_풍류음악/0010_정악_풍류음악_가야금.wav,48000,2,7027200,146.4,PCM_24,train
0010_정악_풍류음악,0010,풍류음악,거문고,거문고,거문고,발현,False,data/extracted/train/source/0010_정악_풍류음악/0010_정악_풍류음악_거문고.wav,48000,2,7027200,146.4,PCM_24,train
0010_정악_풍류음악,0010,풍류음악,단소,단소,기타,관악,False,data/extracted/train/source/0010_정악_풍류음악/0010_정악_풍류음악_단소.wav,48000,2,7027200,146.4,PCM_24,train
0010_정악_풍류음악,0010,풍류음악,대금,대금,대금,관악,False,data/extracted/train/source/0010_정악_풍류음악/0010_정악_풍류음악_대금.wav,48000,2,7027200,146.4,PCM_24,train
0010_정악_풍류음악,0010,풍류음악,양금,양금,양금,발현,False,data/extracted/train/source/0010_정악_풍류음악/0010_정악_풍류음악_양금.wav,48000,2,7027200,146.4,PCM_24,train
0010_정악_풍류음악,0010,풍류음악,장구,장구,타악기,타악,False,data/extracted/train/source/0010_정악_풍류음악/0010_정악_풍류음악_장구.wav,48000,2,7027200,146.4,PCM_24,train
0010_정악_풍류음악,0010,풍류음악,피리,피리,피리,관악,False,data/extracted/train/source/0010_정악_풍류음악/0010_정악_풍류음악_피리.wav,48000,2,7027200,146.4,PCM_24,train
0010_정악_풍류음악,0010,풍류음악,해금,해금,해금,찰현,False,data/extracted/train/source/0010_정악_풍류음악/0010_정악_풍류음악_해금.wav,48000,2,7027200,146.4,PCM_24,train
0011_정악_풍류음악,0011,풍류음악,가야금,가야금,가야금,발현,False,data/extracted/train/source/0011_정악_풍류음악/0011_정악_풍류음악_가야금.wav,48000,2,7012800,146.1,PCM_24,train
0011_정악_풍류음악,0011,풍류음악,거문고,거문고,거문고,발현,False,data/extracted/train/source/0011_정악_풍류음악/0011_정악_풍류음악_거문고.wav,48000,2,7012800,146.1,PCM_24,train
0011_정악_풍류음악,0011,풍류음악,단소,단소,기타,관악,False,data/extracted/train/source/0011_정악_풍류음악/0011_정악_풍류음악_단소.wav,48000,2,7012800,146.1,PCM_24,train
0011_정악_풍류음악,0011,풍류음악,대금,대금,대금,관악,False,data/extracted/train/source/0011_정악_풍류음악/0011_정악_풍류음악_대금.wav,48000,2,7012800,146.1,PCM_24,train
0011_정악_풍류음악,0011,풍류음악,양금,양금,양금,발현,False,data/extracted/train/source/0011_정악_풍류음악/0011_정악_풍류음악_양금.wav,48000,2,7012800,146.1,PCM_24,train
0011_정악_풍류음악,0011,풍류음악,장구,장구,타악기,타악,False,data/extracted/train/source/0011_정악_풍류음악/0011_정악_풍류음악_장구.wav,48000,2,7012800,146.1,PCM_24,train
0011_정악_풍류음악,0011,풍류음악,피리,피리,피리,관악,False,data/extracted/train/source/0011_정악_풍류음악/0011_정악_풍류음악_피리.wav,48000,2,7012800,146.1,PCM_24,train
0011_정악_풍류음악,0011,풍류음악,해금,해금,해금,찰현,False,data/extracted/train/source/0011_정악_풍류음악/0011_정악_풍류음악_해금.wav,48000,2,7012800,146.1,PCM_24,train
0012_정악_풍류음악,0012,풍류음악,가야금,가야금,가야금,발현,False,data/extracted/val/source/0012_정악_풍류음악/0012_정악_풍류음악_가야금.wav,48000,2,10440000,217.5,PCM_24,train
0012_정악_풍류음악,0012,풍류음악,거문고,거문고,거문고,발현,False,data/extracted/val/source/0012_정악_풍류음악/0012_정악_풍류음악_거문고.wav,48000,2,10440000,217.5,PCM_24,train
0012_정악_풍류음악,0012,풍류음악,단소,단소,기타,관악,False,data/extracted/val/source/0012_정악_풍류음악/0012_정악_풍류음악_단소.wav,48000,2,10440000,217.5,PCM_24,train
0012_정악_풍류음악,0012,풍류음악,대금,대금,대금,관악,False,data/extracted/val/source/0012_정악_풍류음악/0012_정악_풍류음악_대금.wav,48000,2,10440000,217.5,PCM_24,train
0012_정악_풍류음악,0012,풍류음악,양금,양금,양금,발현,False,data/extracted/val/source/0012_정악_풍류음악/0012_정악_풍류음악_양금.wav,48000,2,10440000,217.5,PCM_24,train
0012_정악_풍류음악,0012,풍류음악,장구,장구,타악기,타악,False,data/extracted/val/source/0012_정악_풍류음악/0012_정악_풍류음악_장구.wav,48000,2,10440000,217.5,PCM_24,train
0012_정악_풍류음악,0012,풍류음악,피리,피리,피리,관악,False,data/extracted/val/source/0012_정악_풍류음악/0012_정악_풍류음악_피리.wav,48000,2,10440000,217.5,PCM_24,train
0012_정악_풍류음악,0012,풍류음악,해금,해금,해금,찰현,False,data/extracted/val/source/0012_정악_풍류음악/0012_정악_풍류음악_해금.wav,48000,2,10440000,217.5,PCM_24,train
0013_정악_풍류음악,0013,풍류음악,대금,대금,대금,관악,False,data/extracted/train/source/0013_정악_풍류음악/0013_정악_풍류음악_대금.wav,48000,2,12355200,257.4,PCM_24,train
0013_정악_풍류음악,0013,풍류음악,소금,소금,기타,관악,False,data/extracted/train/source/0013_정악_풍류음악/0013_정악_풍류음악_소금.wav,48000,2,12355200,257.4,PCM_24,train
0013_정악_풍류음악,0013,풍류음악,아쟁,아쟁,아쟁,찰현,False,data/extracted/train/source/0013_정악_풍류음악/0013_정악_풍류음악_아쟁.wav,48000,2,12355200,257.4,PCM_24,train
0013_정악_풍류음악,0013,풍류음악,장구,장구,타악기,타악,False,data/extracted/train/source/0013_정악_풍류음악/0013_정악_풍류음악_장구.wav,48000,2,12355200,257.4,PCM_24,train
0013_정악_풍류음악,0013,풍류음악,좌고,좌고,타악기,타악,False,data/extracted/train/source/0013_정악_풍류음악/0013_정악_풍류음악_좌고.wav,48000,2,12355200,257.4,PCM_24,train
0013_정악_풍류음악,0013,풍류음악,피리,피리,피리,관악,False,data/extracted/train/source/0013_정악_풍류음악/0013_정악_풍류음악_피리.wav,48000,2,12355200,257.4,PCM_24,train
0013_정악_풍류음악,0013,풍류음악,해금,해금,해금,찰현,False,data/extracted/train/source/0013_정악_풍류음악/0013_정악_풍류음악_해금.wav,48000,2,12355200,257.4,PCM_24,train
0014_정악_풍류음악,0014,풍류음악,대금,대금,대금,관악,False,data/extracted/train/source/0014_정악_풍류음악/0014_정악_풍류음악_대금.wav,48000,2,12038400,250.8,PCM_24,train
0014_정악_풍류음악,0014,풍류음악,소금,소금,기타,관악,False,data/extracted/train/source/0014_정악_풍류음악/0014_정악_풍류음악_소금.wav,48000,2,12038400,250.8,PCM_24,train
0014_정악_풍류음악,0014,풍류음악,아쟁,아쟁,아쟁,찰현,False,data/extracted/train/source/0014_정악_풍류음악/0014_정악_풍류음악_아쟁.wav,48000,2,12038400,250.8,PCM_24,train
0014_정악_풍류음악,0014,풍류음악,장구,장구,타악기,타악,False,data/extracted/train/source/0014_정악_풍류음악/0014_정악_풍류음악_장구.wav,48000,2,12038400,250.8,PCM_24,train
0014_정악_풍류음악,0014,풍류음악,좌고,좌고,타악기,타악,False,data/extracted/train/source/0014_정악_풍류음악/0014_정악_풍류음악_좌고.wav,48000,2,12038400,250.8,PCM_24,train
0014_정악_풍류음악,0014,풍류음악,피리,피리,피리,관악,False,data/extracted/train/source/0014_정악_풍류음악/0014_정악_풍류음악_피리.wav,48000,2,12038400,250.8,PCM_24,train
0014_정악_풍류음악,0014,풍류음악,해금,해금,해금,찰현,False,data/extracted/train/source/0014_정악_풍류음악/0014_정악_풍류음악_해금.wav,48000,2,12038400,250.8,PCM_24,train
0015_정악_풍류음악,0015,풍류음악,대금,대금,대금,관악,False,data/extracted/train/source/0015_정악_풍류음악/0015_정악_풍류음악_대금.wav,48000,2,8899200,185.4,PCM_24,train
0015_정악_풍류음악,0015,풍류음악,소금,소금,기타,관악,False,data/extracted/train/source/0015_정악_풍류음악/0015_정악_풍류음악_소금.wav,48000,2,8899200,185.4,PCM_24,train
0015_정악_풍류음악,0015,풍류음악,아쟁,아쟁,아쟁,찰현,False,data/extracted/train/source/0015_정악_풍류음악/0015_정악_풍류음악_아쟁.wav,48000,2,8899200,185.4,PCM_24,train
0015_정악_풍류음악,0015,풍류음악,장구,장구,타악기,타악,False,data/extracted/train/source/0015_정악_풍류음악/0015_정악_풍류음악_장구.wav,48000,2,8899200,185.4,PCM_24,train
0015_정악_풍류음악,0015,풍류음악,좌고,좌고,타악기,타악,False,data/extracted/train/source/0015_정악_풍류음악/0015_정악_풍류음악_좌고.wav,48000,2,8899200,185.4,PCM_24,train
0015_정악_풍류음악,0015,풍류음악,피리,피리,피리,관악,False,data/extracted/train/source/0015_정악_풍류음악/0015_정악_풍류음악_피리.wav,48000,2,8899200,185.4,PCM_24,train
0015_정악_풍류음악,0015,풍류음악,해금,해금,해금,찰현,False,data/extracted/train/source/0015_정악_풍류음악/0015_정악_풍류음악_해금.wav,48000,2,8899200,185.4,PCM_24,train
0016_정악_풍류음악,0016,풍류음악,대금,대금,대금,관악,False,data/extracted/train/source/0016_정악_풍류음악/0016_정악_풍류음악_대금.wav,48000,2,8899200,185.4,PCM_24,train
0016_정악_풍류음악,0016,풍류음악,소금,소금,기타,관악,False,data/extracted/train/source/0016_정악_풍류음악/0016_정악_풍류음악_소금.wav,48000,2,8899200,185.4,PCM_24,train
0016_정악_풍류음악,0016,풍류음악,아쟁,아쟁,아쟁,찰현,False,data/extracted/train/source/0016_정악_풍류음악/0016_정악_풍류음악_아쟁.wav,48000,2,8899200,185.4,PCM_24,train
0016_정악_풍류음악,0016,풍류음악,장구,장구,타악기,타악,False,data/extracted/train/source/0016_정악_풍류음악/0016_정악_풍류음악_장구.wav,48000,2,8899200,185.4,PCM_24,train
0016_정악_풍류음악,0016,풍류음악,좌고,좌고,타악기,타악,False,data/extracted/train/source/0016_정악_풍류음악/0016_정악_풍류음악_좌고.wav,48000,2,8899200,185.4,PCM_24,train
0016_정악_풍류음악,0016,풍류음악,피리,피리,피리,관악,False,data/extracted/train/source/0016_정악_풍류음악/0016_정악_풍류음악_피리.wav,48000,2,8899200,185.4,PCM_24,train
0016_정악_풍류음악,0016,풍류음악,해금,해금,해금,찰현,False,data/extracted/train/source/0016_정악_풍류음악/0016_정악_풍류음악_해금.wav,48000,2,8899200,185.4,PCM_24,train
0017_정악_풍류음악,0017,풍류음악,대금,대금,대금,관악,False,data/extracted/train/source/0017_정악_풍류음악/0017_정악_풍류음악_대금.wav,48000,2,12873600,268.2,PCM_24,val
0017_정악_풍류음악,0017,풍류음악,소금,소금,기타,관악,False,data/extracted/train/source/0017_정악_풍류음악/0017_정악_풍류음악_소금.wav,48000,2,12873600,268.2,PCM_24,val
0017_정악_풍류음악,0017,풍류음악,아쟁,아쟁,아쟁,찰현,False,data/extracted/train/source/0017_정악_풍류음악/0017_정악_풍류음악_아쟁.wav,48000,2,12873600,268.2,PCM_24,val
0017_정악_풍류음악,0017,풍류음악,장구,장구,타악기,타악,False,data/extracted/train/source/0017_정악_풍류음악/0017_정악_풍류음악_장구.wav,48000,2,12873600,268.2,PCM_24,val
0017_정악_풍류음악,0017,풍류음악,좌고,좌고,타악기,타악,False,data/extracted/train/source/0017_정악_풍류음악/0017_정악_풍류음악_좌고.wav,48000,2,12873600,268.2,PCM_24,val
0017_정악_풍류음악,0017,풍류음악,피리,피리,피리,관악,False,data/extracted/train/source/0017_정악_풍류음악/0017_정악_풍류음악_피리.wav,48000,2,12873600,268.2,PCM_24,val
0017_정악_풍류음악,0017,풍류음악,해금,해금,해금,찰현,False,data/extracted/train/source/0017_정악_풍류음악/0017_정악_풍류음악_해금.wav,48000,2,12873600,268.2,PCM_24,val
0018_정악_풍류음악,0018,풍류음악,가야금,가야금,가야금,발현,False,data/extracted/train/source/0018_정악_풍류음악/0018_정악_풍류음악_가야금.wav,48000,2,13852800,288.6,PCM_24,train
0018_정악_풍류음악,0018,풍류음악,거문고,거문고,거문고,발현,False,data/extracted/train/source/0018_정악_풍류음악/0018_정악_풍류음악_거문고.wav,48000,2,13852800,288.6,PCM_24,train
0018_정악_풍류음악,0018,풍류음악,단소,단소,기타,관악,False,data/extracted/train/source/0018_정악_풍류음악/0018_정악_풍류음악_단소.wav,48000,2,13852800,288.6,PCM_24,train
0018_정악_풍류음악,0018,풍류음악,대금,대금,대금,관악,False,data/extracted/train/source/0018_정악_풍류음악/0018_정악_풍류음악_대금.wav,48000,2,13852800,288.6,PCM_24,train
0018_정악_풍류음악,0018,풍류음악,소금,소금,기타,관악,False,data/extracted/train/source/0018_정악_풍류음악/0018_정악_풍류음악_소금.wav,48000,2,13852800,288.6,PCM_24,train
0018_정악_풍류음악,0018,풍류음악,아쟁,아쟁,아쟁,찰현,False,data/extracted/train/source/0018_정악_풍류음악/0018_정악_풍류음악_아쟁.wav,48000,2,13852800,288.6,PCM_24,train
0018_정악_풍류음악,0018,풍류음악,양금,양금,양금,발현,False,data/extracted/train/source/0018_정악_풍류음악/0018_정악_풍류음악_양금.wav,48000,2,13852800,288.6,PCM_24,train
0018_정악_풍류음악,0018,풍류음악,장구,장구,타악기,타악,False,data/extracted/train/source/0018_정악_풍류음악/0018_정악_풍류음악_장구.wav,48000,2,13852800,288.6,PCM_24,train
0018_정악_풍류음악,0018,풍류음악,피리,피리,피리,관악,False,data/extracted/train/source/0018_정악_풍류음악/0018_정악_풍류음악_피리.wav,48000,2,13852800,288.6,PCM_24,train
0018_정악_풍류음악,0018,풍류음악,해금,해금,해금,찰현,False,data/extracted/train/source/0018_정악_풍류음악/0018_정악_풍류음악_해금.wav,48000,2,13852800,288.6,PCM_24,train
0019_정악_풍류음악,0019,풍류음악,가야금,가야금,가야금,발현,False,data/extracted/train/source/0019_정악_풍류음악/0019_정악_풍류음악_가야금.wav,48000,2,13881600,289.2,PCM_24,train
0019_정악_풍류음악,0019,풍류음악,거문고,거문고,거문고,발현,False,data/extracted/train/source/0019_정악_풍류음악/0019_정악_풍류음악_거문고.wav,48000,2,13881600,289.2,PCM_24,train
0019_정악_풍류음악,0019,풍류음악,단소,단소,기타,관악,False,data/extracted/train/source/0019_정악_풍류음악/0019_정악_풍류음악_단소.wav,48000,2,13881600,289.2,PCM_24,train
0019_정악_풍류음악,0019,풍류음악,대금,대금,대금,관악,False,data/extracted/train/source/0019_정악_풍류음악/0019_정악_풍류음악_대금.wav,48000,2,13881600,289.2,PCM_24,train
0019_정악_풍류음악,0019,풍류음악,소금,소금,기타,관악,False,data/extracted/train/source/0019_정악_풍류음악/0019_정악_풍류음악_소금.wav,48000,2,13881600,289.2,PCM_24,train
0019_정악_풍류음악,0019,풍류음악,아쟁,아쟁,아쟁,찰현,False,data/extracted/train/source/0019_정악_풍류음악/0019_정악_풍류음악_아쟁.wav,48000,2,13881600,289.2,PCM_24,train
0019_정악_풍류음악,0019,풍류음악,양금,양금,양금,발현,False,data/extracted/train/source/0019_정악_풍류음악/0019_정악_풍류음악_양금.wav,48000,2,13881600,289.2,PCM_24,train
0019_정악_풍류음악,0019,풍류음악,장구,장구,타악기,타악,False,data/extracted/train/source/0019_정악_풍류음악/0019_정악_풍류음악_장구.wav,48000,2,13881600,289.2,PCM_24,train
0019_정악_풍류음악,0019,풍류음악,피리,피리,피리,관악,False,data/extracted/train/source/0019_정악_풍류음악/0019_정악_풍류음악_피리.wav,48000,2,13881600,289.2,PCM_24,train
0019_정악_풍류음악,0019,풍류음악,해금,해금,해금,찰현,False,data/extracted/train/source/0019_정악_풍류음악/0019_정악_풍류음악_해금.wav,48000,2,13881600,289.2,PCM_24,train
0020_정악_풍류음악,0020,풍류음악,가야금,가야금,가야금,발현,False,data/extracted/train/source/0020_정악_풍류음악/0020_정악_풍류음악_가야금.wav,48000,2,5212800,108.6,PCM_24,train
0020_정악_풍류음악,0020,풍류음악,거문고,거문고,거문고,발현,False,data/extracted/train/source/0020_정악_풍류음악/0020_정악_풍류음악_거문고.wav,48000,2,5212800,108.6,PCM_24,train
0020_정악_풍류음악,0020,풍류음악,단소,단소,기타,관악,False,data/extracted/train/source/0020_정악_풍류음악/0020_정악_풍류음악_단소.wav,48000,2,5212800,108.6,PCM_24,train
0020_정악_풍류음악,0020,풍류음악,대금,대금,대금,관악,False,data/extracted/train/source/0020_정악_풍류음악/0020_정악_풍류음악_대금.wav,48000,2,5212800,108.6,PCM_24,train
0020_정악_풍류음악,0020,풍류음악,소금,소금,기타,관악,False,data/extracted/train/source/0020_정악_풍류음악/0020_정악_풍류음악_소금.wav,48000,2,5212800,108.6,PCM_24,train
0020_정악_풍류음악,0020,풍류음악,아쟁,아쟁,아쟁,찰현,False,data/extracted/train/source/0020_정악_풍류음악/0020_정악_풍류음악_아쟁.wav,48000,2,5212800,108.6,PCM_24,train
0020_정악_풍류음악,0020,풍류음악,양금,양금,양금,발현,False,data/extracted/train/source/0020_정악_풍류음악/0020_정악_풍류음악_양금.wav,48000,2,5212800,108.6,PCM_24,train
0020_정악_풍류음악,0020,풍류음악,장구,장구,타악기,타악,False,data/extracted/train/source/0020_정악_풍류음악/0020_정악_풍류음악_장구.wav,48000,2,5212800,108.6,PCM_24,train
0020_정악_풍류음악,0020,풍류음악,피리,피리,피리,관악,False,data/extracted/train/source/0020_정악_풍류음악/0020_정악_풍류음악_피리.wav,48000,2,5212800,108.6,PCM_24,train
0020_정악_풍류음악,0020,풍류음악,해금,해금,해금,찰현,False,data/extracted/train/source/0020_정악_풍류음악/0020_정악_풍류음악_해금.wav,48000,2,5212800,108.6,PCM_24,train
0021_정악_풍류음악,0021,풍류음악,가야금,가야금,가야금,발현,False,data/extracted/train/source/0021_정악_풍류음악/0021_정악_풍류음악_가야금.wav,48000,2,5212800,108.6,PCM_24,train
0021_정악_풍류음악,0021,풍류음악,거문고,거문고,거문고,발현,False,data/extracted/train/source/0021_정악_풍류음악/0021_정악_풍류음악_거문고.wav,48000,2,5212800,108.6,PCM_24,train
0021_정악_풍류음악,0021,풍류음악,단소,단소,기타,관악,False,data/extracted/train/source/0021_정악_풍류음악/0021_정악_풍류음악_단소.wav,48000,2,5212800,108.6,PCM_24,train
0021_정악_풍류음악,0021,풍류음악,대금,대금,대금,관악,False,data/extracted/train/source/0021_정악_풍류음악/0021_정악_풍류음악_대금.wav,48000,2,5212800,108.6,PCM_24,train
0021_정악_풍류음악,0021,풍류음악,소금,소금,기타,관악,False,data/extracted/train/source/0021_정악_풍류음악/0021_정악_풍류음악_소금.wav,48000,2,5212800,108.6,PCM_24,train
0021_정악_풍류음악,0021,풍류음악,아쟁,아쟁,아쟁,찰현,False,data/extracted/train/source/0021_정악_풍류음악/0021_정악_풍류음악_아쟁.wav,48000,2,5212800,108.6,PCM_24,train
0021_정악_풍류음악,0021,풍류음악,양금,양금,양금,발현,False,data/extracted/train/source/0021_정악_풍류음악/0021_정악_풍류음악_양금.wav,48000,2,5212800,108.6,PCM_24,train
0021_정악_풍류음악,0021,풍류음악,장구,장구,타악기,타악,False,data/extracted/train/source/0021_정악_풍류음악/0021_정악_풍류음악_장구.wav,48000,2,5212800,108.6,PCM_24,train
0021_정악_풍류음악,0021,풍류음악,피리,피리,피리,관악,False,data/extracted/train/source/0021_정악_풍류음악/0021_정악_풍류음악_피리.wav,48000,2,5212800,108.6,PCM_24,train
0021_정악_풍류음악,0021,풍류음악,해금,해금,해금,찰현,False,data/extracted/train/source/0021_정악_풍류음악/0021_정악_풍류음악_해금.wav,48000,2,5212800,108.6,PCM_24,train
0022_정악_풍류음악,0022,풍류음악,가야금,가야금,가야금,발현,False,data/extracted/train/source/0022_정악_풍류음악/0022_정악_풍류음악_가야금.wav,48000,2,5904000,123.0,PCM_24,train
0022_정악_풍류음악,0022,풍류음악,거문고,거문고,거문고,발현,False,data/extracted/train/source/0022_정악_풍류음악/0022_정악_풍류음악_거문고.wav,48000,2,5904000,123.0,PCM_24,train
0022_정악_풍류음악,0022,풍류음악,단소,단소,기타,관악,False,data/extracted/train/source/0022_정악_풍류음악/0022_정악_풍류음악_단소.wav,48000,2,5904000,123.0,PCM_24,train
0022_정악_풍류음악,0022,풍류음악,대금,대금,대금,관악,False,data/extracted/train/source/0022_정악_풍류음악/0022_정악_풍류음악_대금.wav,48000,2,5904000,123.0,PCM_24,train
0022_정악_풍류음악,0022,풍류음악,소금,소금,기타,관악,False,data/extracted/train/source/0022_정악_풍류음악/0022_정악_풍류음악_소금.wav,48000,2,5904000,123.0,PCM_24,train
0022_정악_풍류음악,0022,풍류음악,아쟁,아쟁,아쟁,찰현,False,data/extracted/train/source/0022_정악_풍류음악/0022_정악_풍류음악_아쟁.wav,48000,2,5904000,123.0,PCM_24,train
0022_정악_풍류음악,0022,풍류음악,양금,양금,양금,발현,False,data/extracted/train/source/0022_정악_풍류음악/0022_정악_풍류음악_양금.wav,48000,2,5904000,123.0,PCM_24,train
0022_정악_풍류음악,0022,풍류음악,장구,장구,타악기,타악,False,data/extracted/train/source/0022_정악_풍류음악/0022_정악_풍류음악_장구.wav,48000,2,5904000,123.0,PCM_24,train
0022_정악_풍류음악,0022,풍류음악,피리,피리,피리,관악,False,data/extracted/train/source/0022_정악_풍류음악/0022_정악_풍류음악_피리.wav,48000,2,5904000,123.0,PCM_24,train
0022_정악_풍류음악,0022,풍류음악,해금,해금,해금,찰현,False,data/extracted/train/source/0022_정악_풍류음악/0022_정악_풍류음악_해금.wav,48000,2,5904000,123.0,PCM_24,train
0023_정악_풍류음악,0023,풍류음악,가야금,가야금,가야금,발현,False,data/extracted/train/source/0023_정악_풍류음악/0023_정악_풍류음악_가야금.wav,48000,2,6912000,144.0,PCM_24,test
0023_정악_풍류음악,0023,풍류음악,거문고,거문고,거문고,발현,False,data/extracted/train/source/0023_정악_풍류음악/0023_정악_풍류음악_거문고.wav,48000,2,6912000,144.0,PCM_24,test
0023_정악_풍류음악,0023,풍류음악,단소,단소,기타,관악,False,data/extracted/train/source/0023_정악_풍류음악/0023_정악_풍류음악_단소.wav,48000,2,6912000,144.0,PCM_24,test
0023_정악_풍류음악,0023,풍류음악,대금,대금,대금,관악,False,data/extracted/train/source/0023_정악_풍류음악/0023_정악_풍류음악_대금.wav,48000,2,6912000,144.0,PCM_24,test
0023_정악_풍류음악,0023,풍류음악,양금,양금,양금,발현,False,data/extracted/train/source/0023_정악_풍류음악/0023_정악_풍류음악_양금.wav,48000,2,6912000,144.0,PCM_24,test
0023_정악_풍류음악,0023,풍류음악,장구,장구,타악기,타악,False,data/extracted/train/source/0023_정악_풍류음악/0023_정악_풍류음악_장구.wav,48000,2,6912000,144.0,PCM_24,test
0023_정악_풍류음악,0023,풍류음악,피리,피리,피리,관악,False,data/extracted/train/source/0023_정악_풍류음악/0023_정악_풍류음악_피리.wav,48000,2,6912000,144.0,PCM_24,test
0023_정악_풍류음악,0023,풍류음악,해금,해금,해금,찰현,False,data/extracted/train/source/0023_정악_풍류음악/0023_정악_풍류음악_해금.wav,48000,2,6912000,144.0,PCM_24,test
0024_정악_풍류음악,0024,풍류음악,가야금,가야금,가야금,발현,False,data/extracted/train/source/0024_정악_풍류음악/0024_정악_풍류음악_가야금.wav,48000,2,6940800,144.6,PCM_24,train
0024_정악_풍류음악,0024,풍류음악,거문고,거문고,거문고,발현,False,data/extracted/train/source/0024_정악_풍류음악/0024_정악_풍류음악_거문고.wav,48000,2,6940800,144.6,PCM_24,train
0024_정악_풍류음악,0024,풍류음악,단소,단소,기타,관악,False,data/extracted/train/source/0024_정악_풍류음악/0024_정악_풍류음악_단소.wav,48000,2,6940800,144.6,PCM_24,train
0024_정악_풍류음악,0024,풍류음악,대금,대금,대금,관악,False,data/extracted/train/source/0024_정악_풍류음악/0024_정악_풍류음악_대금.wav,48000,2,6940800,144.6,PCM_24,train
0024_정악_풍류음악,0024,풍류음악,양금,양금,양금,발현,False,data/extracted/train/source/0024_정악_풍류음악/0024_정악_풍류음악_양금.wav,48000,2,6940800,144.6,PCM_24,train
0024_정악_풍류음악,0024,풍류음악,장구,장구,타악기,타악,False,data/extracted/train/source/0024_정악_풍류음악/0024_정악_풍류음악_장구.wav,48000,2,6940800,144.6,PCM_24,train
0024_정악_풍류음악,0024,풍류음악,피리,피리,피리,관악,False,data/extracted/train/source/0024_정악_풍류음악/0024_정악_풍류음악_피리.wav,48000,2,6940800,144.6,PCM_24,train
0024_정악_풍류음악,0024,풍류음악,해금,해금,해금,찰현,False,data/extracted/train/source/0024_정악_풍류음악/0024_정악_풍류음악_해금.wav,48000,2,6940800,144.6,PCM_24,train
0025_정악_풍류음악,0025,풍류음악,가야금,가야금,가야금,발현,False,data/extracted/train/source/0025_정악_풍류음악/0025_정악_풍류음악_가야금.wav,48000,2,5198400,108.3,PCM_24,train
0025_정악_풍류음악,0025,풍류음악,거문고,거문고,거문고,발현,False,data/extracted/train/source/0025_정악_풍류음악/0025_정악_풍류음악_거문고.wav,48000,2,5198400,108.3,PCM_24,train
0025_정악_풍류음악,0025,풍류음악,단소,단소,기타,관악,False,data/extracted/train/source/0025_정악_풍류음악/0025_정악_풍류음악_단소.wav,48000,2,5198400,108.3,PCM_24,train
0025_정악_풍류음악,0025,풍류음악,대금,대금,대금,관악,False,data/extracted/train/source/0025_정악_풍류음악/0025_정악_풍류음악_대금.wav,48000,2,5198400,108.3,PCM_24,train
0025_정악_풍류음악,0025,풍류음악,양금,양금,양금,발현,False,data/extracted/train/source/0025_정악_풍류음악/0025_정악_풍류음악_양금.wav,48000,2,5198400,108.3,PCM_24,train
0025_정악_풍류음악,0025,풍류음악,장구,장구,타악기,타악,False,data/extracted/train/source/0025_정악_풍류음악/0025_정악_풍류음악_장구.wav,48000,2,5198400,108.3,PCM_24,train
0025_정악_풍류음악,0025,풍류음악,피리,피리,피리,관악,False,data/extracted/train/source/0025_정악_풍류음악/0025_정악_풍류음악_피리.wav,48000,2,5198400,108.3,PCM_24,train
0025_정악_풍류음악,0025,풍류음악,해금,해금,해금,찰현,False,data/extracted/train/source/0025_정악_풍류음악/0025_정악_풍류음악_해금.wav,48000,2,5198400,108.3,PCM_24,train
0027_정악_풍류음악,0027,풍류음악,가야금,가야금,가야금,발현,False,data/extracted/train/source/0027_정악_풍류음악/0027_정악_풍류음악_가야금.wav,48000,2,5918400,123.3,PCM_24,train
0027_정악_풍류음악,0027,풍류음악,거문고,거문고,거문고,발현,False,data/extracted/train/source/0027_정악_풍류음악/0027_정악_풍류음악_거문고.wav,48000,2,5918400,123.3,PCM_24,train
0027_정악_풍류음악,0027,풍류음악,단소,단소,기타,관악,False,data/extracted/train/source/0027_정악_풍류음악/0027_정악_풍류음악_단소.wav,48000,2,5918400,123.3,PCM_24,train
0027_정악_풍류음악,0027,풍류음악,대금,대금,대금,관악,False,data/extracted/train/source/0027_정악_풍류음악/0027_정악_풍류음악_대금.wav,48000,2,5918400,123.3,PCM_24,train
0027_정악_풍류음악,0027,풍류음악,양금,양금,양금,발현,False,data/extracted/train/source/0027_정악_풍류음악/0027_정악_풍류음악_양금.wav,48000,2,5918400,123.3,PCM_24,train
0027_정악_풍류음악,0027,풍류음악,장구,장구,타악기,타악,False,data/extracted/train/source/0027_정악_풍류음악/0027_정악_풍류음악_장구.wav,48000,2,5918400,123.3,PCM_24,train
0027_정악_풍류음악,0027,풍류음악,피리,피리,피리,관악,False,data/extracted/train/source/0027_정악_풍류음악/0027_정악_풍류음악_피리.wav,48000,2,5918400,123.3,PCM_24,train
0027_정악_풍류음악,0027,풍류음악,해금,해금,해금,찰현,False,data/extracted/train/source/0027_정악_풍류음악/0027_정악_풍류음악_해금.wav,48000,2,5918400,123.3,PCM_24,train
0029_정악_풍류음악,0029,풍류음악,대금,대금,대금,관악,False,data/extracted/train/source/0029_정악_풍류음악/0029_정악_풍류음악_대금.wav,48000,2,4361142,90.857,PCM_24,test
0029_정악_풍류음악,0029,풍류음악,소금,소금,기타,관악,False,data/extracted/train/source/0029_정악_풍류음악/0029_정악_풍류음악_소금.wav,48000,2,4361142,90.857,PCM_24,test
0029_정악_풍류음악,0029,풍류음악,아쟁,아쟁,아쟁,찰현,False,data/extracted/train/source/0029_정악_풍류음악/0029_정악_풍류음악_아쟁.wav,48000,2,4361142,90.857,PCM_24,test
0029_정악_풍류음악,0029,풍류음악,장구,장구,타악기,타악,False,data/extracted/train/source/0029_정악_풍류음악/0029_정악_풍류음악_장구.wav,48000,2,4361142,90.857,PCM_24,test
0029_정악_풍류음악,0029,풍류음악,좌고,좌고,타악기,타악,False,data/extracted/train/source/0029_정악_풍류음악/0029_정악_풍류음악_좌고.wav,48000,2,4361142,90.857,PCM_24,test
0029_정악_풍류음악,0029,풍류음악,피리,피리,피리,관악,False,data/extracted/train/source/0029_정악_풍류음악/0029_정악_풍류음악_피리.wav,48000,2,4361142,90.857,PCM_24,test
0029_정악_풍류음악,0029,풍류음악,해금,해금,해금,찰현,False,data/extracted/train/source/0029_정악_풍류음악/0029_정악_풍류음악_해금.wav,48000,2,4361142,90.857,PCM_24,test
0030_정악_풍류음악,0030,풍류음악,가야금,가야금,가야금,발현,False,data/extracted/train/source/0030_정악_풍류음악/0030_정악_풍류음악_가야금.wav,48000,2,4402286,91.714,PCM_24,train
0030_정악_풍류음악,0030,풍류음악,거문고,거문고,거문고,발현,False,data/extracted/train/source/0030_정악_풍류음악/0030_정악_풍류음악_거문고.wav,48000,2,4402286,91.714,PCM_24,train
0030_정악_풍류음악,0030,풍류음악,단소,단소,기타,관악,False,data/extracted/train/source/0030_정악_풍류음악/0030_정악_풍류음악_단소.wav,48000,2,4402286,91.714,PCM_24,train
0030_정악_풍류음악,0030,풍류음악,대금,대금,대금,관악,False,data/extracted/train/source/0030_정악_풍류음악/0030_정악_풍류음악_대금.wav,48000,2,4402286,91.714,PCM_24,train
0030_정악_풍류음악,0030,풍류음악,소금,소금,기타,관악,False,data/extracted/train/source/0030_정악_풍류음악/0030_정악_풍류음악_소금.wav,48000,2,4402286,91.714,PCM_24,train
0030_정악_풍류음악,0030,풍류음악,아쟁,아쟁,아쟁,찰현,False,data/extracted/train/source/0030_정악_풍류음악/0030_정악_풍류음악_아쟁.wav,48000,2,4402286,91.714,PCM_24,train
0030_정악_풍류음악,0030,풍류음악,양금,양금,양금,발현,False,data/extracted/train/source/0030_정악_풍류음악/0030_정악_풍류음악_양금.wav,48000,2,4402286,91.714,PCM_24,train
0030_정악_풍류음악,0030,풍류음악,장구,장구,타악기,타악,False,data/extracted/train/source/0030_정악_풍류음악/0030_정악_풍류음악_장구.wav,48000,2,4402286,91.714,PCM_24,train
0030_정악_풍류음악,0030,풍류음악,피리,피리,피리,관악,False,data/extracted/train/source/0030_정악_풍류음악/0030_정악_풍류음악_피리.wav,48000,2,4402286,91.714,PCM_24,train
0030_정악_풍류음악,0030,풍류음악,해금,해금,해금,찰현,False,data/extracted/train/source/0030_정악_풍류음악/0030_정악_풍류음악_해금.wav,48000,2,4402286,91.714,PCM_24,train
0032_정악_풍류음악,0032,풍류음악,가야금,가야금,가야금,발현,False,data/extracted/train/source/0032_정악_풍류음악/0032_정악_풍류음악_가야금.wav,48000,2,17403429,362.571,PCM_24,train
0032_정악_풍류음악,0032,풍류음악,거문고,거문고,거문고,발현,False,data/extracted/train/source/0032_정악_풍류음악/0032_정악_풍류음악_거문고.wav,48000,2,17403429,362.571,PCM_24,train
0032_정악_풍류음악,0032,풍류음악,단소,단소,기타,관악,False,data/extracted/train/source/0032_정악_풍류음악/0032_정악_풍류음악_단소.wav,48000,2,17403429,362.571,PCM_24,train
0032_정악_풍류음악,0032,풍류음악,대금,대금,대금,관악,False,data/extracted/train/source/0032_정악_풍류음악/0032_정악_풍류음악_대금.wav,48000,2,17403429,362.571,PCM_24,train
0032_정악_풍류음악,0032,풍류음악,양금,양금,양금,발현,False,data/extracted/train/source/0032_정악_풍류음악/0032_정악_풍류음악_양금.wav,48000,2,17403429,362.571,PCM_24,train
0032_정악_풍류음악,0032,풍류음악,장구,장구,타악기,타악,False,data/extracted/train/source/0032_정악_풍류음악/0032_정악_풍류음악_장구.wav,48000,2,17403429,362.571,PCM_24,train
0032_정악_풍류음악,0032,풍류음악,피리,피리,피리,관악,False,data/extracted/train/source/0032_정악_풍류음악/0032_정악_풍류음악_피리.wav,48000,2,17403429,362.571,PCM_24,train
0032_정악_풍류음악,0032,풍류음악,해금,해금,해금,찰현,False,data/extracted/train/source/0032_정악_풍류음악/0032_정악_풍류음악_해금.wav,48000,2,17403429,362.571,PCM_24,train
0034_정악_풍류음악,0034,풍류음악,대금,대금,대금,관악,False,data/extracted/train/source/0034_정악_풍류음악/0034_정악_풍류음악_대금.wav,48000,2,14934857,311.143,PCM_24,train
0034_정악_풍류음악,0034,풍류음악,소금,소금,기타,관악,False,data/extracted/train/source/0034_정악_풍류음악/0034_정악_풍류음악_소금.wav,48000,2,14934857,311.143,PCM_24,train
0034_정악_풍류음악,0034,풍류음악,아쟁,아쟁,아쟁,찰현,False,data/extracted/train/source/0034_정악_풍류음악/0034_정악_풍류음악_아쟁.wav,48000,2,14934857,311.143,PCM_24,train
0034_정악_풍류음악,0034,풍류음악,장구,장구,타악기,타악,False,data/extracted/train/source/0034_정악_풍류음악/0034_정악_풍류음악_장구.wav,48000,2,14934857,311.143,PCM_24,train
0034_정악_풍류음악,0034,풍류음악,좌고,좌고,타악기,타악,False,data/extracted/train/source/0034_정악_풍류음악/0034_정악_풍류음악_좌고.wav,48000,2,14934857,311.143,PCM_24,train
0034_정악_풍류음악,0034,풍류음악,피리,피리,피리,관악,False,data/extracted/train/source/0034_정악_풍류음악/0034_정악_풍류음악_피리.wav,48000,2,14934857,311.143,PCM_24,train
0034_정악_풍류음악,0034,풍류음악,해금,해금,해금,찰현,False,data/extracted/train/source/0034_정악_풍류음악/0034_정악_풍류음악_해금.wav,48000,2,14934857,311.143,PCM_24,train
0035_정악_풍류음악,0035,풍류음악,대금,대금,대금,관악,False,data/extracted/train/source/0035_정악_풍류음악/0035_정악_풍류음악_대금.wav,48000,2,14934857,311.143,PCM_24,train
0035_정악_풍류음악,0035,풍류음악,소금,소금,기타,관악,False,data/extracted/train/source/0035_정악_풍류음악/0035_정악_풍류음악_소금.wav,48000,2,14934857,311.143,PCM_24,train
0035_정악_풍류음악,0035,풍류음악,아쟁,아쟁,아쟁,찰현,False,data/extracted/train/source/0035_정악_풍류음악/0035_정악_풍류음악_아쟁.wav,48000,2,14934857,311.143,PCM_24,train
0035_정악_풍류음악,0035,풍류음악,장구,장구,타악기,타악,False,data/extracted/train/source/0035_정악_풍류음악/0035_정악_풍류음악_장구.wav,48000,2,14934857,311.143,PCM_24,train
0035_정악_풍류음악,0035,풍류음악,좌고,좌고,타악기,타악,False,data/extracted/train/source/0035_정악_풍류음악/0035_정악_풍류음악_좌고.wav,48000,2,14934857,311.143,PCM_24,train
0035_정악_풍류음악,0035,풍류음악,피리,피리,피리,관악,False,data/extracted/train/source/0035_정악_풍류음악/0035_정악_풍류음악_피리.wav,48000,2,14934857,311.143,PCM_24,train
0035_정악_풍류음악,0035,풍류음악,해금,해금,해금,찰현,False,data/extracted/train/source/0035_정악_풍류음악/0035_정악_풍류음악_해금.wav,48000,2,14934857,311.143,PCM_24,train
0036_정악_풍류음악,0036,풍류음악,대금,대금,대금,관악,False,data/extracted/train/source/0036_정악_풍류음악/0036_정악_풍류음악_대금.wav,48000,2,15675429,326.571,PCM_24,train
0036_정악_풍류음악,0036,풍류음악,소금,소금,기타,관악,False,data/extracted/train/source/0036_정악_풍류음악/0036_정악_풍류음악_소금.wav,48000,2,15675429,326.571,PCM_24,train
0036_정악_풍류음악,0036,풍류음악,아쟁,아쟁,아쟁,찰현,False,data/extracted/train/source/0036_정악_풍류음악/0036_정악_풍류음악_아쟁.wav,48000,2,15675429,326.571,PCM_24,train
0036_정악_풍류음악,0036,풍류음악,장구,장구,타악기,타악,False,data/extracted/train/source/0036_정악_풍류음악/0036_정악_풍류음악_장구.wav,48000,2,15675429,326.571,PCM_24,train
0036_정악_풍류음악,0036,풍류음악,좌고,좌고,타악기,타악,False,data/extracted/train/source/0036_정악_풍류음악/0036_정악_풍류음악_좌고.wav,48000,2,15675429,326.571,PCM_24,train
0036_정악_풍류음악,0036,풍류음악,피리,피리,피리,관악,False,data/extracted/train/source/0036_정악_풍류음악/0036_정악_풍류음악_피리.wav,48000,2,15675429,326.571,PCM_24,train
0036_정악_풍류음악,0036,풍류음악,해금,해금,해금,찰현,False,data/extracted/train/source/0036_정악_풍류음악/0036_정악_풍류음악_해금.wav,48000,2,15675429,326.571,PCM_24,train
0037_정악_풍류음악,0037,풍류음악,가야금,가야금,가야금,발현,False,data/extracted/train/source/0037_정악_풍류음악/0037_정악_풍류음악_가야금.wav,48000,2,6212571,129.429,PCM_24,train
0037_정악_풍류음악,0037,풍류음악,거문고,거문고,거문고,발현,False,data/extracted/train/source/0037_정악_풍류음악/0037_정악_풍류음악_거문고.wav,48000,2,6212571,129.429,PCM_24,train
0037_정악_풍류음악,0037,풍류음악,단소,단소,기타,관악,False,data/extracted/train/source/0037_정악_풍류음악/0037_정악_풍류음악_단소.wav,48000,2,6212571,129.429,PCM_24,train
0037_정악_풍류음악,0037,풍류음악,대금,대금,대금,관악,False,data/extracted/train/source/0037_정악_풍류음악/0037_정악_풍류음악_대금.wav,48000,2,6212571,129.429,PCM_24,train
0037_정악_풍류음악,0037,풍류음악,소금,소금,기타,관악,False,data/extracted/train/source/0037_정악_풍류음악/0037_정악_풍류음악_소금.wav,48000,2,6212571,129.429,PCM_24,train
0037_정악_풍류음악,0037,풍류음악,아쟁,아쟁,아쟁,찰현,False,data/extracted/train/source/0037_정악_풍류음악/0037_정악_풍류음악_아쟁.wav,48000,2,6212571,129.429,PCM_24,train
0037_정악_풍류음악,0037,풍류음악,양금,양금,양금,발현,False,data/extracted/train/source/0037_정악_풍류음악/0037_정악_풍류음악_양금.wav,48000,2,6212571,129.429,PCM_24,train
0037_정악_풍류음악,0037,풍류음악,장구,장구,타악기,타악,False,data/extracted/train/source/0037_정악_풍류음악/0037_정악_풍류음악_장구.wav,48000,2,6212571,129.429,PCM_24,train
0037_정악_풍류음악,0037,풍류음악,피리,피리,피리,관악,False,data/extracted/train/source/0037_정악_풍류음악/0037_정악_풍류음악_피리.wav,48000,2,6212571,129.429,PCM_24,train
0037_정악_풍류음악,0037,풍류음악,해금,해금,해금,찰현,False,data/extracted/train/source/0037_정악_풍류음악/0037_정악_풍류음악_해금.wav,48000,2,6212571,129.429,PCM_24,train
0038_정악_풍류음악,0038,풍류음악,가야금,가야금,가야금,발현,False,data/extracted/train/source/0038_정악_풍류음악/0038_정악_풍류음악_가야금.wav,48000,2,6181714,128.786,PCM_24,val
0038_정악_풍류음악,0038,풍류음악,거문고,거문고,거문고,발현,False,data/extracted/train/source/0038_정악_풍류음악/0038_정악_풍류음악_거문고.wav,48000,2,6181714,128.786,PCM_24,val
0038_정악_풍류음악,0038,풍류음악,단소,단소,기타,관악,False,data/extracted/train/source/0038_정악_풍류음악/0038_정악_풍류음악_단소.wav,48000,2,6181714,128.786,PCM_24,val
0038_정악_풍류음악,0038,풍류음악,대금,대금,대금,관악,False,data/extracted/train/source/0038_정악_풍류음악/0038_정악_풍류음악_대금.wav,48000,2,6181714,128.786,PCM_24,val
0038_정악_풍류음악,0038,풍류음악,양금,양금,양금,발현,False,data/extracted/train/source/0038_정악_풍류음악/0038_정악_풍류음악_양금.wav,48000,2,6181714,128.786,PCM_24,val
0038_정악_풍류음악,0038,풍류음악,장구,장구,타악기,타악,False,data/extracted/train/source/0038_정악_풍류음악/0038_정악_풍류음악_장구.wav,48000,2,6181714,128.786,PCM_24,val
0038_정악_풍류음악,0038,풍류음악,피리,피리,피리,관악,False,data/extracted/train/source/0038_정악_풍류음악/0038_정악_풍류음악_피리.wav,48000,2,6181714,128.786,PCM_24,val
0038_정악_풍류음악,0038,풍류음악,해금,해금,해금,찰현,False,data/extracted/train/source/0038_정악_풍류음악/0038_정악_풍류음악_해금.wav,48000,2,6181714,128.786,PCM_24,val
0039_정악_풍류음악,0039,풍류음악,대금,대금,대금,관악,False,data/extracted/train/source/0039_정악_풍류음악/0039_정악_풍류음악_대금.wav,48000,2,6525000,135.938,PCM_24,train
0039_정악_풍류음악,0039,풍류음악,소금,소금,기타,관악,False,data/extracted/train/source/0039_정악_풍류음악/0039_정악_풍류음악_소금.wav,48000,2,6525000,135.938,PCM_24,train
0039_정악_풍류음악,0039,풍류음악,아쟁,아쟁,아쟁,찰현,False,data/extracted/train/source/0039_정악_풍류음악/0039_정악_풍류음악_아쟁.wav,48000,2,6525000,135.938,PCM_24,train
0039_정악_풍류음악,0039,풍류음악,장구,장구,타악기,타악,False,data/extracted/train/source/0039_정악_풍류음악/0039_정악_풍류음악_장구.wav,48000,2,6525000,135.938,PCM_24,train
0039_정악_풍류음악,0039,풍류음악,좌고,좌고,타악기,타악,False,data/extracted/train/source/0039_정악_풍류음악/0039_정악_풍류음악_좌고.wav,48000,2,6525000,135.938,PCM_24,train
0039_정악_풍류음악,0039,풍류음악,피리,피리,피리,관악,False,data/extracted/train/source/0039_정악_풍류음악/0039_정악_풍류음악_피리.wav,48000,2,6525000,135.938,PCM_24,train
0039_정악_풍류음악,0039,풍류음악,해금,해금,해금,찰현,False,data/extracted/train/source/0039_정악_풍류음악/0039_정악_풍류음악_해금.wav,48000,2,6525000,135.938,PCM_24,train
0040_정악_풍류음악,0040,풍류음악,대금,대금,대금,관악,False,data/extracted/train/source/0040_정악_풍류음악/0040_정악_풍류음악_대금.wav,48000,2,4869000,101.438,PCM_24,train
0040_정악_풍류음악,0040,풍류음악,소금,소금,기타,관악,False,data/extracted/train/source/0040_정악_풍류음악/0040_정악_풍류음악_소금.wav,48000,2,4869000,101.438,PCM_24,train
0040_정악_풍류음악,0040,풍류음악,아쟁,아쟁,아쟁,찰현,False,data/extracted/train/source/0040_정악_풍류음악/0040_정악_풍류음악_아쟁.wav,48000,2,4869000,101.438,PCM_24,train
0040_정악_풍류음악,0040,풍류음악,장구,장구,타악기,타악,False,data/extracted/train/source/0040_정악_풍류음악/0040_정악_풍류음악_장구.wav,48000,2,4869000,101.438,PCM_24,train
0040_정악_풍류음악,0040,풍류음악,좌고,좌고,타악기,타악,False,data/extracted/train/source/0040_정악_풍류음악/0040_정악_풍류음악_좌고.wav,48000,2,4869000,101.438,PCM_24,train
0040_정악_풍류음악,0040,풍류음악,피리,피리,피리,관악,False,data/extracted/train/source/0040_정악_풍류음악/0040_정악_풍류음악_피리.wav,48000,2,4869000,101.438,PCM_24,train
0040_정악_풍류음악,0040,풍류음악,해금,해금,해금,찰현,False,data/extracted/train/source/0040_정악_풍류음악/0040_정악_풍류음악_해금.wav,48000,2,4869000,101.438,PCM_24,train
0041_정악_풍류음악,0041,풍류음악,가야금,가야금,가야금,발현,False,data/extracted/train/source/0041_정악_풍류음악/0041_정악_풍류음악_가야금.wav,48000,2,6210000,129.375,PCM_24,train
0041_정악_풍류음악,0041,풍류음악,거문고,거문고,거문고,발현,False,data/extracted/train/source/0041_정악_풍류음악/0041_정악_풍류음악_거문고.wav,48000,2,6210000,129.375,PCM_24,train
0041_정악_풍류음악,0041,풍류음악,단소,단소,기타,관악,False,data/extracted/train/source/0041_정악_풍류음악/0041_정악_풍류음악_단소.wav,48000,2,6210000,129.375,PCM_24,train
0041_정악_풍류음악,0041,풍류음악,대금,대금,대금,관악,False,data/extracted/train/source/0041_정악_풍류음악/0041_정악_풍류음악_대금.wav,48000,2,6210000,129.375,PCM_24,train
0041_정악_풍류음악,0041,풍류음악,소금,소금,기타,관악,False,data/extracted/train/source/0041_정악_풍류음악/0041_정악_풍류음악_소금.wav,48000,2,6210000,129.375,PCM_24,train
0041_정악_풍류음악,0041,풍류음악,아쟁,아쟁,아쟁,찰현,False,data/extracted/train/source/0041_정악_풍류음악/0041_정악_풍류음악_아쟁.wav,48000,2,6210000,129.375,PCM_24,train
0041_정악_풍류음악,0041,풍류음악,양금,양금,양금,발현,False,data/extracted/train/source/0041_정악_풍류음악/0041_정악_풍류음악_양금.wav,48000,2,6210000,129.375,PCM_24,train
0041_정악_풍류음악,0041,풍류음악,장구,장구,타악기,타악,False,data/extracted/train/source/0041_정악_풍류음악/0041_정악_풍류음악_장구.wav,48000,2,6210000,129.375,PCM_24,train
0041_정악_풍류음악,0041,풍류음악,피리,피리,피리,관악,False,data/extracted/train/source/0041_정악_풍류음악/0041_정악_풍류음악_피리.wav,48000,2,6210000,129.375,PCM_24,train
0041_정악_풍류음악,0041,풍류음악,해금,해금,해금,찰현,False,data/extracted/train/source/0041_정악_풍류음악/0041_정악_풍류음악_해금.wav,48000,2,6210000,129.375,PCM_24,train
0042_정악_풍류음악,0042,풍류음악,가야금,가야금,가야금,발현,False,data/extracted/train/source/0042_정악_풍류음악/0042_정악_풍류음악_가야금.wav,48000,2,4950000,103.125,PCM_24,test
0042_정악_풍류음악,0042,풍류음악,거문고,거문고,거문고,발현,False,data/extracted/train/source/0042_정악_풍류음악/0042_정악_풍류음악_거문고.wav,48000,2,4950000,103.125,PCM_24,test
0042_정악_풍류음악,0042,풍류음악,단소,단소,기타,관악,False,data/extracted/train/source/0042_정악_풍류음악/0042_정악_풍류음악_단소.wav,48000,2,4950000,103.125,PCM_24,test
0042_정악_풍류음악,0042,풍류음악,대금,대금,대금,관악,False,data/extracted/train/source/0042_정악_풍류음악/0042_정악_풍류음악_대금.wav,48000,2,4950000,103.125,PCM_24,test
0042_정악_풍류음악,0042,풍류음악,소금,소금,기타,관악,False,data/extracted/train/source/0042_정악_풍류음악/0042_정악_풍류음악_소금.wav,48000,2,4950000,103.125,PCM_24,test
0042_정악_풍류음악,0042,풍류음악,아쟁,아쟁,아쟁,찰현,False,data/extracted/train/source/0042_정악_풍류음악/0042_정악_풍류음악_아쟁.wav,48000,2,4950000,103.125,PCM_24,test
0042_정악_풍류음악,0042,풍류음악,양금,양금,양금,발현,False,data/extracted/train/source/0042_정악_풍류음악/0042_정악_풍류음악_양금.wav,48000,2,4950000,103.125,PCM_24,test
0042_정악_풍류음악,0042,풍류음악,장구,장구,타악기,타악,False,data/extracted/train/source/0042_정악_풍류음악/0042_정악_풍류음악_장구.wav,48000,2,4950000,103.125,PCM_24,test
0042_정악_풍류음악,0042,풍류음악,피리,피리,피리,관악,False,data/extracted/train/source/0042_정악_풍류음악/0042_정악_풍류음악_피리.wav,48000,2,4950000,103.125,PCM_24,test
0042_정악_풍류음악,0042,풍류음악,해금,해금,해금,찰현,False,data/extracted/train/source/0042_정악_풍류음악/0042_정악_풍류음악_해금.wav,48000,2,4950000,103.125,PCM_24,test
0043_정악_풍류음악,0043,풍류음악,가야금,가야금,가야금,발현,False,data/extracted/train/source/0043_정악_풍류음악/0043_정악_풍류음악_가야금.wav,48000,2,6157286,128.277,PCM_24,train
0043_정악_풍류음악,0043,풍류음악,거문고,거문고,거문고,발현,False,data/extracted/train/source/0043_정악_풍류음악/0043_정악_풍류음악_거문고.wav,48000,2,6157286,128.277,PCM_24,train
0043_정악_풍류음악,0043,풍류음악,단소,단소,기타,관악,False,data/extracted/train/source/0043_정악_풍류음악/0043_정악_풍류음악_단소.wav,48000,2,6157286,128.277,PCM_24,train
0043_정악_풍류음악,0043,풍류음악,대금,대금,대금,관악,False,data/extracted/train/source/0043_정악_풍류음악/0043_정악_풍류음악_대금.wav,48000,2,6157286,128.277,PCM_24,train
0043_정악_풍류음악,0043,풍류음악,양금,양금,양금,발현,False,data/extracted/train/source/0043_정악_풍류음악/0043_정악_풍류음악_양금.wav,48000,2,6157286,128.277,PCM_24,train
0043_정악_풍류음악,0043,풍류음악,장구,장구,타악기,타악,False,data/extracted/train/source/0043_정악_풍류음악/0043_정악_풍류음악_장구.wav,48000,2,6157286,128.277,PCM_24,train
0043_정악_풍류음악,0043,풍류음악,피리,피리,피리,관악,False,data/extracted/train/source/0043_정악_풍류음악/0043_정악_풍류음악_피리.wav,48000,2,6157286,128.277,PCM_24,train
0043_정악_풍류음악,0043,풍류음악,해금,해금,해금,찰현,False,data/extracted/train/source/0043_정악_풍류음악/0043_정악_풍류음악_해금.wav,48000,2,6157286,128.277,PCM_24,train
0044_정악_풍류음악,0044,풍류음악,가야금,가야금,가야금,발현,False,data/extracted/train/source/0044_정악_풍류음악/0044_정악_풍류음악_가야금.wav,48000,2,4977000,103.688,PCM_24,train
0044_정악_풍류음악,0044,풍류음악,거문고,거문고,거문고,발현,False,data/extracted/train/source/0044_정악_풍류음악/0044_정악_풍류음악_거문고.wav,48000,2,4977000,103.688,PCM_24,train
0044_정악_풍류음악,0044,풍류음악,단소,단소,기타,관악,False,data/extracted/train/source/0044_정악_풍류음악/0044_정악_풍류음악_단소.wav,48000,2,4977000,103.688,PCM_24,train
0044_정악_풍류음악,0044,풍류음악,대금,대금,대금,관악,False,data/extracted/train/source/0044_정악_풍류음악/0044_정악_풍류음악_대금.wav,48000,2,4977000,103.688,PCM_24,train
0044_정악_풍류음악,0044,풍류음악,양금,양금,양금,발현,False,data/extracted/train/source/0044_정악_풍류음악/0044_정악_풍류음악_양금.wav,48000,2,4977000,103.688,PCM_24,train
0044_정악_풍류음악,0044,풍류음악,장구,장구,타악기,타악,False,data/extracted/train/source/0044_정악_풍류음악/0044_정악_풍류음악_장구.wav,48000,2,4977000,103.688,PCM_24,train
0044_정악_풍류음악,0044,풍류음악,피리,피리,피리,관악,False,data/extracted/train/source/0044_정악_풍류음악/0044_정악_풍류음악_피리.wav,48000,2,4977000,103.688,PCM_24,train
0044_정악_풍류음악,0044,풍류음악,해금,해금,해금,찰현,False,data/extracted/train/source/0044_정악_풍류음악/0044_정악_풍류음악_해금.wav,48000,2,4977000,103.688,PCM_24,train
0046_정악_풍류음악,0046,풍류음악,가야금,가야금,가야금,발현,False,data/extracted/train/source/0046_정악_풍류음악/0046_정악_풍류음악_가야금.wav,48000,2,9090000,189.375,PCM_24,train
0046_정악_풍류음악,0046,풍류음악,거문고,거문고,거문고,발현,False,data/extracted/train/source/0046_정악_풍류음악/0046_정악_풍류음악_거문고.wav,48000,2,9090000,189.375,PCM_24,train
0046_정악_풍류음악,0046,풍류음악,단소,단소,기타,관악,False,data/extracted/train/source/0046_정악_풍류음악/0046_정악_풍류음악_단소.wav,48000,2,9090000,189.375,PCM_24,train
0046_정악_풍류음악,0046,풍류음악,대금,대금,대금,관악,False,data/extracted/train/source/0046_정악_풍류음악/0046_정악_풍류음악_대금.wav,48000,2,9090000,189.375,PCM_24,train
0046_정악_풍류음악,0046,풍류음악,양금,양금,양금,발현,False,data/extracted/train/source/0046_정악_풍류음악/0046_정악_풍류음악_양금.wav,48000,2,9090000,189.375,PCM_24,train
0046_정악_풍류음악,0046,풍류음악,장구,장구,타악기,타악,False,data/extracted/train/source/0046_정악_풍류음악/0046_정악_풍류음악_장구.wav,48000,2,9090000,189.375,PCM_24,train
0046_정악_풍류음악,0046,풍류음악,피리,피리,피리,관악,False,data/extracted/train/source/0046_정악_풍류음악/0046_정악_풍류음악_피리.wav,48000,2,9090000,189.375,PCM_24,train
0046_정악_풍류음악,0046,풍류음악,해금,해금,해금,찰현,False,data/extracted/train/source/0046_정악_풍류음악/0046_정악_풍류음악_해금.wav,48000,2,9090000,189.375,PCM_24,train
0048_정악_풍류음악,0048,풍류음악,가야금,가야금,가야금,발현,False,data/extracted/train/source/0048_정악_풍류음악/0048_정악_풍류음악_가야금.wav,48000,2,10356000,215.75,PCM_24,test
0048_정악_풍류음악,0048,풍류음악,거문고,거문고,거문고,발현,False,data/extracted/train/source/0048_정악_풍류음악/0048_정악_풍류음악_거문고.wav,48000,2,10356000,215.75,PCM_24,test
0048_정악_풍류음악,0048,풍류음악,단소,단소,기타,관악,False,data/extracted/train/source/0048_정악_풍류음악/0048_정악_풍류음악_단소.wav,48000,2,10356000,215.75,PCM_24,test
0048_정악_풍류음악,0048,풍류음악,대금,대금,대금,관악,False,data/extracted/train/source/0048_정악_풍류음악/0048_정악_풍류음악_대금.wav,48000,2,10356000,215.75,PCM_24,test
0048_정악_풍류음악,0048,풍류음악,양금,양금,양금,발현,False,data/extracted/train/source/0048_정악_풍류음악/0048_정악_풍류음악_양금.wav,48000,2,10356000,215.75,PCM_24,test
0048_정악_풍류음악,0048,풍류음악,장구,장구,타악기,타악,False,data/extracted/train/source/0048_정악_풍류음악/0048_정악_풍류음악_장구.wav,48000,2,10356000,215.75,PCM_24,test
0048_정악_풍류음악,0048,풍류음악,피리,피리,피리,관악,False,data/extracted/train/source/0048_정악_풍류음악/0048_정악_풍류음악_피리.wav,48000,2,10356000,215.75,PCM_24,test
0048_정악_풍류음악,0048,풍류음악,해금,해금,해금,찰현,False,data/extracted/train/source/0048_정악_풍류음악/0048_정악_풍류음악_해금.wav,48000,2,10356000,215.75,PCM_24,test
0049_정악_풍류음악,0049,풍류음악,가야금,가야금,가야금,발현,False,data/extracted/val/source/0049_정악_풍류음악/0049_정악_풍류음악_가야금.wav,48000,2,4581000,95.438,PCM_24,train
0049_정악_풍류음악,0049,풍류음악,거문고,거문고,거문고,발현,False,data/extracted/val/source/0049_정악_풍류음악/0049_정악_풍류음악_거문고.wav,48000,2,4581000,95.438,PCM_24,train
0049_정악_풍류음악,0049,풍류음악,단소,단소,기타,관악,False,data/extracted/val/source/0049_정악_풍류음악/0049_정악_풍류음악_단소.wav,48000,2,4581000,95.438,PCM_24,train
0049_정악_풍류음악,0049,풍류음악,대금,대금,대금,관악,False,data/extracted/val/source/0049_정악_풍류음악/0049_정악_풍류음악_대금.wav,48000,2,4581000,95.438,PCM_24,train
0049_정악_풍류음악,0049,풍류음악,양금,양금,양금,발현,False,data/extracted/val/source/0049_정악_풍류음악/0049_정악_풍류음악_양금.wav,48000,2,4581000,95.438,PCM_24,train
0049_정악_풍류음악,0049,풍류음악,장구,장구,타악기,타악,False,data/extracted/val/source/0049_정악_풍류음악/0049_정악_풍류음악_장구.wav,48000,2,4581000,95.438,PCM_24,train
0049_정악_풍류음악,0049,풍류음악,피리,피리,피리,관악,False,data/extracted/val/source/0049_정악_풍류음악/0049_정악_풍류음악_피리.wav,48000,2,4581000,95.438,PCM_24,train
0049_정악_풍류음악,0049,풍류음악,해금,해금,해금,찰현,False,data/extracted/val/source/0049_정악_풍류음악/0049_정악_풍류음악_해금.wav,48000,2,4581000,95.438,PCM_24,train
0050_정악_풍류음악,0050,풍류음악,가야금,가야금,가야금,발현,False,data/extracted/train/source/0050_정악_풍류음악/0050_정악_풍류음악_가야금.wav,48000,2,15714000,327.375,PCM_24,train
0050_정악_풍류음악,0050,풍류음악,거문고,거문고,거문고,발현,False,data/extracted/train/source/0050_정악_풍류음악/0050_정악_풍류음악_거문고.wav,48000,2,15714000,327.375,PCM_24,train
0050_정악_풍류음악,0050,풍류음악,단소,단소,기타,관악,False,data/extracted/train/source/0050_정악_풍류음악/0050_정악_풍류음악_단소.wav,48000,2,15714000,327.375,PCM_24,train
0050_정악_풍류음악,0050,풍류음악,대금,대금,대금,관악,False,data/extracted/train/source/0050_정악_풍류음악/0050_정악_풍류음악_대금.wav,48000,2,15714000,327.375,PCM_24,train
0050_정악_풍류음악,0050,풍류음악,양금,양금,양금,발현,False,data/extracted/train/source/0050_정악_풍류음악/0050_정악_풍류음악_양금.wav,48000,2,15714000,327.375,PCM_24,train
0050_정악_풍류음악,0050,풍류음악,장구,장구,타악기,타악,False,data/extracted/train/source/0050_정악_풍류음악/0050_정악_풍류음악_장구.wav,48000,2,15714000,327.375,PCM_24,train
0050_정악_풍류음악,0050,풍류음악,피리,피리,피리,관악,False,data/extracted/train/source/0050_정악_풍류음악/0050_정악_풍류음악_피리.wav,48000,2,15714000,327.375,PCM_24,train
0050_정악_풍류음악,0050,풍류음악,해금,해금,해금,찰현,False,data/extracted/train/source/0050_정악_풍류음악/0050_정악_풍류음악_해금.wav,48000,2,15714000,327.375,PCM_24,train
0051_정악_풍류음악,0051,풍류음악,대금,대금,대금,관악,False,data/extracted/train/source/0051_정악_풍류음악/0051_정악_풍류음악_대금.wav,48000,2,7311273,152.318,PCM_24,train
0051_정악_풍류음악,0051,풍류음악,소금,소금,기타,관악,False,data/extracted/train/source/0051_정악_풍류음악/0051_정악_풍류음악_소금.wav,48000,2,7311273,152.318,PCM_24,train
0051_정악_풍류음악,0051,풍류음악,아쟁,아쟁,아쟁,찰현,False,data/extracted/train/source/0051_정악_풍류음악/0051_정악_풍류음악_아쟁.wav,48000,2,7311273,152.318,PCM_24,train
0051_정악_풍류음악,0051,풍류음악,장구,장구,타악기,타악,False,data/extracted/train/source/0051_정악_풍류음악/0051_정악_풍류음악_장구.wav,48000,2,7311273,152.318,PCM_24,train
0051_정악_풍류음악,0051,풍류음악,좌고,좌고,타악기,타악,False,data/extracted/train/source/0051_정악_풍류음악/0051_정악_풍류음악_좌고.wav,48000,2,7311273,152.318,PCM_24,train
0051_정악_풍류음악,0051,풍류음악,피리,피리,피리,관악,False,data/extracted/train/source/0051_정악_풍류음악/0051_정악_풍류음악_피리.wav,48000,2,7311273,152.318,PCM_24,train
0051_정악_풍류음악,0051,풍류음악,해금,해금,해금,찰현,False,data/extracted/train/source/0051_정악_풍류음악/0051_정악_풍류음악_해금.wav,48000,2,7311273,152.318,PCM_24,train
0052_정악_풍류음악,0052,풍류음악,대금,대금,대금,관악,False,data/extracted/train/source/0052_정악_풍류음악/0052_정악_풍류음악_대금.wav,48000,2,4380000,91.25,PCM_24,train
0052_정악_풍류음악,0052,풍류음악,소금,소금,기타,관악,False,data/extracted/train/source/0052_정악_풍류음악/0052_정악_풍류음악_소금.wav,48000,2,4380000,91.25,PCM_24,train
0052_정악_풍류음악,0052,풍류음악,아쟁,아쟁,아쟁,찰현,False,data/extracted/train/source/0052_정악_풍류음악/0052_정악_풍류음악_아쟁.wav,48000,2,4380000,91.25,PCM_24,train
0052_정악_풍류음악,0052,풍류음악,장구,장구,타악기,타악,False,data/extracted/train/source/0052_정악_풍류음악/0052_정악_풍류음악_장구.wav,48000,2,4380000,91.25,PCM_24,train
0052_정악_풍류음악,0052,풍류음악,좌고,좌고,타악기,타악,False,data/extracted/train/source/0052_정악_풍류음악/0052_정악_풍류음악_좌고.wav,48000,2,4380000,91.25,PCM_24,train
0052_정악_풍류음악,0052,풍류음악,피리,피리,피리,관악,False,data/extracted/train/source/0052_정악_풍류음악/0052_정악_풍류음악_피리.wav,48000,2,4380000,91.25,PCM_24,train
0052_정악_풍류음악,0052,풍류음악,해금,해금,해금,찰현,False,data/extracted/train/source/0052_정악_풍류음악/0052_정악_풍류음악_해금.wav,48000,2,4380000,91.25,PCM_24,train
0053_정악_풍류음악,0053,풍류음악,가야금,가야금,가야금,발현,False,data/extracted/train/source/0053_정악_풍류음악/0053_정악_풍류음악_가야금.wav,48000,2,7330910,152.727,PCM_24,train
0053_정악_풍류음악,0053,풍류음악,거문고,거문고,거문고,발현,False,data/extracted/train/source/0053_정악_풍류음악/0053_정악_풍류음악_거문고.wav,48000,2,7330910,152.727,PCM_24,train
0053_정악_풍류음악,0053,풍류음악,단소,단소,기타,관악,False,data/extracted/train/source/0053_정악_풍류음악/0053_정악_풍류음악_단소.wav,48000,2,7330910,152.727,PCM_24,train
0053_정악_풍류음악,0053,풍류음악,대금,대금,대금,관악,False,data/extracted/train/source/0053_정악_풍류음악/0053_정악_풍류음악_대금.wav,48000,2,7330910,152.727,PCM_24,train
0053_정악_풍류음악,0053,풍류음악,소금,소금,기타,관악,False,data/extracted/train/source/0053_정악_풍류음악/0053_정악_풍류음악_소금.wav,48000,2,7330910,152.727,PCM_24,train
0053_정악_풍류음악,0053,풍류음악,아쟁,아쟁,아쟁,찰현,False,data/extracted/train/source/0053_정악_풍류음악/0053_정악_풍류음악_아쟁.wav,48000,2,7330910,152.727,PCM_24,train
0053_정악_풍류음악,0053,풍류음악,양금,양금,양금,발현,False,data/extracted/train/source/0053_정악_풍류음악/0053_정악_풍류음악_양금.wav,48000,2,7330910,152.727,PCM_24,train
0053_정악_풍류음악,0053,풍류음악,장구,장구,타악기,타악,False,data/extracted/train/source/0053_정악_풍류음악/0053_정악_풍류음악_장구.wav,48000,2,7330910,152.727,PCM_24,train
0053_정악_풍류음악,0053,풍류음악,피리,피리,피리,관악,False,data/extracted/train/source/0053_정악_풍류음악/0053_정악_풍류음악_피리.wav,48000,2,7330910,152.727,PCM_24,train
0053_정악_풍류음악,0053,풍류음악,해금,해금,해금,찰현,False,data/extracted/train/source/0053_정악_풍류음악/0053_정악_풍류음악_해금.wav,48000,2,7330910,152.727,PCM_24,train
0054_정악_풍류음악,0054,풍류음악,가야금,가야금,가야금,발현,False,data/extracted/train/source/0054_정악_풍류음악/0054_정악_풍류음악_가야금.wav,48000,2,4416000,92.0,PCM_24,train
0054_정악_풍류음악,0054,풍류음악,거문고,거문고,거문고,발현,False,data/extracted/train/source/0054_정악_풍류음악/0054_정악_풍류음악_거문고.wav,48000,2,4416000,92.0,PCM_24,train
0054_정악_풍류음악,0054,풍류음악,단소,단소,기타,관악,False,data/extracted/train/source/0054_정악_풍류음악/0054_정악_풍류음악_단소.wav,48000,2,4416000,92.0,PCM_24,train
0054_정악_풍류음악,0054,풍류음악,대금,대금,대금,관악,False,data/extracted/train/source/0054_정악_풍류음악/0054_정악_풍류음악_대금.wav,48000,2,4416000,92.0,PCM_24,train
0054_정악_풍류음악,0054,풍류음악,소금,소금,기타,관악,False,data/extracted/train/source/0054_정악_풍류음악/0054_정악_풍류음악_소금.wav,48000,2,4416000,92.0,PCM_24,train
0054_정악_풍류음악,0054,풍류음악,아쟁,아쟁,아쟁,찰현,False,data/extracted/train/source/0054_정악_풍류음악/0054_정악_풍류음악_아쟁.wav,48000,2,4416000,92.0,PCM_24,train
0054_정악_풍류음악,0054,풍류음악,양금,양금,양금,발현,False,data/extracted/train/source/0054_정악_풍류음악/0054_정악_풍류음악_양금.wav,48000,2,4416000,92.0,PCM_24,train
0054_정악_풍류음악,0054,풍류음악,장구,장구,타악기,타악,False,data/extracted/train/source/0054_정악_풍류음악/0054_정악_풍류음악_장구.wav,48000,2,4416000,92.0,PCM_24,train
0054_정악_풍류음악,0054,풍류음악,피리,피리,피리,관악,False,data/extracted/train/source/0054_정악_풍류음악/0054_정악_풍류음악_피리.wav,48000,2,4416000,92.0,PCM_24,train
0054_정악_풍류음악,0054,풍류음악,해금,해금,해금,찰현,False,data/extracted/train/source/0054_정악_풍류음악/0054_정악_풍류음악_해금.wav,48000,2,4416000,92.0,PCM_24,train
0055_정악_풍류음악,0055,풍류음악,가야금,가야금,가야금,발현,False,data/extracted/train/source/0055_정악_풍류음악/0055_정악_풍류음악_가야금.wav,48000,2,7361182,153.358,PCM_24,train
0055_정악_풍류음악,0055,풍류음악,거문고,거문고,거문고,발현,False,data/extracted/train/source/0055_정악_풍류음악/0055_정악_풍류음악_거문고.wav,48000,2,7361182,153.358,PCM_24,train
0055_정악_풍류음악,0055,풍류음악,단소,단소,기타,관악,False,data/extracted/train/source/0055_정악_풍류음악/0055_정악_풍류음악_단소.wav,48000,2,7361182,153.358,PCM_24,train
0055_정악_풍류음악,0055,풍류음악,대금,대금,대금,관악,False,data/extracted/train/source/0055_정악_풍류음악/0055_정악_풍류음악_대금.wav,48000,2,7361182,153.358,PCM_24,train
0055_정악_풍류음악,0055,풍류음악,양금,양금,양금,발현,False,data/extracted/train/source/0055_정악_풍류음악/0055_정악_풍류음악_양금.wav,48000,2,7361182,153.358,PCM_24,train
0055_정악_풍류음악,0055,풍류음악,장구,장구,타악기,타악,False,data/extracted/train/source/0055_정악_풍류음악/0055_정악_풍류음악_장구.wav,48000,2,7361182,153.358,PCM_24,train
0055_정악_풍류음악,0055,풍류음악,피리,피리,피리,관악,False,data/extracted/train/source/0055_정악_풍류음악/0055_정악_풍류음악_피리.wav,48000,2,7361182,153.358,PCM_24,train
0055_정악_풍류음악,0055,풍류음악,해금,해금,해금,찰현,False,data/extracted/train/source/0055_정악_풍류음악/0055_정악_풍류음악_해금.wav,48000,2,7361182,153.358,PCM_24,train
0056_정악_풍류음악,0056,풍류음악,가야금,가야금,가야금,발현,False,data/extracted/train/source/0056_정악_풍류음악/0056_정악_풍류음악_가야금.wav,48000,2,14996571,312.429,PCM_24,train
0056_정악_풍류음악,0056,풍류음악,거문고,거문고,거문고,발현,False,data/extracted/train/source/0056_정악_풍류음악/0056_정악_풍류음악_거문고.wav,48000,2,14996571,312.429,PCM_24,train
0056_정악_풍류음악,0056,풍류음악,단소,단소,기타,관악,False,data/extracted/train/source/0056_정악_풍류음악/0056_정악_풍류음악_단소.wav,48000,2,14996571,312.429,PCM_24,train
0056_정악_풍류음악,0056,풍류음악,대금,대금,대금,관악,False,data/extracted/train/source/0056_정악_풍류음악/0056_정악_풍류음악_대금.wav,48000,2,14996571,312.429,PCM_24,train
0056_정악_풍류음악,0056,풍류음악,양금,양금,양금,발현,False,data/extracted/train/source/0056_정악_풍류음악/0056_정악_풍류음악_양금.wav,48000,2,14996571,312.429,PCM_24,train
0056_정악_풍류음악,0056,풍류음악,장구,장구,타악기,타악,False,data/extracted/train/source/0056_정악_풍류음악/0056_정악_풍류음악_장구.wav,48000,2,14996571,312.429,PCM_24,train
0056_정악_풍류음악,0056,풍류음악,피리,피리,피리,관악,False,data/extracted/train/source/0056_정악_풍류음악/0056_정악_풍류음악_피리.wav,48000,2,14996571,312.429,PCM_24,train
0056_정악_풍류음악,0056,풍류음악,해금,해금,해금,찰현,False,data/extracted/train/source/0056_정악_풍류음악/0056_정악_풍류음악_해금.wav,48000,2,14996571,312.429,PCM_24,train
0057_정악_풍류음악,0057,풍류음악,대금,대금,대금,관악,False,data/extracted/train/source/0057_정악_풍류음악/0057_정악_풍류음악_대금.wav,48000,2,14934857,311.143,PCM_24,train
0057_정악_풍류음악,0057,풍류음악,소금,소금,기타,관악,False,data/extracted/train/source/0057_정악_풍류음악/0057_정악_풍류음악_소금.wav,48000,2,14934857,311.143,PCM_24,train
0057_정악_풍류음악,0057,풍류음악,아쟁,아쟁,아쟁,찰현,False,data/extracted/train/source/0057_정악_풍류음악/0057_정악_풍류음악_아쟁.wav,48000,2,14934857,311.143,PCM_24,train
0057_정악_풍류음악,0057,풍류음악,장구,장구,타악기,타악,False,data/extracted/train/source/0057_정악_풍류음악/0057_정악_풍류음악_장구.wav,48000,2,14934857,311.143,PCM_24,train
0057_정악_풍류음악,0057,풍류음악,좌고,좌고,타악기,타악,False,data/extracted/train/source/0057_정악_풍류음악/0057_정악_풍류음악_좌고.wav,48000,2,14934857,311.143,PCM_24,train
0057_정악_풍류음악,0057,풍류음악,피리,피리,피리,관악,False,data/extracted/train/source/0057_정악_풍류음악/0057_정악_풍류음악_피리.wav,48000,2,14934857,311.143,PCM_24,train
0057_정악_풍류음악,0057,풍류음악,해금,해금,해금,찰현,False,data/extracted/train/source/0057_정악_풍류음악/0057_정악_풍류음악_해금.wav,48000,2,14934857,311.143,PCM_24,train
0058_정악_풍류음악,0058,풍류음악,대금,대금,대금,관악,False,data/extracted/val/source/0058_정악_풍류음악/0058_정악_풍류음악_대금.wav,48000,2,16416000,342.0,PCM_24,val
0058_정악_풍류음악,0058,풍류음악,소금,소금,기타,관악,False,data/extracted/val/source/0058_정악_풍류음악/0058_정악_풍류음악_소금.wav,48000,2,16416000,342.0,PCM_24,val
0058_정악_풍류음악,0058,풍류음악,아쟁,아쟁,아쟁,찰현,False,data/extracted/val/source/0058_정악_풍류음악/0058_정악_풍류음악_아쟁.wav,48000,2,16416000,342.0,PCM_24,val
0058_정악_풍류음악,0058,풍류음악,장구,장구,타악기,타악,False,data/extracted/val/source/0058_정악_풍류음악/0058_정악_풍류음악_장구.wav,48000,2,16416000,342.0,PCM_24,val
0058_정악_풍류음악,0058,풍류음악,좌고,좌고,타악기,타악,False,data/extracted/val/source/0058_정악_풍류음악/0058_정악_풍류음악_좌고.wav,48000,2,16416000,342.0,PCM_24,val
0058_정악_풍류음악,0058,풍류음악,피리,피리,피리,관악,False,data/extracted/val/source/0058_정악_풍류음악/0058_정악_풍류음악_피리.wav,48000,2,16416000,342.0,PCM_24,val
0058_정악_풍류음악,0058,풍류음악,해금,해금,해금,찰현,False,data/extracted/val/source/0058_정악_풍류음악/0058_정악_풍류음악_해금.wav,48000,2,16416000,342.0,PCM_24,val
0059_정악_풍류음악,0059,풍류음악,가야금,가야금,가야금,발현,False,data/extracted/train/source/0059_정악_풍류음악/0059_정악_풍류음악_가야금.wav,48000,2,5235429,109.071,PCM_24,train
0059_정악_풍류음악,0059,풍류음악,거문고,거문고,거문고,발현,False,data/extracted/train/source/0059_정악_풍류음악/0059_정악_풍류음악_거문고.wav,48000,2,5235429,109.071,PCM_24,train
0059_정악_풍류음악,0059,풍류음악,단소,단소,기타,관악,False,data/extracted/train/source/0059_정악_풍류음악/0059_정악_풍류음악_단소.wav,48000,2,5235429,109.071,PCM_24,train
0059_정악_풍류음악,0059,풍류음악,대금,대금,대금,관악,False,data/extracted/train/source/0059_정악_풍류음악/0059_정악_풍류음악_대금.wav,48000,2,5235429,109.071,PCM_24,train
0059_정악_풍류음악,0059,풍류음악,양금,양금,양금,발현,False,data/extracted/train/source/0059_정악_풍류음악/0059_정악_풍류음악_양금.wav,48000,2,5235429,109.071,PCM_24,train
0059_정악_풍류음악,0059,풍류음악,장구,장구,타악기,타악,False,data/extracted/train/source/0059_정악_풍류음악/0059_정악_풍류음악_장구.wav,48000,2,5235429,109.071,PCM_24,train
0059_정악_풍류음악,0059,풍류음악,피리,피리,피리,관악,False,data/extracted/train/source/0059_정악_풍류음악/0059_정악_풍류음악_피리.wav,48000,2,5235429,109.071,PCM_24,train
0059_정악_풍류음악,0059,풍류음악,해금,해금,해금,찰현,False,data/extracted/train/source/0059_정악_풍류음악/0059_정악_풍류음악_해금.wav,48000,2,5235429,109.071,PCM_24,train
0060_정악_풍류음악,0060,풍류음악,가야금,가야금,가야금,발현,False,data/extracted/train/source/0060_정악_풍류음악/0060_정악_풍류음악_가야금.wav,48000,2,16416000,342.0,PCM_24,train
0060_정악_풍류음악,0060,풍류음악,거문고,거문고,거문고,발현,False,data/extracted/train/source/0060_정악_풍류음악/0060_정악_풍류음악_거문고.wav,48000,2,16416000,342.0,PCM_24,train
0060_정악_풍류음악,0060,풍류음악,단소,단소,기타,관악,False,data/extracted/train/source/0060_정악_풍류음악/0060_정악_풍류음악_단소.wav,48000,2,16416000,342.0,PCM_24,train
0060_정악_풍류음악,0060,풍류음악,대금,대금,대금,관악,False,data/extracted/train/source/0060_정악_풍류음악/0060_정악_풍류음악_대금.wav,48000,2,16416000,342.0,PCM_24,train
0060_정악_풍류음악,0060,풍류음악,양금,양금,양금,발현,False,data/extracted/train/source/0060_정악_풍류음악/0060_정악_풍류음악_양금.wav,48000,2,16416000,342.0,PCM_24,train
0060_정악_풍류음악,0060,풍류음악,장구,장구,타악기,타악,False,data/extracted/train/source/0060_정악_풍류음악/0060_정악_풍류음악_장구.wav,48000,2,16416000,342.0,PCM_24,train
0060_정악_풍류음악,0060,풍류음악,피리,피리,피리,관악,False,data/extracted/train/source/0060_정악_풍류음악/0060_정악_풍류음악_피리.wav,48000,2,16416000,342.0,PCM_24,train
0060_정악_풍류음악,0060,풍류음악,해금,해금,해금,찰현,False,data/extracted/train/source/0060_정악_풍류음악/0060_정악_풍류음악_해금.wav,48000,2,16416000,342.0,PCM_24,train
0061_정악_풍류음악,0061,풍류음악,대금,대금,대금,관악,False,data/extracted/train/source/0061_정악_풍류음악/0061_정악_풍류음악_대금.wav,48000,2,11900572,247.929,PCM_24,train
0061_정악_풍류음악,0061,풍류음악,소금,소금,기타,관악,False,data/extracted/train/source/0061_정악_풍류음악/0061_정악_풍류음악_소금.wav,48000,2,11900572,247.929,PCM_24,train
0061_정악_풍류음악,0061,풍류음악,아쟁,아쟁,아쟁,찰현,False,data/extracted/train/source/0061_정악_풍류음악/0061_정악_풍류음악_아쟁.wav,48000,2,11900572,247.929,PCM_24,train
0061_정악_풍류음악,0061,풍류음악,장구,장구,타악기,타악,False,data/extracted/train/source/0061_정악_풍류음악/0061_정악_풍류음악_장구.wav,48000,2,11900572,247.929,PCM_24,train
0061_정악_풍류음악,0061,풍류음악,좌고,좌고,타악기,타악,False,data/extracted/train/source/0061_정악_풍류음악/0061_정악_풍류음악_좌고.wav,48000,2,11900572,247.929,PCM_24,train
0061_정악_풍류음악,0061,풍류음악,피리,피리,피리,관악,False,data/extracted/train/source/0061_정악_풍류음악/0061_정악_풍류음악_피리.wav,48000,2,11900572,247.929,PCM_24,train
0061_정악_풍류음악,0061,풍류음악,해금,해금,해금,찰현,False,data/extracted/train/source/0061_정악_풍류음악/0061_정악_풍류음악_해금.wav,48000,2,11900572,247.929,PCM_24,train
0062_정악_풍류음악,0062,풍류음악,가야금,가야금,가야금,발현,False,data/extracted/train/source/0062_정악_풍류음악/0062_정악_풍류음악_가야금.wav,48000,2,12100055,252.084,PCM_24,train
0062_정악_풍류음악,0062,풍류음악,거문고,거문고,거문고,발현,False,data/extracted/train/source/0062_정악_풍류음악/0062_정악_풍류음악_거문고.wav,48000,2,12100055,252.084,PCM_24,train
0062_정악_풍류음악,0062,풍류음악,단소,단소,기타,관악,False,data/extracted/train/source/0062_정악_풍류음악/0062_정악_풍류음악_단소.wav,48000,2,12100055,252.084,PCM_24,train
0062_정악_풍류음악,0062,풍류음악,대금,대금,대금,관악,False,data/extracted/train/source/0062_정악_풍류음악/0062_정악_풍류음악_대금.wav,48000,2,12100055,252.084,PCM_24,train
0062_정악_풍류음악,0062,풍류음악,소금,소금,기타,관악,False,data/extracted/train/source/0062_정악_풍류음악/0062_정악_풍류음악_소금.wav,48000,2,12100055,252.084,PCM_24,train
0062_정악_풍류음악,0062,풍류음악,아쟁,아쟁,아쟁,찰현,False,data/extracted/train/source/0062_정악_풍류음악/0062_정악_풍류음악_아쟁.wav,48000,2,12100055,252.084,PCM_24,train
0062_정악_풍류음악,0062,풍류음악,양금,양금,양금,발현,False,data/extracted/train/source/0062_정악_풍류음악/0062_정악_풍류음악_양금.wav,48000,2,12100055,252.084,PCM_24,train
0062_정악_풍류음악,0062,풍류음악,장구,장구,타악기,타악,False,data/extracted/train/source/0062_정악_풍류음악/0062_정악_풍류음악_장구.wav,48000,2,12100055,252.084,PCM_24,train
0062_정악_풍류음악,0062,풍류음악,피리,피리,피리,관악,False,data/extracted/train/source/0062_정악_풍류음악/0062_정악_풍류음악_피리.wav,48000,2,12100055,252.084,PCM_24,train
0062_정악_풍류음악,0062,풍류음악,해금,해금,해금,찰현,False,data/extracted/train/source/0062_정악_풍류음악/0062_정악_풍류음악_해금.wav,48000,2,12100055,252.084,PCM_24,train
0063_정악_풍류음악,0063,풍류음악,가야금,가야금,가야금,발현,False,data/extracted/train/source/0063_정악_풍류음악/0063_정악_풍류음악_가야금.wav,48000,2,11880000,247.5,PCM_24,train
0063_정악_풍류음악,0063,풍류음악,거문고,거문고,거문고,발현,False,data/extracted/train/source/0063_정악_풍류음악/0063_정악_풍류음악_거문고.wav,48000,2,11880000,247.5,PCM_24,train
0063_정악_풍류음악,0063,풍류음악,단소,단소,기타,관악,False,data/extracted/train/source/0063_정악_풍류음악/0063_정악_풍류음악_단소.wav,48000,2,11880000,247.5,PCM_24,train
0063_정악_풍류음악,0063,풍류음악,대금,대금,대금,관악,False,data/extracted/train/source/0063_정악_풍류음악/0063_정악_풍류음악_대금.wav,48000,2,11880000,247.5,PCM_24,train
0063_정악_풍류음악,0063,풍류음악,양금,양금,양금,발현,False,data/extracted/train/source/0063_정악_풍류음악/0063_정악_풍류음악_양금.wav,48000,2,11880000,247.5,PCM_24,train
0063_정악_풍류음악,0063,풍류음악,장구,장구,타악기,타악,False,data/extracted/train/source/0063_정악_풍류음악/0063_정악_풍류음악_장구.wav,48000,2,11880000,247.5,PCM_24,train
0063_정악_풍류음악,0063,풍류음악,피리,피리,피리,관악,False,data/extracted/train/source/0063_정악_풍류음악/0063_정악_풍류음악_피리.wav,48000,2,11880000,247.5,PCM_24,train
0063_정악_풍류음악,0063,풍류음악,해금,해금,해금,찰현,False,data/extracted/train/source/0063_정악_풍류음악/0063_정악_풍류음악_해금.wav,48000,2,11880000,247.5,PCM_24,train
0064_정악_풍류음악,0064,풍류음악,가야금,가야금,가야금,발현,False,data/extracted/train/source/0064_정악_풍류음악/0064_정악_풍류음악_가야금.wav,48000,2,11552000,240.667,PCM_24,train
0064_정악_풍류음악,0064,풍류음악,거문고,거문고,거문고,발현,False,data/extracted/train/source/0064_정악_풍류음악/0064_정악_풍류음악_거문고.wav,48000,2,11552000,240.667,PCM_24,train
0064_정악_풍류음악,0064,풍류음악,대금,대금,대금,관악,False,data/extracted/train/source/0064_정악_풍류음악/0064_정악_풍류음악_대금.wav,48000,2,11552000,240.667,PCM_24,train
0064_정악_풍류음악,0064,풍류음악,장구,장구,타악기,타악,False,data/extracted/train/source/0064_정악_풍류음악/0064_정악_풍류음악_장구.wav,48000,2,11552000,240.667,PCM_24,train
0064_정악_풍류음악,0064,풍류음악,피리,피리,피리,관악,False,data/extracted/train/source/0064_정악_풍류음악/0064_정악_풍류음악_피리.wav,48000,2,11552000,240.667,PCM_24,train
0064_정악_풍류음악,0064,풍류음악,해금,해금,해금,찰현,False,data/extracted/train/source/0064_정악_풍류음악/0064_정악_풍류음악_해금.wav,48000,2,11552000,240.667,PCM_24,train
0065_정악_풍류음악,0065,풍류음악,가야금,가야금,가야금,발현,False,data/extracted/train/source/0065_정악_풍류음악/0065_정악_풍류음악_가야금.wav,48000,2,14202000,295.875,PCM_24,train
0065_정악_풍류음악,0065,풍류음악,거문고,거문고,거문고,발현,False,data/extracted/train/source/0065_정악_풍류음악/0065_정악_풍류음악_거문고.wav,48000,2,14202000,295.875,PCM_24,train
0065_정악_풍류음악,0065,풍류음악,대금,대금,대금,관악,False,data/extracted/train/source/0065_정악_풍류음악/0065_정악_풍류음악_대금.wav,48000,2,14202000,295.875,PCM_24,train
0065_정악_풍류음악,0065,풍류음악,장구,장구,타악기,타악,False,data/extracted/train/source/0065_정악_풍류음악/0065_정악_풍류음악_장구.wav,48000,2,14202000,295.875,PCM_24,train
0065_정악_풍류음악,0065,풍류음악,피리,피리,피리,관악,False,data/extracted/train/source/0065_정악_풍류음악/0065_정악_풍류음악_피리.wav,48000,2,14202000,295.875,PCM_24,train
0065_정악_풍류음악,0065,풍류음악,해금,해금,해금,찰현,False,data/extracted/train/source/0065_정악_풍류음악/0065_정악_풍류음악_해금.wav,48000,2,14202000,295.875,PCM_24,train
0066_정악_풍류음악,0066,풍류음악,가야금,가야금,가야금,발현,False,data/extracted/val/source/0066_정악_풍류음악/0066_정악_풍류음악_가야금.wav,48000,2,14832000,309.0,PCM_24,test
0066_정악_풍류음악,0066,풍류음악,거문고,거문고,거문고,발현,False,data/extracted/val/source/0066_정악_풍류음악/0066_정악_풍류음악_거문고.wav,48000,2,14832000,309.0,PCM_24,test
0066_정악_풍류음악,0066,풍류음악,대금,대금,대금,관악,False,data/extracted/val/source/0066_정악_풍류음악/0066_정악_풍류음악_대금.wav,48000,2,14832000,309.0,PCM_24,test
0066_정악_풍류음악,0066,풍류음악,장구,장구,타악기,타악,False,data/extracted/val/source/0066_정악_풍류음악/0066_정악_풍류음악_장구.wav,48000,2,14832000,309.0,PCM_24,test
0066_정악_풍류음악,0066,풍류음악,피리,피리,피리,관악,False,data/extracted/val/source/0066_정악_풍류음악/0066_정악_풍류음악_피리.wav,48000,2,14832000,309.0,PCM_24,test
0066_정악_풍류음악,0066,풍류음악,해금,해금,해금,찰현,False,data/extracted/val/source/0066_정악_풍류음악/0066_정악_풍류음악_해금.wav,48000,2,14832000,309.0,PCM_24,test
0067_정악_풍류음악,0067,풍류음악,가야금,가야금,가야금,발현,False,data/extracted/train/source/0067_정악_풍류음악/0067_정악_풍류음악_가야금.wav,48000,2,18267428,380.571,PCM_24,train
0067_정악_풍류음악,0067,풍류음악,거문고,거문고,거문고,발현,False,data/extracted/train/source/0067_정악_풍류음악/0067_정악_풍류음악_거문고.wav,48000,2,18267428,380.571,PCM_24,train
0067_정악_풍류음악,0067,풍류음악,대금,대금,대금,관악,False,data/extracted/train/source/0067_정악_풍류음악/0067_정악_풍류음악_대금.wav,48000,2,18267428,380.571,PCM_24,train
0067_정악_풍류음악,0067,풍류음악,장구,장구,타악기,타악,False,data/extracted/train/source/0067_정악_풍류음악/0067_정악_풍류음악_장구.wav,48000,2,18267428,380.571,PCM_24,train
0067_정악_풍류음악,0067,풍류음악,피리,피리,피리,관악,False,data/extracted/train/source/0067_정악_풍류음악/0067_정악_풍류음악_피리.wav,48000,2,18267428,380.571,PCM_24,train
0067_정악_풍류음악,0067,풍류음악,해금,해금,해금,찰현,False,data/extracted/train/source/0067_정악_풍류음악/0067_정악_풍류음악_해금.wav,48000,2,18267428,380.571,PCM_24,train
0068_정악_풍류음악,0068,풍류음악,가야금,가야금,가야금,발현,False,data/extracted/val/source/0068_정악_풍류음악/0068_정악_풍류음악_가야금.wav,48000,2,14821715,308.786,PCM_24,train
0068_정악_풍류음악,0068,풍류음악,거문고,거문고,거문고,발현,False,data/extracted/val/source/0068_정악_풍류음악/0068_정악_풍류음악_거문고.wav,48000,2,14821715,308.786,PCM_24,train
0068_정악_풍류음악,0068,풍류음악,대금,대금,대금,관악,False,data/extracted/val/source/0068_정악_풍류음악/0068_정악_풍류음악_대금.wav,48000,2,14821715,308.786,PCM_24,train
0068_정악_풍류음악,0068,풍류음악,장구,장구,타악기,타악,False,data/extracted/val/source/0068_정악_풍류음악/0068_정악_풍류음악_장구.wav,48000,2,14821715,308.786,PCM_24,train
0068_정악_풍류음악,0068,풍류음악,피리,피리,피리,관악,False,data/extracted/val/source/0068_정악_풍류음악/0068_정악_풍류음악_피리.wav,48000,2,14821715,308.786,PCM_24,train
0068_정악_풍류음악,0068,풍류음악,해금,해금,해금,찰현,False,data/extracted/val/source/0068_정악_풍류음악/0068_정악_풍류음악_해금.wav,48000,2,14821715,308.786,PCM_24,train
0069_정악_풍류음악,0069,풍류음악,가야금,가야금,가야금,발현,False,data/extracted/train/source/0069_정악_풍류음악/0069_정악_풍류음악_가야금.wav,48000,2,14893714,310.286,PCM_24,train
0069_정악_풍류음악,0069,풍류음악,거문고,거문고,거문고,발현,False,data/extracted/train/source/0069_정악_풍류음악/0069_정악_풍류음악_거문고.wav,48000,2,14893714,310.286,PCM_24,train
0069_정악_풍류음악,0069,풍류음악,대금,대금,대금,관악,False,data/extracted/train/source/0069_정악_풍류음악/0069_정악_풍류음악_대금.wav,48000,2,14893714,310.286,PCM_24,train
0069_정악_풍류음악,0069,풍류음악,장구,장구,타악기,타악,False,data/extracted/train/source/0069_정악_풍류음악/0069_정악_풍류음악_장구.wav,48000,2,14893714,310.286,PCM_24,train
0069_정악_풍류음악,0069,풍류음악,피리,피리,피리,관악,False,data/extracted/train/source/0069_정악_풍류음악/0069_정악_풍류음악_피리.wav,48000,2,14893714,310.286,PCM_24,train
0069_정악_풍류음악,0069,풍류음악,해금,해금,해금,찰현,False,data/extracted/train/source/0069_정악_풍류음악/0069_정악_풍류음악_해금.wav,48000,2,14893714,310.286,PCM_24,train
0070_정악_풍류음악,0070,풍류음악,가야금,가야금,가야금,발현,False,data/extracted/train/source/0070_정악_풍류음악/0070_정악_풍류음악_가야금.wav,48000,2,14862857,309.643,PCM_24,train
0070_정악_풍류음악,0070,풍류음악,거문고,거문고,거문고,발현,False,data/extracted/train/source/0070_정악_풍류음악/0070_정악_풍류음악_거문고.wav,48000,2,14862857,309.643,PCM_24,train
0070_정악_풍류음악,0070,풍류음악,대금,대금,대금,관악,False,data/extracted/train/source/0070_정악_풍류음악/0070_정악_풍류음악_대금.wav,48000,2,14862857,309.643,PCM_24,train
0070_정악_풍류음악,0070,풍류음악,장구,장구,타악기,타악,False,data/extracted/train/source/0070_정악_풍류음악/0070_정악_풍류음악_장구.wav,48000,2,14862857,309.643,PCM_24,train
0070_정악_풍류음악,0070,풍류음악,피리,피리,피리,관악,False,data/extracted/train/source/0070_정악_풍류음악/0070_정악_풍류음악_피리.wav,48000,2,14862857,309.643,PCM_24,train
0070_정악_풍류음악,0070,풍류음악,해금,해금,해금,찰현,False,data/extracted/train/source/0070_정악_풍류음악/0070_정악_풍류음악_해금.wav,48000,2,14862857,309.643,PCM_24,train
0071_정악_풍류음악,0071,풍류음악,가야금,가야금,가야금,발현,False,data/extracted/train/source/0071_정악_풍류음악/0071_정악_풍류음악_가야금.wav,48000,2,20736000,432.0,PCM_24,train
0071_정악_풍류음악,0071,풍류음악,거문고,거문고,거문고,발현,False,data/extracted/train/source/0071_정악_풍류음악/0071_정악_풍류음악_거문고.wav,48000,2,20736000,432.0,PCM_24,train
0071_정악_풍류음악,0071,풍류음악,대금,대금,대금,관악,False,data/extracted/train/source/0071_정악_풍류음악/0071_정악_풍류음악_대금.wav,48000,2,20736000,432.0,PCM_24,train
0071_정악_풍류음악,0071,풍류음악,장구,장구,타악기,타악,False,data/extracted/train/source/0071_정악_풍류음악/0071_정악_풍류음악_장구.wav,48000,2,20736000,432.0,PCM_24,train
0071_정악_풍류음악,0071,풍류음악,피리,피리,피리,관악,False,data/extracted/train/source/0071_정악_풍류음악/0071_정악_풍류음악_피리.wav,48000,2,20736000,432.0,PCM_24,train
0071_정악_풍류음악,0071,풍류음악,해금,해금,해금,찰현,False,data/extracted/train/source/0071_정악_풍류음악/0071_정악_풍류음악_해금.wav,48000,2,20736000,432.0,PCM_24,train
0073_정악_풍류음악,0073,풍류음악,가야금,가야금,가야금,발현,False,data/extracted/train/source/0073_정악_풍류음악/0073_정악_풍류음악_가야금.wav,48000,2,25920000,540.0,PCM_24,test
0073_정악_풍류음악,0073,풍류음악,거문고,거문고,거문고,발현,False,data/extracted/train/source/0073_정악_풍류음악/0073_정악_풍류음악_거문고.wav,48000,2,25920000,540.0,PCM_24,test
0073_정악_풍류음악,0073,풍류음악,대금,대금,대금,관악,False,data/extracted/train/source/0073_정악_풍류음악/0073_정악_풍류음악_대금.wav,48000,2,25920000,540.0,PCM_24,test
0073_정악_풍류음악,0073,풍류음악,장구,장구,타악기,타악,False,data/extracted/train/source/0073_정악_풍류음악/0073_정악_풍류음악_장구.wav,48000,2,25920000,540.0,PCM_24,test
0073_정악_풍류음악,0073,풍류음악,피리,피리,피리,관악,False,data/extracted/train/source/0073_정악_풍류음악/0073_정악_풍류음악_피리.wav,48000,2,25920000,540.0,PCM_24,test
0073_정악_풍류음악,0073,풍류음악,해금,해금,해금,찰현,False,data/extracted/train/source/0073_정악_풍류음악/0073_정악_풍류음악_해금.wav,48000,2,25920000,540.0,PCM_24,test
0074_정악_풍류음악,0074,풍류음악,가야금,가야금,가야금,발현,False,data/extracted/val/source/0074_정악_풍류음악/0074_정악_풍류음악_가야금.wav,48000,2,25938000,540.375,PCM_24,train
0074_정악_풍류음악,0074,풍류음악,거문고,거문고,거문고,발현,False,data/extracted/val/source/0074_정악_풍류음악/0074_정악_풍류음악_거문고.wav,48000,2,25938000,540.375,PCM_24,train
0074_정악_풍류음악,0074,풍류음악,대금,대금,대금,관악,False,data/extracted/val/source/0074_정악_풍류음악/0074_정악_풍류음악_대금.wav,48000,2,25938000,540.375,PCM_24,train
0074_정악_풍류음악,0074,풍류음악,장구,장구,타악기,타악,False,data/extracted/val/source/0074_정악_풍류음악/0074_정악_풍류음악_장구.wav,48000,2,25938000,540.375,PCM_24,train
0074_정악_풍류음악,0074,풍류음악,피리,피리,피리,관악,False,data/extracted/val/source/0074_정악_풍류음악/0074_정악_풍류음악_피리.wav,48000,2,25938000,540.375,PCM_24,train
0074_정악_풍류음악,0074,풍류음악,해금,해금,해금,찰현,False,data/extracted/val/source/0074_정악_풍류음악/0074_정악_풍류음악_해금.wav,48000,2,25938000,540.375,PCM_24,train
0075_정악_풍류음악,0075,풍류음악,대금,대금,대금,관악,False,data/extracted/train/source/0075_정악_풍류음악/0075_정악_풍류음악_대금.wav,48000,2,11728000,244.333,PCM_24,train
0075_정악_풍류음악,0075,풍류음악,장구,장구,타악기,타악,False,data/extracted/train/source/0075_정악_풍류음악/0075_정악_풍류음악_장구.wav,48000,2,11728000,244.333,PCM_24,train
0075_정악_풍류음악,0075,풍류음악,피리,피리,피리,관악,False,data/extracted/train/source/0075_정악_풍류음악/0075_정악_풍류음악_피리.wav,48000,2,11728000,244.333,PCM_24,train
0075_정악_풍류음악,0075,풍류음악,해금,해금,해금,찰현,False,data/extracted/train/source/0075_정악_풍류음악/0075_정악_풍류음악_해금.wav,48000,2,11728000,244.333,PCM_24,train
0076_정악_풍류음악,0076,풍류음악,대금,대금,대금,관악,False,data/extracted/train/source/0076_정악_풍류음악/0076_정악_풍류음악_대금.wav,48000,2,16416000,342.0,PCM_24,train
0076_정악_풍류음악,0076,풍류음악,장구,장구,타악기,타악,False,data/extracted/train/source/0076_정악_풍류음악/0076_정악_풍류음악_장구.wav,48000,2,16416000,342.0,PCM_24,train
0076_정악_풍류음악,0076,풍류음악,피리,피리,피리,관악,False,data/extracted/train/source/0076_정악_풍류음악/0076_정악_풍류음악_피리.wav,48000,2,16416000,342.0,PCM_24,train
0076_정악_풍류음악,0076,풍류음악,해금,해금,해금,찰현,False,data/extracted/train/source/0076_정악_풍류음악/0076_정악_풍류음악_해금.wav,48000,2,16416000,342.0,PCM_24,train
0077_정악_풍류음악,0077,풍류음악,대금,대금,대금,관악,False,data/extracted/train/source/0077_정악_풍류음악/0077_정악_풍류음악_대금.wav,48000,2,16387200,341.4,PCM_24,train
0077_정악_풍류음악,0077,풍류음악,장구,장구,타악기,타악,False,data/extracted/train/source/0077_정악_풍류음악/0077_정악_풍류음악_장구.wav,48000,2,16387200,341.4,PCM_24,train
0077_정악_풍류음악,0077,풍류음악,피리,피리,피리,관악,False,data/extracted/train/source/0077_정악_풍류음악/0077_정악_풍류음악_피리.wav,48000,2,16387200,341.4,PCM_24,train
0077_정악_풍류음악,0077,풍류음악,해금,해금,해금,찰현,False,data/extracted/train/source/0077_정악_풍류음악/0077_정악_풍류음악_해금.wav,48000,2,16387200,341.4,PCM_24,train
0078_정악_풍류음악,0078,풍류음악,대금,대금,대금,관악,False,data/extracted/train/source/0078_정악_풍류음악/0078_정악_풍류음악_대금.wav,48000,2,11232000,234.0,PCM_24,train
0078_정악_풍류음악,0078,풍류음악,장구,장구,타악기,타악,False,data/extracted/train/source/0078_정악_풍류음악/0078_정악_풍류음악_장구.wav,48000,2,11232000,234.0,PCM_24,train
0078_정악_풍류음악,0078,풍류음악,피리,피리,피리,관악,False,data/extracted/train/source/0078_정악_풍류음악/0078_정악_풍류음악_피리.wav,48000,2,11232000,234.0,PCM_24,train
0078_정악_풍류음악,0078,풍류음악,해금,해금,해금,찰현,False,data/extracted/train/source/0078_정악_풍류음악/0078_정악_풍류음악_해금.wav,48000,2,11232000,234.0,PCM_24,train
0079_정악_풍류음악,0079,풍류음악,대금,대금,대금,관악,False,data/extracted/train/source/0079_정악_풍류음악/0079_정악_풍류음악_대금.wav,48000,2,14342400,298.8,PCM_24,train
0079_정악_풍류음악,0079,풍류음악,장구,장구,타악기,타악,False,data/extracted/train/source/0079_정악_풍류음악/0079_정악_풍류음악_장구.wav,48000,2,14342400,298.8,PCM_24,train
0079_정악_풍류음악,0079,풍류음악,피리,피리,피리,관악,False,data/extracted/train/source/0079_정악_풍류음악/0079_정악_풍류음악_피리.wav,48000,2,14342400,298.8,PCM_24,train
0079_정악_풍류음악,0079,풍류음악,해금,해금,해금,찰현,False,data/extracted/train/source/0079_정악_풍류음악/0079_정악_풍류음악_해금.wav,48000,2,14342400,298.8,PCM_24,train
0080_정악_풍류음악,0080,풍류음악,대금,대금,대금,관악,False,data/extracted/train/source/0080_정악_풍류음악/0080_정악_풍류음악_대금.wav,48000,2,12268800,255.6,PCM_24,train
0080_정악_풍류음악,0080,풍류음악,장구,장구,타악기,타악,False,data/extracted/train/source/0080_정악_풍류음악/0080_정악_풍류음악_장구.wav,48000,2,12268800,255.6,PCM_24,train
0080_정악_풍류음악,0080,풍류음악,피리,피리,피리,관악,False,data/extracted/train/source/0080_정악_풍류음악/0080_정악_풍류음악_피리.wav,48000,2,12268800,255.6,PCM_24,train
0080_정악_풍류음악,0080,풍류음악,해금,해금,해금,찰현,False,data/extracted/train/source/0080_정악_풍류음악/0080_정악_풍류음악_해금.wav,48000,2,12268800,255.6,PCM_24,train
0083_정악_풍류음악,0083,풍류음악,가야금,가야금,가야금,발현,False,data/extracted/train/source/0083_정악_풍류음악/0083_정악_풍류음악_가야금.wav,48000,2,15973714,332.786,PCM_24,train
0083_정악_풍류음악,0083,풍류음악,거문고,거문고,거문고,발현,False,data/extracted/train/source/0083_정악_풍류음악/0083_정악_풍류음악_거문고.wav,48000,2,15973714,332.786,PCM_24,train
0083_정악_풍류음악,0083,풍류음악,대금,대금,대금,관악,False,data/extracted/train/source/0083_정악_풍류음악/0083_정악_풍류음악_대금.wav,48000,2,15973714,332.786,PCM_24,train
0083_정악_풍류음악,0083,풍류음악,장구,장구,타악기,타악,False,data/extracted/train/source/0083_정악_풍류음악/0083_정악_풍류음악_장구.wav,48000,2,15973714,332.786,PCM_24,train
0083_정악_풍류음악,0083,풍류음악,피리,피리,피리,관악,False,data/extracted/train/source/0083_정악_풍류음악/0083_정악_풍류음악_피리.wav,48000,2,15973714,332.786,PCM_24,train
0083_정악_풍류음악,0083,풍류음악,해금,해금,해금,찰현,False,data/extracted/train/source/0083_정악_풍류음악/0083_정악_풍류음악_해금.wav,48000,2,15973714,332.786,PCM_24,train
0084_정악_풍류음악,0084,풍류음악,가야금,가야금,가야금,발현,False,data/extracted/train/source/0084_정악_풍류음악/0084_정악_풍류음악_가야금.wav,48000,2,14811428,308.571,PCM_24,train
0084_정악_풍류음악,0084,풍류음악,거문고,거문고,거문고,발현,False,data/extracted/train/source/0084_정악_풍류음악/0084_정악_풍류음악_거문고.wav,48000,2,14811428,308.571,PCM_24,train
0084_정악_풍류음악,0084,풍류음악,대금,대금,대금,관악,False,data/extracted/train/source/0084_정악_풍류음악/0084_정악_풍류음악_대금.wav,48000,2,14811428,308.571,PCM_24,train
0084_정악_풍류음악,0084,풍류음악,장구,장구,타악기,타악,False,data/extracted/train/source/0084_정악_풍류음악/0084_정악_풍류음악_장구.wav,48000,2,14811428,308.571,PCM_24,train
0084_정악_풍류음악,0084,풍류음악,피리,피리,피리,관악,False,data/extracted/train/source/0084_정악_풍류음악/0084_정악_풍류음악_피리.wav,48000,2,14811428,308.571,PCM_24,train
0084_정악_풍류음악,0084,풍류음악,해금,해금,해금,찰현,False,data/extracted/train/source/0084_정악_풍류음악/0084_정악_풍류음악_해금.wav,48000,2,14811428,308.571,PCM_24,train
0085_정악_풍류음악,0085,풍류음악,가야금,가야금,가야금,발현,False,data/extracted/train/source/0085_정악_풍류음악/0085_정악_풍류음악_가야금.wav,48000,2,14780572,307.929,PCM_24,train
0085_정악_풍류음악,0085,풍류음악,거문고,거문고,거문고,발현,False,data/extracted/train/source/0085_정악_풍류음악/0085_정악_풍류음악_거문고.wav,48000,2,14780572,307.929,PCM_24,train
0085_정악_풍류음악,0085,풍류음악,대금,대금,대금,관악,False,data/extracted/train/source/0085_정악_풍류음악/0085_정악_풍류음악_대금.wav,48000,2,14780572,307.929,PCM_24,train
0085_정악_풍류음악,0085,풍류음악,장구,장구,타악기,타악,False,data/extracted/train/source/0085_정악_풍류음악/0085_정악_풍류음악_장구.wav,48000,2,14780572,307.929,PCM_24,train
0085_정악_풍류음악,0085,풍류음악,피리,피리,피리,관악,False,data/extracted/train/source/0085_정악_풍류음악/0085_정악_풍류음악_피리.wav,48000,2,14780572,307.929,PCM_24,train
0085_정악_풍류음악,0085,풍류음악,해금,해금,해금,찰현,False,data/extracted/train/source/0085_정악_풍류음악/0085_정악_풍류음악_해금.wav,48000,2,14780572,307.929,PCM_24,train
0086_정악_풍류음악,0086,풍류음악,가야금,가야금,가야금,발현,False,data/extracted/train/source/0086_정악_풍류음악/0086_정악_풍류음악_가야금.wav,48000,2,14811428,308.571,PCM_24,train
0086_정악_풍류음악,0086,풍류음악,거문고,거문고,거문고,발현,False,data/extracted/train/source/0086_정악_풍류음악/0086_정악_풍류음악_거문고.wav,48000,2,14811428,308.571,PCM_24,train
0086_정악_풍류음악,0086,풍류음악,대금,대금,대금,관악,False,data/extracted/train/source/0086_정악_풍류음악/0086_정악_풍류음악_대금.wav,48000,2,14811428,308.571,PCM_24,train
0086_정악_풍류음악,0086,풍류음악,장구,장구,타악기,타악,False,data/extracted/train/source/0086_정악_풍류음악/0086_정악_풍류음악_장구.wav,48000,2,14811428,308.571,PCM_24,train
0086_정악_풍류음악,0086,풍류음악,피리,피리,피리,관악,False,data/extracted/train/source/0086_정악_풍류음악/0086_정악_풍류음악_피리.wav,48000,2,14811428,308.571,PCM_24,train
0086_정악_풍류음악,0086,풍류음악,해금,해금,해금,찰현,False,data/extracted/train/source/0086_정악_풍류음악/0086_정악_풍류음악_해금.wav,48000,2,14811428,308.571,PCM_24,train
0087_정악_풍류음악,0087,풍류음악,가야금,가야금,가야금,발현,False,data/extracted/train/source/0087_정악_풍류음악/0087_정악_풍류음악_가야금.wav,48000,2,14801143,308.357,PCM_24,train
0087_정악_풍류음악,0087,풍류음악,거문고,거문고,거문고,발현,False,data/extracted/train/source/0087_정악_풍류음악/0087_정악_풍류음악_거문고.wav,48000,2,14801143,308.357,PCM_24,train
0087_정악_풍류음악,0087,풍류음악,대금,대금,대금,관악,False,data/extracted/train/source/0087_정악_풍류음악/0087_정악_풍류음악_대금.wav,48000,2,14801143,308.357,PCM_24,train
0087_정악_풍류음악,0087,풍류음악,장구,장구,타악기,타악,False,data/extracted/train/source/0087_정악_풍류음악/0087_정악_풍류음악_장구.wav,48000,2,14801143,308.357,PCM_24,train
0087_정악_풍류음악,0087,풍류음악,피리,피리,피리,관악,False,data/extracted/train/source/0087_정악_풍류음악/0087_정악_풍류음악_피리.wav,48000,2,14801143,308.357,PCM_24,train
0087_정악_풍류음악,0087,풍류음악,해금,해금,해금,찰현,False,data/extracted/train/source/0087_정악_풍류음악/0087_정악_풍류음악_해금.wav,48000,2,14801143,308.357,PCM_24,train
0088_정악_풍류음악,0088,풍류음악,가야금,가야금,가야금,발현,False,data/extracted/train/source/0088_정악_풍류음악/0088_정악_풍류음악_가야금.wav,48000,2,17280000,360.0,PCM_24,train
0088_정악_풍류음악,0088,풍류음악,거문고,거문고,거문고,발현,False,data/extracted/train/source/0088_정악_풍류음악/0088_정악_풍류음악_거문고.wav,48000,2,17280000,360.0,PCM_24,train
0088_정악_풍류음악,0088,풍류음악,대금,대금,대금,관악,False,data/extracted/train/source/0088_정악_풍류음악/0088_정악_풍류음악_대금.wav,48000,2,17280000,360.0,PCM_24,train
0088_정악_풍류음악,0088,풍류음악,장구,장구,타악기,타악,False,data/extracted/train/source/0088_정악_풍류음악/0088_정악_풍류음악_장구.wav,48000,2,17280000,360.0,PCM_24,train
0088_정악_풍류음악,0088,풍류음악,피리,피리,피리,관악,False,data/extracted/train/source/0088_정악_풍류음악/0088_정악_풍류음악_피리.wav,48000,2,17280000,360.0,PCM_24,train
0088_정악_풍류음악,0088,풍류음악,해금,해금,해금,찰현,False,data/extracted/train/source/0088_정악_풍류음악/0088_정악_풍류음악_해금.wav,48000,2,17280000,360.0,PCM_24,train
0089_정악_풍류음악,0089,풍류음악,가야금,가야금,가야금,발현,False,data/extracted/train/source/0089_정악_풍류음악/0089_정악_풍류음악_가야금.wav,48000,2,20505600,427.2,PCM_24,train
0089_정악_풍류음악,0089,풍류음악,거문고,거문고,거문고,발현,False,data/extracted/train/source/0089_정악_풍류음악/0089_정악_풍류음악_거문고.wav,48000,2,20505600,427.2,PCM_24,train
0089_정악_풍류음악,0089,풍류음악,대금,대금,대금,관악,False,data/extracted/train/source/0089_정악_풍류음악/0089_정악_풍류음악_대금.wav,48000,2,20505600,427.2,PCM_24,train
0089_정악_풍류음악,0089,풍류음악,장구,장구,타악기,타악,False,data/extracted/train/source/0089_정악_풍류음악/0089_정악_풍류음악_장구.wav,48000,2,20505600,427.2,PCM_24,train
0089_정악_풍류음악,0089,풍류음악,피리,피리,피리,관악,False,data/extracted/train/source/0089_정악_풍류음악/0089_정악_풍류음악_피리.wav,48000,2,20505600,427.2,PCM_24,train
0089_정악_풍류음악,0089,풍류음악,해금,해금,해금,찰현,False,data/extracted/train/source/0089_정악_풍류음악/0089_정악_풍류음악_해금.wav,48000,2,20505600,427.2,PCM_24,train
0091_정악_풍류음악,0091,풍류음악,가야금,가야금,가야금,발현,False,data/extracted/train/source/0091_정악_풍류음악/0091_정악_풍류음악_가야금.wav,48000,2,13464000,280.5,PCM_24,train
0091_정악_풍류음악,0091,풍류음악,거문고,거문고,거문고,발현,False,data/extracted/train/source/0091_정악_풍류음악/0091_정악_풍류음악_거문고.wav,48000,2,13464000,280.5,PCM_24,train
0091_정악_풍류음악,0091,풍류음악,대금,대금,대금,관악,False,data/extracted/train/source/0091_정악_풍류음악/0091_정악_풍류음악_대금.wav,48000,2,13464000,280.5,PCM_24,train
0091_정악_풍류음악,0091,풍류음악,장구,장구,타악기,타악,False,data/extracted/train/source/0091_정악_풍류음악/0091_정악_풍류음악_장구.wav,48000,2,13464000,280.5,PCM_24,train
0091_정악_풍류음악,0091,풍류음악,피리,피리,피리,관악,False,data/extracted/train/source/0091_정악_풍류음악/0091_정악_풍류음악_피리.wav,48000,2,13464000,280.5,PCM_24,train
0091_정악_풍류음악,0091,풍류음악,해금,해금,해금,찰현,False,data/extracted/train/source/0091_정악_풍류음악/0091_정악_풍류음악_해금.wav,48000,2,13464000,280.5,PCM_24,train
0092_정악_풍류음악,0092,풍류음악,가야금,가야금,가야금,발현,False,data/extracted/train/source/0092_정악_풍류음악/0092_정악_풍류음악_가야금.wav,48000,2,17280000,360.0,PCM_24,train
0092_정악_풍류음악,0092,풍류음악,거문고,거문고,거문고,발현,False,data/extracted/train/source/0092_정악_풍류음악/0092_정악_풍류음악_거문고.wav,48000,2,17280000,360.0,PCM_24,train
0092_정악_풍류음악,0092,풍류음악,대금,대금,대금,관악,False,data/extracted/train/source/0092_정악_풍류음악/0092_정악_풍류음악_대금.wav,48000,2,17280000,360.0,PCM_24,train
0092_정악_풍류음악,0092,풍류음악,장구,장구,타악기,타악,False,data/extracted/train/source/0092_정악_풍류음악/0092_정악_풍류음악_장구.wav,48000,2,17280000,360.0,PCM_24,train
0092_정악_풍류음악,0092,풍류음악,피리,피리,피리,관악,False,data/extracted/train/source/0092_정악_풍류음악/0092_정악_풍류음악_피리.wav,48000,2,17280000,360.0,PCM_24,train
0092_정악_풍류음악,0092,풍류음악,해금,해금,해금,찰현,False,data/extracted/train/source/0092_정악_풍류음악/0092_정악_풍류음악_해금.wav,48000,2,17280000,360.0,PCM_24,train
0093_정악_풍류음악,0093,풍류음악,가야금,가야금,가야금,발현,False,data/extracted/train/source/0093_정악_풍류음악/0093_정악_풍류음악_가야금.wav,48000,2,25902000,539.625,PCM_24,val
0093_정악_풍류음악,0093,풍류음악,거문고,거문고,거문고,발현,False,data/extracted/train/source/0093_정악_풍류음악/0093_정악_풍류음악_거문고.wav,48000,2,25902000,539.625,PCM_24,val
0093_정악_풍류음악,0093,풍류음악,대금,대금,대금,관악,False,data/extracted/train/source/0093_정악_풍류음악/0093_정악_풍류음악_대금.wav,48000,2,25902000,539.625,PCM_24,val
0093_정악_풍류음악,0093,풍류음악,장구,장구,타악기,타악,False,data/extracted/train/source/0093_정악_풍류음악/0093_정악_풍류음악_장구.wav,48000,2,25902000,539.625,PCM_24,val
0093_정악_풍류음악,0093,풍류음악,피리,피리,피리,관악,False,data/extracted/train/source/0093_정악_풍류음악/0093_정악_풍류음악_피리.wav,48000,2,25902000,539.625,PCM_24,val
0093_정악_풍류음악,0093,풍류음악,해금,해금,해금,찰현,False,data/extracted/train/source/0093_정악_풍류음악/0093_정악_풍류음악_해금.wav,48000,2,25902000,539.625,PCM_24,val
0094_정악_풍류음악,0094,풍류음악,가야금,가야금,가야금,발현,False,data/extracted/val/source/0094_정악_풍류음악/0094_정악_풍류음악_가야금.wav,48000,2,17352000,361.5,PCM_24,train
0094_정악_풍류음악,0094,풍류음악,거문고,거문고,거문고,발현,False,data/extracted/val/source/0094_정악_풍류음악/0094_정악_풍류음악_거문고.wav,48000,2,17352000,361.5,PCM_24,train
0094_정악_풍류음악,0094,풍류음악,대금,대금,대금,관악,False,data/extracted/val/source/0094_정악_풍류음악/0094_정악_풍류음악_대금.wav,48000,2,17352000,361.5,PCM_24,train
0094_정악_풍류음악,0094,풍류음악,장구,장구,타악기,타악,False,data/extracted/val/source/0094_정악_풍류음악/0094_정악_풍류음악_장구.wav,48000,2,17352000,361.5,PCM_24,train
0094_정악_풍류음악,0094,풍류음악,피리,피리,피리,관악,False,data/extracted/val/source/0094_정악_풍류음악/0094_정악_풍류음악_피리.wav,48000,2,17352000,361.5,PCM_24,train
0094_정악_풍류음악,0094,풍류음악,해금,해금,해금,찰현,False,data/extracted/val/source/0094_정악_풍류음악/0094_정악_풍류음악_해금.wav,48000,2,17352000,361.5,PCM_24,train
0097_정악_풍류음악,0097,풍류음악,가야금,가야금,가야금,발현,False,data/extracted/train/source/0097_정악_풍류음악/0097_정악_풍류음악_가야금.wav,48000,2,17280000,360.0,PCM_24,val
0097_정악_풍류음악,0097,풍류음악,거문고,거문고,거문고,발현,False,data/extracted/train/source/0097_정악_풍류음악/0097_정악_풍류음악_거문고.wav,48000,2,17280000,360.0,PCM_24,val
0097_정악_풍류음악,0097,풍류음악,대금,대금,대금,관악,False,data/extracted/train/source/0097_정악_풍류음악/0097_정악_풍류음악_대금.wav,48000,2,17280000,360.0,PCM_24,val
0097_정악_풍류음악,0097,풍류음악,장구,장구,타악기,타악,False,data/extracted/train/source/0097_정악_풍류음악/0097_정악_풍류음악_장구.wav,48000,2,17280000,360.0,PCM_24,val
0097_정악_풍류음악,0097,풍류음악,피리,피리,피리,관악,False,data/extracted/train/source/0097_정악_풍류음악/0097_정악_풍류음악_피리.wav,48000,2,17280000,360.0,PCM_24,val
0097_정악_풍류음악,0097,풍류음악,해금,해금,해금,찰현,False,data/extracted/train/source/0097_정악_풍류음악/0097_정악_풍류음악_해금.wav,48000,2,17280000,360.0,PCM_24,val
0098_정악_풍류음악,0098,풍류음악,대금,대금,대금,관악,False,data/extracted/train/source/0098_정악_풍류음악/0098_정악_풍류음악_대금.wav,48000,2,18460800,384.6,PCM_24,train
0098_정악_풍류음악,0098,풍류음악,장구,장구,타악기,타악,False,data/extracted/train/source/0098_정악_풍류음악/0098_정악_풍류음악_장구.wav,48000,2,18460800,384.6,PCM_24,train
0098_정악_풍류음악,0098,풍류음악,피리,피리,피리,관악,False,data/extracted/train/source/0098_정악_풍류음악/0098_정악_풍류음악_피리.wav,48000,2,18460800,384.6,PCM_24,train
0098_정악_풍류음악,0098,풍류음악,해금,해금,해금,찰현,False,data/extracted/train/source/0098_정악_풍류음악/0098_정악_풍류음악_해금.wav,48000,2,18460800,384.6,PCM_24,train
0099_정악_풍류음악,0099,풍류음악,대금,대금,대금,관악,False,data/extracted/train/source/0099_정악_풍류음악/0099_정악_풍류음악_대금.wav,48000,2,13190400,274.8,PCM_24,test
0099_정악_풍류음악,0099,풍류음악,장구,장구,타악기,타악,False,data/extracted/train/source/0099_정악_풍류음악/0099_정악_풍류음악_장구.wav,48000,2,13190400,274.8,PCM_24,test
0099_정악_풍류음악,0099,풍류음악,피리,피리,피리,관악,False,data/extracted/train/source/0099_정악_풍류음악/0099_정악_풍류음악_피리.wav,48000,2,13190400,274.8,PCM_24,test
0099_정악_풍류음악,0099,풍류음악,해금,해금,해금,찰현,False,data/extracted/train/source/0099_정악_풍류음악/0099_정악_풍류음악_해금.wav,48000,2,13190400,274.8,PCM_24,test
0101_정악_풍류음악,0101,풍류음악,대금,대금,대금,관악,False,data/extracted/train/source/0101_정악_풍류음악/0101_정악_풍류음악_대금.wav,48000,2,18489600,385.2,PCM_24,val
0101_정악_풍류음악,0101,풍류음악,장구,장구,타악기,타악,False,data/extracted/train/source/0101_정악_풍류음악/0101_정악_풍류음악_장구.wav,48000,2,18489600,385.2,PCM_24,val
0101_정악_풍류음악,0101,풍류음악,피리,피리,피리,관악,False,data/extracted/train/source/0101_정악_풍류음악/0101_정악_풍류음악_피리.wav,48000,2,18489600,385.2,PCM_24,val
0101_정악_풍류음악,0101,풍류음악,해금,해금,해금,찰현,False,data/extracted/train/source/0101_정악_풍류음악/0101_정악_풍류음악_해금.wav,48000,2,18489600,385.2,PCM_24,val
0102_정악_풍류음악,0102,풍류음악,대금,대금,대금,관악,False,data/extracted/train/source/0102_정악_풍류음악/0102_정악_풍류음악_대금.wav,48000,2,7488000,156.0,PCM_24,train
0102_정악_풍류음악,0102,풍류음악,장구,장구,타악기,타악,False,data/extracted/train/source/0102_정악_풍류음악/0102_정악_풍류음악_장구.wav,48000,2,7488000,156.0,PCM_24,train
0102_정악_풍류음악,0102,풍류음악,피리,피리,피리,관악,False,data/extracted/train/source/0102_정악_풍류음악/0102_정악_풍류음악_피리.wav,48000,2,7488000,156.0,PCM_24,train
0102_정악_풍류음악,0102,풍류음악,해금,해금,해금,찰현,False,data/extracted/train/source/0102_정악_풍류음악/0102_정악_풍류음악_해금.wav,48000,2,7488000,156.0,PCM_24,train
0103_정악_풍류음악,0103,풍류음악,대금,대금,대금,관악,False,data/extracted/train/source/0103_정악_풍류음악/0103_정악_풍류음악_대금.wav,48000,2,7488000,156.0,PCM_24,train
0103_정악_풍류음악,0103,풍류음악,장구,장구,타악기,타악,False,data/extracted/train/source/0103_정악_풍류음악/0103_정악_풍류음악_장구.wav,48000,2,7488000,156.0,PCM_24,train
0103_정악_풍류음악,0103,풍류음악,피리,피리,피리,관악,False,data/extracted/train/source/0103_정악_풍류음악/0103_정악_풍류음악_피리.wav,48000,2,7488000,156.0,PCM_24,train
0103_정악_풍류음악,0103,풍류음악,해금,해금,해금,찰현,False,data/extracted/train/source/0103_정악_풍류음악/0103_정악_풍류음악_해금.wav,48000,2,7488000,156.0,PCM_24,train
0106_정악_풍류음악,0106,풍류음악,대금,대금,대금,관악,False,data/extracted/train/source/0106_정악_풍류음악/0106_정악_풍류음악_대금.wav,48000,2,7516800,156.6,PCM_24,train
0106_정악_풍류음악,0106,풍류음악,장구,장구,타악기,타악,False,data/extracted/train/source/0106_정악_풍류음악/0106_정악_풍류음악_장구.wav,48000,2,7516800,156.6,PCM_24,train
0106_정악_풍류음악,0106,풍류음악,피리,피리,피리,관악,False,data/extracted/train/source/0106_정악_풍류음악/0106_정악_풍류음악_피리.wav,48000,2,7516800,156.6,PCM_24,train
0106_정악_풍류음악,0106,풍류음악,해금,해금,해금,찰현,False,data/extracted/train/source/0106_정악_풍류음악/0106_정악_풍류음악_해금.wav,48000,2,7516800,156.6,PCM_24,train
0107_정악_풍류음악,0107,풍류음악,대금,대금,대금,관악,False,data/extracted/train/source/0107_정악_풍류음악/0107_정악_풍류음악_대금.wav,48000,2,7516800,156.6,PCM_24,val
0107_정악_풍류음악,0107,풍류음악,장구,장구,타악기,타악,False,data/extracted/train/source/0107_정악_풍류음악/0107_정악_풍류음악_장구.wav,48000,2,7516800,156.6,PCM_24,val
0107_정악_풍류음악,0107,풍류음악,피리,피리,피리,관악,False,data/extracted/train/source/0107_정악_풍류음악/0107_정악_풍류음악_피리.wav,48000,2,7516800,156.6,PCM_24,val
0107_정악_풍류음악,0107,풍류음악,해금,해금,해금,찰현,False,data/extracted/train/source/0107_정악_풍류음악/0107_정악_풍류음악_해금.wav,48000,2,7516800,156.6,PCM_24,val
0108_정악_풍류음악,0108,풍류음악,대금,대금,대금,관악,False,data/extracted/train/source/0108_정악_풍류음악/0108_정악_풍류음악_대금.wav,48000,2,7488000,156.0,PCM_24,train
0108_정악_풍류음악,0108,풍류음악,장구,장구,타악기,타악,False,data/extracted/train/source/0108_정악_풍류음악/0108_정악_풍류음악_장구.wav,48000,2,7488000,156.0,PCM_24,train
0108_정악_풍류음악,0108,풍류음악,피리,피리,피리,관악,False,data/extracted/train/source/0108_정악_풍류음악/0108_정악_풍류음악_피리.wav,48000,2,7488000,156.0,PCM_24,train
0108_정악_풍류음악,0108,풍류음악,해금,해금,해금,찰현,False,data/extracted/train/source/0108_정악_풍류음악/0108_정악_풍류음악_해금.wav,48000,2,7488000,156.0,PCM_24,train
0109_정악_풍류음악,0109,풍류음악,대금,대금,대금,관악,False,data/extracted/train/source/0109_정악_풍류음악/0109_정악_풍류음악_대금.wav,48000,2,7488000,156.0,PCM_24,val
0109_정악_풍류음악,0109,풍류음악,장구,장구,타악기,타악,False,data/extracted/train/source/0109_정악_풍류음악/0109_정악_풍류음악_장구.wav,48000,2,7488000,156.0,PCM_24,val
0109_정악_풍류음악,0109,풍류음악,피리,피리,피리,관악,False,data/extracted/train/source/0109_정악_풍류음악/0109_정악_풍류음악_피리.wav,48000,2,7488000,156.0,PCM_24,val
0109_정악_풍류음악,0109,풍류음악,해금,해금,해금,찰현,False,data/extracted/train/source/0109_정악_풍류음악/0109_정악_풍류음악_해금.wav,48000,2,7488000,156.0,PCM_24,val
0110_정악_풍류음악,0110,풍류음악,대금,대금,대금,관악,False,data/extracted/train/source/0110_정악_풍류음악/0110_정악_풍류음악_대금.wav,48000,2,7516800,156.6,PCM_24,train
0110_정악_풍류음악,0110,풍류음악,장구,장구,타악기,타악,False,data/extracted/train/source/0110_정악_풍류음악/0110_정악_풍류음악_장구.wav,48000,2,7516800,156.6,PCM_24,train
0110_정악_풍류음악,0110,풍류음악,피리,피리,피리,관악,False,data/extracted/train/source/0110_정악_풍류음악/0110_정악_풍류음악_피리.wav,48000,2,7516800,156.6,PCM_24,train
0110_정악_풍류음악,0110,풍류음악,해금,해금,해금,찰현,False,data/extracted/train/source/0110_정악_풍류음악/0110_정악_풍류음악_해금.wav,48000,2,7516800,156.6,PCM_24,train
0111_정악_풍류음악,0111,풍류음악,대금,대금,대금,관악,False,data/extracted/train/source/0111_정악_풍류음악/0111_정악_풍류음악_대금.wav,48000,2,7488000,156.0,PCM_24,train
0111_정악_풍류음악,0111,풍류음악,장구,장구,타악기,타악,False,data/extracted/train/source/0111_정악_풍류음악/0111_정악_풍류음악_장구.wav,48000,2,7488000,156.0,PCM_24,train
0111_정악_풍류음악,0111,풍류음악,피리,피리,피리,관악,False,data/extracted/train/source/0111_정악_풍류음악/0111_정악_풍류음악_피리.wav,48000,2,7488000,156.0,PCM_24,train
0111_정악_풍류음악,0111,풍류음악,해금,해금,해금,찰현,False,data/extracted/train/source/0111_정악_풍류음악/0111_정악_풍류음악_해금.wav,48000,2,7488000,156.0,PCM_24,train
0112_정악_풍류음악,0112,풍류음악,대금,대금,대금,관악,False,data/extracted/train/source/0112_정악_풍류음악/0112_정악_풍류음악_대금.wav,48000,2,8208000,171.0,PCM_24,train
0112_정악_풍류음악,0112,풍류음악,장구,장구,타악기,타악,False,data/extracted/train/source/0112_정악_풍류음악/0112_정악_풍류음악_장구.wav,48000,2,8208000,171.0,PCM_24,train
0112_정악_풍류음악,0112,풍류음악,피리,피리,피리,관악,False,data/extracted/train/source/0112_정악_풍류음악/0112_정악_풍류음악_피리.wav,48000,2,8208000,171.0,PCM_24,train
0112_정악_풍류음악,0112,풍류음악,해금,해금,해금,찰현,False,data/extracted/train/source/0112_정악_풍류음악/0112_정악_풍류음악_해금.wav,48000,2,8208000,171.0,PCM_24,train
0113_정악_풍류음악,0113,풍류음악,대금,대금,대금,관악,False,data/extracted/val/source/0113_정악_풍류음악/0113_정악_풍류음악_대금.wav,48000,2,11289600,235.2,PCM_24,train
0113_정악_풍류음악,0113,풍류음악,장구,장구,타악기,타악,False,data/extracted/val/source/0113_정악_풍류음악/0113_정악_풍류음악_장구.wav,48000,2,11289600,235.2,PCM_24,train
0113_정악_풍류음악,0113,풍류음악,피리,피리,피리,관악,False,data/extracted/val/source/0113_정악_풍류음악/0113_정악_풍류음악_피리.wav,48000,2,11289600,235.2,PCM_24,train
0113_정악_풍류음악,0113,풍류음악,해금,해금,해금,찰현,False,data/extracted/val/source/0113_정악_풍류음악/0113_정악_풍류음악_해금.wav,48000,2,11289600,235.2,PCM_24,train
0114_정악_풍류음악,0114,풍류음악,대금,대금,대금,관악,False,data/extracted/train/source/0114_정악_풍류음악/0114_정악_풍류음악_대금.wav,48000,2,7488000,156.0,PCM_24,test
0114_정악_풍류음악,0114,풍류음악,장구,장구,타악기,타악,False,data/extracted/train/source/0114_정악_풍류음악/0114_정악_풍류음악_장구.wav,48000,2,7488000,156.0,PCM_24,test
0114_정악_풍류음악,0114,풍류음악,피리,피리,피리,관악,False,data/extracted/train/source/0114_정악_풍류음악/0114_정악_풍류음악_피리.wav,48000,2,7488000,156.0,PCM_24,test
0114_정악_풍류음악,0114,풍류음악,해금,해금,해금,찰현,False,data/extracted/train/source/0114_정악_풍류음악/0114_정악_풍류음악_해금.wav,48000,2,7488000,156.0,PCM_24,test
0116_정악_풍류음악,0116,풍류음악,대금,대금,대금,관악,False,data/extracted/train/source/0116_정악_풍류음악/0116_정악_풍류음악_대금.wav,48000,2,7488000,156.0,PCM_24,train
0116_정악_풍류음악,0116,풍류음악,장구,장구,타악기,타악,False,data/extracted/train/source/0116_정악_풍류음악/0116_정악_풍류음악_장구.wav,48000,2,7488000,156.0,PCM_24,train
0116_정악_풍류음악,0116,풍류음악,피리,피리,피리,관악,False,data/extracted/train/source/0116_정악_풍류음악/0116_정악_풍류음악_피리.wav,48000,2,7488000,156.0,PCM_24,train
0116_정악_풍류음악,0116,풍류음악,해금,해금,해금,찰현,False,data/extracted/train/source/0116_정악_풍류음악/0116_정악_풍류음악_해금.wav,48000,2,7488000,156.0,PCM_24,train
0117_정악_풍류음악,0117,풍류음악,대금,대금,대금,관악,False,data/extracted/train/source/0117_정악_풍류음악/0117_정악_풍류음악_대금.wav,48000,2,12009600,250.2,PCM_24,train
0117_정악_풍류음악,0117,풍류음악,장구,장구,타악기,타악,False,data/extracted/train/source/0117_정악_풍류음악/0117_정악_풍류음악_장구.wav,48000,2,12009600,250.2,PCM_24,train
0117_정악_풍류음악,0117,풍류음악,피리,피리,피리,관악,False,data/extracted/train/source/0117_정악_풍류음악/0117_정악_풍류음악_피리.wav,48000,2,12009600,250.2,PCM_24,train
0117_정악_풍류음악,0117,풍류음악,해금,해금,해금,찰현,False,data/extracted/train/source/0117_정악_풍류음악/0117_정악_풍류음악_해금.wav,48000,2,12009600,250.2,PCM_24,train
0118_정악_궁중음악,0118,궁중음악,대금,대금,대금,관악,False,data/extracted/val/source/0118_정악_궁중음악/0118_정악_궁중음악_대금.wav,48000,2,5270400,109.8,PCM_24,train
0118_정악_궁중음악,0118,궁중음악,아쟁,아쟁,아쟁,찰현,False,data/extracted/val/source/0118_정악_궁중음악/0118_정악_궁중음악_아쟁.wav,48000,2,5270400,109.8,PCM_24,train
0118_정악_궁중음악,0118,궁중음악,좌고,좌고,타악기,타악,False,data/extracted/val/source/0118_정악_궁중음악/0118_정악_궁중음악_좌고.wav,48000,2,5270400,109.8,PCM_24,train
0118_정악_궁중음악,0118,궁중음악,피리,피리,피리,관악,False,data/extracted/val/source/0118_정악_궁중음악/0118_정악_궁중음악_피리.wav,48000,2,5270400,109.8,PCM_24,train
0118_정악_궁중음악,0118,궁중음악,해금,해금,해금,찰현,False,data/extracted/val/source/0118_정악_궁중음악/0118_정악_궁중음악_해금.wav,48000,2,5270400,109.8,PCM_24,train
0119_정악_풍류음악,0119,풍류음악,가야금,가야금,가야금,발현,False,data/extracted/train/source/0119_정악_풍류음악/0119_정악_풍류음악_가야금.wav,48000,2,14832000,309.0,PCM_24,test
0119_정악_풍류음악,0119,풍류음악,거문고,거문고,거문고,발현,False,data/extracted/train/source/0119_정악_풍류음악/0119_정악_풍류음악_거문고.wav,48000,2,14832000,309.0,PCM_24,test
0119_정악_풍류음악,0119,풍류음악,대금,대금,대금,관악,False,data/extracted/train/source/0119_정악_풍류음악/0119_정악_풍류음악_대금.wav,48000,2,14832000,309.0,PCM_24,test
0119_정악_풍류음악,0119,풍류음악,장구,장구,타악기,타악,False,data/extracted/train/source/0119_정악_풍류음악/0119_정악_풍류음악_장구.wav,48000,2,14832000,309.0,PCM_24,test
0119_정악_풍류음악,0119,풍류음악,피리,피리,피리,관악,False,data/extracted/train/source/0119_정악_풍류음악/0119_정악_풍류음악_피리.wav,48000,2,14832000,309.0,PCM_24,test
0119_정악_풍류음악,0119,풍류음악,해금,해금,해금,찰현,False,data/extracted/train/source/0119_정악_풍류음악/0119_정악_풍류음악_해금.wav,48000,2,14832000,309.0,PCM_24,test
0120_정악_풍류음악,0120,풍류음악,가야금,가야금,가야금,발현,False,data/extracted/train/source/0120_정악_풍류음악/0120_정악_풍류음악_가야금.wav,48000,2,14801143,308.357,PCM_24,test
0120_정악_풍류음악,0120,풍류음악,거문고,거문고,거문고,발현,False,data/extracted/train/source/0120_정악_풍류음악/0120_정악_풍류음악_거문고.wav,48000,2,14801143,308.357,PCM_24,test
0120_정악_풍류음악,0120,풍류음악,대금,대금,대금,관악,False,data/extracted/train/source/0120_정악_풍류음악/0120_정악_풍류음악_대금.wav,48000,2,14801143,308.357,PCM_24,test
0120_정악_풍류음악,0120,풍류음악,장구,장구,타악기,타악,False,data/extracted/train/source/0120_정악_풍류음악/0120_정악_풍류음악_장구.wav,48000,2,14801143,308.357,PCM_24,test
0120_정악_풍류음악,0120,풍류음악,피리,피리,피리,관악,False,data/extracted/train/source/0120_정악_풍류음악/0120_정악_풍류음악_피리.wav,48000,2,14801143,308.357,PCM_24,test
0120_정악_풍류음악,0120,풍류음악,해금,해금,해금,찰현,False,data/extracted/train/source/0120_정악_풍류음악/0120_정악_풍류음악_해금.wav,48000,2,14801143,308.357,PCM_24,test
0121_정악_풍류음악,0121,풍류음악,가야금,가야금,가야금,발현,False,data/extracted/train/source/0121_정악_풍류음악/0121_정악_풍류음악_가야금.wav,48000,2,14811428,308.571,PCM_24,val
0121_정악_풍류음악,0121,풍류음악,거문고,거문고,거문고,발현,False,data/extracted/train/source/0121_정악_풍류음악/0121_정악_풍류음악_거문고.wav,48000,2,14811428,308.571,PCM_24,val
0121_정악_풍류음악,0121,풍류음악,대금,대금,대금,관악,False,data/extracted/train/source/0121_정악_풍류음악/0121_정악_풍류음악_대금.wav,48000,2,14811428,308.571,PCM_24,val
0121_정악_풍류음악,0121,풍류음악,장구,장구,타악기,타악,False,data/extracted/train/source/0121_정악_풍류음악/0121_정악_풍류음악_장구.wav,48000,2,14811428,308.571,PCM_24,val
0121_정악_풍류음악,0121,풍류음악,피리,피리,피리,관악,False,data/extracted/train/source/0121_정악_풍류음악/0121_정악_풍류음악_피리.wav,48000,2,14811428,308.571,PCM_24,val
0121_정악_풍류음악,0121,풍류음악,해금,해금,해금,찰현,False,data/extracted/train/source/0121_정악_풍류음악/0121_정악_풍류음악_해금.wav,48000,2,14811428,308.571,PCM_24,val
0122_정악_풍류음악,0122,풍류음악,가야금,가야금,가야금,발현,False,data/extracted/train/source/0122_정악_풍류음악/0122_정악_풍류음악_가야금.wav,48000,2,14821715,308.786,PCM_24,train
0122_정악_풍류음악,0122,풍류음악,거문고,거문고,거문고,발현,False,data/extracted/train/source/0122_정악_풍류음악/0122_정악_풍류음악_거문고.wav,48000,2,14821715,308.786,PCM_24,train
0122_정악_풍류음악,0122,풍류음악,대금,대금,대금,관악,False,data/extracted/train/source/0122_정악_풍류음악/0122_정악_풍류음악_대금.wav,48000,2,14821715,308.786,PCM_24,train
0122_정악_풍류음악,0122,풍류음악,장구,장구,타악기,타악,False,data/extracted/train/source/0122_정악_풍류음악/0122_정악_풍류음악_장구.wav,48000,2,14821715,308.786,PCM_24,train
0122_정악_풍류음악,0122,풍류음악,피리,피리,피리,관악,False,data/extracted/train/source/0122_정악_풍류음악/0122_정악_풍류음악_피리.wav,48000,2,14821715,308.786,PCM_24,train
0122_정악_풍류음악,0122,풍류음악,해금,해금,해금,찰현,False,data/extracted/train/source/0122_정악_풍류음악/0122_정악_풍류음악_해금.wav,48000,2,14821715,308.786,PCM_24,train
0123_정악_궁중음악,0123,궁중음악,대금,대금,대금,관악,False,data/extracted/train/source/0123_정악_궁중음악/0123_정악_궁중음악_대금.wav,48000,2,17064000,355.5,PCM_24,train
0123_정악_궁중음악,0123,궁중음악,아쟁,아쟁,아쟁,찰현,False,data/extracted/train/source/0123_정악_궁중음악/0123_정악_궁중음악_아쟁.wav,48000,2,17064000,355.5,PCM_24,train
0123_정악_궁중음악,0123,궁중음악,장구,장구,타악기,타악,False,data/extracted/train/source/0123_정악_궁중음악/0123_정악_궁중음악_장구.wav,48000,2,17064000,355.5,PCM_24,train
0123_정악_궁중음악,0123,궁중음악,좌고,좌고,타악기,타악,False,data/extracted/train/source/0123_정악_궁중음악/0123_정악_궁중음악_좌고.wav,48000,2,17064000,355.5,PCM_24,train
0123_정악_궁중음악,0123,궁중음악,피리,피리,피리,관악,False,data/extracted/train/source/0123_정악_궁중음악/0123_정악_궁중음악_피리.wav,48000,2,17064000,355.5,PCM_24,train
0123_정악_궁중음악,0123,궁중음악,해금,해금,해금,찰현,False,data/extracted/train/source/0123_정악_궁중음악/0123_정악_궁중음악_해금.wav,48000,2,17064000,355.5,PCM_24,train
0124_정악_궁중음악,0124,궁중음악,대금,대금,대금,관악,False,data/extracted/train/source/0124_정악_궁중음악/0124_정악_궁중음악_대금.wav,48000,2,24264000,505.5,PCM_24,train
0124_정악_궁중음악,0124,궁중음악,아쟁,아쟁,아쟁,찰현,False,data/extracted/train/source/0124_정악_궁중음악/0124_정악_궁중음악_아쟁.wav,48000,2,24264000,505.5,PCM_24,train
0124_정악_궁중음악,0124,궁중음악,장구,장구,타악기,타악,False,data/extracted/train/source/0124_정악_궁중음악/0124_정악_궁중음악_장구.wav,48000,2,24264000,505.5,PCM_24,train
0124_정악_궁중음악,0124,궁중음악,좌고,좌고,타악기,타악,False,data/extracted/train/source/0124_정악_궁중음악/0124_정악_궁중음악_좌고.wav,48000,2,24264000,505.5,PCM_24,train
0124_정악_궁중음악,0124,궁중음악,피리,피리,피리,관악,False,data/extracted/train/source/0124_정악_궁중음악/0124_정악_궁중음악_피리.wav,48000,2,24264000,505.5,PCM_24,train
0124_정악_궁중음악,0124,궁중음악,해금,해금,해금,찰현,False,data/extracted/train/source/0124_정악_궁중음악/0124_정악_궁중음악_해금.wav,48000,2,24264000,505.5,PCM_24,train
0125_정악_궁중음악,0125,궁중음악,가야금,가야금,가야금,발현,False,data/extracted/train/source/0125_정악_궁중음악/0125_정악_궁중음악_가야금.wav,48000,2,55353600,1153.2,PCM_24,val
0125_정악_궁중음악,0125,궁중음악,거문고,거문고,거문고,발현,False,data/extracted/train/source/0125_정악_궁중음악/0125_정악_궁중음악_거문고.wav,48000,2,55353600,1153.2,PCM_24,val
0125_정악_궁중음악,0125,궁중음악,대금,대금,대금,관악,False,data/extracted/train/source/0125_정악_궁중음악/0125_정악_궁중음악_대금.wav,48000,2,55353600,1153.2,PCM_24,val
0125_정악_궁중음악,0125,궁중음악,소금,소금,기타,관악,False,data/extracted/train/source/0125_정악_궁중음악/0125_정악_궁중음악_소금.wav,48000,2,55353600,1153.2,PCM_24,val
0125_정악_궁중음악,0125,궁중음악,아쟁,아쟁,아쟁,찰현,False,data/extracted/train/source/0125_정악_궁중음악/0125_정악_궁중음악_아쟁.wav,48000,2,55353600,1153.2,PCM_24,val
0125_정악_궁중음악,0125,궁중음악,양금,양금,양금,발현,False,data/extracted/train/source/0125_정악_궁중음악/0125_정악_궁중음악_양금.wav,48000,2,55353600,1153.2,PCM_24,val
0125_정악_궁중음악,0125,궁중음악,장구,장구,타악기,타악,False,data/extracted/train/source/0125_정악_궁중음악/0125_정악_궁중음악_장구.wav,48000,2,55353600,1153.2,PCM_24,val
0125_정악_궁중음악,0125,궁중음악,좌고,좌고,타악기,타악,False,data/extracted/train/source/0125_정악_궁중음악/0125_정악_궁중음악_좌고.wav,48000,2,55353600,1153.2,PCM_24,val
0125_정악_궁중음악,0125,궁중음악,피리,피리,피리,관악,False,data/extracted/train/source/0125_정악_궁중음악/0125_정악_궁중음악_피리.wav,48000,2,55353600,1153.2,PCM_24,val
0125_정악_궁중음악,0125,궁중음악,해금,해금,해금,찰현,False,data/extracted/train/source/0125_정악_궁중음악/0125_정악_궁중음악_해금.wav,48000,2,55353600,1153.2,PCM_24,val
0126_정악_궁중음악,0126,궁중음악,가야금,가야금,가야금,발현,False,data/extracted/train/source/0126_정악_궁중음악/0126_정악_궁중음악_가야금.wav,48000,2,55296000,1152.0,PCM_24,train
0126_정악_궁중음악,0126,궁중음악,거문고,거문고,거문고,발현,False,data/extracted/train/source/0126_정악_궁중음악/0126_정악_궁중음악_거문고.wav,48000,2,55296000,1152.0,PCM_24,train
0126_정악_궁중음악,0126,궁중음악,대금,대금,대금,관악,False,data/extracted/train/source/0126_정악_궁중음악/0126_정악_궁중음악_대금.wav,48000,2,55296000,1152.0,PCM_24,train
0126_정악_궁중음악,0126,궁중음악,소금,소금,기타,관악,False,data/extracted/train/source/0126_정악_궁중음악/0126_정악_궁중음악_소금.wav,48000,2,55296000,1152.0,PCM_24,train
0126_정악_궁중음악,0126,궁중음악,아쟁,아쟁,아쟁,찰현,False,data/extracted/train/source/0126_정악_궁중음악/0126_정악_궁중음악_아쟁.wav,48000,2,55296000,1152.0,PCM_24,train
0126_정악_궁중음악,0126,궁중음악,양금,양금,양금,발현,False,data/extracted/train/source/0126_정악_궁중음악/0126_정악_궁중음악_양금.wav,48000,2,55296000,1152.0,PCM_24,train
0126_정악_궁중음악,0126,궁중음악,장구,장구,타악기,타악,False,data/extracted/train/source/0126_정악_궁중음악/0126_정악_궁중음악_장구.wav,48000,2,55296000,1152.0,PCM_24,train
0126_정악_궁중음악,0126,궁중음악,좌고,좌고,타악기,타악,False,data/extracted/train/source/0126_정악_궁중음악/0126_정악_궁중음악_좌고.wav,48000,2,55296000,1152.0,PCM_24,train
0126_정악_궁중음악,0126,궁중음악,피리,피리,피리,관악,False,data/extracted/train/source/0126_정악_궁중음악/0126_정악_궁중음악_피리.wav,48000,2,55296000,1152.0,PCM_24,train
0126_정악_궁중음악,0126,궁중음악,해금,해금,해금,찰현,False,data/extracted/train/source/0126_정악_궁중음악/0126_정악_궁중음악_해금.wav,48000,2,55296000,1152.0,PCM_24,train
0127_정악_궁중음악,0127,궁중음악,가야금,가야금,가야금,발현,False,data/extracted/train/source/0127_정악_궁중음악/0127_정악_궁중음악_가야금.wav,48000,2,55296000,1152.0,PCM_24,train
0127_정악_궁중음악,0127,궁중음악,거문고,거문고,거문고,발현,False,data/extracted/train/source/0127_정악_궁중음악/0127_정악_궁중음악_거문고.wav,48000,2,55296000,1152.0,PCM_24,train
0127_정악_궁중음악,0127,궁중음악,대금,대금,대금,관악,False,data/extracted/train/source/0127_정악_궁중음악/0127_정악_궁중음악_대금.wav,48000,2,55296000,1152.0,PCM_24,train
0127_정악_궁중음악,0127,궁중음악,소금,소금,기타,관악,False,data/extracted/train/source/0127_정악_궁중음악/0127_정악_궁중음악_소금.wav,48000,2,55296000,1152.0,PCM_24,train
0127_정악_궁중음악,0127,궁중음악,아쟁,아쟁,아쟁,찰현,False,data/extracted/train/source/0127_정악_궁중음악/0127_정악_궁중음악_아쟁.wav,48000,2,55296000,1152.0,PCM_24,train
0127_정악_궁중음악,0127,궁중음악,양금,양금,양금,발현,False,data/extracted/train/source/0127_정악_궁중음악/0127_정악_궁중음악_양금.wav,48000,2,55296000,1152.0,PCM_24,train
0127_정악_궁중음악,0127,궁중음악,장구,장구,타악기,타악,False,data/extracted/train/source/0127_정악_궁중음악/0127_정악_궁중음악_장구.wav,48000,2,55296000,1152.0,PCM_24,train
0127_정악_궁중음악,0127,궁중음악,좌고,좌고,타악기,타악,False,data/extracted/train/source/0127_정악_궁중음악/0127_정악_궁중음악_좌고.wav,48000,2,55296000,1152.0,PCM_24,train
0127_정악_궁중음악,0127,궁중음악,피리,피리,피리,관악,False,data/extracted/train/source/0127_정악_궁중음악/0127_정악_궁중음악_피리.wav,48000,2,55296000,1152.0,PCM_24,train
0127_정악_궁중음악,0127,궁중음악,해금,해금,해금,찰현,False,data/extracted/train/source/0127_정악_궁중음악/0127_정악_궁중음악_해금.wav,48000,2,55296000,1152.0,PCM_24,train
0129_정악_궁중음악,0129,궁중음악,가야금,가야금,가야금,발현,False,data/extracted/train/source/0129_정악_궁중음악/0129_정악_궁중음악_가야금.wav,48000,2,17424000,363.0,PCM_24,train
0129_정악_궁중음악,0129,궁중음악,거문고,거문고,거문고,발현,False,data/extracted/train/source/0129_정악_궁중음악/0129_정악_궁중음악_거문고.wav,48000,2,17424000,363.0,PCM_24,train
0129_정악_궁중음악,0129,궁중음악,대금,대금,대금,관악,False,data/extracted/train/source/0129_정악_궁중음악/0129_정악_궁중음악_대금.wav,48000,2,17424000,363.0,PCM_24,train
0129_정악_궁중음악,0129,궁중음악,소금,소금,기타,관악,False,data/extracted/train/source/0129_정악_궁중음악/0129_정악_궁중음악_소금.wav,48000,2,17424000,363.0,PCM_24,train
0129_정악_궁중음악,0129,궁중음악,아쟁,아쟁,아쟁,찰현,False,data/extracted/train/source/0129_정악_궁중음악/0129_정악_궁중음악_아쟁.wav,48000,2,17424000,363.0,PCM_24,train
0129_정악_궁중음악,0129,궁중음악,양금,양금,양금,발현,False,data/extracted/train/source/0129_정악_궁중음악/0129_정악_궁중음악_양금.wav,48000,2,17424000,363.0,PCM_24,train
0129_정악_궁중음악,0129,궁중음악,장구,장구,타악기,타악,False,data/extracted/train/source/0129_정악_궁중음악/0129_정악_궁중음악_장구.wav,48000,2,17424000,363.0,PCM_24,train
0129_정악_궁중음악,0129,궁중음악,좌고,좌고,타악기,타악,False,data/extracted/train/source/0129_정악_궁중음악/0129_정악_궁중음악_좌고.wav,48000,2,17424000,363.0,PCM_24,train
0129_정악_궁중음악,0129,궁중음악,피리,피리,피리,관악,False,data/extracted/train/source/0129_정악_궁중음악/0129_정악_궁중음악_피리.wav,48000,2,17424000,363.0,PCM_24,train
0129_정악_궁중음악,0129,궁중음악,해금,해금,해금,찰현,False,data/extracted/train/source/0129_정악_궁중음악/0129_정악_궁중음악_해금.wav,48000,2,17424000,363.0,PCM_24,train
0130_정악_궁중음악,0130,궁중음악,가야금,가야금,가야금,발현,False,data/extracted/train/source/0130_정악_궁중음악/0130_정악_궁중음악_가야금.wav,48000,2,17370000,361.875,PCM_24,train
0130_정악_궁중음악,0130,궁중음악,거문고,거문고,거문고,발현,False,data/extracted/train/source/0130_정악_궁중음악/0130_정악_궁중음악_거문고.wav,48000,2,17370000,361.875,PCM_24,train
0130_정악_궁중음악,0130,궁중음악,대금,대금,대금,관악,False,data/extracted/train/source/0130_정악_궁중음악/0130_정악_궁중음악_대금.wav,48000,2,17370000,361.875,PCM_24,train
0130_정악_궁중음악,0130,궁중음악,소금,소금,기타,관악,False,data/extracted/train/source/0130_정악_궁중음악/0130_정악_궁중음악_소금.wav,48000,2,17370000,361.875,PCM_24,train
0130_정악_궁중음악,0130,궁중음악,아쟁,아쟁,아쟁,찰현,False,data/extracted/train/source/0130_정악_궁중음악/0130_정악_궁중음악_아쟁.wav,48000,2,17370000,361.875,PCM_24,train
0130_정악_궁중음악,0130,궁중음악,양금,양금,양금,발현,False,data/extracted/train/source/0130_정악_궁중음악/0130_정악_궁중음악_양금.wav,48000,2,17370000,361.875,PCM_24,train
0130_정악_궁중음악,0130,궁중음악,장구,장구,타악기,타악,False,data/extracted/train/source/0130_정악_궁중음악/0130_정악_궁중음악_장구.wav,48000,2,17370000,361.875,PCM_24,train
0130_정악_궁중음악,0130,궁중음악,좌고,좌고,타악기,타악,False,data/extracted/train/source/0130_정악_궁중음악/0130_정악_궁중음악_좌고.wav,48000,2,17370000,361.875,PCM_24,train
0130_정악_궁중음악,0130,궁중음악,피리,피리,피리,관악,False,data/extracted/train/source/0130_정악_궁중음악/0130_정악_궁중음악_피리.wav,48000,2,17370000,361.875,PCM_24,train
0130_정악_궁중음악,0130,궁중음악,해금,해금,해금,찰현,False,data/extracted/train/source/0130_정악_궁중음악/0130_정악_궁중음악_해금.wav,48000,2,17370000,361.875,PCM_24,train
0131_정악_궁중음악,0131,궁중음악,가야금,가야금,가야금,발현,False,data/extracted/train/source/0131_정악_궁중음악/0131_정악_궁중음악_가야금.wav,48000,2,17316000,360.75,PCM_24,train
0131_정악_궁중음악,0131,궁중음악,거문고,거문고,거문고,발현,False,data/extracted/train/source/0131_정악_궁중음악/0131_정악_궁중음악_거문고.wav,48000,2,17316000,360.75,PCM_24,train
0131_정악_궁중음악,0131,궁중음악,대금,대금,대금,관악,False,data/extracted/train/source/0131_정악_궁중음악/0131_정악_궁중음악_대금.wav,48000,2,17316000,360.75,PCM_24,train
0131_정악_궁중음악,0131,궁중음악,소금,소금,기타,관악,False,data/extracted/train/source/0131_정악_궁중음악/0131_정악_궁중음악_소금.wav,48000,2,17316000,360.75,PCM_24,train
0131_정악_궁중음악,0131,궁중음악,아쟁,아쟁,아쟁,찰현,False,data/extracted/train/source/0131_정악_궁중음악/0131_정악_궁중음악_아쟁.wav,48000,2,17316000,360.75,PCM_24,train
0131_정악_궁중음악,0131,궁중음악,양금,양금,양금,발현,False,data/extracted/train/source/0131_정악_궁중음악/0131_정악_궁중음악_양금.wav,48000,2,17316000,360.75,PCM_24,train
0131_정악_궁중음악,0131,궁중음악,장구,장구,타악기,타악,False,data/extracted/train/source/0131_정악_궁중음악/0131_정악_궁중음악_장구.wav,48000,2,17316000,360.75,PCM_24,train
0131_정악_궁중음악,0131,궁중음악,좌고,좌고,타악기,타악,False,data/extracted/train/source/0131_정악_궁중음악/0131_정악_궁중음악_좌고.wav,48000,2,17316000,360.75,PCM_24,train
0131_정악_궁중음악,0131,궁중음악,피리,피리,피리,관악,False,data/extracted/train/source/0131_정악_궁중음악/0131_정악_궁중음악_피리.wav,48000,2,17316000,360.75,PCM_24,train
0131_정악_궁중음악,0131,궁중음악,해금,해금,해금,찰현,False,data/extracted/train/source/0131_정악_궁중음악/0131_정악_궁중음악_해금.wav,48000,2,17316000,360.75,PCM_24,train
0132_정악_궁중음악,0132,궁중음악,가야금,가야금,가야금,발현,False,data/extracted/train/source/0132_정악_궁중음악/0132_정악_궁중음악_가야금.wav,48000,2,14544000,303.0,PCM_24,val
0132_정악_궁중음악,0132,궁중음악,거문고,거문고,거문고,발현,False,data/extracted/train/source/0132_정악_궁중음악/0132_정악_궁중음악_거문고.wav,48000,2,14544000,303.0,PCM_24,val
0132_정악_궁중음악,0132,궁중음악,양금,양금,양금,발현,False,data/extracted/train/source/0132_정악_궁중음악/0132_정악_궁중음악_양금.wav,48000,2,14544000,303.0,PCM_24,val
0132_정악_궁중음악,0132,궁중음악,장구,장구,타악기,타악,False,data/extracted/train/source/0132_정악_궁중음악/0132_정악_궁중음악_장구.wav,48000,2,14544000,303.0,PCM_24,val
0133_정악_궁중음악,0133,궁중음악,가야금,가야금,가야금,발현,False,data/extracted/train/source/0133_정악_궁중음악/0133_정악_궁중음악_가야금.wav,48000,2,14400000,300.0,PCM_24,test
0133_정악_궁중음악,0133,궁중음악,거문고,거문고,거문고,발현,False,data/extracted/train/source/0133_정악_궁중음악/0133_정악_궁중음악_거문고.wav,48000,2,14400000,300.0,PCM_24,test
0133_정악_궁중음악,0133,궁중음악,양금,양금,양금,발현,False,data/extracted/train/source/0133_정악_궁중음악/0133_정악_궁중음악_양금.wav,48000,2,14400000,300.0,PCM_24,test
0133_정악_궁중음악,0133,궁중음악,장구,장구,타악기,타악,False,data/extracted/train/source/0133_정악_궁중음악/0133_정악_궁중음악_장구.wav,48000,2,14400000,300.0,PCM_24,test
0134_정악_궁중음악,0134,궁중음악,가야금,가야금,가야금,발현,False,data/extracted/train/source/0134_정악_궁중음악/0134_정악_궁중음악_가야금.wav,48000,2,8724000,181.75,PCM_24,train
0134_정악_궁중음악,0134,궁중음악,거문고,거문고,거문고,발현,False,data/extracted/train/source/0134_정악_궁중음악/0134_정악_궁중음악_거문고.wav,48000,2,8724000,181.75,PCM_24,train
0134_정악_궁중음악,0134,궁중음악,양금,양금,양금,발현,False,data/extracted/train/source/0134_정악_궁중음악/0134_정악_궁중음악_양금.wav,48000,2,8724000,181.75,PCM_24,train
0134_정악_궁중음악,0134,궁중음악,장구,장구,타악기,타악,False,data/extracted/train/source/0134_정악_궁중음악/0134_정악_궁중음악_장구.wav,48000,2,8724000,181.75,PCM_24,train
0135_정악_궁중음악,0135,궁중음악,가야금,가야금,가야금,발현,False,data/extracted/train/source/0135_정악_궁중음악/0135_정악_궁중음악_가야금.wav,48000,2,25968000,541.0,PCM_24,val
0135_정악_궁중음악,0135,궁중음악,거문고,거문고,거문고,발현,False,data/extracted/train/source/0135_정악_궁중음악/0135_정악_궁중음악_거문고.wav,48000,2,25968000,541.0,PCM_24,val
0135_정악_궁중음악,0135,궁중음악,양금,양금,양금,발현,False,data/extracted/train/source/0135_정악_궁중음악/0135_정악_궁중음악_양금.wav,48000,2,25968000,541.0,PCM_24,val
0135_정악_궁중음악,0135,궁중음악,장구,장구,타악기,타악,False,data/extracted/train/source/0135_정악_궁중음악/0135_정악_궁중음악_장구.wav,48000,2,25968000,541.0,PCM_24,val
0136_정악_궁중음악,0136,궁중음악,가야금,가야금,가야금,발현,False,data/extracted/train/source/0136_정악_궁중음악/0136_정악_궁중음악_가야금.wav,48000,2,4800000,100.0,PCM_24,train
0136_정악_궁중음악,0136,궁중음악,거문고,거문고,거문고,발현,False,data/extracted/train/source/0136_정악_궁중음악/0136_정악_궁중음악_거문고.wav,48000,2,4800000,100.0,PCM_24,train
0136_정악_궁중음악,0136,궁중음악,양금,양금,양금,발현,False,data/extracted/train/source/0136_정악_궁중음악/0136_정악_궁중음악_양금.wav,48000,2,4800000,100.0,PCM_24,train
0136_정악_궁중음악,0136,궁중음악,장구,장구,타악기,타악,False,data/extracted/train/source/0136_정악_궁중음악/0136_정악_궁중음악_장구.wav,48000,2,4800000,100.0,PCM_24,train
0137_정악_궁중음악,0137,궁중음악,가야금,가야금,가야금,발현,False,data/extracted/train/source/0137_정악_궁중음악/0137_정악_궁중음악_가야금.wav,48000,2,8640000,180.0,PCM_24,train
0137_정악_궁중음악,0137,궁중음악,거문고,거문고,거문고,발현,False,data/extracted/train/source/0137_정악_궁중음악/0137_정악_궁중음악_거문고.wav,48000,2,8640000,180.0,PCM_24,train
0137_정악_궁중음악,0137,궁중음악,양금,양금,양금,발현,False,data/extracted/train/source/0137_정악_궁중음악/0137_정악_궁중음악_양금.wav,48000,2,8640000,180.0,PCM_24,train
0137_정악_궁중음악,0137,궁중음악,장구,장구,타악기,타악,False,data/extracted/train/source/0137_정악_궁중음악/0137_정악_궁중음악_장구.wav,48000,2,8640000,180.0,PCM_24,train
0138_정악_궁중음악,0138,궁중음악,대금,대금,대금,관악,False,data/extracted/train/source/0138_정악_궁중음악/0138_정악_궁중음악_대금.wav,48000,2,14605714,304.286,PCM_24,train
0138_정악_궁중음악,0138,궁중음악,아쟁,아쟁,아쟁,찰현,False,data/extracted/train/source/0138_정악_궁중음악/0138_정악_궁중음악_아쟁.wav,48000,2,14605714,304.286,PCM_24,train
0138_정악_궁중음악,0138,궁중음악,장구,장구,타악기,타악,False,data/extracted/train/source/0138_정악_궁중음악/0138_정악_궁중음악_장구.wav,48000,2,14605714,304.286,PCM_24,train
0138_정악_궁중음악,0138,궁중음악,피리,피리,피리,관악,False,data/extracted/train/source/0138_정악_궁중음악/0138_정악_궁중음악_피리.wav,48000,2,14605714,304.286,PCM_24,train
0138_정악_궁중음악,0138,궁중음악,해금,해금,해금,찰현,False,data/extracted/train/source/0138_정악_궁중음악/0138_정악_궁중음악_해금.wav,48000,2,14605714,304.286,PCM_24,train
0139_정악_궁중음악,0139,궁중음악,대금,대금,대금,관악,False,data/extracted/train/source/0139_정악_궁중음악/0139_정악_궁중음악_대금.wav,48000,2,15696000,327.0,PCM_24,train
0139_정악_궁중음악,0139,궁중음악,소금,소금,기타,관악,False,data/extracted/train/source/0139_정악_궁중음악/0139_정악_궁중음악_소금.wav,48000,2,15696000,327.0,PCM_24,train
0139_정악_궁중음악,0139,궁중음악,아쟁,아쟁,아쟁,찰현,False,data/extracted/train/source/0139_정악_궁중음악/0139_정악_궁중음악_아쟁.wav,48000,2,15696000,327.0,PCM_24,train
0139_정악_궁중음악,0139,궁중음악,장구,장구,타악기,타악,False,data/extracted/train/source/0139_정악_궁중음악/0139_정악_궁중음악_장구.wav,48000,2,15696000,327.0,PCM_24,train
0139_정악_궁중음악,0139,궁중음악,좌고,좌고,타악기,타악,False,data/extracted/train/source/0139_정악_궁중음악/0139_정악_궁중음악_좌고.wav,48000,2,15696000,327.0,PCM_24,train
0139_정악_궁중음악,0139,궁중음악,피리,피리,피리,관악,False,data/extracted/train/source/0139_정악_궁중음악/0139_정악_궁중음악_피리.wav,48000,2,15696000,327.0,PCM_24,train
0139_정악_궁중음악,0139,궁중음악,해금,해금,해금,찰현,False,data/extracted/train/source/0139_정악_궁중음악/0139_정악_궁중음악_해금.wav,48000,2,15696000,327.0,PCM_24,train
0140_정악_궁중음악,0140,궁중음악,대금,대금,대금,관악,False,data/extracted/train/source/0140_정악_궁중음악/0140_정악_궁중음악_대금.wav,48000,2,9878400,205.8,PCM_24,train
0140_정악_궁중음악,0140,궁중음악,소금,소금,기타,관악,False,data/extracted/train/source/0140_정악_궁중음악/0140_정악_궁중음악_소금.wav,48000,2,9878400,205.8,PCM_24,train
0140_정악_궁중음악,0140,궁중음악,아쟁,아쟁,아쟁,찰현,False,data/extracted/train/source/0140_정악_궁중음악/0140_정악_궁중음악_아쟁.wav,48000,2,9878400,205.8,PCM_24,train
0140_정악_궁중음악,0140,궁중음악,장구,장구,타악기,타악,False,data/extracted/train/source/0140_정악_궁중음악/0140_정악_궁중음악_장구.wav,48000,2,9878400,205.8,PCM_24,train
0140_정악_궁중음악,0140,궁중음악,좌고,좌고,타악기,타악,False,data/extracted/train/source/0140_정악_궁중음악/0140_정악_궁중음악_좌고.wav,48000,2,9878400,205.8,PCM_24,train
0140_정악_궁중음악,0140,궁중음악,피리,피리,피리,관악,False,data/extracted/train/source/0140_정악_궁중음악/0140_정악_궁중음악_피리.wav,48000,2,9878400,205.8,PCM_24,train
0140_정악_궁중음악,0140,궁중음악,해금,해금,해금,찰현,False,data/extracted/train/source/0140_정악_궁중음악/0140_정악_궁중음악_해금.wav,48000,2,9878400,205.8,PCM_24,train
0141_정악_궁중음악,0141,궁중음악,대금,대금,대금,관악,False,data/extracted/train/source/0141_정악_궁중음악/0141_정악_궁중음악_대금.wav,48000,2,9878400,205.8,PCM_24,train
0141_정악_궁중음악,0141,궁중음악,소금,소금,기타,관악,False,data/extracted/train/source/0141_정악_궁중음악/0141_정악_궁중음악_소금.wav,48000,2,9878400,205.8,PCM_24,train
0141_정악_궁중음악,0141,궁중음악,아쟁,아쟁,아쟁,찰현,False,data/extracted/train/source/0141_정악_궁중음악/0141_정악_궁중음악_아쟁.wav,48000,2,9878400,205.8,PCM_24,train
0141_정악_궁중음악,0141,궁중음악,장구,장구,타악기,타악,False,data/extracted/train/source/0141_정악_궁중음악/0141_정악_궁중음악_장구.wav,48000,2,9878400,205.8,PCM_24,train
0141_정악_궁중음악,0141,궁중음악,좌고,좌고,타악기,타악,False,data/extracted/train/source/0141_정악_궁중음악/0141_정악_궁중음악_좌고.wav,48000,2,9878400,205.8,PCM_24,train
0141_정악_궁중음악,0141,궁중음악,피리,피리,피리,관악,False,data/extracted/train/source/0141_정악_궁중음악/0141_정악_궁중음악_피리.wav,48000,2,9878400,205.8,PCM_24,train
0141_정악_궁중음악,0141,궁중음악,해금,해금,해금,찰현,False,data/extracted/train/source/0141_정악_궁중음악/0141_정악_궁중음악_해금.wav,48000,2,9878400,205.8,PCM_24,train
0142_정악_궁중음악,0142,궁중음악,대금,대금,대금,관악,False,data/extracted/val/source/0142_정악_궁중음악/0142_정악_궁중음악_대금.wav,48000,2,9446400,196.8,PCM_24,train
0142_정악_궁중음악,0142,궁중음악,소금,소금,기타,관악,False,data/extracted/val/source/0142_정악_궁중음악/0142_정악_궁중음악_소금.wav,48000,2,9446400,196.8,PCM_24,train
0142_정악_궁중음악,0142,궁중음악,아쟁,아쟁,아쟁,찰현,False,data/extracted/val/source/0142_정악_궁중음악/0142_정악_궁중음악_아쟁.wav,48000,2,9446400,196.8,PCM_24,train
0142_정악_궁중음악,0142,궁중음악,장구,장구,타악기,타악,False,data/extracted/val/source/0142_정악_궁중음악/0142_정악_궁중음악_장구.wav,48000,2,9446400,196.8,PCM_24,train
0142_정악_궁중음악,0142,궁중음악,좌고,좌고,타악기,타악,False,data/extracted/val/source/0142_정악_궁중음악/0142_정악_궁중음악_좌고.wav,48000,2,9446400,196.8,PCM_24,train
0142_정악_궁중음악,0142,궁중음악,피리,피리,피리,관악,False,data/extracted/val/source/0142_정악_궁중음악/0142_정악_궁중음악_피리.wav,48000,2,9446400,196.8,PCM_24,train
0142_정악_궁중음악,0142,궁중음악,해금,해금,해금,찰현,False,data/extracted/val/source/0142_정악_궁중음악/0142_정악_궁중음악_해금.wav,48000,2,9446400,196.8,PCM_24,train
0144_정악_궁중음악,0144,궁중음악,가야금,가야금,가야금,발현,False,data/extracted/train/source/0144_정악_궁중음악/0144_정악_궁중음악_가야금.wav,48000,2,12654000,263.625,PCM_24,train
0144_정악_궁중음악,0144,궁중음악,거문고,거문고,거문고,발현,False,data/extracted/train/source/0144_정악_궁중음악/0144_정악_궁중음악_거문고.wav,48000,2,12654000,263.625,PCM_24,train
0144_정악_궁중음악,0144,궁중음악,단소,단소,기타,관악,False,data/extracted/train/source/0144_정악_궁중음악/0144_정악_궁중음악_단소.wav,48000,2,12654000,263.625,PCM_24,train
0144_정악_궁중음악,0144,궁중음악,대금,대금,대금,관악,False,data/extracted/train/source/0144_정악_궁중음악/0144_정악_궁중음악_대금.wav,48000,2,12654000,263.625,PCM_24,train
0144_정악_궁중음악,0144,궁중음악,소금,소금,기타,관악,False,data/extracted/train/source/0144_정악_궁중음악/0144_정악_궁중음악_소금.wav,48000,2,12654000,263.625,PCM_24,train
0144_정악_궁중음악,0144,궁중음악,아쟁,아쟁,아쟁,찰현,False,data/extracted/train/source/0144_정악_궁중음악/0144_정악_궁중음악_아쟁.wav,48000,2,12654000,263.625,PCM_24,train
0144_정악_궁중음악,0144,궁중음악,장구,장구,타악기,타악,False,data/extracted/train/source/0144_정악_궁중음악/0144_정악_궁중음악_장구.wav,48000,2,12654000,263.625,PCM_24,train
0144_정악_궁중음악,0144,궁중음악,좌고,좌고,타악기,타악,False,data/extracted/train/source/0144_정악_궁중음악/0144_정악_궁중음악_좌고.wav,48000,2,12654000,263.625,PCM_24,train
0144_정악_궁중음악,0144,궁중음악,피리,피리,피리,관악,False,data/extracted/train/source/0144_정악_궁중음악/0144_정악_궁중음악_피리.wav,48000,2,12654000,263.625,PCM_24,train
0144_정악_궁중음악,0144,궁중음악,해금,해금,해금,찰현,False,data/extracted/train/source/0144_정악_궁중음악/0144_정악_궁중음악_해금.wav,48000,2,12654000,263.625,PCM_24,train
0145_정악_궁중음악,0145,궁중음악,대금,대금,대금,관악,False,data/extracted/train/source/0145_정악_궁중음악/0145_정악_궁중음악_대금.wav,48000,2,14592000,304.0,PCM_24,test
0145_정악_궁중음악,0145,궁중음악,소금,소금,기타,관악,False,data/extracted/train/source/0145_정악_궁중음악/0145_정악_궁중음악_소금.wav,48000,2,14592000,304.0,PCM_24,test
0145_정악_궁중음악,0145,궁중음악,아쟁,아쟁,아쟁,찰현,False,data/extracted/train/source/0145_정악_궁중음악/0145_정악_궁중음악_아쟁.wav,48000,2,14592000,304.0,PCM_24,test
0145_정악_궁중음악,0145,궁중음악,장구,장구,타악기,타악,False,data/extracted/train/source/0145_정악_궁중음악/0145_정악_궁중음악_장구.wav,48000,2,14592000,304.0,PCM_24,test
0145_정악_궁중음악,0145,궁중음악,좌고,좌고,타악기,타악,False,data/extracted/train/source/0145_정악_궁중음악/0145_정악_궁중음악_좌고.wav,48000,2,14592000,304.0,PCM_24,test
0145_정악_궁중음악,0145,궁중음악,피리,피리,피리,관악,False,data/extracted/train/source/0145_정악_궁중음악/0145_정악_궁중음악_피리.wav,48000,2,14592000,304.0,PCM_24,test
0145_정악_궁중음악,0145,궁중음악,해금,해금,해금,찰현,False,data/extracted/train/source/0145_정악_궁중음악/0145_정악_궁중음악_해금.wav,48000,2,14592000,304.0,PCM_24,test
0146_정악_궁중음악,0146,궁중음악,대금,대금,대금,관악,False,data/extracted/train/source/0146_정악_궁중음악/0146_정악_궁중음악_대금.wav,48000,2,18590720,387.307,PCM_24,train
0146_정악_궁중음악,0146,궁중음악,소금,소금,기타,관악,False,data/extracted/train/source/0146_정악_궁중음악/0146_정악_궁중음악_소금.wav,48000,2,18590720,387.307,PCM_24,train
0146_정악_궁중음악,0146,궁중음악,아쟁,아쟁,아쟁,찰현,False,data/extracted/train/source/0146_정악_궁중음악/0146_정악_궁중음악_아쟁.wav,48000,2,18590720,387.307,PCM_24,train
0146_정악_궁중음악,0146,궁중음악,좌고,좌고,타악기,타악,False,data/extracted/train/source/0146_정악_궁중음악/0146_정악_궁중음악_좌고.wav,48000,2,18590720,387.307,PCM_24,train
0146_정악_궁중음악,0146,궁중음악,피리,피리,피리,관악,False,data/extracted/train/source/0146_정악_궁중음악/0146_정악_궁중음악_피리.wav,48000,2,18590720,387.307,PCM_24,train
0146_정악_궁중음악,0146,궁중음악,해금,해금,해금,찰현,False,data/extracted/train/source/0146_정악_궁중음악/0146_정악_궁중음악_해금.wav,48000,2,18590720,387.307,PCM_24,train
0147_정악_궁중음악,0147,궁중음악,대금,대금,대금,관악,False,data/extracted/val/source/0147_정악_궁중음악/0147_정악_궁중음악_대금.wav,48000,2,8884800,185.1,PCM_24,test
0147_정악_궁중음악,0147,궁중음악,소금,소금,기타,관악,False,data/extracted/val/source/0147_정악_궁중음악/0147_정악_궁중음악_소금.wav,48000,2,8884800,185.1,PCM_24,test
0147_정악_궁중음악,0147,궁중음악,아쟁,아쟁,아쟁,찰현,False,data/extracted/val/source/0147_정악_궁중음악/0147_정악_궁중음악_아쟁.wav,48000,2,8884800,185.1,PCM_24,test
0147_정악_궁중음악,0147,궁중음악,좌고,좌고,타악기,타악,False,data/extracted/val/source/0147_정악_궁중음악/0147_정악_궁중음악_좌고.wav,48000,2,8884800,185.1,PCM_24,test
0147_정악_궁중음악,0147,궁중음악,피리,피리,피리,관악,False,data/extracted/val/source/0147_정악_궁중음악/0147_정악_궁중음악_피리.wav,48000,2,8884800,185.1,PCM_24,test
0147_정악_궁중음악,0147,궁중음악,해금,해금,해금,찰현,False,data/extracted/val/source/0147_정악_궁중음악/0147_정악_궁중음악_해금.wav,48000,2,8884800,185.1,PCM_24,test
0148_정악_궁중음악,0148,궁중음악,대금,대금,대금,관악,False,data/extracted/train/source/0148_정악_궁중음악/0148_정악_궁중음악_대금.wav,48000,2,26755200,557.4,PCM_24,test
0148_정악_궁중음악,0148,궁중음악,소금,소금,기타,관악,False,data/extracted/train/source/0148_정악_궁중음악/0148_정악_궁중음악_소금.wav,48000,2,26755200,557.4,PCM_24,test
0148_정악_궁중음악,0148,궁중음악,아쟁,아쟁,아쟁,찰현,False,data/extracted/train/source/0148_정악_궁중음악/0148_정악_궁중음악_아쟁.wav,48000,2,26755200,557.4,PCM_24,test
0148_정악_궁중음악,0148,궁중음악,좌고,좌고,타악기,타악,False,data/extracted/train/source/0148_정악_궁중음악/0148_정악_궁중음악_좌고.wav,48000,2,26755200,557.4,PCM_24,test
0148_정악_궁중음악,0148,궁중음악,피리,피리,피리,관악,False,data/extracted/train/source/0148_정악_궁중음악/0148_정악_궁중음악_피리.wav,48000,2,26755200,557.4,PCM_24,test
0148_정악_궁중음악,0148,궁중음악,해금,해금,해금,찰현,False,data/extracted/train/source/0148_정악_궁중음악/0148_정악_궁중음악_해금.wav,48000,2,26755200,557.4,PCM_24,test
0149_정악_궁중음악,0149,궁중음악,대금,대금,대금,관악,False,data/extracted/train/source/0149_정악_궁중음악/0149_정악_궁중음악_대금.wav,48000,2,15012000,312.75,PCM_24,train
0149_정악_궁중음악,0149,궁중음악,소금,소금,기타,관악,False,data/extracted/train/source/0149_정악_궁중음악/0149_정악_궁중음악_소금.wav,48000,2,15012000,312.75,PCM_24,train
0149_정악_궁중음악,0149,궁중음악,아쟁,아쟁,아쟁,찰현,False,data/extracted/train/source/0149_정악_궁중음악/0149_정악_궁중음악_아쟁.wav,48000,2,15012000,312.75,PCM_24,train
0149_정악_궁중음악,0149,궁중음악,장구,장구,타악기,타악,False,data/extracted/train/source/0149_정악_궁중음악/0149_정악_궁중음악_장구.wav,48000,2,15012000,312.75,PCM_24,train
0149_정악_궁중음악,0149,궁중음악,좌고,좌고,타악기,타악,False,data/extracted/train/source/0149_정악_궁중음악/0149_정악_궁중음악_좌고.wav,48000,2,15012000,312.75,PCM_24,train
0149_정악_궁중음악,0149,궁중음악,피리,피리,피리,관악,False,data/extracted/train/source/0149_정악_궁중음악/0149_정악_궁중음악_피리.wav,48000,2,15012000,312.75,PCM_24,train
0149_정악_궁중음악,0149,궁중음악,해금,해금,해금,찰현,False,data/extracted/train/source/0149_정악_궁중음악/0149_정악_궁중음악_해금.wav,48000,2,15012000,312.75,PCM_24,train
0150_정악_궁중음악,0150,궁중음악,단소,단소,기타,관악,False,data/extracted/train/source/0150_정악_궁중음악/0150_정악_궁중음악_단소.wav,48000,2,10416000,217.0,PCM_24,train
0150_정악_궁중음악,0150,궁중음악,대금,대금,대금,관악,False,data/extracted/train/source/0150_정악_궁중음악/0150_정악_궁중음악_대금.wav,48000,2,10416000,217.0,PCM_24,train
0150_정악_궁중음악,0150,궁중음악,소금,소금,기타,관악,False,data/extracted/train/source/0150_정악_궁중음악/0150_정악_궁중음악_소금.wav,48000,2,10416000,217.0,PCM_24,train
0150_정악_궁중음악,0150,궁중음악,아쟁,아쟁,아쟁,찰현,False,data/extracted/train/source/0150_정악_궁중음악/0150_정악_궁중음악_아쟁.wav,48000,2,10416000,217.0,PCM_24,train
0150_정악_궁중음악,0150,궁중음악,장구,장구,타악기,타악,False,data/extracted/train/source/0150_정악_궁중음악/0150_정악_궁중음악_장구.wav,48000,2,10416000,217.0,PCM_24,train
0150_정악_궁중음악,0150,궁중음악,좌고,좌고,타악기,타악,False,data/extracted/train/source/0150_정악_궁중음악/0150_정악_궁중음악_좌고.wav,48000,2,10416000,217.0,PCM_24,train
0150_정악_궁중음악,0150,궁중음악,피리,피리,피리,관악,False,data/extracted/train/source/0150_정악_궁중음악/0150_정악_궁중음악_피리.wav,48000,2,10416000,217.0,PCM_24,train
0150_정악_궁중음악,0150,궁중음악,해금,해금,해금,찰현,False,data/extracted/train/source/0150_정악_궁중음악/0150_정악_궁중음악_해금.wav,48000,2,10416000,217.0,PCM_24,train
0151_정악_궁중음악,0151,궁중음악,대금,대금,대금,관악,False,data/extracted/train/source/0151_정악_궁중음악/0151_정악_궁중음악_대금.wav,48000,2,16704000,348.0,PCM_24,train
0151_정악_궁중음악,0151,궁중음악,소금,소금,기타,관악,False,data/extracted/train/source/0151_정악_궁중음악/0151_정악_궁중음악_소금.wav,48000,2,16704000,348.0,PCM_24,train
0151_정악_궁중음악,0151,궁중음악,아쟁,아쟁,아쟁,찰현,False,data/extracted/train/source/0151_정악_궁중음악/0151_정악_궁중음악_아쟁.wav,48000,2,16704000,348.0,PCM_24,train
0151_정악_궁중음악,0151,궁중음악,좌고,좌고,타악기,타악,False,data/extracted/train/source/0151_정악_궁중음악/0151_정악_궁중음악_좌고.wav,48000,2,16704000,348.0,PCM_24,train
0151_정악_궁중음악,0151,궁중음악,피리,피리,피리,관악,False,data/extracted/train/source/0151_정악_궁중음악/0151_정악_궁중음악_피리.wav,48000,2,16704000,348.0,PCM_24,train
0151_정악_궁중음악,0151,궁중음악,해금,해금,해금,찰현,False,data/extracted/train/source/0151_정악_궁중음악/0151_정악_궁중음악_해금.wav,48000,2,16704000,348.0,PCM_24,train
0152_정악_궁중음악,0152,궁중음악,가야금,가야금,가야금,발현,False,data/extracted/train/source/0152_정악_궁중음악/0152_정악_궁중음악_가야금.wav,48000,2,7704000,160.5,PCM_24,train
0152_정악_궁중음악,0152,궁중음악,거문고,거문고,거문고,발현,False,data/extracted/train/source/0152_정악_궁중음악/0152_정악_궁중음악_거문고.wav,48000,2,7704000,160.5,PCM_24,train
0152_정악_궁중음악,0152,궁중음악,양금,양금,양금,발현,False,data/extracted/train/source/0152_정악_궁중음악/0152_정악_궁중음악_양금.wav,48000,2,7704000,160.5,PCM_24,train
0152_정악_궁중음악,0152,궁중음악,장구,장구,타악기,타악,False,data/extracted/train/source/0152_정악_궁중음악/0152_정악_궁중음악_장구.wav,48000,2,7704000,160.5,PCM_24,train
0153_정악_궁중음악,0153,궁중음악,대금,대금,대금,관악,False,data/extracted/train/source/0153_정악_궁중음악/0153_정악_궁중음악_대금.wav,48000,2,16934400,352.8,PCM_24,test
0153_정악_궁중음악,0153,궁중음악,박,박,타악기,타악,False,data/extracted/train/source/0153_정악_궁중음악/0153_정악_궁중음악_박.wav,48000,2,16934400,352.8,PCM_24,test
0153_정악_궁중음악,0153,궁중음악,방향,방향,타악기,타악,False,data/extracted/train/source/0153_정악_궁중음악/0153_정악_궁중음악_방향.wav,48000,2,16934400,352.8,PCM_24,test
0153_정악_궁중음악,0153,궁중음악,아쟁,아쟁,아쟁,찰현,False,data/extracted/train/source/0153_정악_궁중음악/0153_정악_궁중음악_아쟁.wav,48000,2,16934400,352.8,PCM_24,test
0153_정악_궁중음악,0153,궁중음악,장구,장구,타악기,타악,False,data/extracted/train/source/0153_정악_궁중음악/0153_정악_궁중음악_장구.wav,48000,2,16934400,352.8,PCM_24,test
0153_정악_궁중음악,0153,궁중음악,편경,편경,타악기,타악,False,data/extracted/train/source/0153_정악_궁중음악/0153_정악_궁중음악_편경.wav,48000,2,16934400,352.8,PCM_24,test
0153_정악_궁중음악,0153,궁중음악,편종,편종,타악기,타악,False,data/extracted/train/source/0153_정악_궁중음악/0153_정악_궁중음악_편종.wav,48000,2,16934400,352.8,PCM_24,test
0153_정악_궁중음악,0153,궁중음악,피리,피리,피리,관악,False,data/extracted/train/source/0153_정악_궁중음악/0153_정악_궁중음악_피리.wav,48000,2,16934400,352.8,PCM_24,test
0153_정악_궁중음악,0153,궁중음악,해금,해금,해금,찰현,False,data/extracted/train/source/0153_정악_궁중음악/0153_정악_궁중음악_해금.wav,48000,2,16934400,352.8,PCM_24,test
0154_정악_궁중음악,0154,궁중음악,대금,대금,대금,관악,False,data/extracted/train/source/0154_정악_궁중음악/0154_정악_궁중음악_대금.wav,48000,2,10339200,215.4,PCM_24,val
0154_정악_궁중음악,0154,궁중음악,박,박,타악기,타악,False,data/extracted/train/source/0154_정악_궁중음악/0154_정악_궁중음악_박.wav,48000,2,10339200,215.4,PCM_24,val
0154_정악_궁중음악,0154,궁중음악,방향,방향,타악기,타악,False,data/extracted/train/source/0154_정악_궁중음악/0154_정악_궁중음악_방향.wav,48000,2,10339200,215.4,PCM_24,val
0154_정악_궁중음악,0154,궁중음악,아쟁,아쟁,아쟁,찰현,False,data/extracted/train/source/0154_정악_궁중음악/0154_정악_궁중음악_아쟁.wav,48000,2,10339200,215.4,PCM_24,val
0154_정악_궁중음악,0154,궁중음악,장구,장구,타악기,타악,False,data/extracted/train/source/0154_정악_궁중음악/0154_정악_궁중음악_장구.wav,48000,2,10339200,215.4,PCM_24,val
0154_정악_궁중음악,0154,궁중음악,편경,편경,타악기,타악,False,data/extracted/train/source/0154_정악_궁중음악/0154_정악_궁중음악_편경.wav,48000,2,10339200,215.4,PCM_24,val
0154_정악_궁중음악,0154,궁중음악,편종,편종,타악기,타악,False,data/extracted/train/source/0154_정악_궁중음악/0154_정악_궁중음악_편종.wav,48000,2,10339200,215.4,PCM_24,val
0154_정악_궁중음악,0154,궁중음악,피리,피리,피리,관악,False,data/extracted/train/source/0154_정악_궁중음악/0154_정악_궁중음악_피리.wav,48000,2,10339200,215.4,PCM_24,val
0154_정악_궁중음악,0154,궁중음악,해금,해금,해금,찰현,False,data/extracted/train/source/0154_정악_궁중음악/0154_정악_궁중음악_해금.wav,48000,2,10339200,215.4,PCM_24,val
0155_정악_궁중음악,0155,궁중음악,대금,대금,대금,관악,False,data/extracted/train/source/0155_정악_궁중음악/0155_정악_궁중음악_대금.wav,48000,2,5083200,105.9,PCM_24,train
0155_정악_궁중음악,0155,궁중음악,박,박,타악기,타악,False,data/extracted/train/source/0155_정악_궁중음악/0155_정악_궁중음악_박.wav,48000,2,5083200,105.9,PCM_24,train
0155_정악_궁중음악,0155,궁중음악,방향,방향,타악기,타악,False,data/extracted/train/source/0155_정악_궁중음악/0155_정악_궁중음악_방향.wav,48000,2,5083200,105.9,PCM_24,train
0155_정악_궁중음악,0155,궁중음악,아쟁,아쟁,아쟁,찰현,False,data/extracted/train/source/0155_정악_궁중음악/0155_정악_궁중음악_아쟁.wav,48000,2,5083200,105.9,PCM_24,train
0155_정악_궁중음악,0155,궁중음악,장구,장구,타악기,타악,False,data/extracted/train/source/0155_정악_궁중음악/0155_정악_궁중음악_장구.wav,48000,2,5083200,105.9,PCM_24,train
0155_정악_궁중음악,0155,궁중음악,태평소,태평소,기타,관악,False,data/extracted/train/source/0155_정악_궁중음악/0155_정악_궁중음악_태평소.wav,48000,2,5083200,105.9,PCM_24,train
0155_정악_궁중음악,0155,궁중음악,편경,편경,타악기,타악,False,data/extracted/train/source/0155_정악_궁중음악/0155_정악_궁중음악_편경.wav,48000,2,5083200,105.9,PCM_24,train
0155_정악_궁중음악,0155,궁중음악,편종,편종,타악기,타악,False,data/extracted/train/source/0155_정악_궁중음악/0155_정악_궁중음악_편종.wav,48000,2,5083200,105.9,PCM_24,train
0155_정악_궁중음악,0155,궁중음악,피리,피리,피리,관악,False,data/extracted/train/source/0155_정악_궁중음악/0155_정악_궁중음악_피리.wav,48000,2,5083200,105.9,PCM_24,train
0155_정악_궁중음악,0155,궁중음악,해금,해금,해금,찰현,False,data/extracted/train/source/0155_정악_궁중음악/0155_정악_궁중음악_해금.wav,48000,2,5083200,105.9,PCM_24,train
0156_정악_궁중음악,0156,궁중음악,대금,대금,대금,관악,False,data/extracted/train/source/0156_정악_궁중음악/0156_정악_궁중음악_대금.wav,48000,2,4420800,92.1,PCM_24,train
0156_정악_궁중음악,0156,궁중음악,박,박,타악기,타악,False,data/extracted/train/source/0156_정악_궁중음악/0156_정악_궁중음악_박.wav,48000,2,4420800,92.1,PCM_24,train
0156_정악_궁중음악,0156,궁중음악,방향,방향,타악기,타악,False,data/extracted/train/source/0156_정악_궁중음악/0156_정악_궁중음악_방향.wav,48000,2,4420800,92.1,PCM_24,train
0156_정악_궁중음악,0156,궁중음악,아쟁,아쟁,아쟁,찰현,False,data/extracted/train/source/0156_정악_궁중음악/0156_정악_궁중음악_아쟁.wav,48000,2,4420800,92.1,PCM_24,train
0156_정악_궁중음악,0156,궁중음악,장구,장구,타악기,타악,False,data/extracted/train/source/0156_정악_궁중음악/0156_정악_궁중음악_장구.wav,48000,2,4420800,92.1,PCM_24,train
0156_정악_궁중음악,0156,궁중음악,편경,편경,타악기,타악,False,data/extracted/train/source/0156_정악_궁중음악/0156_정악_궁중음악_편경.wav,48000,2,4420800,92.1,PCM_24,train
0156_정악_궁중음악,0156,궁중음악,편종,편종,타악기,타악,False,data/extracted/train/source/0156_정악_궁중음악/0156_정악_궁중음악_편종.wav,48000,2,4420800,92.1,PCM_24,train
0156_정악_궁중음악,0156,궁중음악,피리,피리,피리,관악,False,data/extracted/train/source/0156_정악_궁중음악/0156_정악_궁중음악_피리.wav,48000,2,4420800,92.1,PCM_24,train
0156_정악_궁중음악,0156,궁중음악,해금,해금,해금,찰현,False,data/extracted/train/source/0156_정악_궁중음악/0156_정악_궁중음악_해금.wav,48000,2,4420800,92.1,PCM_24,train
0157_정악_궁중음악,0157,궁중음악,대금,대금,대금,관악,False,data/extracted/val/source/0157_정악_궁중음악/0157_정악_궁중음악_대금.wav,48000,2,16416000,342.0,PCM_24,train
0157_정악_궁중음악,0157,궁중음악,박,박,타악기,타악,False,data/extracted/val/source/0157_정악_궁중음악/0157_정악_궁중음악_박.wav,48000,2,16416000,342.0,PCM_24,train
0157_정악_궁중음악,0157,궁중음악,방향,방향,타악기,타악,False,data/extracted/val/source/0157_정악_궁중음악/0157_정악_궁중음악_방향.wav,48000,2,16416000,342.0,PCM_24,train
0157_정악_궁중음악,0157,궁중음악,아쟁,아쟁,아쟁,찰현,False,data/extracted/val/source/0157_정악_궁중음악/0157_정악_궁중음악_아쟁.wav,48000,2,16416000,342.0,PCM_24,train
0157_정악_궁중음악,0157,궁중음악,장구,장구,타악기,타악,False,data/extracted/val/source/0157_정악_궁중음악/0157_정악_궁중음악_장구.wav,48000,2,16416000,342.0,PCM_24,train
0157_정악_궁중음악,0157,궁중음악,편경,편경,타악기,타악,False,data/extracted/val/source/0157_정악_궁중음악/0157_정악_궁중음악_편경.wav,48000,2,16416000,342.0,PCM_24,train
0157_정악_궁중음악,0157,궁중음악,편종,편종,타악기,타악,False,data/extracted/val/source/0157_정악_궁중음악/0157_정악_궁중음악_편종.wav,48000,2,16416000,342.0,PCM_24,train
0157_정악_궁중음악,0157,궁중음악,피리,피리,피리,관악,False,data/extracted/val/source/0157_정악_궁중음악/0157_정악_궁중음악_피리.wav,48000,2,16416000,342.0,PCM_24,train
0157_정악_궁중음악,0157,궁중음악,해금,해금,해금,찰현,False,data/extracted/val/source/0157_정악_궁중음악/0157_정악_궁중음악_해금.wav,48000,2,16416000,342.0,PCM_24,train
0158_정악_궁중음악,0158,궁중음악,대금,대금,대금,관악,False,data/extracted/train/source/0158_정악_궁중음악/0158_정악_궁중음악_대금.wav,48000,2,5040000,105.0,PCM_24,train
0158_정악_궁중음악,0158,궁중음악,박,박,타악기,타악,False,data/extracted/train/source/0158_정악_궁중음악/0158_정악_궁중음악_박.wav,48000,2,5040000,105.0,PCM_24,train
0158_정악_궁중음악,0158,궁중음악,방향,방향,타악기,타악,False,data/extracted/train/source/0158_정악_궁중음악/0158_정악_궁중음악_방향.wav,48000,2,5040000,105.0,PCM_24,train
0158_정악_궁중음악,0158,궁중음악,아쟁,아쟁,아쟁,찰현,False,data/extracted/train/source/0158_정악_궁중음악/0158_정악_궁중음악_아쟁.wav,48000,2,5040000,105.0,PCM_24,train
0158_정악_궁중음악,0158,궁중음악,장구,장구,타악기,타악,False,data/extracted/train/source/0158_정악_궁중음악/0158_정악_궁중음악_장구.wav,48000,2,5040000,105.0,PCM_24,train
0158_정악_궁중음악,0158,궁중음악,편경,편경,타악기,타악,False,data/extracted/train/source/0158_정악_궁중음악/0158_정악_궁중음악_편경.wav,48000,2,5040000,105.0,PCM_24,train
0158_정악_궁중음악,0158,궁중음악,편종,편종,타악기,타악,False,data/extracted/train/source/0158_정악_궁중음악/0158_정악_궁중음악_편종.wav,48000,2,5040000,105.0,PCM_24,train
0158_정악_궁중음악,0158,궁중음악,피리,피리,피리,관악,False,data/extracted/train/source/0158_정악_궁중음악/0158_정악_궁중음악_피리.wav,48000,2,5040000,105.0,PCM_24,train
0158_정악_궁중음악,0158,궁중음악,해금,해금,해금,찰현,False,data/extracted/train/source/0158_정악_궁중음악/0158_정악_궁중음악_해금.wav,48000,2,5040000,105.0,PCM_24,train
0159_정악_궁중음악,0159,궁중음악,대금,대금,대금,관악,False,data/extracted/train/source/0159_정악_궁중음악/0159_정악_궁중음악_대금.wav,48000,2,5716800,119.1,PCM_24,train
0159_정악_궁중음악,0159,궁중음악,박,박,타악기,타악,False,data/extracted/train/source/0159_정악_궁중음악/0159_정악_궁중음악_박.wav,48000,2,5716800,119.1,PCM_24,train
0159_정악_궁중음악,0159,궁중음악,방향,방향,타악기,타악,False,data/extracted/train/source/0159_정악_궁중음악/0159_정악_궁중음악_방향.wav,48000,2,5716800,119.1,PCM_24,train
0159_정악_궁중음악,0159,궁중음악,아쟁,아쟁,아쟁,찰현,False,data/extracted/train/source/0159_정악_궁중음악/0159_정악_궁중음악_아쟁.wav,48000,2,5716800,119.1,PCM_24,train
0159_정악_궁중음악,0159,궁중음악,장구,장구,타악기,타악,False,data/extracted/train/source/0159_정악_궁중음악/0159_정악_궁중음악_장구.wav,48000,2,5716800,119.1,PCM_24,train
0159_정악_궁중음악,0159,궁중음악,편경,편경,타악기,타악,False,data/extracted/train/source/0159_정악_궁중음악/0159_정악_궁중음악_편경.wav,48000,2,5716800,119.1,PCM_24,train
0159_정악_궁중음악,0159,궁중음악,편종,편종,타악기,타악,False,data/extracted/train/source/0159_정악_궁중음악/0159_정악_궁중음악_편종.wav,48000,2,5716800,119.1,PCM_24,train
0159_정악_궁중음악,0159,궁중음악,피리,피리,피리,관악,False,data/extracted/train/source/0159_정악_궁중음악/0159_정악_궁중음악_피리.wav,48000,2,5716800,119.1,PCM_24,train
0159_정악_궁중음악,0159,궁중음악,해금,해금,해금,찰현,False,data/extracted/train/source/0159_정악_궁중음악/0159_정악_궁중음악_해금.wav,48000,2,5716800,119.1,PCM_24,train
0161_정악_궁중음악,0161,궁중음악,대금,대금,대금,관악,False,data/extracted/train/source/0161_정악_궁중음악/0161_정악_궁중음악_대금.wav,48000,2,4492800,93.6,PCM_24,train
0161_정악_궁중음악,0161,궁중음악,박,박,타악기,타악,False,data/extracted/train/source/0161_정악_궁중음악/0161_정악_궁중음악_박.wav,48000,2,4492800,93.6,PCM_24,train
0161_정악_궁중음악,0161,궁중음악,방향,방향,타악기,타악,False,data/extracted/train/source/0161_정악_궁중음악/0161_정악_궁중음악_방향.wav,48000,2,4492800,93.6,PCM_24,train
0161_정악_궁중음악,0161,궁중음악,아쟁,아쟁,아쟁,찰현,False,data/extracted/train/source/0161_정악_궁중음악/0161_정악_궁중음악_아쟁.wav,48000,2,4492800,93.6,PCM_24,train
0161_정악_궁중음악,0161,궁중음악,장구,장구,타악기,타악,False,data/extracted/train/source/0161_정악_궁중음악/0161_정악_궁중음악_장구.wav,48000,2,4492800,93.6,PCM_24,train
0161_정악_궁중음악,0161,궁중음악,편경,편경,타악기,타악,False,data/extracted/train/source/0161_정악_궁중음악/0161_정악_궁중음악_편경.wav,48000,2,4492800,93.6,PCM_24,train
0161_정악_궁중음악,0161,궁중음악,편종,편종,타악기,타악,False,data/extracted/train/source/0161_정악_궁중음악/0161_정악_궁중음악_편종.wav,48000,2,4492800,93.6,PCM_24,train
0161_정악_궁중음악,0161,궁중음악,피리,피리,피리,관악,False,data/extracted/train/source/0161_정악_궁중음악/0161_정악_궁중음악_피리.wav,48000,2,4492800,93.6,PCM_24,train
0161_정악_궁중음악,0161,궁중음악,해금,해금,해금,찰현,False,data/extracted/train/source/0161_정악_궁중음악/0161_정악_궁중음악_해금.wav,48000,2,4492800,93.6,PCM_24,train
0162_정악_궁중음악,0162,궁중음악,대금,대금,대금,관악,False,data/extracted/val/source/0162_정악_궁중음악/0162_정악_궁중음악_대금.wav,48000,2,4449600,92.7,PCM_24,train
0162_정악_궁중음악,0162,궁중음악,박,박,타악기,타악,False,data/extracted/val/source/0162_정악_궁중음악/0162_정악_궁중음악_박.wav,48000,2,4449600,92.7,PCM_24,train
0162_정악_궁중음악,0162,궁중음악,방향,방향,타악기,타악,False,data/extracted/val/source/0162_정악_궁중음악/0162_정악_궁중음악_방향.wav,48000,2,4449600,92.7,PCM_24,train
0162_정악_궁중음악,0162,궁중음악,아쟁,아쟁,아쟁,찰현,False,data/extracted/val/source/0162_정악_궁중음악/0162_정악_궁중음악_아쟁.wav,48000,2,4449600,92.7,PCM_24,train
0162_정악_궁중음악,0162,궁중음악,장구,장구,타악기,타악,False,data/extracted/val/source/0162_정악_궁중음악/0162_정악_궁중음악_장구.wav,48000,2,4449600,92.7,PCM_24,train
0162_정악_궁중음악,0162,궁중음악,편경,편경,타악기,타악,False,data/extracted/val/source/0162_정악_궁중음악/0162_정악_궁중음악_편경.wav,48000,2,4449600,92.7,PCM_24,train
0162_정악_궁중음악,0162,궁중음악,편종,편종,타악기,타악,False,data/extracted/val/source/0162_정악_궁중음악/0162_정악_궁중음악_편종.wav,48000,2,4449600,92.7,PCM_24,train
0162_정악_궁중음악,0162,궁중음악,피리,피리,피리,관악,False,data/extracted/val/source/0162_정악_궁중음악/0162_정악_궁중음악_피리.wav,48000,2,4449600,92.7,PCM_24,train
0162_정악_궁중음악,0162,궁중음악,해금,해금,해금,찰현,False,data/extracted/val/source/0162_정악_궁중음악/0162_정악_궁중음악_해금.wav,48000,2,4449600,92.7,PCM_24,train
0163_정악_궁중음악,0163,궁중음악,대금,대금,대금,관악,False,data/extracted/train/source/0163_정악_궁중음악/0163_정악_궁중음악_대금.wav,48000,2,5140800,107.1,PCM_24,val
0163_정악_궁중음악,0163,궁중음악,박,박,타악기,타악,False,data/extracted/train/source/0163_정악_궁중음악/0163_정악_궁중음악_박.wav,48000,2,5140800,107.1,PCM_24,val
0163_정악_궁중음악,0163,궁중음악,방향,방향,타악기,타악,False,data/extracted/train/source/0163_정악_궁중음악/0163_정악_궁중음악_방향.wav,48000,2,5140800,107.1,PCM_24,val
0163_정악_궁중음악,0163,궁중음악,아쟁,아쟁,아쟁,찰현,False,data/extracted/train/source/0163_정악_궁중음악/0163_정악_궁중음악_아쟁.wav,48000,2,5140800,107.1,PCM_24,val
0163_정악_궁중음악,0163,궁중음악,장구,장구,타악기,타악,False,data/extracted/train/source/0163_정악_궁중음악/0163_정악_궁중음악_장구.wav,48000,2,5140800,107.1,PCM_24,val
0163_정악_궁중음악,0163,궁중음악,편경,편경,타악기,타악,False,data/extracted/train/source/0163_정악_궁중음악/0163_정악_궁중음악_편경.wav,48000,2,5140800,107.1,PCM_24,val
0163_정악_궁중음악,0163,궁중음악,편종,편종,타악기,타악,False,data/extracted/train/source/0163_정악_궁중음악/0163_정악_궁중음악_편종.wav,48000,2,5140800,107.1,PCM_24,val
0163_정악_궁중음악,0163,궁중음악,피리,피리,피리,관악,False,data/extracted/train/source/0163_정악_궁중음악/0163_정악_궁중음악_피리.wav,48000,2,5140800,107.1,PCM_24,val
0163_정악_궁중음악,0163,궁중음악,해금,해금,해금,찰현,False,data/extracted/train/source/0163_정악_궁중음악/0163_정악_궁중음악_해금.wav,48000,2,5140800,107.1,PCM_24,val
0165_정악_궁중음악,0165,궁중음악,대금,대금,대금,관악,False,data/extracted/train/source/0165_정악_궁중음악/0165_정악_궁중음악_대금.wav,48000,2,17452800,363.6,PCM_24,train
0165_정악_궁중음악,0165,궁중음악,소금,소금,기타,관악,False,data/extracted/train/source/0165_정악_궁중음악/0165_정악_궁중음악_소금.wav,48000,2,17452800,363.6,PCM_24,train
0165_정악_궁중음악,0165,궁중음악,아쟁,아쟁,아쟁,찰현,False,data/extracted/train/source/0165_정악_궁중음악/0165_정악_궁중음악_아쟁.wav,48000,2,17452800,363.6,PCM_24,train
0165_정악_궁중음악,0165,궁중음악,장구,장구,타악기,타악,False,data/extracted/train/source/0165_정악_궁중음악/0165_정악_궁중음악_장구.wav,48000,2,17452800,363.6,PCM_24,train
0165_정악_궁중음악,0165,궁중음악,좌고,좌고,타악기,타악,False,data/extracted/train/source/0165_정악_궁중음악/0165_정악_궁중음악_좌고.wav,48000,2,17452800,363.6,PCM_24,train
0165_정악_궁중음악,0165,궁중음악,피리,피리,피리,관악,False,data/extracted/train/source/0165_정악_궁중음악/0165_정악_궁중음악_피리.wav,48000,2,17452800,363.6,PCM_24,train
0165_정악_궁중음악,0165,궁중음악,해금,해금,해금,찰현,False,data/extracted/train/source/0165_정악_궁중음악/0165_정악_궁중음악_해금.wav,48000,2,17452800,363.6,PCM_24,train
0166_정악_궁중음악,0166,궁중음악,대금,대금,대금,관악,False,data/extracted/train/source/0166_정악_궁중음악/0166_정악_궁중음악_대금.wav,48000,2,6206400,129.3,PCM_24,train
0166_정악_궁중음악,0166,궁중음악,박,박,타악기,타악,False,data/extracted/train/source/0166_정악_궁중음악/0166_정악_궁중음악_박.wav,48000,2,6206400,129.3,PCM_24,train
0166_정악_궁중음악,0166,궁중음악,방향,방향,타악기,타악,False,data/extracted/train/source/0166_정악_궁중음악/0166_정악_궁중음악_방향.wav,48000,2,6206400,129.3,PCM_24,train
0166_정악_궁중음악,0166,궁중음악,아쟁,아쟁,아쟁,찰현,False,data/extracted/train/source/0166_정악_궁중음악/0166_정악_궁중음악_아쟁.wav,48000,2,6206400,129.3,PCM_24,train
0166_정악_궁중음악,0166,궁중음악,장구,장구,타악기,타악,False,data/extracted/train/source/0166_정악_궁중음악/0166_정악_궁중음악_장구.wav,48000,2,6206400,129.3,PCM_24,train
0166_정악_궁중음악,0166,궁중음악,편경,편경,타악기,타악,False,data/extracted/train/source/0166_정악_궁중음악/0166_정악_궁중음악_편경.wav,48000,2,6206400,129.3,PCM_24,train
0166_정악_궁중음악,0166,궁중음악,편종,편종,타악기,타악,False,data/extracted/train/source/0166_정악_궁중음악/0166_정악_궁중음악_편종.wav,48000,2,6206400,129.3,PCM_24,train
0166_정악_궁중음악,0166,궁중음악,피리,피리,피리,관악,False,data/extracted/train/source/0166_정악_궁중음악/0166_정악_궁중음악_피리.wav,48000,2,6206400,129.3,PCM_24,train
0166_정악_궁중음악,0166,궁중음악,해금,해금,해금,찰현,False,data/extracted/train/source/0166_정악_궁중음악/0166_정악_궁중음악_해금.wav,48000,2,6206400,129.3,PCM_24,train
0168_정악_궁중음악,0168,궁중음악,대금,대금,대금,관악,False,data/extracted/val/source/0168_정악_궁중음악/0168_정악_궁중음악_대금.wav,48000,2,4636800,96.6,PCM_24,train
0168_정악_궁중음악,0168,궁중음악,박,박,타악기,타악,False,data/extracted/val/source/0168_정악_궁중음악/0168_정악_궁중음악_박.wav,48000,2,4636800,96.6,PCM_24,train
0168_정악_궁중음악,0168,궁중음악,방향,방향,타악기,타악,False,data/extracted/val/source/0168_정악_궁중음악/0168_정악_궁중음악_방향.wav,48000,2,4636800,96.6,PCM_24,train
0168_정악_궁중음악,0168,궁중음악,아쟁,아쟁,아쟁,찰현,False,data/extracted/val/source/0168_정악_궁중음악/0168_정악_궁중음악_아쟁.wav,48000,2,4636800,96.6,PCM_24,train
0168_정악_궁중음악,0168,궁중음악,장구,장구,타악기,타악,False,data/extracted/val/source/0168_정악_궁중음악/0168_정악_궁중음악_장구.wav,48000,2,4636800,96.6,PCM_24,train
0168_정악_궁중음악,0168,궁중음악,태평소,태평소,기타,관악,False,data/extracted/val/source/0168_정악_궁중음악/0168_정악_궁중음악_태평소.wav,48000,2,4636800,96.6,PCM_24,train
0168_정악_궁중음악,0168,궁중음악,편경,편경,타악기,타악,False,data/extracted/val/source/0168_정악_궁중음악/0168_정악_궁중음악_편경.wav,48000,2,4636800,96.6,PCM_24,train
0168_정악_궁중음악,0168,궁중음악,편종,편종,타악기,타악,False,data/extracted/val/source/0168_정악_궁중음악/0168_정악_궁중음악_편종.wav,48000,2,4636800,96.6,PCM_24,train
0168_정악_궁중음악,0168,궁중음악,피리,피리,피리,관악,False,data/extracted/val/source/0168_정악_궁중음악/0168_정악_궁중음악_피리.wav,48000,2,4636800,96.6,PCM_24,train
0168_정악_궁중음악,0168,궁중음악,해금,해금,해금,찰현,False,data/extracted/val/source/0168_정악_궁중음악/0168_정악_궁중음악_해금.wav,48000,2,4636800,96.6,PCM_24,train
0169_정악_궁중음악,0169,궁중음악,대금,대금,대금,관악,False,data/extracted/train/source/0169_정악_궁중음악/0169_정악_궁중음악_대금.wav,48000,2,15897600,331.2,PCM_24,train
0169_정악_궁중음악,0169,궁중음악,박,박,타악기,타악,False,data/extracted/train/source/0169_정악_궁중음악/0169_정악_궁중음악_박.wav,48000,2,15897600,331.2,PCM_24,train
0169_정악_궁중음악,0169,궁중음악,방향,방향,타악기,타악,False,data/extracted/train/source/0169_정악_궁중음악/0169_정악_궁중음악_방향.wav,48000,2,15897600,331.2,PCM_24,train
0169_정악_궁중음악,0169,궁중음악,아쟁,아쟁,아쟁,찰현,False,data/extracted/train/source/0169_정악_궁중음악/0169_정악_궁중음악_아쟁.wav,48000,2,15897600,331.2,PCM_24,train
0169_정악_궁중음악,0169,궁중음악,장구,장구,타악기,타악,False,data/extracted/train/source/0169_정악_궁중음악/0169_정악_궁중음악_장구.wav,48000,2,15897600,331.2,PCM_24,train
0169_정악_궁중음악,0169,궁중음악,편경,편경,타악기,타악,False,data/extracted/train/source/0169_정악_궁중음악/0169_정악_궁중음악_편경.wav,48000,2,15897600,331.2,PCM_24,train
0169_정악_궁중음악,0169,궁중음악,편종,편종,타악기,타악,False,data/extracted/train/source/0169_정악_궁중음악/0169_정악_궁중음악_편종.wav,48000,2,15897600,331.2,PCM_24,train
0169_정악_궁중음악,0169,궁중음악,피리,피리,피리,관악,False,data/extracted/train/source/0169_정악_궁중음악/0169_정악_궁중음악_피리.wav,48000,2,15897600,331.2,PCM_24,train
0169_정악_궁중음악,0169,궁중음악,해금,해금,해금,찰현,False,data/extracted/train/source/0169_정악_궁중음악/0169_정악_궁중음악_해금.wav,48000,2,15897600,331.2,PCM_24,train
0170_정악_궁중음악,0170,궁중음악,대금,대금,대금,관악,False,data/extracted/train/source/0170_정악_궁중음악/0170_정악_궁중음악_대금.wav,48000,2,16070400,334.8,PCM_24,train
0170_정악_궁중음악,0170,궁중음악,박,박,타악기,타악,False,data/extracted/train/source/0170_정악_궁중음악/0170_정악_궁중음악_박.wav,48000,2,16070400,334.8,PCM_24,train
0170_정악_궁중음악,0170,궁중음악,방향,방향,타악기,타악,False,data/extracted/train/source/0170_정악_궁중음악/0170_정악_궁중음악_방향.wav,48000,2,16070400,334.8,PCM_24,train
0170_정악_궁중음악,0170,궁중음악,아쟁,아쟁,아쟁,찰현,False,data/extracted/train/source/0170_정악_궁중음악/0170_정악_궁중음악_아쟁.wav,48000,2,16070400,334.8,PCM_24,train
0170_정악_궁중음악,0170,궁중음악,장구,장구,타악기,타악,False,data/extracted/train/source/0170_정악_궁중음악/0170_정악_궁중음악_장구.wav,48000,2,16070400,334.8,PCM_24,train
0170_정악_궁중음악,0170,궁중음악,편경,편경,타악기,타악,False,data/extracted/train/source/0170_정악_궁중음악/0170_정악_궁중음악_편경.wav,48000,2,16070400,334.8,PCM_24,train
0170_정악_궁중음악,0170,궁중음악,편종,편종,타악기,타악,False,data/extracted/train/source/0170_정악_궁중음악/0170_정악_궁중음악_편종.wav,48000,2,16070400,334.8,PCM_24,train
0170_정악_궁중음악,0170,궁중음악,피리,피리,피리,관악,False,data/extracted/train/source/0170_정악_궁중음악/0170_정악_궁중음악_피리.wav,48000,2,16070400,334.8,PCM_24,train
0170_정악_궁중음악,0170,궁중음악,해금,해금,해금,찰현,False,data/extracted/train/source/0170_정악_궁중음악/0170_정악_궁중음악_해금.wav,48000,2,16070400,334.8,PCM_24,train
0171_정악_궁중음악,0171,궁중음악,대금,대금,대금,관악,False,data/extracted/train/source/0171_정악_궁중음악/0171_정악_궁중음악_대금.wav,48000,2,16944000,353.0,PCM_24,train
0171_정악_궁중음악,0171,궁중음악,박,박,타악기,타악,False,data/extracted/train/source/0171_정악_궁중음악/0171_정악_궁중음악_박.wav,48000,2,16944000,353.0,PCM_24,train
0171_정악_궁중음악,0171,궁중음악,방향,방향,타악기,타악,False,data/extracted/train/source/0171_정악_궁중음악/0171_정악_궁중음악_방향.wav,48000,2,16944000,353.0,PCM_24,train
0171_정악_궁중음악,0171,궁중음악,아쟁,아쟁,아쟁,찰현,False,data/extracted/train/source/0171_정악_궁중음악/0171_정악_궁중음악_아쟁.wav,48000,2,16944000,353.0,PCM_24,train
0171_정악_궁중음악,0171,궁중음악,장구,장구,타악기,타악,False,data/extracted/train/source/0171_정악_궁중음악/0171_정악_궁중음악_장구.wav,48000,2,16944000,353.0,PCM_24,train
0171_정악_궁중음악,0171,궁중음악,편경,편경,타악기,타악,False,data/extracted/train/source/0171_정악_궁중음악/0171_정악_궁중음악_편경.wav,48000,2,16944000,353.0,PCM_24,train
0171_정악_궁중음악,0171,궁중음악,편종,편종,타악기,타악,False,data/extracted/train/source/0171_정악_궁중음악/0171_정악_궁중음악_편종.wav,48000,2,16944000,353.0,PCM_24,train
0171_정악_궁중음악,0171,궁중음악,피리,피리,피리,관악,False,data/extracted/train/source/0171_정악_궁중음악/0171_정악_궁중음악_피리.wav,48000,2,16944000,353.0,PCM_24,train
0171_정악_궁중음악,0171,궁중음악,해금,해금,해금,찰현,False,data/extracted/train/source/0171_정악_궁중음악/0171_정악_궁중음악_해금.wav,48000,2,16944000,353.0,PCM_24,train
0172_정악_궁중음악,0172,궁중음악,대금,대금,대금,관악,False,data/extracted/train/source/0172_정악_궁중음악/0172_정악_궁중음악_대금.wav,48000,2,15897600,331.2,PCM_24,train
0172_정악_궁중음악,0172,궁중음악,박,박,타악기,타악,False,data/extracted/train/source/0172_정악_궁중음악/0172_정악_궁중음악_박.wav,48000,2,15897600,331.2,PCM_24,train
0172_정악_궁중음악,0172,궁중음악,방향,방향,타악기,타악,False,data/extracted/train/source/0172_정악_궁중음악/0172_정악_궁중음악_방향.wav,48000,2,15897600,331.2,PCM_24,train
0172_정악_궁중음악,0172,궁중음악,아쟁,아쟁,아쟁,찰현,False,data/extracted/train/source/0172_정악_궁중음악/0172_정악_궁중음악_아쟁.wav,48000,2,15897600,331.2,PCM_24,train
0172_정악_궁중음악,0172,궁중음악,장구,장구,타악기,타악,False,data/extracted/train/source/0172_정악_궁중음악/0172_정악_궁중음악_장구.wav,48000,2,15897600,331.2,PCM_24,train
0172_정악_궁중음악,0172,궁중음악,편경,편경,타악기,타악,False,data/extracted/train/source/0172_정악_궁중음악/0172_정악_궁중음악_편경.wav,48000,2,15897600,331.2,PCM_24,train
0172_정악_궁중음악,0172,궁중음악,편종,편종,타악기,타악,False,data/extracted/train/source/0172_정악_궁중음악/0172_정악_궁중음악_편종.wav,48000,2,15897600,331.2,PCM_24,train
0172_정악_궁중음악,0172,궁중음악,피리,피리,피리,관악,False,data/extracted/train/source/0172_정악_궁중음악/0172_정악_궁중음악_피리.wav,48000,2,15897600,331.2,PCM_24,train
0172_정악_궁중음악,0172,궁중음악,해금,해금,해금,찰현,False,data/extracted/train/source/0172_정악_궁중음악/0172_정악_궁중음악_해금.wav,48000,2,15897600,331.2,PCM_24,train
0173_정악_궁중음악,0173,궁중음악,대금,대금,대금,관악,False,data/extracted/train/source/0173_정악_궁중음악/0173_정악_궁중음악_대금.wav,48000,2,8352000,174.0,PCM_24,train
0173_정악_궁중음악,0173,궁중음악,박,박,타악기,타악,False,data/extracted/train/source/0173_정악_궁중음악/0173_정악_궁중음악_박.wav,48000,2,8352000,174.0,PCM_24,train
0173_정악_궁중음악,0173,궁중음악,방향,방향,타악기,타악,False,data/extracted/train/source/0173_정악_궁중음악/0173_정악_궁중음악_방향.wav,48000,2,8352000,174.0,PCM_24,train
0173_정악_궁중음악,0173,궁중음악,아쟁,아쟁,아쟁,찰현,False,data/extracted/train/source/0173_정악_궁중음악/0173_정악_궁중음악_아쟁.wav,48000,2,8352000,174.0,PCM_24,train
0173_정악_궁중음악,0173,궁중음악,장구,장구,타악기,타악,False,data/extracted/train/source/0173_정악_궁중음악/0173_정악_궁중음악_장구.wav,48000,2,8352000,174.0,PCM_24,train
0173_정악_궁중음악,0173,궁중음악,편경,편경,타악기,타악,False,data/extracted/train/source/0173_정악_궁중음악/0173_정악_궁중음악_편경.wav,48000,2,8352000,174.0,PCM_24,train
0173_정악_궁중음악,0173,궁중음악,편종,편종,타악기,타악,False,data/extracted/train/source/0173_정악_궁중음악/0173_정악_궁중음악_편종.wav,48000,2,8352000,174.0,PCM_24,train
0173_정악_궁중음악,0173,궁중음악,피리,피리,피리,관악,False,data/extracted/train/source/0173_정악_궁중음악/0173_정악_궁중음악_피리.wav,48000,2,8352000,174.0,PCM_24,train
0173_정악_궁중음악,0173,궁중음악,해금,해금,해금,찰현,False,data/extracted/train/source/0173_정악_궁중음악/0173_정악_궁중음악_해금.wav,48000,2,8352000,174.0,PCM_24,train
0174_민속악_산조,0174,산조,가야금,가야금,가야금,발현,False,data/extracted/train/source/0174_민속악_산조/0174_민속악_산조_가야금.wav,48000,2,6480000,135.0,PCM_24,train
0174_민속악_산조,0174,산조,장구,장구,타악기,타악,False,data/extracted/train/source/0174_민속악_산조/0174_민속악_산조_장구.wav,48000,2,6480000,135.0,PCM_24,train
0175_민속악_산조,0175,산조,가야금,가야금,가야금,발현,False,data/extracted/train/source/0175_민속악_산조/0175_민속악_산조_가야금.wav,48000,2,5832000,121.5,PCM_24,train
0175_민속악_산조,0175,산조,장구,장구,타악기,타악,False,data/extracted/train/source/0175_민속악_산조/0175_민속악_산조_장구.wav,48000,2,5832000,121.5,PCM_24,train
0176_민속악_산조,0176,산조,가야금,가야금,가야금,발현,False,data/extracted/val/source/0176_민속악_산조/0176_민속악_산조_가야금.wav,48000,2,7128000,148.5,PCM_24,val
0176_민속악_산조,0176,산조,장구,장구,타악기,타악,False,data/extracted/val/source/0176_민속악_산조/0176_민속악_산조_장구.wav,48000,2,7128000,148.5,PCM_24,val
0177_민속악_산조,0177,산조,가야금,가야금,가야금,발현,False,data/extracted/train/source/0177_민속악_산조/0177_민속악_산조_가야금.wav,48000,2,5184000,108.0,PCM_24,train
0177_민속악_산조,0177,산조,장구,장구,타악기,타악,False,data/extracted/train/source/0177_민속악_산조/0177_민속악_산조_장구.wav,48000,2,5184000,108.0,PCM_24,train
0178_민속악_산조,0178,산조,가야금,가야금,가야금,발현,False,data/extracted/train/source/0178_민속악_산조/0178_민속악_산조_가야금.wav,48000,2,5184000,108.0,PCM_24,train
0178_민속악_산조,0178,산조,장구,장구,타악기,타악,False,data/extracted/train/source/0178_민속악_산조/0178_민속악_산조_장구.wav,48000,2,5184000,108.0,PCM_24,train
0179_민속악_산조,0179,산조,가야금,가야금,가야금,발현,False,data/extracted/train/source/0179_민속악_산조/0179_민속악_산조_가야금.wav,48000,2,5832000,121.5,PCM_24,train
0179_민속악_산조,0179,산조,장구,장구,타악기,타악,False,data/extracted/train/source/0179_민속악_산조/0179_민속악_산조_장구.wav,48000,2,5832000,121.5,PCM_24,train
0180_민속악_산조,0180,산조,가야금,가야금,가야금,발현,False,data/extracted/train/source/0180_민속악_산조/0180_민속악_산조_가야금.wav,48000,2,10368000,216.0,PCM_24,train
0180_민속악_산조,0180,산조,장구,장구,타악기,타악,False,data/extracted/train/source/0180_민속악_산조/0180_민속악_산조_장구.wav,48000,2,10368000,216.0,PCM_24,train
0181_민속악_산조,0181,산조,가야금,가야금,가야금,발현,False,data/extracted/train/source/0181_민속악_산조/0181_민속악_산조_가야금.wav,48000,2,5832000,121.5,PCM_24,train
0181_민속악_산조,0181,산조,장구,장구,타악기,타악,False,data/extracted/train/source/0181_민속악_산조/0181_민속악_산조_장구.wav,48000,2,5832000,121.5,PCM_24,train
0182_민속악_산조,0182,산조,가야금,가야금,가야금,발현,False,data/extracted/train/source/0182_민속악_산조/0182_민속악_산조_가야금.wav,48000,2,11880000,247.5,PCM_24,train
0182_민속악_산조,0182,산조,장구,장구,타악기,타악,False,data/extracted/train/source/0182_민속악_산조/0182_민속악_산조_장구.wav,48000,2,11880000,247.5,PCM_24,train
0183_민속악_산조,0183,산조,가야금,가야금,가야금,발현,False,data/extracted/train/source/0183_민속악_산조/0183_민속악_산조_가야금.wav,48000,2,10368000,216.0,PCM_24,train
0183_민속악_산조,0183,산조,장구,장구,타악기,타악,False,data/extracted/train/source/0183_민속악_산조/0183_민속악_산조_장구.wav,48000,2,10368000,216.0,PCM_24,train
0184_민속악_산조,0184,산조,가야금,가야금,가야금,발현,False,data/extracted/train/source/0184_민속악_산조/0184_민속악_산조_가야금.wav,48000,2,9072000,189.0,PCM_24,train
0184_민속악_산조,0184,산조,장구,장구,타악기,타악,False,data/extracted/train/source/0184_민속악_산조/0184_민속악_산조_장구.wav,48000,2,9072000,189.0,PCM_24,train
0185_민속악_산조,0185,산조,가야금,가야금,가야금,발현,False,data/extracted/train/source/0185_민속악_산조/0185_민속악_산조_가야금.wav,48000,2,5832000,121.5,PCM_24,train
0185_민속악_산조,0185,산조,장구,장구,타악기,타악,False,data/extracted/train/source/0185_민속악_산조/0185_민속악_산조_장구.wav,48000,2,5832000,121.5,PCM_24,train
0186_민속악_산조,0186,산조,가야금,가야금,가야금,발현,False,data/extracted/train/source/0186_민속악_산조/0186_민속악_산조_가야금.wav,48000,2,7128000,148.5,PCM_24,train
0186_민속악_산조,0186,산조,장구,장구,타악기,타악,False,data/extracted/train/source/0186_민속악_산조/0186_민속악_산조_장구.wav,48000,2,7128000,148.5,PCM_24,train
0187_민속악_산조,0187,산조,가야금,가야금,가야금,발현,False,data/extracted/train/source/0187_민속악_산조/0187_민속악_산조_가야금.wav,48000,2,8421216,175.442,PCM_24,train
0187_민속악_산조,0187,산조,장구,장구,타악기,타악,False,data/extracted/train/source/0187_민속악_산조/0187_민속악_산조_장구.wav,48000,2,8421216,175.442,PCM_24,train
0188_민속악_산조,0188,산조,가야금,가야금,가야금,발현,False,data/extracted/train/source/0188_민속악_산조/0188_민속악_산조_가야금.wav,48000,2,7922784,165.058,PCM_24,train
0188_민속악_산조,0188,산조,장구,장구,타악기,타악,False,data/extracted/train/source/0188_민속악_산조/0188_민속악_산조_장구.wav,48000,2,7922784,165.058,PCM_24,train
0189_민속악_산조,0189,산조,가야금,가야금,가야금,발현,False,data/extracted/train/source/0189_민속악_산조/0189_민속악_산조_가야금.wav,48000,2,7500000,156.25,PCM_24,train
0189_민속악_산조,0189,산조,장구,장구,타악기,타악,False,data/extracted/train/source/0189_민속악_산조/0189_민속악_산조_장구.wav,48000,2,7500000,156.25,PCM_24,train
0190_민속악_산조,0190,산조,가야금,가야금,가야금,발현,False,data/extracted/train/source/0190_민속악_산조/0190_민속악_산조_가야금.wav,48000,2,11520000,240.0,PCM_24,train
0190_민속악_산조,0190,산조,장구,장구,타악기,타악,False,data/extracted/train/source/0190_민속악_산조/0190_민속악_산조_장구.wav,48000,2,11520000,240.0,PCM_24,train
0191_민속악_산조,0191,산조,가야금,가야금,가야금,발현,False,data/extracted/train/source/0191_민속악_산조/0191_민속악_산조_가야금.wav,48000,2,5760000,120.0,PCM_24,train
0191_민속악_산조,0191,산조,장구,장구,타악기,타악,False,data/extracted/train/source/0191_민속악_산조/0191_민속악_산조_장구.wav,48000,2,5760000,120.0,PCM_24,train
0192_민속악_산조,0192,산조,가야금,가야금,가야금,발현,False,data/extracted/train/source/0192_민속악_산조/0192_민속악_산조_가야금.wav,48000,2,14112000,294.0,PCM_24,train
0192_민속악_산조,0192,산조,장구,장구,타악기,타악,False,data/extracted/train/source/0192_민속악_산조/0192_민속악_산조_장구.wav,48000,2,14112000,294.0,PCM_24,train
0193_민속악_산조,0193,산조,가야금,가야금,가야금,발현,False,data/extracted/train/source/0193_민속악_산조/0193_민속악_산조_가야금.wav,48000,2,6912000,144.0,PCM_24,test
0193_민속악_산조,0193,산조,장구,장구,타악기,타악,False,data/extracted/train/source/0193_민속악_산조/0193_민속악_산조_장구.wav,48000,2,6912000,144.0,PCM_24,test
0194_민속악_산조,0194,산조,가야금,가야금,가야금,발현,False,data/extracted/train/source/0194_민속악_산조/0194_민속악_산조_가야금.wav,48000,2,5760000,120.0,PCM_24,train
0194_민속악_산조,0194,산조,장구,장구,타악기,타악,False,data/extracted/train/source/0194_민속악_산조/0194_민속악_산조_장구.wav,48000,2,5760000,120.0,PCM_24,train
0195_민속악_산조,0195,산조,가야금,가야금,가야금,발현,False,data/extracted/train/source/0195_민속악_산조/0195_민속악_산조_가야금.wav,48000,2,4608000,96.0,PCM_24,train
0195_민속악_산조,0195,산조,장구,장구,타악기,타악,False,data/extracted/train/source/0195_민속악_산조/0195_민속악_산조_장구.wav,48000,2,4608000,96.0,PCM_24,train
0196_민속악_산조,0196,산조,가야금,가야금,가야금,발현,False,data/extracted/train/source/0196_민속악_산조/0196_민속악_산조_가야금.wav,48000,2,11952000,249.0,PCM_24,val
0196_민속악_산조,0196,산조,장구,장구,타악기,타악,False,data/extracted/train/source/0196_민속악_산조/0196_민속악_산조_장구.wav,48000,2,11952000,249.0,PCM_24,val
0198_민속악_산조,0198,산조,가야금,가야금,가야금,발현,False,data/extracted/train/source/0198_민속악_산조/0198_민속악_산조_가야금.wav,48000,2,1234286,25.714,PCM_24,train
0198_민속악_산조,0198,산조,장구,장구,타악기,타악,False,data/extracted/train/source/0198_민속악_산조/0198_민속악_산조_장구.wav,48000,2,1234286,25.714,PCM_24,train
0199_민속악_산조,0199,산조,가야금,가야금,가야금,발현,False,data/extracted/train/source/0199_민속악_산조/0199_민속악_산조_가야금.wav,48000,2,12034285,250.714,PCM_24,train
0199_민속악_산조,0199,산조,장구,장구,타악기,타악,False,data/extracted/train/source/0199_민속악_산조/0199_민속악_산조_장구.wav,48000,2,12034285,250.714,PCM_24,train
0200_민속악_산조,0200,산조,가야금,가야금,가야금,발현,False,data/extracted/train/source/0200_민속악_산조/0200_민속악_산조_가야금.wav,48000,2,12528000,261.0,PCM_24,train
0200_민속악_산조,0200,산조,장구,장구,타악기,타악,False,data/extracted/train/source/0200_민속악_산조/0200_민속악_산조_장구.wav,48000,2,12528000,261.0,PCM_24,train
0201_민속악_산조,0201,산조,가야금,가야금,가야금,발현,False,data/extracted/train/source/0201_민속악_산조/0201_민속악_산조_가야금.wav,48000,2,1296000,27.0,PCM_24,train
0201_민속악_산조,0201,산조,장구,장구,타악기,타악,False,data/extracted/train/source/0201_민속악_산조/0201_민속악_산조_장구.wav,48000,2,1296000,27.0,PCM_24,train
0202_민속악_산조,0202,산조,가야금,가야금,가야금,발현,False,data/extracted/train/source/0202_민속악_산조/0202_민속악_산조_가야금.wav,48000,2,11664000,243.0,PCM_24,train
0202_민속악_산조,0202,산조,장구,장구,타악기,타악,False,data/extracted/train/source/0202_민속악_산조/0202_민속악_산조_장구.wav,48000,2,11664000,243.0,PCM_24,train
0203_민속악_산조,0203,산조,가야금,가야금,가야금,발현,False,data/extracted/train/source/0203_민속악_산조/0203_민속악_산조_가야금.wav,48000,2,1152000,24.0,PCM_24,train
0203_민속악_산조,0203,산조,장구,장구,타악기,타악,False,data/extracted/train/source/0203_민속악_산조/0203_민속악_산조_장구.wav,48000,2,1152000,24.0,PCM_24,train
0205_민속악_산조,0205,산조,가야금,가야금,가야금,발현,False,data/extracted/train/source/0205_민속악_산조/0205_민속악_산조_가야금.wav,48000,2,12624000,263.0,PCM_24,train
0205_민속악_산조,0205,산조,장구,장구,타악기,타악,False,data/extracted/train/source/0205_민속악_산조/0205_민속악_산조_장구.wav,48000,2,12624000,263.0,PCM_24,train
0206_민속악_산조,0206,산조,가야금,가야금,가야금,발현,False,data/extracted/train/source/0206_민속악_산조/0206_민속악_산조_가야금.wav,48000,2,19200000,400.0,PCM_24,train
0206_민속악_산조,0206,산조,장구,장구,타악기,타악,False,data/extracted/train/source/0206_민속악_산조/0206_민속악_산조_장구.wav,48000,2,19200000,400.0,PCM_24,train
0207_민속악_산조,0207,산조,가야금,가야금,가야금,발현,False,data/extracted/train/source/0207_민속악_산조/0207_민속악_산조_가야금.wav,48000,2,15020307,312.923,PCM_24,train
0207_민속악_산조,0207,산조,장구,장구,타악기,타악,False,data/extracted/train/source/0207_민속악_산조/0207_민속악_산조_장구.wav,48000,2,15020307,312.923,PCM_24,train
0208_민속악_산조,0208,산조,가야금,가야금,가야금,발현,False,data/extracted/train/source/0208_민속악_산조/0208_민속악_산조_가야금.wav,48000,2,15020307,312.923,PCM_24,train
0208_민속악_산조,0208,산조,장구,장구,타악기,타악,False,data/extracted/train/source/0208_민속악_산조/0208_민속악_산조_장구.wav,48000,2,15020307,312.923,PCM_24,train
0209_민속악_산조,0209,산조,가야금,가야금,가야금,발현,False,data/extracted/train/source/0209_민속악_산조/0209_민속악_산조_가야금.wav,48000,2,14488616,301.846,PCM_24,test
0209_민속악_산조,0209,산조,장구,장구,타악기,타악,False,data/extracted/train/source/0209_민속악_산조/0209_민속악_산조_장구.wav,48000,2,14488616,301.846,PCM_24,test
0210_민속악_산조,0210,산조,가야금,가야금,가야금,발현,False,data/extracted/train/source/0210_민속악_산조/0210_민속악_산조_가야금.wav,48000,2,13691076,285.231,PCM_24,val
0210_민속악_산조,0210,산조,장구,장구,타악기,타악,False,data/extracted/train/source/0210_민속악_산조/0210_민속악_산조_장구.wav,48000,2,13691076,285.231,PCM_24,val
0211_민속악_산조,0211,산조,가야금,가야금,가야금,발현,False,data/extracted/train/source/0211_민속악_산조/0211_민속악_산조_가야금.wav,48000,2,14953846,311.538,PCM_24,train
0211_민속악_산조,0211,산조,장구,장구,타악기,타악,False,data/extracted/train/source/0211_민속악_산조/0211_민속악_산조_장구.wav,48000,2,14953846,311.538,PCM_24,train
0212_민속악_산조,0212,산조,가야금,가야금,가야금,발현,False,data/extracted/train/source/0212_민속악_산조/0212_민속악_산조_가야금.wav,48000,2,13059692,272.077,PCM_24,val
0212_민속악_산조,0212,산조,장구,장구,타악기,타악,False,data/extracted/train/source/0212_민속악_산조/0212_민속악_산조_장구.wav,48000,2,13059692,272.077,PCM_24,val
0213_민속악_산조,0213,산조,가야금,가야금,가야금,발현,False,data/extracted/train/source/0213_민속악_산조/0213_민속악_산조_가야금.wav,48000,2,15352616,319.846,PCM_24,test
0213_민속악_산조,0213,산조,장구,장구,타악기,타악,False,data/extracted/train/source/0213_민속악_산조/0213_민속악_산조_장구.wav,48000,2,15352616,319.846,PCM_24,test
0214_민속악_산조,0214,산조,가야금,가야금,가야금,발현,False,data/extracted/train/source/0214_민속악_산조/0214_민속악_산조_가야금.wav,48000,2,8573539,178.615,PCM_24,val
0214_민속악_산조,0214,산조,장구,장구,타악기,타악,False,data/extracted/train/source/0214_민속악_산조/0214_민속악_산조_장구.wav,48000,2,8573539,178.615,PCM_24,val
0216_민속악_산조,0216,산조,가야금,가야금,가야금,발현,False,data/extracted/train/source/0216_민속악_산조/0216_민속악_산조_가야금.wav,48000,2,8291076,172.731,PCM_24,train
0216_민속악_산조,0216,산조,장구,장구,타악기,타악,False,data/extracted/train/source/0216_민속악_산조/0216_민속악_산조_장구.wav,48000,2,8291076,172.731,PCM_24,train
0217_민속악_산조,0217,산조,가야금,가야금,가야금,발현,False,data/extracted/val/source/0217_민속악_산조/0217_민속악_산조_가야금.wav,48000,2,1028000,21.417,PCM_24,train
0217_민속악_산조,0217,산조,장구,장구,타악기,타악,False,data/extracted/val/source/0217_민속악_산조/0217_민속악_산조_장구.wav,48000,2,1028000,21.417,PCM_24,train
0218_민속악_산조,0218,산조,가야금,가야금,가야금,발현,False,data/extracted/val/source/0218_민속악_산조/0218_민속악_산조_가야금.wav,48000,2,1280000,26.667,PCM_24,train
0218_민속악_산조,0218,산조,장구,장구,타악기,타악,False,data/extracted/val/source/0218_민속악_산조/0218_민속악_산조_장구.wav,48000,2,1280000,26.667,PCM_24,train
0219_민속악_산조,0219,산조,가야금,가야금,가야금,발현,False,data/extracted/train/source/0219_민속악_산조/0219_민속악_산조_가야금.wav,48000,2,14784000,308.0,PCM_24,train
0219_민속악_산조,0219,산조,장구,장구,타악기,타악,False,data/extracted/train/source/0219_민속악_산조/0219_민속악_산조_장구.wav,48000,2,14784000,308.0,PCM_24,train
0220_민속악_산조,0220,산조,가야금,가야금,가야금,발현,False,data/extracted/train/source/0220_민속악_산조/0220_민속악_산조_가야금.wav,48000,2,13248000,276.0,PCM_24,train
0220_민속악_산조,0220,산조,장구,장구,타악기,타악,False,data/extracted/train/source/0220_민속악_산조/0220_민속악_산조_장구.wav,48000,2,13248000,276.0,PCM_24,train
0222_민속악_산조,0222,산조,가야금,가야금,가야금,발현,False,data/extracted/train/source/0222_민속악_산조/0222_민속악_산조_가야금.wav,48000,2,13248000,276.0,PCM_24,val
0222_민속악_산조,0222,산조,장구,장구,타악기,타악,False,data/extracted/train/source/0222_민속악_산조/0222_민속악_산조_장구.wav,48000,2,13248000,276.0,PCM_24,val
0223_민속악_산조,0223,산조,가야금,가야금,가야금,발현,False,data/extracted/train/source/0223_민속악_산조/0223_민속악_산조_가야금.wav,48000,2,12864000,268.0,PCM_24,train
0223_민속악_산조,0223,산조,장구,장구,타악기,타악,False,data/extracted/train/source/0223_민속악_산조/0223_민속악_산조_장구.wav,48000,2,12864000,268.0,PCM_24,train
0225_민속악_산조,0225,산조,거문고,거문고,거문고,발현,False,data/extracted/val/source/0225_민속악_산조/0225_민속악_산조_거문고.wav,48000,2,14774400,307.8,PCM_24,test
0225_민속악_산조,0225,산조,장구,장구,타악기,타악,False,data/extracted/val/source/0225_민속악_산조/0225_민속악_산조_장구.wav,48000,2,14774400,307.8,PCM_24,test
0227_민속악_산조,0227,산조,거문고,거문고,거문고,발현,False,data/extracted/train/source/0227_민속악_산조/0227_민속악_산조_거문고.wav,48000,2,12614400,262.8,PCM_24,val
0227_민속악_산조,0227,산조,장구,장구,타악기,타악,False,data/extracted/train/source/0227_민속악_산조/0227_민속악_산조_장구.wav,48000,2,12614400,262.8,PCM_24,val
0228_민속악_산조,0228,산조,거문고,거문고,거문고,발현,False,data/extracted/train/source/0228_민속악_산조/0228_민속악_산조_거문고.wav,48000,2,12610800,262.725,PCM_24,train
0228_민속악_산조,0228,산조,장구,장구,타악기,타악,False,data/extracted/train/source/0228_민속악_산조/0228_민속악_산조_장구.wav,48000,2,12610800,262.725,PCM_24,train
0230_민속악_산조,0230,산조,거문고,거문고,거문고,발현,False,data/extracted/train/source/0230_민속악_산조/0230_민속악_산조_거문고.wav,48000,2,14688000,306.0,PCM_24,test
0230_민속악_산조,0230,산조,장구,장구,타악기,타악,False,data/extracted/train/source/0230_민속악_산조/0230_민속악_산조_장구.wav,48000,2,14688000,306.0,PCM_24,test
0231_민속악_산조,0231,산조,거문고,거문고,거문고,발현,False,data/extracted/train/source/0231_민속악_산조/0231_민속악_산조_거문고.wav,48000,2,15724800,327.6,PCM_24,train
0231_민속악_산조,0231,산조,장구,장구,타악기,타악,False,data/extracted/train/source/0231_민속악_산조/0231_민속악_산조_장구.wav,48000,2,15724800,327.6,PCM_24,train
0232_민속악_산조,0232,산조,거문고,거문고,거문고,발현,False,data/extracted/train/source/0232_민속악_산조/0232_민속악_산조_거문고.wav,48000,2,14083200,293.4,PCM_24,train
0232_민속악_산조,0232,산조,장구,장구,타악기,타악,False,data/extracted/train/source/0232_민속악_산조/0232_민속악_산조_장구.wav,48000,2,14083200,293.4,PCM_24,train
0233_민속악_산조,0233,산조,거문고,거문고,거문고,발현,False,data/extracted/train/source/0233_민속악_산조/0233_민속악_산조_거문고.wav,48000,2,14688000,306.0,PCM_24,train
0233_민속악_산조,0233,산조,장구,장구,타악기,타악,False,data/extracted/train/source/0233_민속악_산조/0233_민속악_산조_장구.wav,48000,2,14688000,306.0,PCM_24,train
0235_민속악_산조,0235,산조,거문고,거문고,거문고,발현,False,data/extracted/val/source/0235_민속악_산조/0235_민속악_산조_거문고.wav,48000,2,15638400,325.8,PCM_24,val
0235_민속악_산조,0235,산조,장구,장구,타악기,타악,False,data/extracted/val/source/0235_민속악_산조/0235_민속악_산조_장구.wav,48000,2,15638400,325.8,PCM_24,val
0236_민속악_산조,0236,산조,거문고,거문고,거문고,발현,False,data/extracted/train/source/0236_민속악_산조/0236_민속악_산조_거문고.wav,48000,2,1036800,21.6,PCM_24,train
0236_민속악_산조,0236,산조,장구,장구,타악기,타악,False,data/extracted/train/source/0236_민속악_산조/0236_민속악_산조_장구.wav,48000,2,1036800,21.6,PCM_24,train
0237_민속악_산조,0237,산조,거문고,거문고,거문고,발현,False,data/extracted/train/source/0237_민속악_산조/0237_민속악_산조_거문고.wav,48000,2,16675200,347.4,PCM_24,train
0237_민속악_산조,0237,산조,장구,장구,타악기,타악,False,data/extracted/train/source/0237_민속악_산조/0237_민속악_산조_장구.wav,48000,2,16675200,347.4,PCM_24,train
0238_민속악_산조,0238,산조,거문고,거문고,거문고,발현,False,data/extracted/train/source/0238_민속악_산조/0238_민속악_산조_거문고.wav,48000,2,18316800,381.6,PCM_24,train
0238_민속악_산조,0238,산조,장구,장구,타악기,타악,False,data/extracted/train/source/0238_민속악_산조/0238_민속악_산조_장구.wav,48000,2,18316800,381.6,PCM_24,train
0240_민속악_산조,0240,산조,거문고,거문고,거문고,발현,False,data/extracted/train/source/0240_민속악_산조/0240_민속악_산조_거문고.wav,48000,2,1036800,21.6,PCM_24,train
0240_민속악_산조,0240,산조,장구,장구,타악기,타악,False,data/extracted/train/source/0240_민속악_산조/0240_민속악_산조_장구.wav,48000,2,1036800,21.6,PCM_24,train
0241_민속악_산조,0241,산조,거문고,거문고,거문고,발현,False,data/extracted/train/source/0241_민속악_산조/0241_민속악_산조_거문고.wav,48000,2,16675200,347.4,PCM_24,train
0241_민속악_산조,0241,산조,장구,장구,타악기,타악,False,data/extracted/train/source/0241_민속악_산조/0241_민속악_산조_장구.wav,48000,2,16675200,347.4,PCM_24,train
0242_민속악_산조,0242,산조,거문고,거문고,거문고,발현,False,data/extracted/train/source/0242_민속악_산조/0242_민속악_산조_거문고.wav,48000,2,13132800,273.6,PCM_24,train
0242_민속악_산조,0242,산조,장구,장구,타악기,타악,False,data/extracted/train/source/0242_민속악_산조/0242_민속악_산조_장구.wav,48000,2,13132800,273.6,PCM_24,train
0243_민속악_산조,0243,산조,거문고,거문고,거문고,발현,False,data/extracted/train/source/0243_민속악_산조/0243_민속악_산조_거문고.wav,48000,2,15724800,327.6,PCM_24,train
0243_민속악_산조,0243,산조,장구,장구,타악기,타악,False,data/extracted/train/source/0243_민속악_산조/0243_민속악_산조_장구.wav,48000,2,15724800,327.6,PCM_24,train
0244_민속악_산조,0244,산조,거문고,거문고,거문고,발현,False,data/extracted/train/source/0244_민속악_산조/0244_민속악_산조_거문고.wav,48000,2,16761600,349.2,PCM_24,train
0244_민속악_산조,0244,산조,장구,장구,타악기,타악,False,data/extracted/train/source/0244_민속악_산조/0244_민속악_산조_장구.wav,48000,2,16761600,349.2,PCM_24,train
0245_민속악_산조,0245,산조,거문고,거문고,거문고,발현,False,data/extracted/train/source/0245_민속악_산조/0245_민속악_산조_거문고.wav,48000,2,14688000,306.0,PCM_24,train
0245_민속악_산조,0245,산조,장구,장구,타악기,타악,False,data/extracted/train/source/0245_민속악_산조/0245_민속악_산조_장구.wav,48000,2,14688000,306.0,PCM_24,train
0246_민속악_산조,0246,산조,거문고,거문고,거문고,발현,False,data/extracted/train/source/0246_민속악_산조/0246_민속악_산조_거문고.wav,48000,2,18748800,390.6,PCM_24,train
0246_민속악_산조,0246,산조,장구,장구,타악기,타악,False,data/extracted/train/source/0246_민속악_산조/0246_민속악_산조_장구.wav,48000,2,18748800,390.6,PCM_24,train
0247_민속악_산조,0247,산조,거문고,거문고,거문고,발현,False,data/extracted/train/source/0247_민속악_산조/0247_민속악_산조_거문고.wav,48000,2,18316800,381.6,PCM_24,val
0247_민속악_산조,0247,산조,장구,장구,타악기,타악,False,data/extracted/train/source/0247_민속악_산조/0247_민속악_산조_장구.wav,48000,2,18316800,381.6,PCM_24,val
0248_민속악_산조,0248,산조,거문고,거문고,거문고,발현,False,data/extracted/train/source/0248_민속악_산조/0248_민속악_산조_거문고.wav,48000,2,17193600,358.2,PCM_24,train
0248_민속악_산조,0248,산조,장구,장구,타악기,타악,False,data/extracted/train/source/0248_민속악_산조/0248_민속악_산조_장구.wav,48000,2,17193600,358.2,PCM_24,train
0249_민속악_산조,0249,산조,거문고,거문고,거문고,발현,False,data/extracted/train/source/0249_민속악_산조/0249_민속악_산조_거문고.wav,48000,2,17448000,363.5,PCM_24,val
0249_민속악_산조,0249,산조,장구,장구,타악기,타악,False,data/extracted/train/source/0249_민속악_산조/0249_민속악_산조_장구.wav,48000,2,17448000,363.5,PCM_24,val
0250_민속악_산조,0250,산조,거문고,거문고,거문고,발현,False,data/extracted/train/source/0250_민속악_산조/0250_민속악_산조_거문고.wav,48000,2,15792000,329.0,PCM_24,train
0250_민속악_산조,0250,산조,장구,장구,타악기,타악,False,data/extracted/train/source/0250_민속악_산조/0250_민속악_산조_장구.wav,48000,2,15792000,329.0,PCM_24,train
0252_민속악_산조,0252,산조,거문고,거문고,거문고,발현,False,data/extracted/train/source/0252_민속악_산조/0252_민속악_산조_거문고.wav,48000,2,14112000,294.0,PCM_24,train
0252_민속악_산조,0252,산조,장구,장구,타악기,타악,False,data/extracted/train/source/0252_민속악_산조/0252_민속악_산조_장구.wav,48000,2,14112000,294.0,PCM_24,train
0253_민속악_산조,0253,산조,거문고,거문고,거문고,발현,False,data/extracted/val/source/0253_민속악_산조/0253_민속악_산조_거문고.wav,48000,2,14112000,294.0,PCM_24,train
0253_민속악_산조,0253,산조,장구,장구,타악기,타악,False,data/extracted/val/source/0253_민속악_산조/0253_민속악_산조_장구.wav,48000,2,14112000,294.0,PCM_24,train
0254_민속악_산조,0254,산조,거문고,거문고,거문고,발현,False,data/extracted/train/source/0254_민속악_산조/0254_민속악_산조_거문고.wav,48000,2,14112000,294.0,PCM_24,train
0254_민속악_산조,0254,산조,장구,장구,타악기,타악,False,data/extracted/train/source/0254_민속악_산조/0254_민속악_산조_장구.wav,48000,2,14112000,294.0,PCM_24,train
0255_민속악_산조,0255,산조,거문고,거문고,거문고,발현,False,data/extracted/train/source/0255_민속악_산조/0255_민속악_산조_거문고.wav,48000,2,14112000,294.0,PCM_24,train
0255_민속악_산조,0255,산조,장구,장구,타악기,타악,False,data/extracted/train/source/0255_민속악_산조/0255_민속악_산조_장구.wav,48000,2,14112000,294.0,PCM_24,train
0256_민속악_산조,0256,산조,거문고,거문고,거문고,발현,False,data/extracted/train/source/0256_민속악_산조/0256_민속악_산조_거문고.wav,48000,2,14544000,303.0,PCM_24,test
0256_민속악_산조,0256,산조,장구,장구,타악기,타악,False,data/extracted/train/source/0256_민속악_산조/0256_민속악_산조_장구.wav,48000,2,14544000,303.0,PCM_24,test
0257_민속악_산조,0257,산조,거문고,거문고,거문고,발현,False,data/extracted/train/source/0257_민속악_산조/0257_민속악_산조_거문고.wav,48000,2,14688000,306.0,PCM_24,train
0257_민속악_산조,0257,산조,장구,장구,타악기,타악,False,data/extracted/train/source/0257_민속악_산조/0257_민속악_산조_장구.wav,48000,2,14688000,306.0,PCM_24,train
0258_민속악_산조,0258,산조,거문고,거문고,거문고,발현,False,data/extracted/val/source/0258_민속악_산조/0258_민속악_산조_거문고.wav,48000,2,14112000,294.0,PCM_24,test
0258_민속악_산조,0258,산조,장구,장구,타악기,타악,False,data/extracted/val/source/0258_민속악_산조/0258_민속악_산조_장구.wav,48000,2,14112000,294.0,PCM_24,test
0259_민속악_산조,0259,산조,거문고,거문고,거문고,발현,False,data/extracted/train/source/0259_민속악_산조/0259_민속악_산조_거문고.wav,48000,2,16416000,342.0,PCM_24,train
0259_민속악_산조,0259,산조,장구,장구,타악기,타악,False,data/extracted/train/source/0259_민속악_산조/0259_민속악_산조_장구.wav,48000,2,16416000,342.0,PCM_24,train
0260_민속악_산조,0260,산조,거문고,거문고,거문고,발현,False,data/extracted/train/source/0260_민속악_산조/0260_민속악_산조_거문고.wav,48000,2,14688000,306.0,PCM_24,train
0260_민속악_산조,0260,산조,장구,장구,타악기,타악,False,data/extracted/train/source/0260_민속악_산조/0260_민속악_산조_장구.wav,48000,2,14688000,306.0,PCM_24,train
0261_민속악_산조,0261,산조,거문고,거문고,거문고,발현,False,data/extracted/train/source/0261_민속악_산조/0261_민속악_산조_거문고.wav,48000,2,13968000,291.0,PCM_24,train
0261_민속악_산조,0261,산조,장구,장구,타악기,타악,False,data/extracted/train/source/0261_민속악_산조/0261_민속악_산조_장구.wav,48000,2,13968000,291.0,PCM_24,train
0262_민속악_산조,0262,산조,거문고,거문고,거문고,발현,False,data/extracted/train/source/0262_민속악_산조/0262_민속악_산조_거문고.wav,48000,2,5184000,108.0,PCM_24,train
0262_민속악_산조,0262,산조,장구,장구,타악기,타악,False,data/extracted/train/source/0262_민속악_산조/0262_민속악_산조_장구.wav,48000,2,5184000,108.0,PCM_24,train
0263_민속악_산조,0263,산조,거문고,거문고,거문고,발현,False,data/extracted/train/source/0263_민속악_산조/0263_민속악_산조_거문고.wav,48000,2,14544000,303.0,PCM_24,train
0263_민속악_산조,0263,산조,장구,장구,타악기,타악,False,data/extracted/train/source/0263_민속악_산조/0263_민속악_산조_장구.wav,48000,2,14544000,303.0,PCM_24,train
0264_민속악_산조,0264,산조,거문고,거문고,거문고,발현,False,data/extracted/train/source/0264_민속악_산조/0264_민속악_산조_거문고.wav,48000,2,1200000,25.0,PCM_24,train
0264_민속악_산조,0264,산조,장구,장구,타악기,타악,False,data/extracted/train/source/0264_민속악_산조/0264_민속악_산조_장구.wav,48000,2,1200000,25.0,PCM_24,train
0265_민속악_산조,0265,산조,거문고,거문고,거문고,발현,False,data/extracted/train/source/0265_민속악_산조/0265_민속악_산조_거문고.wav,48000,2,1008000,21.0,PCM_24,val
0265_민속악_산조,0265,산조,장구,장구,타악기,타악,False,data/extracted/train/source/0265_민속악_산조/0265_민속악_산조_장구.wav,48000,2,1008000,21.0,PCM_24,val
0266_민속악_산조,0266,산조,거문고,거문고,거문고,발현,False,data/extracted/train/source/0266_민속악_산조/0266_민속악_산조_거문고.wav,48000,2,493715,10.286,PCM_24,train
0266_민속악_산조,0266,산조,장구,장구,타악기,타악,False,data/extracted/train/source/0266_민속악_산조/0266_민속악_산조_장구.wav,48000,2,493715,10.286,PCM_24,train
0267_민속악_산조,0267,산조,거문고,거문고,거문고,발현,False,data/extracted/train/source/0267_민속악_산조/0267_민속악_산조_거문고.wav,48000,2,493714,10.286,PCM_24,train
0267_민속악_산조,0267,산조,장구,장구,타악기,타악,False,data/extracted/train/source/0267_민속악_산조/0267_민속악_산조_장구.wav,48000,2,493714,10.286,PCM_24,train
0268_민속악_산조,0268,산조,거문고,거문고,거문고,발현,False,data/extracted/train/source/0268_민속악_산조/0268_민속악_산조_거문고.wav,48000,2,987429,20.571,PCM_24,train
0268_민속악_산조,0268,산조,장구,장구,타악기,타악,False,data/extracted/train/source/0268_민속악_산조/0268_민속악_산조_장구.wav,48000,2,987429,20.571,PCM_24,train
0269_민속악_산조,0269,산조,거문고,거문고,거문고,발현,False,data/extracted/train/source/0269_민속악_산조/0269_민속악_산조_거문고.wav,48000,2,987428,20.571,PCM_24,train
0269_민속악_산조,0269,산조,장구,장구,타악기,타악,False,data/extracted/train/source/0269_민속악_산조/0269_민속악_산조_장구.wav,48000,2,987428,20.571,PCM_24,train
0270_민속악_산조,0270,산조,거문고,거문고,거문고,발현,False,data/extracted/val/source/0270_민속악_산조/0270_민속악_산조_거문고.wav,48000,2,987429,20.571,PCM_24,train
0270_민속악_산조,0270,산조,장구,장구,타악기,타악,False,data/extracted/val/source/0270_민속악_산조/0270_민속악_산조_장구.wav,48000,2,987429,20.571,PCM_24,train
0272_민속악_산조,0272,산조,거문고,거문고,거문고,발현,False,data/extracted/val/source/0272_민속악_산조/0272_민속악_산조_거문고.wav,48000,2,987429,20.571,PCM_24,train
0272_민속악_산조,0272,산조,장구,장구,타악기,타악,False,data/extracted/val/source/0272_민속악_산조/0272_민속악_산조_장구.wav,48000,2,987429,20.571,PCM_24,train
0273_민속악_산조,0273,산조,거문고,거문고,거문고,발현,False,data/extracted/train/source/0273_민속악_산조/0273_민속악_산조_거문고.wav,48000,2,987429,20.571,PCM_24,train
0273_민속악_산조,0273,산조,장구,장구,타악기,타악,False,data/extracted/train/source/0273_민속악_산조/0273_민속악_산조_장구.wav,48000,2,987429,20.571,PCM_24,train
0275_민속악_산조,0275,산조,거문고,거문고,거문고,발현,False,data/extracted/val/source/0275_민속악_산조/0275_민속악_산조_거문고.wav,48000,2,13700568,285.428,PCM_24,train
0275_민속악_산조,0275,산조,장구,장구,타악기,타악,False,data/extracted/val/source/0275_민속악_산조/0275_민속악_산조_장구.wav,48000,2,13700568,285.428,PCM_24,train
0276_민속악_산조,0276,산조,거문고,거문고,거문고,발현,False,data/extracted/train/source/0276_민속악_산조/0276_민속악_산조_거문고.wav,48000,2,1234286,25.714,PCM_24,train
0276_민속악_산조,0276,산조,장구,장구,타악기,타악,False,data/extracted/train/source/0276_민속악_산조/0276_민속악_산조_장구.wav,48000,2,1234286,25.714,PCM_24,train
0277_민속악_산조,0277,산조,거문고,거문고,거문고,발현,False,data/extracted/val/source/0277_민속악_산조/0277_민속악_산조_거문고.wav,48000,2,14965714,311.786,PCM_24,train
0277_민속악_산조,0277,산조,장구,장구,타악기,타악,False,data/extracted/val/source/0277_민속악_산조/0277_민속악_산조_장구.wav,48000,2,14965714,311.786,PCM_24,train
0278_민속악_산조,0278,산조,거문고,거문고,거문고,발현,False,data/extracted/train/source/0278_민속악_산조/0278_민속악_산조_거문고.wav,48000,2,987429,20.571,PCM_24,train
0278_민속악_산조,0278,산조,장구,장구,타악기,타악,False,data/extracted/train/source/0278_민속악_산조/0278_민속악_산조_장구.wav,48000,2,987429,20.571,PCM_24,train
0279_민속악_산조,0279,산조,거문고,거문고,거문고,발현,False,data/extracted/train/source/0279_민속악_산조/0279_민속악_산조_거문고.wav,48000,2,14441143,300.857,PCM_24,test
0279_민속악_산조,0279,산조,장구,장구,타악기,타악,False,data/extracted/train/source/0279_민속악_산조/0279_민속악_산조_장구.wav,48000,2,14441143,300.857,PCM_24,test
0280_민속악_산조,0280,산조,거문고,거문고,거문고,발현,False,data/extracted/train/source/0280_민속악_산조/0280_민속악_산조_거문고.wav,48000,2,1028571,21.429,PCM_24,train
0280_민속악_산조,0280,산조,장구,장구,타악기,타악,False,data/extracted/train/source/0280_민속악_산조/0280_민속악_산조_장구.wav,48000,2,1028571,21.429,PCM_24,train
0281_민속악_산조,0281,산조,거문고,거문고,거문고,발현,False,data/extracted/train/source/0281_민속악_산조/0281_민속악_산조_거문고.wav,48000,2,864000,18.0,PCM_24,train
0281_민속악_산조,0281,산조,장구,장구,타악기,타악,False,data/extracted/train/source/0281_민속악_산조/0281_민속악_산조_장구.wav,48000,2,864000,18.0,PCM_24,train
0283_민속악_산조,0283,산조,거문고,거문고,거문고,발현,False,data/extracted/train/source/0283_민속악_산조/0283_민속악_산조_거문고.wav,48000,2,740571,15.429,PCM_24,train
0283_민속악_산조,0283,산조,장구,장구,타악기,타악,False,data/extracted/train/source/0283_민속악_산조/0283_민속악_산조_장구.wav,48000,2,740571,15.429,PCM_24,train
0284_민속악_산조,0284,산조,거문고,거문고,거문고,발현,False,data/extracted/train/source/0284_민속악_산조/0284_민속악_산조_거문고.wav,48000,2,617143,12.857,PCM_24,train
0284_민속악_산조,0284,산조,장구,장구,타악기,타악,False,data/extracted/train/source/0284_민속악_산조/0284_민속악_산조_장구.wav,48000,2,617143,12.857,PCM_24,train
0286_민속악_산조,0286,산조,거문고,거문고,거문고,발현,False,data/extracted/train/source/0286_민속악_산조/0286_민속악_산조_거문고.wav,48000,2,12836572,267.429,PCM_24,train
0286_민속악_산조,0286,산조,장구,장구,타악기,타악,False,data/extracted/train/source/0286_민속악_산조/0286_민속악_산조_장구.wav,48000,2,12836572,267.429,PCM_24,train
0287_민속악_산조,0287,산조,거문고,거문고,거문고,발현,False,data/extracted/train/source/0287_민속악_산조/0287_민속악_산조_거문고.wav,48000,2,13453715,280.286,PCM_24,val
0287_민속악_산조,0287,산조,장구,장구,타악기,타악,False,data/extracted/train/source/0287_민속악_산조/0287_민속악_산조_장구.wav,48000,2,13453715,280.286,PCM_24,val
0288_민속악_산조,0288,산조,거문고,거문고,거문고,발현,False,data/extracted/train/source/0288_민속악_산조/0288_민속악_산조_거문고.wav,48000,2,13083429,272.571,PCM_24,train
0288_민속악_산조,0288,산조,장구,장구,타악기,타악,False,data/extracted/train/source/0288_민속악_산조/0288_민속악_산조_장구.wav,48000,2,13083429,272.571,PCM_24,train
0289_민속악_산조,0289,산조,거문고,거문고,거문고,발현,False,data/extracted/train/source/0289_민속악_산조/0289_민속악_산조_거문고.wav,48000,2,12589714,262.286,PCM_24,train
0289_민속악_산조,0289,산조,장구,장구,타악기,타악,False,data/extracted/train/source/0289_민속악_산조/0289_민속악_산조_장구.wav,48000,2,12589714,262.286,PCM_24,train
0290_민속악_산조,0290,산조,거문고,거문고,거문고,발현,False,data/extracted/train/source/0290_민속악_산조/0290_민속악_산조_거문고.wav,48000,2,617143,12.857,PCM_24,train
0290_민속악_산조,0290,산조,장구,장구,타악기,타악,False,data/extracted/train/source/0290_민속악_산조/0290_민속악_산조_장구.wav,48000,2,617143,12.857,PCM_24,train
0291_민속악_산조,0291,산조,거문고,거문고,거문고,발현,False,data/extracted/train/source/0291_민속악_산조/0291_민속악_산조_거문고.wav,48000,2,493714,10.286,PCM_24,train
0291_민속악_산조,0291,산조,장구,장구,타악기,타악,False,data/extracted/train/source/0291_민속악_산조/0291_민속악_산조_장구.wav,48000,2,493714,10.286,PCM_24,train
0292_민속악_산조,0292,산조,거문고,거문고,거문고,발현,False,data/extracted/train/source/0292_민속악_산조/0292_민속악_산조_거문고.wav,48000,2,17526857,365.143,PCM_24,val
0292_민속악_산조,0292,산조,장구,장구,타악기,타악,False,data/extracted/train/source/0292_민속악_산조/0292_민속악_산조_장구.wav,48000,2,17526857,365.143,PCM_24,val
0293_민속악_산조,0293,산조,거문고,거문고,거문고,발현,False,data/extracted/train/source/0293_민속악_산조/0293_민속악_산조_거문고.wav,48000,2,740572,15.429,PCM_24,train
0293_민속악_산조,0293,산조,장구,장구,타악기,타악,False,data/extracted/train/source/0293_민속악_산조/0293_민속악_산조_장구.wav,48000,2,740572,15.429,PCM_24,train
0294_민속악_산조,0294,산조,거문고,거문고,거문고,발현,False,data/extracted/train/source/0294_민속악_산조/0294_민속악_산조_거문고.wav,48000,2,987428,20.571,PCM_24,train
0294_민속악_산조,0294,산조,장구,장구,타악기,타악,False,data/extracted/train/source/0294_민속악_산조/0294_민속악_산조_장구.wav,48000,2,987428,20.571,PCM_24,train
0295_민속악_산조,0295,산조,거문고,거문고,거문고,발현,False,data/extracted/train/source/0295_민속악_산조/0295_민속악_산조_거문고.wav,48000,2,14070857,293.143,PCM_24,train
0295_민속악_산조,0295,산조,장구,장구,타악기,타악,False,data/extracted/train/source/0295_민속악_산조/0295_민속악_산조_장구.wav,48000,2,14070857,293.143,PCM_24,train
0296_민속악_산조,0296,산조,거문고,거문고,거문고,발현,False,data/extracted/train/source/0296_민속악_산조/0296_민속악_산조_거문고.wav,48000,2,14934857,311.143,PCM_24,train
0296_민속악_산조,0296,산조,장구,장구,타악기,타악,False,data/extracted/train/source/0296_민속악_산조/0296_민속악_산조_장구.wav,48000,2,14934857,311.143,PCM_24,train
0298_민속악_산조,0298,산조,거문고,거문고,거문고,발현,False,data/extracted/train/source/0298_민속악_산조/0298_민속악_산조_거문고.wav,48000,2,302400,6.3,PCM_24,test
0298_민속악_산조,0298,산조,장구,장구,타악기,타악,False,data/extracted/train/source/0298_민속악_산조/0298_민속악_산조_장구.wav,48000,2,302400,6.3,PCM_24,test
0299_민속악_산조,0299,산조,거문고,거문고,거문고,발현,False,data/extracted/train/source/0299_민속악_산조/0299_민속악_산조_거문고.wav,48000,2,345600,7.2,PCM_24,train
0299_민속악_산조,0299,산조,장구,장구,타악기,타악,False,data/extracted/train/source/0299_민속악_산조/0299_민속악_산조_장구.wav,48000,2,345600,7.2,PCM_24,train
0300_민속악_산조,0300,산조,거문고,거문고,거문고,발현,False,data/extracted/train/source/0300_민속악_산조/0300_민속악_산조_거문고.wav,48000,2,403200,8.4,PCM_24,train
0300_민속악_산조,0300,산조,장구,장구,타악기,타악,False,data/extracted/train/source/0300_민속악_산조/0300_민속악_산조_장구.wav,48000,2,403200,8.4,PCM_24,train
0302_민속악_산조,0302,산조,거문고,거문고,거문고,발현,False,data/extracted/train/source/0302_민속악_산조/0302_민속악_산조_거문고.wav,48000,2,806400,16.8,PCM_24,train
0302_민속악_산조,0302,산조,장구,장구,타악기,타악,False,data/extracted/train/source/0302_민속악_산조/0302_민속악_산조_장구.wav,48000,2,806400,16.8,PCM_24,train
0303_민속악_산조,0303,산조,거문고,거문고,거문고,발현,False,data/extracted/train/source/0303_민속악_산조/0303_민속악_산조_거문고.wav,48000,2,403200,8.4,PCM_24,train
0303_민속악_산조,0303,산조,장구,장구,타악기,타악,False,data/extracted/train/source/0303_민속악_산조/0303_민속악_산조_장구.wav,48000,2,403200,8.4,PCM_24,train
0304_민속악_산조,0304,산조,거문고,거문고,거문고,발현,False,data/extracted/train/source/0304_민속악_산조/0304_민속악_산조_거문고.wav,48000,2,547200,11.4,PCM_24,train
0304_민속악_산조,0304,산조,장구,장구,타악기,타악,False,data/extracted/train/source/0304_민속악_산조/0304_민속악_산조_장구.wav,48000,2,547200,11.4,PCM_24,train
0305_민속악_산조,0305,산조,거문고,거문고,거문고,발현,False,data/extracted/train/source/0305_민속악_산조/0305_민속악_산조_거문고.wav,48000,2,744000,15.5,PCM_24,train
0305_민속악_산조,0305,산조,장구,장구,타악기,타악,False,data/extracted/train/source/0305_민속악_산조/0305_민속악_산조_장구.wav,48000,2,744000,15.5,PCM_24,train
0306_민속악_산조,0306,산조,거문고,거문고,거문고,발현,False,data/extracted/train/source/0306_민속악_산조/0306_민속악_산조_거문고.wav,48000,2,960000,20.0,PCM_24,train
0306_민속악_산조,0306,산조,장구,장구,타악기,타악,False,data/extracted/train/source/0306_민속악_산조/0306_민속악_산조_장구.wav,48000,2,960000,20.0,PCM_24,train
0307_민속악_산조,0307,산조,거문고,거문고,거문고,발현,False,data/extracted/train/source/0307_민속악_산조/0307_민속악_산조_거문고.wav,48000,2,1440000,30.0,PCM_24,train
0307_민속악_산조,0307,산조,장구,장구,타악기,타악,False,data/extracted/train/source/0307_민속악_산조/0307_민속악_산조_장구.wav,48000,2,1440000,30.0,PCM_24,train
0308_민속악_산조,0308,산조,거문고,거문고,거문고,발현,False,data/extracted/train/source/0308_민속악_산조/0308_민속악_산조_거문고.wav,48000,2,480000,10.0,PCM_24,test
0308_민속악_산조,0308,산조,장구,장구,타악기,타악,False,data/extracted/train/source/0308_민속악_산조/0308_민속악_산조_장구.wav,48000,2,480000,10.0,PCM_24,test
0309_민속악_산조,0309,산조,거문고,거문고,거문고,발현,False,data/extracted/train/source/0309_민속악_산조/0309_민속악_산조_거문고.wav,48000,2,960000,20.0,PCM_24,train
0309_민속악_산조,0309,산조,장구,장구,타악기,타악,False,data/extracted/train/source/0309_민속악_산조/0309_민속악_산조_장구.wav,48000,2,960000,20.0,PCM_24,train
0310_민속악_산조,0310,산조,거문고,거문고,거문고,발현,False,data/extracted/train/source/0310_민속악_산조/0310_민속악_산조_거문고.wav,48000,2,1224000,25.5,PCM_24,train
0310_민속악_산조,0310,산조,장구,장구,타악기,타악,False,data/extracted/train/source/0310_민속악_산조/0310_민속악_산조_장구.wav,48000,2,1224000,25.5,PCM_24,train
0311_민속악_산조,0311,산조,대금,대금,대금,관악,False,data/extracted/train/source/0311_민속악_산조/0311_민속악_산조_대금.wav,48000,2,9864000,205.5,PCM_24,train
0311_민속악_산조,0311,산조,장구,장구,타악기,타악,False,data/extracted/train/source/0311_민속악_산조/0311_민속악_산조_장구.wav,48000,2,9864000,205.5,PCM_24,train
0312_민속악_산조,0312,산조,대금,대금,대금,관악,False,data/extracted/train/source/0312_민속악_산조/0312_민속악_산조_대금.wav,48000,2,7776000,162.0,PCM_24,val
0312_민속악_산조,0312,산조,장구,장구,타악기,타악,False,data/extracted/train/source/0312_민속악_산조/0312_민속악_산조_장구.wav,48000,2,7776000,162.0,PCM_24,val
0313_민속악_산조,0313,산조,대금,대금,대금,관악,False,data/extracted/train/source/0313_민속악_산조/0313_민속악_산조_대금.wav,48000,2,14572800,303.6,PCM_24,train
0313_민속악_산조,0313,산조,장구,장구,타악기,타악,False,data/extracted/train/source/0313_민속악_산조/0313_민속악_산조_장구.wav,48000,2,14572800,303.6,PCM_24,train
0314_민속악_산조,0314,산조,대금,대금,대금,관악,False,data/extracted/train/source/0314_민속악_산조/0314_민속악_산조_대금.wav,48000,2,14169600,295.2,PCM_24,train
0314_민속악_산조,0314,산조,장구,장구,타악기,타악,False,data/extracted/train/source/0314_민속악_산조/0314_민속악_산조_장구.wav,48000,2,14169600,295.2,PCM_24,train
0315_민속악_산조,0315,산조,대금,대금,대금,관악,False,data/extracted/train/source/0315_민속악_산조/0315_민속악_산조_대금.wav,48000,2,1036800,21.6,PCM_24,train
0315_민속악_산조,0315,산조,장구,장구,타악기,타악,False,data/extracted/train/source/0315_민속악_산조/0315_민속악_산조_장구.wav,48000,2,1036800,21.6,PCM_24,train
0316_민속악_산조,0316,산조,대금,대금,대금,관악,False,data/extracted/train/source/0316_민속악_산조/0316_민속악_산조_대금.wav,48000,2,518400,10.8,PCM_24,val
0316_민속악_산조,0316,산조,장구,장구,타악기,타악,False,data/extracted/train/source/0316_민속악_산조/0316_민속악_산조_장구.wav,48000,2,518400,10.8,PCM_24,val
0317_민속악_산조,0317,산조,대금,대금,대금,관악,False,data/extracted/train/source/0317_민속악_산조/0317_민속악_산조_대금.wav,48000,2,14572800,303.6,PCM_24,train
0317_민속악_산조,0317,산조,장구,장구,타악기,타악,False,data/extracted/train/source/0317_민속악_산조/0317_민속악_산조_장구.wav,48000,2,14572800,303.6,PCM_24,train
0318_민속악_산조,0318,산조,대금,대금,대금,관악,False,data/extracted/train/source/0318_민속악_산조/0318_민속악_산조_대금.wav,48000,2,15609600,325.2,PCM_24,train
0318_민속악_산조,0318,산조,장구,장구,타악기,타악,False,data/extracted/train/source/0318_민속악_산조/0318_민속악_산조_장구.wav,48000,2,15609600,325.2,PCM_24,train
0319_민속악_산조,0319,산조,대금,대금,대금,관악,False,data/extracted/train/source/0319_민속악_산조/0319_민속악_산조_대금.wav,48000,2,15609600,325.2,PCM_24,train
0319_민속악_산조,0319,산조,장구,장구,타악기,타악,False,data/extracted/train/source/0319_민속악_산조/0319_민속악_산조_장구.wav,48000,2,15609600,325.2,PCM_24,train
0320_민속악_산조,0320,산조,대금,대금,대금,관악,False,data/extracted/train/source/0320_민속악_산조/0320_민속악_산조_대금.wav,48000,2,7776000,162.0,PCM_24,train
0320_민속악_산조,0320,산조,장구,장구,타악기,타악,False,data/extracted/train/source/0320_민속악_산조/0320_민속악_산조_장구.wav,48000,2,7776000,162.0,PCM_24,train
0321_민속악_산조,0321,산조,대금,대금,대금,관악,False,data/extracted/train/source/0321_민속악_산조/0321_민속악_산조_대금.wav,48000,2,9228000,192.25,PCM_24,train
0321_민속악_산조,0321,산조,장구,장구,타악기,타악,False,data/extracted/train/source/0321_민속악_산조/0321_민속악_산조_장구.wav,48000,2,9228000,192.25,PCM_24,train
0322_민속악_산조,0322,산조,대금,대금,대금,관악,False,data/extracted/train/source/0322_민속악_산조/0322_민속악_산조_대금.wav,48000,2,16692000,347.75,PCM_24,train
0322_민속악_산조,0322,산조,장구,장구,타악기,타악,False,data/extracted/train/source/0322_민속악_산조/0322_민속악_산조_장구.wav,48000,2,16692000,347.75,PCM_24,train
0323_민속악_산조,0323,산조,대금,대금,대금,관악,False,data/extracted/val/source/0323_민속악_산조/0323_민속악_산조_대금.wav,48000,2,15660000,326.25,PCM_24,train
0323_민속악_산조,0323,산조,장구,장구,타악기,타악,False,data/extracted/val/source/0323_민속악_산조/0323_민속악_산조_장구.wav,48000,2,15660000,326.25,PCM_24,train
0324_민속악_산조,0324,산조,대금,대금,대금,관악,False,data/extracted/val/source/0324_민속악_산조/0324_민속악_산조_대금.wav,48000,2,15660000,326.25,PCM_24,train
0324_민속악_산조,0324,산조,장구,장구,타악기,타악,False,data/extracted/val/source/0324_민속악_산조/0324_민속악_산조_장구.wav,48000,2,15660000,326.25,PCM_24,train
0325_민속악_산조,0325,산조,대금,대금,대금,관악,False,data/extracted/train/source/0325_민속악_산조/0325_민속악_산조_대금.wav,48000,2,13716000,285.75,PCM_24,train
0325_민속악_산조,0325,산조,장구,장구,타악기,타악,False,data/extracted/train/source/0325_민속악_산조/0325_민속악_산조_장구.wav,48000,2,13716000,285.75,PCM_24,train
0326_민속악_산조,0326,산조,대금,대금,대금,관악,False,data/extracted/train/source/0326_민속악_산조/0326_민속악_산조_대금.wav,48000,2,648000,13.5,PCM_24,train
0326_민속악_산조,0326,산조,장구,장구,타악기,타악,False,data/extracted/train/source/0326_민속악_산조/0326_민속악_산조_장구.wav,48000,2,648000,13.5,PCM_24,train
0327_민속악_산조,0327,산조,대금,대금,대금,관악,False,data/extracted/train/source/0327_민속악_산조/0327_민속악_산조_대금.wav,48000,2,13932000,290.25,PCM_24,train
0327_민속악_산조,0327,산조,장구,장구,타악기,타악,False,data/extracted/train/source/0327_민속악_산조/0327_민속악_산조_장구.wav,48000,2,13932000,290.25,PCM_24,train
0328_민속악_산조,0328,산조,대금,대금,대금,관악,False,data/extracted/train/source/0328_민속악_산조/0328_민속악_산조_대금.wav,48000,2,15660000,326.25,PCM_24,train
0328_민속악_산조,0328,산조,장구,장구,타악기,타악,False,data/extracted/train/source/0328_민속악_산조/0328_민속악_산조_장구.wav,48000,2,15660000,326.25,PCM_24,train
0329_민속악_산조,0329,산조,대금,대금,대금,관악,False,data/extracted/train/source/0329_민속악_산조/0329_민속악_산조_대금.wav,48000,2,13716000,285.75,PCM_24,train
0329_민속악_산조,0329,산조,장구,장구,타악기,타악,False,data/extracted/train/source/0329_민속악_산조/0329_민속악_산조_장구.wav,48000,2,13716000,285.75,PCM_24,train
0330_민속악_산조,0330,산조,대금,대금,대금,관악,False,data/extracted/train/source/0330_민속악_산조/0330_민속악_산조_대금.wav,48000,2,13716000,285.75,PCM_24,train
0330_민속악_산조,0330,산조,장구,장구,타악기,타악,False,data/extracted/train/source/0330_민속악_산조/0330_민속악_산조_장구.wav,48000,2,13716000,285.75,PCM_24,train
0331_민속악_산조,0331,산조,대금,대금,대금,관악,False,data/extracted/train/source/0331_민속악_산조/0331_민속악_산조_대금.wav,48000,2,15552000,324.0,PCM_24,train
0331_민속악_산조,0331,산조,장구,장구,타악기,타악,False,data/extracted/train/source/0331_민속악_산조/0331_민속악_산조_장구.wav,48000,2,15552000,324.0,PCM_24,train
0332_민속악_산조,0332,산조,대금,대금,대금,관악,False,data/extracted/train/source/0332_민속악_산조/0332_민속악_산조_대금.wav,48000,2,16200000,337.5,PCM_24,train
0332_민속악_산조,0332,산조,장구,장구,타악기,타악,False,data/extracted/train/source/0332_민속악_산조/0332_민속악_산조_장구.wav,48000,2,16200000,337.5,PCM_24,train
0333_민속악_산조,0333,산조,대금,대금,대금,관악,False,data/extracted/val/source/0333_민속악_산조/0333_민속악_산조_대금.wav,48000,2,1152000,24.0,PCM_24,val
0333_민속악_산조,0333,산조,장구,장구,타악기,타악,False,data/extracted/val/source/0333_민속악_산조/0333_민속악_산조_장구.wav,48000,2,1152000,24.0,PCM_24,val
0334_민속악_산조,0334,산조,대금,대금,대금,관악,False,data/extracted/train/source/0334_민속악_산조/0334_민속악_산조_대금.wav,48000,2,576000,12.0,PCM_24,test
0334_민속악_산조,0334,산조,장구,장구,타악기,타악,False,data/extracted/train/source/0334_민속악_산조/0334_민속악_산조_장구.wav,48000,2,576000,12.0,PCM_24,test
0335_민속악_산조,0335,산조,대금,대금,대금,관악,False,data/extracted/train/source/0335_민속악_산조/0335_민속악_산조_대금.wav,48000,2,288000,6.0,PCM_24,train
0335_민속악_산조,0335,산조,장구,장구,타악기,타악,False,data/extracted/train/source/0335_민속악_산조/0335_민속악_산조_장구.wav,48000,2,288000,6.0,PCM_24,train
0336_민속악_산조,0336,산조,대금,대금,대금,관악,False,data/extracted/train/source/0336_민속악_산조/0336_민속악_산조_대금.wav,48000,2,864000,18.0,PCM_24,train
0336_민속악_산조,0336,산조,장구,장구,타악기,타악,False,data/extracted/train/source/0336_민속악_산조/0336_민속악_산조_장구.wav,48000,2,864000,18.0,PCM_24,train
0337_민속악_산조,0337,산조,대금,대금,대금,관악,False,data/extracted/train/source/0337_민속악_산조/0337_민속악_산조_대금.wav,48000,2,864000,18.0,PCM_24,train
0337_민속악_산조,0337,산조,장구,장구,타악기,타악,False,data/extracted/train/source/0337_민속악_산조/0337_민속악_산조_장구.wav,48000,2,864000,18.0,PCM_24,train
0338_민속악_산조,0338,산조,대금,대금,대금,관악,False,data/extracted/train/source/0338_민속악_산조/0338_민속악_산조_대금.wav,48000,2,15264000,318.0,PCM_24,train
0338_민속악_산조,0338,산조,장구,장구,타악기,타악,False,data/extracted/train/source/0338_민속악_산조/0338_민속악_산조_장구.wav,48000,2,15264000,318.0,PCM_24,train
0339_민속악_산조,0339,산조,대금,대금,대금,관악,False,data/extracted/train/source/0339_민속악_산조/0339_민속악_산조_대금.wav,48000,2,1008000,21.0,PCM_24,val
0339_민속악_산조,0339,산조,장구,장구,타악기,타악,False,data/extracted/train/source/0339_민속악_산조/0339_민속악_산조_장구.wav,48000,2,1008000,21.0,PCM_24,val
0340_민속악_산조,0340,산조,대금,대금,대금,관악,False,data/extracted/train/source/0340_민속악_산조/0340_민속악_산조_대금.wav,48000,2,14436000,300.75,PCM_24,train
0340_민속악_산조,0340,산조,장구,장구,타악기,타악,False,data/extracted/train/source/0340_민속악_산조/0340_민속악_산조_장구.wav,48000,2,14436000,300.75,PCM_24,train
0341_민속악_산조,0341,산조,대금,대금,대금,관악,False,data/extracted/train/source/0341_민속악_산조/0341_민속악_산조_대금.wav,48000,2,9000000,187.5,PCM_24,test
0341_민속악_산조,0341,산조,장구,장구,타악기,타악,False,data/extracted/train/source/0341_민속악_산조/0341_민속악_산조_장구.wav,48000,2,9000000,187.5,PCM_24,test
0342_민속악_산조,0342,산조,아쟁,아쟁,아쟁,찰현,False,data/extracted/train/source/0342_민속악_산조/0342_민속악_산조_아쟁.wav,48000,2,16308000,339.75,PCM_24,train
0342_민속악_산조,0342,산조,장구,장구,타악기,타악,False,data/extracted/train/source/0342_민속악_산조/0342_민속악_산조_장구.wav,48000,2,16308000,339.75,PCM_24,train
0343_민속악_산조,0343,산조,아쟁,아쟁,아쟁,찰현,False,data/extracted/train/source/0343_민속악_산조/0343_민속악_산조_아쟁.wav,48000,2,5184000,108.0,PCM_24,train
0343_민속악_산조,0343,산조,장구,장구,타악기,타악,False,data/extracted/train/source/0343_민속악_산조/0343_민속악_산조_장구.wav,48000,2,5184000,108.0,PCM_24,train
0344_민속악_산조,0344,산조,아쟁,아쟁,아쟁,찰현,False,data/extracted/train/source/0344_민속악_산조/0344_민속악_산조_아쟁.wav,48000,2,29844000,621.75,PCM_24,test
0344_민속악_산조,0344,산조,장구,장구,타악기,타악,False,data/extracted/train/source/0344_민속악_산조/0344_민속악_산조_장구.wav,48000,2,29844000,621.75,PCM_24,test
0346_민속악_산조,0346,산조,아쟁,아쟁,아쟁,찰현,False,data/extracted/train/source/0346_민속악_산조/0346_민속악_산조_아쟁.wav,48000,2,17880000,372.5,PCM_24,train
0346_민속악_산조,0346,산조,장구,장구,타악기,타악,False,data/extracted/train/source/0346_민속악_산조/0346_민속악_산조_장구.wav,48000,2,17880000,372.5,PCM_24,train
0347_민속악_산조,0347,산조,아쟁,아쟁,아쟁,찰현,False,data/extracted/train/source/0347_민속악_산조/0347_민속악_산조_아쟁.wav,48000,2,15576000,324.5,PCM_24,train
0347_민속악_산조,0347,산조,장구,장구,타악기,타악,False,data/extracted/train/source/0347_민속악_산조/0347_민속악_산조_장구.wav,48000,2,15576000,324.5,PCM_24,train
0348_민속악_산조,0348,산조,아쟁,아쟁,아쟁,찰현,False,data/extracted/train/source/0348_민속악_산조/0348_민속악_산조_아쟁.wav,48000,2,21348000,444.75,PCM_24,test
0348_민속악_산조,0348,산조,장구,장구,타악기,타악,False,data/extracted/train/source/0348_민속악_산조/0348_민속악_산조_장구.wav,48000,2,21348000,444.75,PCM_24,test
0350_민속악_산조,0350,산조,장구,장구,타악기,타악,False,data/extracted/train/source/0350_민속악_산조/0350_민속악_산조_장구.wav,48000,2,16675200,347.4,PCM_24,test
0350_민속악_산조,0350,산조,피리,피리,피리,관악,False,data/extracted/train/source/0350_민속악_산조/0350_민속악_산조_피리.wav,48000,2,16675200,347.4,PCM_24,test
0351_민속악_산조,0351,산조,장구,장구,타악기,타악,False,data/extracted/train/source/0351_민속악_산조/0351_민속악_산조_장구.wav,48000,2,14774400,307.8,PCM_24,train
0351_민속악_산조,0351,산조,피리,피리,피리,관악,False,data/extracted/train/source/0351_민속악_산조/0351_민속악_산조_피리.wav,48000,2,14774400,307.8,PCM_24,train
0352_민속악_산조,0352,산조,장구,장구,타악기,타악,False,data/extracted/train/source/0352_민속악_산조/0352_민속악_산조_장구.wav,48000,2,14688000,306.0,PCM_24,train
0352_민속악_산조,0352,산조,피리,피리,피리,관악,False,data/extracted/train/source/0352_민속악_산조/0352_민속악_산조_피리.wav,48000,2,14688000,306.0,PCM_24,train
0354_민속악_산조,0354,산조,장구,장구,타악기,타악,False,data/extracted/train/source/0354_민속악_산조/0354_민속악_산조_장구.wav,48000,2,16761600,349.2,PCM_24,train
0354_민속악_산조,0354,산조,피리,피리,피리,관악,False,data/extracted/train/source/0354_민속악_산조/0354_민속악_산조_피리.wav,48000,2,16761600,349.2,PCM_24,train
0355_민속악_산조,0355,산조,장구,장구,타악기,타악,False,data/extracted/train/source/0355_민속악_산조/0355_민속악_산조_장구.wav,48000,2,14774400,307.8,PCM_24,train
0355_민속악_산조,0355,산조,피리,피리,피리,관악,False,data/extracted/train/source/0355_민속악_산조/0355_민속악_산조_피리.wav,48000,2,14774400,307.8,PCM_24,train
0356_민속악_산조,0356,산조,장구,장구,타악기,타악,False,data/extracted/train/source/0356_민속악_산조/0356_민속악_산조_장구.wav,48000,2,14070858,293.143,PCM_24,train
0356_민속악_산조,0356,산조,피리,피리,피리,관악,False,data/extracted/train/source/0356_민속악_산조/0356_민속악_산조_피리.wav,48000,2,14070858,293.143,PCM_24,train
0357_민속악_산조,0357,산조,장구,장구,타악기,타악,False,data/extracted/train/source/0357_민속악_산조/0357_민속악_산조_장구.wav,48000,2,13947428,290.571,PCM_24,train
0357_민속악_산조,0357,산조,피리,피리,피리,관악,False,data/extracted/train/source/0357_민속악_산조/0357_민속악_산조_피리.wav,48000,2,13947428,290.571,PCM_24,train
0358_민속악_산조,0358,산조,장구,장구,타악기,타악,False,data/extracted/train/source/0358_민속악_산조/0358_민속악_산조_장구.wav,48000,2,13947429,290.571,PCM_24,train
0358_민속악_산조,0358,산조,피리,피리,피리,관악,False,data/extracted/train/source/0358_민속악_산조/0358_민속악_산조_피리.wav,48000,2,13947429,290.571,PCM_24,train
0359_민속악_산조,0359,산조,장구,장구,타악기,타악,False,data/extracted/train/source/0359_민속악_산조/0359_민속악_산조_장구.wav,48000,2,13947428,290.571,PCM_24,train
0359_민속악_산조,0359,산조,피리,피리,피리,관악,False,data/extracted/train/source/0359_민속악_산조/0359_민속악_산조_피리.wav,48000,2,13947428,290.571,PCM_24,train
0360_민속악_산조,0360,산조,장구,장구,타악기,타악,False,data/extracted/train/source/0360_민속악_산조/0360_민속악_산조_장구.wav,48000,2,13947428,290.571,PCM_24,train
0360_민속악_산조,0360,산조,피리,피리,피리,관악,False,data/extracted/train/source/0360_민속악_산조/0360_민속악_산조_피리.wav,48000,2,13947428,290.571,PCM_24,train
0361_민속악_산조,0361,산조,장구,장구,타악기,타악,False,data/extracted/train/source/0361_민속악_산조/0361_민속악_산조_장구.wav,48000,2,1481143,30.857,PCM_24,train
0361_민속악_산조,0361,산조,피리,피리,피리,관악,False,data/extracted/train/source/0361_민속악_산조/0361_민속악_산조_피리.wav,48000,2,1481143,30.857,PCM_24,train
0362_민속악_산조,0362,산조,장구,장구,타악기,타악,False,data/extracted/train/source/0362_민속악_산조/0362_민속악_산조_장구.wav,48000,2,987428,20.571,PCM_24,train
0362_민속악_산조,0362,산조,피리,피리,피리,관악,False,data/extracted/train/source/0362_민속악_산조/0362_민속악_산조_피리.wav,48000,2,987428,20.571,PCM_24,train
0363_민속악_산조,0363,산조,장구,장구,타악기,타악,False,data/extracted/train/source/0363_민속악_산조/0363_민속악_산조_장구.wav,48000,2,14194286,295.714,PCM_24,test
0363_민속악_산조,0363,산조,피리,피리,피리,관악,False,data/extracted/train/source/0363_민속악_산조/0363_민속악_산조_피리.wav,48000,2,14194286,295.714,PCM_24,test
0365_민속악_산조,0365,산조,장구,장구,타악기,타악,False,data/extracted/train/source/0365_민속악_산조/0365_민속악_산조_장구.wav,48000,2,13638857,284.143,PCM_24,train
0365_민속악_산조,0365,산조,피리,피리,피리,관악,False,data/extracted/train/source/0365_민속악_산조/0365_민속악_산조_피리.wav,48000,2,13638857,284.143,PCM_24,train
0366_민속악_산조,0366,산조,장구,장구,타악기,타악,False,data/extracted/train/source/0366_민속악_산조/0366_민속악_산조_장구.wav,48000,2,14914286,310.714,PCM_24,test
0366_민속악_산조,0366,산조,피리,피리,피리,관악,False,data/extracted/train/source/0366_민속악_산조/0366_민속악_산조_피리.wav,48000,2,14914286,310.714,PCM_24,test
0367_민속악_산조,0367,산조,장구,장구,타악기,타악,False,data/extracted/train/source/0367_민속악_산조/0367_민속악_산조_장구.wav,48000,2,1481143,30.857,PCM_24,train
0367_민속악_산조,0367,산조,피리,피리,피리,관악,False,data/extracted/train/source/0367_민속악_산조/0367_민속악_산조_피리.wav,48000,2,1481143,30.857,PCM_24,train
0369_민속악_산조,0369,산조,장구,장구,타악기,타악,False,data/extracted/train/source/0369_민속악_산조/0369_민속악_산조_장구.wav,48000,2,987428,20.571,PCM_24,train
0369_민속악_산조,0369,산조,피리,피리,피리,관악,False,data/extracted/train/source/0369_민속악_산조/0369_민속악_산조_피리.wav,48000,2,987428,20.571,PCM_24,train
0370_민속악_산조,0370,산조,장구,장구,타악기,타악,False,data/extracted/train/source/0370_민속악_산조/0370_민속악_산조_장구.wav,48000,2,16292571,339.429,PCM_24,train
0370_민속악_산조,0370,산조,피리,피리,피리,관악,False,data/extracted/train/source/0370_민속악_산조/0370_민속악_산조_피리.wav,48000,2,16292571,339.429,PCM_24,train
0372_민속악_산조,0372,산조,장구,장구,타악기,타악,False,data/extracted/train/source/0372_민속악_산조/0372_민속악_산조_장구.wav,48000,2,493714,10.286,PCM_24,train
0372_민속악_산조,0372,산조,피리,피리,피리,관악,False,data/extracted/train/source/0372_민속악_산조/0372_민속악_산조_피리.wav,48000,2,493714,10.286,PCM_24,train
0373_민속악_산조,0373,산조,장구,장구,타악기,타악,False,data/extracted/train/source/0373_민속악_산조/0373_민속악_산조_장구.wav,48000,2,15552000,324.0,PCM_24,train
0373_민속악_산조,0373,산조,피리,피리,피리,관악,False,data/extracted/train/source/0373_민속악_산조/0373_민속악_산조_피리.wav,48000,2,15552000,324.0,PCM_24,train
0375_민속악_산조,0375,산조,장구,장구,타악기,타악,False,data/extracted/train/source/0375_민속악_산조/0375_민속악_산조_장구.wav,48000,2,11600242,241.672,PCM_24,train
0375_민속악_산조,0375,산조,피리,피리,피리,관악,False,data/extracted/train/source/0375_민속악_산조/0375_민속악_산조_피리.wav,48000,2,11600242,241.672,PCM_24,train
0376_민속악_산조,0376,산조,장구,장구,타악기,타악,False,data/extracted/train/source/0376_민속악_산조/0376_민속악_산조_장구.wav,48000,2,15336000,319.5,PCM_24,train
0376_민속악_산조,0376,산조,피리,피리,피리,관악,False,data/extracted/train/source/0376_민속악_산조/0376_민속악_산조_피리.wav,48000,2,15336000,319.5,PCM_24,train
0377_민속악_산조,0377,산조,장구,장구,타악기,타악,False,data/extracted/train/source/0377_민속악_산조/0377_민속악_산조_장구.wav,48000,2,1192500,24.844,PCM_24,train
0377_민속악_산조,0377,산조,피리,피리,피리,관악,False,data/extracted/train/source/0377_민속악_산조/0377_민속악_산조_피리.wav,48000,2,1192500,24.844,PCM_24,train
0378_민속악_산조,0378,산조,장구,장구,타악기,타악,False,data/extracted/train/source/0378_민속악_산조/0378_민속악_산조_장구.wav,48000,2,18576000,387.0,PCM_24,train
0378_민속악_산조,0378,산조,피리,피리,피리,관악,False,data/extracted/train/source/0378_민속악_산조/0378_민속악_산조_피리.wav,48000,2,18576000,387.0,PCM_24,train
0379_민속악_산조,0379,산조,장구,장구,타악기,타악,False,data/extracted/train/source/0379_민속악_산조/0379_민속악_산조_장구.wav,48000,2,1399500,29.156,PCM_24,val
0379_민속악_산조,0379,산조,피리,피리,피리,관악,False,data/extracted/train/source/0379_민속악_산조/0379_민속악_산조_피리.wav,48000,2,1399500,29.156,PCM_24,val
0381_민속악_산조,0381,산조,장구,장구,타악기,타악,False,data/extracted/train/source/0381_민속악_산조/0381_민속악_산조_장구.wav,48000,2,14418000,300.375,PCM_24,train
0381_민속악_산조,0381,산조,피리,피리,피리,관악,False,data/extracted/train/source/0381_민속악_산조/0381_민속악_산조_피리.wav,48000,2,14418000,300.375,PCM_24,train
0382_민속악_산조,0382,산조,장구,장구,타악기,타악,False,data/extracted/train/source/0382_민속악_산조/0382_민속악_산조_장구.wav,48000,2,13878000,289.125,PCM_24,train
0382_민속악_산조,0382,산조,피리,피리,피리,관악,False,data/extracted/train/source/0382_민속악_산조/0382_민속악_산조_피리.wav,48000,2,13878000,289.125,PCM_24,train
0383_민속악_산조,0383,산조,장구,장구,타악기,타악,False,data/extracted/train/source/0383_민속악_산조/0383_민속악_산조_장구.wav,48000,2,15660000,326.25,PCM_24,train
0383_민속악_산조,0383,산조,피리,피리,피리,관악,False,data/extracted/train/source/0383_민속악_산조/0383_민속악_산조_피리.wav,48000,2,15660000,326.25,PCM_24,train
0384_민속악_산조,0384,산조,장구,장구,타악기,타악,False,data/extracted/train/source/0384_민속악_산조/0384_민속악_산조_장구.wav,48000,2,10404000,216.75,PCM_24,test
0384_민속악_산조,0384,산조,해금,해금,해금,찰현,False,data/extracted/train/source/0384_민속악_산조/0384_민속악_산조_해금.wav,48000,2,10404000,216.75,PCM_24,test
0385_민속악_산조,0385,산조,장구,장구,타악기,타악,False,data/extracted/train/source/0385_민속악_산조/0385_민속악_산조_장구.wav,48000,2,15660000,326.25,PCM_24,test
0385_민속악_산조,0385,산조,해금,해금,해금,찰현,False,data/extracted/train/source/0385_민속악_산조/0385_민속악_산조_해금.wav,48000,2,15660000,326.25,PCM_24,test
0386_민속악_산조,0386,산조,장구,장구,타악기,타악,False,data/extracted/train/source/0386_민속악_산조/0386_민속악_산조_장구.wav,48000,2,4968000,103.5,PCM_24,train
0386_민속악_산조,0386,산조,해금,해금,해금,찰현,False,data/extracted/train/source/0386_민속악_산조/0386_민속악_산조_해금.wav,48000,2,4968000,103.5,PCM_24,train
0387_민속악_산조,0387,산조,장구,장구,타악기,타악,False,data/extracted/train/source/0387_민속악_산조/0387_민속악_산조_장구.wav,48000,2,20952000,436.5,PCM_24,train
0387_민속악_산조,0387,산조,해금,해금,해금,찰현,False,data/extracted/train/source/0387_민속악_산조/0387_민속악_산조_해금.wav,48000,2,20952000,436.5,PCM_24,train
0389_민속악_산조,0389,산조,장구,장구,타악기,타악,False,data/extracted/val/source/0389_민속악_산조/0389_민속악_산조_장구.wav,48000,2,11520000,240.0,PCM_24,train
0389_민속악_산조,0389,산조,해금,해금,해금,찰현,False,data/extracted/val/source/0389_민속악_산조/0389_민속악_산조_해금.wav,48000,2,11520000,240.0,PCM_24,train
0391_민속악_산조,0391,산조,장구,장구,타악기,타악,False,data/extracted/val/source/0391_민속악_산조/0391_민속악_산조_장구.wav,48000,2,4710075,98.127,PCM_24,test
0391_민속악_산조,0391,산조,해금,해금,해금,찰현,False,data/extracted/val/source/0391_민속악_산조/0391_민속악_산조_해금.wav,48000,2,4710075,98.127,PCM_24,test
0392_민속악_산조,0392,산조,장구,장구,타악기,타악,False,data/extracted/train/source/0392_민속악_산조/0392_민속악_산조_장구.wav,48000,2,988210,20.588,PCM_24,train
0392_민속악_산조,0392,산조,해금,해금,해금,찰현,False,data/extracted/train/source/0392_민속악_산조/0392_민속악_산조_해금.wav,48000,2,988210,20.588,PCM_24,train
0393_민속악_산조,0393,산조,장구,장구,타악기,타악,False,data/extracted/train/source/0393_민속악_산조/0393_민속악_산조_장구.wav,48000,2,493715,10.286,PCM_24,train
0393_민속악_산조,0393,산조,해금,해금,해금,찰현,False,data/extracted/train/source/0393_민속악_산조/0393_민속악_산조_해금.wav,48000,2,493715,10.286,PCM_24,train
0394_민속악_산조,0394,산조,장구,장구,타악기,타악,False,data/extracted/train/source/0394_민속악_산조/0394_민속악_산조_장구.wav,48000,2,15922286,331.714,PCM_24,val
0394_민속악_산조,0394,산조,해금,해금,해금,찰현,False,data/extracted/train/source/0394_민속악_산조/0394_민속악_산조_해금.wav,48000,2,15922286,331.714,PCM_24,val
0395_민속악_산조,0395,산조,장구,장구,타악기,타악,False,data/extracted/val/source/0395_민속악_산조/0395_민속악_산조_장구.wav,48000,2,720000,15.0,PCM_24,train
0395_민속악_산조,0395,산조,해금,해금,해금,찰현,False,data/extracted/val/source/0395_민속악_산조/0395_민속악_산조_해금.wav,48000,2,720000,15.0,PCM_24,train
0396_민속악_산조,0396,산조,장구,장구,타악기,타악,False,data/extracted/train/source/0396_민속악_산조/0396_민속악_산조_장구.wav,48000,2,588000,12.25,PCM_24,val
0396_민속악_산조,0396,산조,해금,해금,해금,찰현,False,data/extracted/train/source/0396_민속악_산조/0396_민속악_산조_해금.wav,48000,2,588000,12.25,PCM_24,val
0397_민속악_산조,0397,산조,장구,장구,타악기,타악,False,data/extracted/train/source/0397_민속악_산조/0397_민속악_산조_장구.wav,48000,2,15205652,316.784,PCM_24,train
0397_민속악_산조,0397,산조,해금,해금,해금,찰현,False,data/extracted/train/source/0397_민속악_산조/0397_민속악_산조_해금.wav,48000,2,15205652,316.784,PCM_24,train
0398_민속악_산조,0398,산조,장구,장구,타악기,타악,False,data/extracted/train/source/0398_민속악_산조/0398_민속악_산조_장구.wav,48000,2,4464000,93.0,PCM_24,train
0398_민속악_산조,0398,산조,해금,해금,해금,찰현,False,data/extracted/train/source/0398_민속악_산조/0398_민속악_산조_해금.wav,48000,2,4464000,93.0,PCM_24,train
0399_민속악_산조,0399,산조,장구,장구,타악기,타악,False,data/extracted/train/source/0399_민속악_산조/0399_민속악_산조_장구.wav,48000,2,8784000,183.0,PCM_24,train
0399_민속악_산조,0399,산조,해금,해금,해금,찰현,False,data/extracted/train/source/0399_민속악_산조/0399_민속악_산조_해금.wav,48000,2,8784000,183.0,PCM_24,train
0400_민속악_대풍류,0400,대풍류,대금,대금,대금,관악,False,data/extracted/train/source/0400_민속악_대풍류/0400_민속악_대풍류_대금.wav,48000,2,16539429,344.571,PCM_24,train
0400_민속악_대풍류,0400,대풍류,아쟁,아쟁,아쟁,찰현,False,data/extracted/train/source/0400_민속악_대풍류/0400_민속악_대풍류_아쟁.wav,48000,2,16539429,344.571,PCM_24,train
0400_민속악_대풍류,0400,대풍류,장구,장구,타악기,타악,False,data/extracted/train/source/0400_민속악_대풍류/0400_민속악_대풍류_장구.wav,48000,2,16539429,344.571,PCM_24,train
0400_민속악_대풍류,0400,대풍류,좌고,좌고,타악기,타악,False,data/extracted/train/source/0400_민속악_대풍류/0400_민속악_대풍류_좌고.wav,48000,2,16539429,344.571,PCM_24,train
0400_민속악_대풍류,0400,대풍류,피리,피리,피리,관악,False,data/extracted/train/source/0400_민속악_대풍류/0400_민속악_대풍류_피리.wav,48000,2,16539429,344.571,PCM_24,train
0400_민속악_대풍류,0400,대풍류,해금,해금,해금,찰현,False,data/extracted/train/source/0400_민속악_대풍류/0400_민속악_대풍류_해금.wav,48000,2,16539429,344.571,PCM_24,train
0401_민속악_대풍류,0401,대풍류,대금,대금,대금,관악,False,data/extracted/train/source/0401_민속악_대풍류/0401_민속악_대풍류_대금.wav,48000,2,7804928,162.603,PCM_24,train
0401_민속악_대풍류,0401,대풍류,아쟁,아쟁,아쟁,찰현,False,data/extracted/train/source/0401_민속악_대풍류/0401_민속악_대풍류_아쟁.wav,48000,2,7804928,162.603,PCM_24,train
0401_민속악_대풍류,0401,대풍류,장구,장구,타악기,타악,False,data/extracted/train/source/0401_민속악_대풍류/0401_민속악_대풍류_장구.wav,48000,2,7804928,162.603,PCM_24,train
0401_민속악_대풍류,0401,대풍류,좌고,좌고,타악기,타악,False,data/extracted/train/source/0401_민속악_대풍류/0401_민속악_대풍류_좌고.wav,48000,2,7804928,162.603,PCM_24,train
0401_민속악_대풍류,0401,대풍류,피리,피리,피리,관악,False,data/extracted/train/source/0401_민속악_대풍류/0401_민속악_대풍류_피리.wav,48000,2,7804928,162.603,PCM_24,train
0401_민속악_대풍류,0401,대풍류,해금,해금,해금,찰현,False,data/extracted/train/source/0401_민속악_대풍류/0401_민속악_대풍류_해금.wav,48000,2,7804928,162.603,PCM_24,train
0402_민속악_대풍류,0402,대풍류,대금,대금,대금,관악,False,data/extracted/train/source/0402_민속악_대풍류/0402_민속악_대풍류_대금.wav,48000,2,5210112,108.544,PCM_24,train
0402_민속악_대풍류,0402,대풍류,아쟁,아쟁,아쟁,찰현,False,data/extracted/train/source/0402_민속악_대풍류/0402_민속악_대풍류_아쟁.wav,48000,2,5210112,108.544,PCM_24,train
0402_민속악_대풍류,0402,대풍류,장구,장구,타악기,타악,False,data/extracted/train/source/0402_민속악_대풍류/0402_민속악_대풍류_장구.wav,48000,2,5210112,108.544,PCM_24,train
0402_민속악_대풍류,0402,대풍류,좌고,좌고,타악기,타악,False,data/extracted/train/source/0402_민속악_대풍류/0402_민속악_대풍류_좌고.wav,48000,2,5210112,108.544,PCM_24,train
0402_민속악_대풍류,0402,대풍류,피리,피리,피리,관악,False,data/extracted/train/source/0402_민속악_대풍류/0402_민속악_대풍류_피리.wav,48000,2,5210112,108.544,PCM_24,train
0402_민속악_대풍류,0402,대풍류,해금,해금,해금,찰현,False,data/extracted/train/source/0402_민속악_대풍류/0402_민속악_대풍류_해금.wav,48000,2,5210112,108.544,PCM_24,train
0403_민속악_대풍류,0403,대풍류,대금,대금,대금,관악,False,data/extracted/train/source/0403_민속악_대풍류/0403_민속악_대풍류_대금.wav,48000,2,5791744,120.661,PCM_24,train
0403_민속악_대풍류,0403,대풍류,아쟁,아쟁,아쟁,찰현,False,data/extracted/train/source/0403_민속악_대풍류/0403_민속악_대풍류_아쟁.wav,48000,2,5791744,120.661,PCM_24,train
0403_민속악_대풍류,0403,대풍류,장구,장구,타악기,타악,False,data/extracted/train/source/0403_민속악_대풍류/0403_민속악_대풍류_장구.wav,48000,2,5791744,120.661,PCM_24,train
0403_민속악_대풍류,0403,대풍류,좌고,좌고,타악기,타악,False,data/extracted/train/source/0403_민속악_대풍류/0403_민속악_대풍류_좌고.wav,48000,2,5791744,120.661,PCM_24,train
0403_민속악_대풍류,0403,대풍류,피리,피리,피리,관악,False,data/extracted/train/source/0403_민속악_대풍류/0403_민속악_대풍류_피리.wav,48000,2,5791744,120.661,PCM_24,train
0403_민속악_대풍류,0403,대풍류,해금,해금,해금,찰현,False,data/extracted/train/source/0403_민속악_대풍류/0403_민속악_대풍류_해금.wav,48000,2,5791744,120.661,PCM_24,train
0404_민속악_대풍류,0404,대풍류,대금,대금,대금,관악,False,data/extracted/train/source/0404_민속악_대풍류/0404_민속악_대풍류_대금.wav,48000,2,17773714,370.286,PCM_24,train
0404_민속악_대풍류,0404,대풍류,아쟁,아쟁,아쟁,찰현,False,data/extracted/train/source/0404_민속악_대풍류/0404_민속악_대풍류_아쟁.wav,48000,2,17773714,370.286,PCM_24,train
0404_민속악_대풍류,0404,대풍류,장구,장구,타악기,타악,False,data/extracted/train/source/0404_민속악_대풍류/0404_민속악_대풍류_장구.wav,48000,2,17773714,370.286,PCM_24,train
0404_민속악_대풍류,0404,대풍류,좌고,좌고,타악기,타악,False,data/extracted/train/source/0404_민속악_대풍류/0404_민속악_대풍류_좌고.wav,48000,2,17773714,370.286,PCM_24,train
0404_민속악_대풍류,0404,대풍류,피리,피리,피리,관악,False,data/extracted/train/source/0404_민속악_대풍류/0404_민속악_대풍류_피리.wav,48000,2,17773714,370.286,PCM_24,train
0404_민속악_대풍류,0404,대풍류,해금,해금,해금,찰현,False,data/extracted/train/source/0404_민속악_대풍류/0404_민속악_대풍류_해금.wav,48000,2,17773714,370.286,PCM_24,train
0405_민속악_대풍류,0405,대풍류,대금,대금,대금,관악,False,data/extracted/train/source/0405_민속악_대풍류/0405_민속악_대풍류_대금.wav,48000,2,17856000,372.0,PCM_24,train
0405_민속악_대풍류,0405,대풍류,아쟁,아쟁,아쟁,찰현,False,data/extracted/train/source/0405_민속악_대풍류/0405_민속악_대풍류_아쟁.wav,48000,2,17856000,372.0,PCM_24,train
0405_민속악_대풍류,0405,대풍류,장구,장구,타악기,타악,False,data/extracted/train/source/0405_민속악_대풍류/0405_민속악_대풍류_장구.wav,48000,2,17856000,372.0,PCM_24,train
0405_민속악_대풍류,0405,대풍류,좌고,좌고,타악기,타악,False,data/extracted/train/source/0405_민속악_대풍류/0405_민속악_대풍류_좌고.wav,48000,2,17856000,372.0,PCM_24,train
0405_민속악_대풍류,0405,대풍류,피리,피리,피리,관악,False,data/extracted/train/source/0405_민속악_대풍류/0405_민속악_대풍류_피리.wav,48000,2,17856000,372.0,PCM_24,train
0405_민속악_대풍류,0405,대풍류,해금,해금,해금,찰현,False,data/extracted/train/source/0405_민속악_대풍류/0405_민속악_대풍류_해금.wav,48000,2,17856000,372.0,PCM_24,train
0406_민속악_대풍류,0406,대풍류,대금,대금,대금,관악,False,data/extracted/val/source/0406_민속악_대풍류/0406_민속악_대풍류_대금.wav,48000,2,23369728,486.869,PCM_24,val
0406_민속악_대풍류,0406,대풍류,아쟁,아쟁,아쟁,찰현,False,data/extracted/val/source/0406_민속악_대풍류/0406_민속악_대풍류_아쟁.wav,48000,2,23369728,486.869,PCM_24,val
0406_민속악_대풍류,0406,대풍류,장구,장구,타악기,타악,False,data/extracted/val/source/0406_민속악_대풍류/0406_민속악_대풍류_장구.wav,48000,2,23369728,486.869,PCM_24,val
0406_민속악_대풍류,0406,대풍류,좌고,좌고,타악기,타악,False,data/extracted/val/source/0406_민속악_대풍류/0406_민속악_대풍류_좌고.wav,48000,2,23369728,486.869,PCM_24,val
0406_민속악_대풍류,0406,대풍류,피리,피리,피리,관악,False,data/extracted/val/source/0406_민속악_대풍류/0406_민속악_대풍류_피리.wav,48000,2,23369728,486.869,PCM_24,val
0406_민속악_대풍류,0406,대풍류,해금,해금,해금,찰현,False,data/extracted/val/source/0406_민속악_대풍류/0406_민속악_대풍류_해금.wav,48000,2,23369728,486.869,PCM_24,val
0407_민속악_대풍류,0407,대풍류,대금,대금,대금,관악,False,data/extracted/train/source/0407_민속악_대풍류/0407_민속악_대풍류_대금.wav,48000,2,15305142,318.857,PCM_24,train
0407_민속악_대풍류,0407,대풍류,아쟁,아쟁,아쟁,찰현,False,data/extracted/train/source/0407_민속악_대풍류/0407_민속악_대풍류_아쟁.wav,48000,2,15305142,318.857,PCM_24,train
0407_민속악_대풍류,0407,대풍류,장구,장구,타악기,타악,False,data/extracted/train/source/0407_민속악_대풍류/0407_민속악_대풍류_장구.wav,48000,2,15305142,318.857,PCM_24,train
0407_민속악_대풍류,0407,대풍류,좌고,좌고,타악기,타악,False,data/extracted/train/source/0407_민속악_대풍류/0407_민속악_대풍류_좌고.wav,48000,2,15305142,318.857,PCM_24,train
0407_민속악_대풍류,0407,대풍류,피리,피리,피리,관악,False,data/extracted/train/source/0407_민속악_대풍류/0407_민속악_대풍류_피리.wav,48000,2,15305142,318.857,PCM_24,train
0407_민속악_대풍류,0407,대풍류,해금,해금,해금,찰현,False,data/extracted/train/source/0407_민속악_대풍류/0407_민속악_대풍류_해금.wav,48000,2,15305142,318.857,PCM_24,train
0408_민속악_대풍류,0408,대풍류,대금,대금,대금,관악,False,data/extracted/train/source/0408_민속악_대풍류/0408_민속악_대풍류_대금.wav,48000,2,9398272,195.797,PCM_24,train
0408_민속악_대풍류,0408,대풍류,아쟁,아쟁,아쟁,찰현,False,data/extracted/train/source/0408_민속악_대풍류/0408_민속악_대풍류_아쟁.wav,48000,2,9398272,195.797,PCM_24,train
0408_민속악_대풍류,0408,대풍류,장구,장구,타악기,타악,False,data/extracted/train/source/0408_민속악_대풍류/0408_민속악_대풍류_장구.wav,48000,2,9398272,195.797,PCM_24,train
0408_민속악_대풍류,0408,대풍류,좌고,좌고,타악기,타악,False,data/extracted/train/source/0408_민속악_대풍류/0408_민속악_대풍류_좌고.wav,48000,2,9398272,195.797,PCM_24,train
0408_민속악_대풍류,0408,대풍류,피리,피리,피리,관악,False,data/extracted/train/source/0408_민속악_대풍류/0408_민속악_대풍류_피리.wav,48000,2,9398272,195.797,PCM_24,train
0408_민속악_대풍류,0408,대풍류,해금,해금,해금,찰현,False,data/extracted/train/source/0408_민속악_대풍류/0408_민속악_대풍류_해금.wav,48000,2,9398272,195.797,PCM_24,train
0409_민속악_대풍류,0409,대풍류,대금,대금,대금,관악,False,data/extracted/val/source/0409_민속악_대풍류/0409_민속악_대풍류_대금.wav,48000,2,9136128,190.336,PCM_24,train
0409_민속악_대풍류,0409,대풍류,아쟁,아쟁,아쟁,찰현,False,data/extracted/val/source/0409_민속악_대풍류/0409_민속악_대풍류_아쟁.wav,48000,2,9136128,190.336,PCM_24,train
0409_민속악_대풍류,0409,대풍류,장구,장구,타악기,타악,False,data/extracted/val/source/0409_민속악_대풍류/0409_민속악_대풍류_장구.wav,48000,2,9136128,190.336,PCM_24,train
0409_민속악_대풍류,0409,대풍류,좌고,좌고,타악기,타악,False,data/extracted/val/source/0409_민속악_대풍류/0409_민속악_대풍류_좌고.wav,48000,2,9136128,190.336,PCM_24,train
0409_민속악_대풍류,0409,대풍류,피리,피리,피리,관악,False,data/extracted/val/source/0409_민속악_대풍류/0409_민속악_대풍류_피리.wav,48000,2,9136128,190.336,PCM_24,train
0409_민속악_대풍류,0409,대풍류,해금,해금,해금,찰현,False,data/extracted/val/source/0409_민속악_대풍류/0409_민속악_대풍류_해금.wav,48000,2,9136128,190.336,PCM_24,train
0410_민속악_대풍류,0410,대풍류,대금,대금,대금,관악,False,data/extracted/train/source/0410_민속악_대풍류/0410_민속악_대풍류_대금.wav,48000,2,7792640,162.347,PCM_24,train
0410_민속악_대풍류,0410,대풍류,아쟁,아쟁,아쟁,찰현,False,data/extracted/train/source/0410_민속악_대풍류/0410_민속악_대풍류_아쟁.wav,48000,2,7792640,162.347,PCM_24,train
0410_민속악_대풍류,0410,대풍류,장구,장구,타악기,타악,False,data/extracted/train/source/0410_민속악_대풍류/0410_민속악_대풍류_장구.wav,48000,2,7792640,162.347,PCM_24,train
0410_민속악_대풍류,0410,대풍류,좌고,좌고,타악기,타악,False,data/extracted/train/source/0410_민속악_대풍류/0410_민속악_대풍류_좌고.wav,48000,2,7792640,162.347,PCM_24,train
0410_민속악_대풍류,0410,대풍류,피리,피리,피리,관악,False,data/extracted/train/source/0410_민속악_대풍류/0410_민속악_대풍류_피리.wav,48000,2,7792640,162.347,PCM_24,train
0410_민속악_대풍류,0410,대풍류,해금,해금,해금,찰현,False,data/extracted/train/source/0410_민속악_대풍류/0410_민속악_대풍류_해금.wav,48000,2,7792640,162.347,PCM_24,train
0411_민속악_대풍류,0411,대풍류,대금,대금,대금,관악,False,data/extracted/val/source/0411_민속악_대풍류/0411_민속악_대풍류_대금.wav,48000,2,6629376,138.112,PCM_24,train
0411_민속악_대풍류,0411,대풍류,아쟁,아쟁,아쟁,찰현,False,data/extracted/val/source/0411_민속악_대풍류/0411_민속악_대풍류_아쟁.wav,48000,2,6629376,138.112,PCM_24,train
0411_민속악_대풍류,0411,대풍류,장구,장구,타악기,타악,False,data/extracted/val/source/0411_민속악_대풍류/0411_민속악_대풍류_장구.wav,48000,2,6629376,138.112,PCM_24,train
0411_민속악_대풍류,0411,대풍류,좌고,좌고,타악기,타악,False,data/extracted/val/source/0411_민속악_대풍류/0411_민속악_대풍류_좌고.wav,48000,2,6629376,138.112,PCM_24,train
0411_민속악_대풍류,0411,대풍류,피리,피리,피리,관악,False,data/extracted/val/source/0411_민속악_대풍류/0411_민속악_대풍류_피리.wav,48000,2,6629376,138.112,PCM_24,train
0411_민속악_대풍류,0411,대풍류,해금,해금,해금,찰현,False,data/extracted/val/source/0411_민속악_대풍류/0411_민속악_대풍류_해금.wav,48000,2,6629376,138.112,PCM_24,train
0412_민속악_대풍류,0412,대풍류,대금,대금,대금,관악,False,data/extracted/train/source/0412_민속악_대풍류/0412_민속악_대풍류_대금.wav,48000,2,11464704,238.848,PCM_24,train
0412_민속악_대풍류,0412,대풍류,아쟁,아쟁,아쟁,찰현,False,data/extracted/train/source/0412_민속악_대풍류/0412_민속악_대풍류_아쟁.wav,48000,2,11464704,238.848,PCM_24,train
0412_민속악_대풍류,0412,대풍류,장구,장구,타악기,타악,False,data/extracted/train/source/0412_민속악_대풍류/0412_민속악_대풍류_장구.wav,48000,2,11464704,238.848,PCM_24,train
0412_민속악_대풍류,0412,대풍류,좌고,좌고,타악기,타악,False,data/extracted/train/source/0412_민속악_대풍류/0412_민속악_대풍류_좌고.wav,48000,2,11464704,238.848,PCM_24,train
0412_민속악_대풍류,0412,대풍류,피리,피리,피리,관악,False,data/extracted/train/source/0412_민속악_대풍류/0412_민속악_대풍류_피리.wav,48000,2,11464704,238.848,PCM_24,train
0412_민속악_대풍류,0412,대풍류,해금,해금,해금,찰현,False,data/extracted/train/source/0412_민속악_대풍류/0412_민속악_대풍류_해금.wav,48000,2,11464704,238.848,PCM_24,train
0413_민속악_대풍류,0413,대풍류,대금,대금,대금,관악,False,data/extracted/train/source/0413_민속악_대풍류/0413_민속악_대풍류_대금.wav,48000,2,7170048,149.376,PCM_24,test
0413_민속악_대풍류,0413,대풍류,아쟁,아쟁,아쟁,찰현,False,data/extracted/train/source/0413_민속악_대풍류/0413_민속악_대풍류_아쟁.wav,48000,2,7170048,149.376,PCM_24,test
0413_민속악_대풍류,0413,대풍류,장구,장구,타악기,타악,False,data/extracted/train/source/0413_민속악_대풍류/0413_민속악_대풍류_장구.wav,48000,2,7170048,149.376,PCM_24,test
0413_민속악_대풍류,0413,대풍류,좌고,좌고,타악기,타악,False,data/extracted/train/source/0413_민속악_대풍류/0413_민속악_대풍류_좌고.wav,48000,2,7170048,149.376,PCM_24,test
0413_민속악_대풍류,0413,대풍류,피리,피리,피리,관악,False,data/extracted/train/source/0413_민속악_대풍류/0413_민속악_대풍류_피리.wav,48000,2,7170048,149.376,PCM_24,test
0413_민속악_대풍류,0413,대풍류,해금,해금,해금,찰현,False,data/extracted/train/source/0413_민속악_대풍류/0413_민속악_대풍류_해금.wav,48000,2,7170048,149.376,PCM_24,test
0414_민속악_대풍류,0414,대풍류,대금,대금,대금,관악,False,data/extracted/train/source/0414_민속악_대풍류/0414_민속악_대풍류_대금.wav,48000,2,15264000,318.0,PCM_24,train
0414_민속악_대풍류,0414,대풍류,아쟁,아쟁,아쟁,찰현,False,data/extracted/train/source/0414_민속악_대풍류/0414_민속악_대풍류_아쟁.wav,48000,2,15264000,318.0,PCM_24,train
0414_민속악_대풍류,0414,대풍류,장구,장구,타악기,타악,False,data/extracted/train/source/0414_민속악_대풍류/0414_민속악_대풍류_장구.wav,48000,2,15264000,318.0,PCM_24,train
0414_민속악_대풍류,0414,대풍류,좌고,좌고,타악기,타악,False,data/extracted/train/source/0414_민속악_대풍류/0414_민속악_대풍류_좌고.wav,48000,2,15264000,318.0,PCM_24,train
0414_민속악_대풍류,0414,대풍류,피리,피리,피리,관악,False,data/extracted/train/source/0414_민속악_대풍류/0414_민속악_대풍류_피리.wav,48000,2,15264000,318.0,PCM_24,train
0414_민속악_대풍류,0414,대풍류,해금,해금,해금,찰현,False,data/extracted/train/source/0414_민속악_대풍류/0414_민속악_대풍류_해금.wav,48000,2,15264000,318.0,PCM_24,train
0415_민속악_대풍류,0415,대풍류,대금,대금,대금,관악,False,data/extracted/train/source/0415_민속악_대풍류/0415_민속악_대풍류_대금.wav,48000,2,16821704,350.452,PCM_24,val
0415_민속악_대풍류,0415,대풍류,아쟁,아쟁,아쟁,찰현,False,data/extracted/train/source/0415_민속악_대풍류/0415_민속악_대풍류_아쟁.wav,48000,2,16821704,350.452,PCM_24,val
0415_민속악_대풍류,0415,대풍류,장구,장구,타악기,타악,False,data/extracted/train/source/0415_민속악_대풍류/0415_민속악_대풍류_장구.wav,48000,2,16821704,350.452,PCM_24,val
0415_민속악_대풍류,0415,대풍류,좌고,좌고,타악기,타악,False,data/extracted/train/source/0415_민속악_대풍류/0415_민속악_대풍류_좌고.wav,48000,2,16821704,350.452,PCM_24,val
0415_민속악_대풍류,0415,대풍류,피리,피리,피리,관악,False,data/extracted/train/source/0415_민속악_대풍류/0415_민속악_대풍류_피리.wav,48000,2,16821704,350.452,PCM_24,val
0415_민속악_대풍류,0415,대풍류,해금,해금,해금,찰현,False,data/extracted/train/source/0415_민속악_대풍류/0415_민속악_대풍류_해금.wav,48000,2,16821704,350.452,PCM_24,val
0416_민속악_대풍류,0416,대풍류,대금,대금,대금,관악,False,data/extracted/train/source/0416_민속악_대풍류/0416_민속악_대풍류_대금.wav,48000,2,8642560,180.053,PCM_24,train
0416_민속악_대풍류,0416,대풍류,아쟁,아쟁,아쟁,찰현,False,data/extracted/train/source/0416_민속악_대풍류/0416_민속악_대풍류_아쟁.wav,48000,2,8642560,180.053,PCM_24,train
0416_민속악_대풍류,0416,대풍류,장구,장구,타악기,타악,False,data/extracted/train/source/0416_민속악_대풍류/0416_민속악_대풍류_장구.wav,48000,2,8642560,180.053,PCM_24,train
0416_민속악_대풍류,0416,대풍류,좌고,좌고,타악기,타악,False,data/extracted/train/source/0416_민속악_대풍류/0416_민속악_대풍류_좌고.wav,48000,2,8642560,180.053,PCM_24,train
0416_민속악_대풍류,0416,대풍류,피리,피리,피리,관악,False,data/extracted/train/source/0416_민속악_대풍류/0416_민속악_대풍류_피리.wav,48000,2,8642560,180.053,PCM_24,train
0416_민속악_대풍류,0416,대풍류,해금,해금,해금,찰현,False,data/extracted/train/source/0416_민속악_대풍류/0416_민속악_대풍류_해금.wav,48000,2,8642560,180.053,PCM_24,train
0417_민속악_대풍류,0417,대풍류,대금,대금,대금,관악,False,data/extracted/train/source/0417_민속악_대풍류/0417_민속악_대풍류_대금.wav,48000,2,25923584,540.075,PCM_24,train
0417_민속악_대풍류,0417,대풍류,아쟁,아쟁,아쟁,찰현,False,data/extracted/train/source/0417_민속악_대풍류/0417_민속악_대풍류_아쟁.wav,48000,2,25923584,540.075,PCM_24,train
0417_민속악_대풍류,0417,대풍류,장구,장구,타악기,타악,False,data/extracted/train/source/0417_민속악_대풍류/0417_민속악_대풍류_장구.wav,48000,2,25923584,540.075,PCM_24,train
0417_민속악_대풍류,0417,대풍류,좌고,좌고,타악기,타악,False,data/extracted/train/source/0417_민속악_대풍류/0417_민속악_대풍류_좌고.wav,48000,2,25923584,540.075,PCM_24,train
0417_민속악_대풍류,0417,대풍류,피리,피리,피리,관악,False,data/extracted/train/source/0417_민속악_대풍류/0417_민속악_대풍류_피리.wav,48000,2,25923584,540.075,PCM_24,train
0417_민속악_대풍류,0417,대풍류,해금,해금,해금,찰현,False,data/extracted/train/source/0417_민속악_대풍류/0417_민속악_대풍류_해금.wav,48000,2,25923584,540.075,PCM_24,train
0418_민속악_대풍류,0418,대풍류,대금,대금,대금,관악,False,data/extracted/train/source/0418_민속악_대풍류/0418_민속악_대풍류_대금.wav,48000,2,15394909,320.727,PCM_24,train
0418_민속악_대풍류,0418,대풍류,아쟁,아쟁,아쟁,찰현,False,data/extracted/train/source/0418_민속악_대풍류/0418_민속악_대풍류_아쟁.wav,48000,2,15394909,320.727,PCM_24,train
0418_민속악_대풍류,0418,대풍류,장구,장구,타악기,타악,False,data/extracted/train/source/0418_민속악_대풍류/0418_민속악_대풍류_장구.wav,48000,2,15394909,320.727,PCM_24,train
0418_민속악_대풍류,0418,대풍류,좌고,좌고,타악기,타악,False,data/extracted/train/source/0418_민속악_대풍류/0418_민속악_대풍류_좌고.wav,48000,2,15394909,320.727,PCM_24,train
0418_민속악_대풍류,0418,대풍류,피리,피리,피리,관악,False,data/extracted/train/source/0418_민속악_대풍류/0418_민속악_대풍류_피리.wav,48000,2,15394909,320.727,PCM_24,train
0418_민속악_대풍류,0418,대풍류,해금,해금,해금,찰현,False,data/extracted/train/source/0418_민속악_대풍류/0418_민속악_대풍류_해금.wav,48000,2,15394909,320.727,PCM_24,train
0419_민속악_대풍류,0419,대풍류,대금,대금,대금,관악,False,data/extracted/train/source/0419_민속악_대풍류/0419_민속악_대풍류_대금.wav,48000,2,12482560,260.053,PCM_24,test
0419_민속악_대풍류,0419,대풍류,아쟁,아쟁,아쟁,찰현,False,data/extracted/train/source/0419_민속악_대풍류/0419_민속악_대풍류_아쟁.wav,48000,2,12482560,260.053,PCM_24,test
0419_민속악_대풍류,0419,대풍류,장구,장구,타악기,타악,False,data/extracted/train/source/0419_민속악_대풍류/0419_민속악_대풍류_장구.wav,48000,2,12482560,260.053,PCM_24,test
0419_민속악_대풍류,0419,대풍류,좌고,좌고,타악기,타악,False,data/extracted/train/source/0419_민속악_대풍류/0419_민속악_대풍류_좌고.wav,48000,2,12482560,260.053,PCM_24,test
0419_민속악_대풍류,0419,대풍류,피리,피리,피리,관악,False,data/extracted/train/source/0419_민속악_대풍류/0419_민속악_대풍류_피리.wav,48000,2,12482560,260.053,PCM_24,test
0419_민속악_대풍류,0419,대풍류,해금,해금,해금,찰현,False,data/extracted/train/source/0419_민속악_대풍류/0419_민속악_대풍류_해금.wav,48000,2,12482560,260.053,PCM_24,test
0420_민속악_대풍류,0420,대풍류,대금,대금,대금,관악,False,data/extracted/train/source/0420_민속악_대풍류/0420_민속악_대풍류_대금.wav,48000,2,5698665,118.722,PCM_24,train
0420_민속악_대풍류,0420,대풍류,아쟁,아쟁,아쟁,찰현,False,data/extracted/train/source/0420_민속악_대풍류/0420_민속악_대풍류_아쟁.wav,48000,2,5698665,118.722,PCM_24,train
0420_민속악_대풍류,0420,대풍류,장구,장구,타악기,타악,False,data/extracted/train/source/0420_민속악_대풍류/0420_민속악_대풍류_장구.wav,48000,2,5698665,118.722,PCM_24,train
0420_민속악_대풍류,0420,대풍류,좌고,좌고,타악기,타악,False,data/extracted/train/source/0420_민속악_대풍류/0420_민속악_대풍류_좌고.wav,48000,2,5698665,118.722,PCM_24,train
0420_민속악_대풍류,0420,대풍류,피리,피리,피리,관악,False,data/extracted/train/source/0420_민속악_대풍류/0420_민속악_대풍류_피리.wav,48000,2,5698665,118.722,PCM_24,train
0420_민속악_대풍류,0420,대풍류,해금,해금,해금,찰현,False,data/extracted/train/source/0420_민속악_대풍류/0420_민속악_대풍류_해금.wav,48000,2,5698665,118.722,PCM_24,train
0421_민속악_판소리,0421,판소리,가야금,가야금,가야금,발현,True,data/extracted/train/source/0421_민속악_판소리/0421_민속악_판소리_가야금.wav,48000,2,8832000,184.0,PCM_24,train
0421_민속악_판소리,0421,판소리,거문고,거문고,거문고,발현,True,data/extracted/train/source/0421_민속악_판소리/0421_민속악_판소리_거문고.wav,48000,2,8832000,184.0,PCM_24,train
0421_민속악_판소리,0421,판소리,대금,대금,대금,관악,True,data/extracted/train/source/0421_민속악_판소리/0421_민속악_판소리_대금.wav,48000,2,8832000,184.0,PCM_24,train
0421_민속악_판소리,0421,판소리,소리북,소리북,타악기,타악,True,data/extracted/train/source/0421_민속악_판소리/0421_민속악_판소리_소리북.wav,48000,2,8832000,184.0,PCM_24,train
0421_민속악_판소리,0421,판소리,아쟁,아쟁,아쟁,찰현,True,data/extracted/train/source/0421_민속악_판소리/0421_민속악_판소리_아쟁.wav,48000,2,8832000,184.0,PCM_24,train
0421_민속악_판소리,0421,판소리,피리,피리,피리,관악,True,data/extracted/train/source/0421_민속악_판소리/0421_민속악_판소리_피리.wav,48000,2,8832000,184.0,PCM_24,train
0421_민속악_판소리,0421,판소리,해금,해금,해금,찰현,True,data/extracted/train/source/0421_민속악_판소리/0421_민속악_판소리_해금.wav,48000,2,8832000,184.0,PCM_24,train
0422_민속악_판소리,0422,판소리,가야금,가야금,가야금,발현,True,data/extracted/train/source/0422_민속악_판소리/0422_민속악_판소리_가야금.wav,48000,2,18168000,378.5,PCM_24,train
0422_민속악_판소리,0422,판소리,거문고,거문고,거문고,발현,True,data/extracted/train/source/0422_민속악_판소리/0422_민속악_판소리_거문고.wav,48000,2,18168000,378.5,PCM_24,train
0422_민속악_판소리,0422,판소리,대금,대금,대금,관악,True,data/extracted/train/source/0422_민속악_판소리/0422_민속악_판소리_대금.wav,48000,2,18168000,378.5,PCM_24,train
0422_민속악_판소리,0422,판소리,소리북,소리북,타악기,타악,True,data/extracted/train/source/0422_민속악_판소리/0422_민속악_판소리_소리북.wav,48000,2,18168000,378.5,PCM_24,train
0422_민속악_판소리,0422,판소리,아쟁,아쟁,아쟁,찰현,True,data/extracted/train/source/0422_민속악_판소리/0422_민속악_판소리_아쟁.wav,48000,2,18168000,378.5,PCM_24,train
0422_민속악_판소리,0422,판소리,피리,피리,피리,관악,True,data/extracted/train/source/0422_민속악_판소리/0422_민속악_판소리_피리.wav,48000,2,18168000,378.5,PCM_24,train
0422_민속악_판소리,0422,판소리,해금,해금,해금,찰현,True,data/extracted/train/source/0422_민속악_판소리/0422_민속악_판소리_해금.wav,48000,2,18168000,378.5,PCM_24,train
0423_민속악_판소리,0423,판소리,가야금,가야금,가야금,발현,True,data/extracted/train/source/0423_민속악_판소리/0423_민속악_판소리_가야금.wav,48000,2,15984000,333.0,PCM_24,train
0423_민속악_판소리,0423,판소리,거문고,거문고,거문고,발현,True,data/extracted/train/source/0423_민속악_판소리/0423_민속악_판소리_거문고.wav,48000,2,15984000,333.0,PCM_24,train
0423_민속악_판소리,0423,판소리,대금,대금,대금,관악,True,data/extracted/train/source/0423_민속악_판소리/0423_민속악_판소리_대금.wav,48000,2,15984000,333.0,PCM_24,train
0423_민속악_판소리,0423,판소리,소리북,소리북,타악기,타악,True,data/extracted/train/source/0423_민속악_판소리/0423_민속악_판소리_소리북.wav,48000,2,15984000,333.0,PCM_24,train
0423_민속악_판소리,0423,판소리,아쟁,아쟁,아쟁,찰현,True,data/extracted/train/source/0423_민속악_판소리/0423_민속악_판소리_아쟁.wav,48000,2,15984000,333.0,PCM_24,train
0423_민속악_판소리,0423,판소리,피리,피리,피리,관악,True,data/extracted/train/source/0423_민속악_판소리/0423_민속악_판소리_피리.wav,48000,2,15984000,333.0,PCM_24,train
0423_민속악_판소리,0423,판소리,해금,해금,해금,찰현,True,data/extracted/train/source/0423_민속악_판소리/0423_민속악_판소리_해금.wav,48000,2,15984000,333.0,PCM_24,train
0424_민속악_판소리,0424,판소리,가야금,가야금,가야금,발현,True,data/extracted/train/source/0424_민속악_판소리/0424_민속악_판소리_가야금.wav,48000,2,15024000,313.0,PCM_24,train
0424_민속악_판소리,0424,판소리,거문고,거문고,거문고,발현,True,data/extracted/train/source/0424_민속악_판소리/0424_민속악_판소리_거문고.wav,48000,2,15024000,313.0,PCM_24,train
0424_민속악_판소리,0424,판소리,대금,대금,대금,관악,True,data/extracted/train/source/0424_민속악_판소리/0424_민속악_판소리_대금.wav,48000,2,15024000,313.0,PCM_24,train
0424_민속악_판소리,0424,판소리,소리북,소리북,타악기,타악,True,data/extracted/train/source/0424_민속악_판소리/0424_민속악_판소리_소리북.wav,48000,2,15024000,313.0,PCM_24,train
0424_민속악_판소리,0424,판소리,아쟁,아쟁,아쟁,찰현,True,data/extracted/train/source/0424_민속악_판소리/0424_민속악_판소리_아쟁.wav,48000,2,15024000,313.0,PCM_24,train
0424_민속악_판소리,0424,판소리,피리,피리,피리,관악,True,data/extracted/train/source/0424_민속악_판소리/0424_민속악_판소리_피리.wav,48000,2,15024000,313.0,PCM_24,train
0424_민속악_판소리,0424,판소리,해금,해금,해금,찰현,True,data/extracted/train/source/0424_민속악_판소리/0424_민속악_판소리_해금.wav,48000,2,15024000,313.0,PCM_24,train
0425_민속악_판소리,0425,판소리,가야금,가야금,가야금,발현,True,data/extracted/train/source/0425_민속악_판소리/0425_민속악_판소리_가야금.wav,48000,2,9432000,196.5,PCM_24,val
0425_민속악_판소리,0425,판소리,거문고,거문고,거문고,발현,True,data/extracted/train/source/0425_민속악_판소리/0425_민속악_판소리_거문고.wav,48000,2,9432000,196.5,PCM_24,val
0425_민속악_판소리,0425,판소리,대금,대금,대금,관악,True,data/extracted/train/source/0425_민속악_판소리/0425_민속악_판소리_대금.wav,48000,2,9432000,196.5,PCM_24,val
0425_민속악_판소리,0425,판소리,소리북,소리북,타악기,타악,True,data/extracted/train/source/0425_민속악_판소리/0425_민속악_판소리_소리북.wav,48000,2,9432000,196.5,PCM_24,val
0425_민속악_판소리,0425,판소리,아쟁,아쟁,아쟁,찰현,True,data/extracted/train/source/0425_민속악_판소리/0425_민속악_판소리_아쟁.wav,48000,2,9432000,196.5,PCM_24,val
0425_민속악_판소리,0425,판소리,피리,피리,피리,관악,True,data/extracted/train/source/0425_민속악_판소리/0425_민속악_판소리_피리.wav,48000,2,9432000,196.5,PCM_24,val
0425_민속악_판소리,0425,판소리,해금,해금,해금,찰현,True,data/extracted/train/source/0425_민속악_판소리/0425_민속악_판소리_해금.wav,48000,2,9432000,196.5,PCM_24,val
0426_민속악_판소리,0426,판소리,가야금,가야금,가야금,발현,True,data/extracted/train/source/0426_민속악_판소리/0426_민속악_판소리_가야금.wav,48000,2,11304000,235.5,PCM_24,train
0426_민속악_판소리,0426,판소리,거문고,거문고,거문고,발현,True,data/extracted/train/source/0426_민속악_판소리/0426_민속악_판소리_거문고.wav,48000,2,11304000,235.5,PCM_24,train
0426_민속악_판소리,0426,판소리,대금,대금,대금,관악,True,data/extracted/train/source/0426_민속악_판소리/0426_민속악_판소리_대금.wav,48000,2,11304000,235.5,PCM_24,train
0426_민속악_판소리,0426,판소리,소리북,소리북,타악기,타악,True,data/extracted/train/source/0426_민속악_판소리/0426_민속악_판소리_소리북.wav,48000,2,11304000,235.5,PCM_24,train
0426_민속악_판소리,0426,판소리,아쟁,아쟁,아쟁,찰현,True,data/extracted/train/source/0426_민속악_판소리/0426_민속악_판소리_아쟁.wav,48000,2,11304000,235.5,PCM_24,train
0426_민속악_판소리,0426,판소리,피리,피리,피리,관악,True,data/extracted/train/source/0426_민속악_판소리/0426_민속악_판소리_피리.wav,48000,2,11304000,235.5,PCM_24,train
0426_민속악_판소리,0426,판소리,해금,해금,해금,찰현,True,data/extracted/train/source/0426_민속악_판소리/0426_민속악_판소리_해금.wav,48000,2,11304000,235.5,PCM_24,train
0427_민속악_판소리,0427,판소리,가야금,가야금,가야금,발현,True,data/extracted/train/source/0427_민속악_판소리/0427_민속악_판소리_가야금.wav,48000,2,15984000,333.0,PCM_24,train
0427_민속악_판소리,0427,판소리,거문고,거문고,거문고,발현,True,data/extracted/train/source/0427_민속악_판소리/0427_민속악_판소리_거문고.wav,48000,2,15984000,333.0,PCM_24,train
0427_민속악_판소리,0427,판소리,대금,대금,대금,관악,True,data/extracted/train/source/0427_민속악_판소리/0427_민속악_판소리_대금.wav,48000,2,15984000,333.0,PCM_24,train
0427_민속악_판소리,0427,판소리,소리북,소리북,타악기,타악,True,data/extracted/train/source/0427_민속악_판소리/0427_민속악_판소리_소리북.wav,48000,2,15984000,333.0,PCM_24,train
0427_민속악_판소리,0427,판소리,아쟁,아쟁,아쟁,찰현,True,data/extracted/train/source/0427_민속악_판소리/0427_민속악_판소리_아쟁.wav,48000,2,15984000,333.0,PCM_24,train
0427_민속악_판소리,0427,판소리,피리,피리,피리,관악,True,data/extracted/train/source/0427_민속악_판소리/0427_민속악_판소리_피리.wav,48000,2,15984000,333.0,PCM_24,train
0427_민속악_판소리,0427,판소리,해금,해금,해금,찰현,True,data/extracted/train/source/0427_민속악_판소리/0427_민속악_판소리_해금.wav,48000,2,15984000,333.0,PCM_24,train
0428_민속악_판소리,0428,판소리,가야금,가야금,가야금,발현,True,data/extracted/train/source/0428_민속악_판소리/0428_민속악_판소리_가야금.wav,48000,2,8626909,179.727,PCM_24,val
0428_민속악_판소리,0428,판소리,거문고,거문고,거문고,발현,True,data/extracted/train/source/0428_민속악_판소리/0428_민속악_판소리_거문고.wav,48000,2,8626909,179.727,PCM_24,val
0428_민속악_판소리,0428,판소리,대금,대금,대금,관악,True,data/extracted/train/source/0428_민속악_판소리/0428_민속악_판소리_대금.wav,48000,2,8626909,179.727,PCM_24,val
0428_민속악_판소리,0428,판소리,소리북,소리북,타악기,타악,True,data/extracted/train/source/0428_민속악_판소리/0428_민속악_판소리_소리북.wav,48000,2,8626909,179.727,PCM_24,val
0428_민속악_판소리,0428,판소리,아쟁,아쟁,아쟁,찰현,True,data/extracted/train/source/0428_민속악_판소리/0428_민속악_판소리_아쟁.wav,48000,2,8626909,179.727,PCM_24,val
0428_민속악_판소리,0428,판소리,피리,피리,피리,관악,True,data/extracted/train/source/0428_민속악_판소리/0428_민속악_판소리_피리.wav,48000,2,8626909,179.727,PCM_24,val
0428_민속악_판소리,0428,판소리,해금,해금,해금,찰현,True,data/extracted/train/source/0428_민속악_판소리/0428_민속악_판소리_해금.wav,48000,2,8626909,179.727,PCM_24,val
0429_민속악_판소리,0429,판소리,가야금,가야금,가야금,발현,True,data/extracted/train/source/0429_민속악_판소리/0429_민속악_판소리_가야금.wav,48000,2,18837818,392.455,PCM_24,train
0429_민속악_판소리,0429,판소리,거문고,거문고,거문고,발현,True,data/extracted/train/source/0429_민속악_판소리/0429_민속악_판소리_거문고.wav,48000,2,18837818,392.455,PCM_24,train
0429_민속악_판소리,0429,판소리,대금,대금,대금,관악,True,data/extracted/train/source/0429_민속악_판소리/0429_민속악_판소리_대금.wav,48000,2,18837818,392.455,PCM_24,train
0429_민속악_판소리,0429,판소리,소리북,소리북,타악기,타악,True,data/extracted/train/source/0429_민속악_판소리/0429_민속악_판소리_소리북.wav,48000,2,18837818,392.455,PCM_24,train
0429_민속악_판소리,0429,판소리,아쟁,아쟁,아쟁,찰현,True,data/extracted/train/source/0429_민속악_판소리/0429_민속악_판소리_아쟁.wav,48000,2,18837818,392.455,PCM_24,train
0429_민속악_판소리,0429,판소리,피리,피리,피리,관악,True,data/extracted/train/source/0429_민속악_판소리/0429_민속악_판소리_피리.wav,48000,2,18837818,392.455,PCM_24,train
0429_민속악_판소리,0429,판소리,해금,해금,해금,찰현,True,data/extracted/train/source/0429_민속악_판소리/0429_민속악_판소리_해금.wav,48000,2,18837818,392.455,PCM_24,train
0431_민속악_판소리,0431,판소리,가야금,가야금,가야금,발현,True,data/extracted/train/source/0431_민속악_판소리/0431_민속악_판소리_가야금.wav,48000,2,1059456,22.072,PCM_24,test
0431_민속악_판소리,0431,판소리,거문고,거문고,거문고,발현,True,data/extracted/train/source/0431_민속악_판소리/0431_민속악_판소리_거문고.wav,48000,2,1059456,22.072,PCM_24,test
0431_민속악_판소리,0431,판소리,대금,대금,대금,관악,True,data/extracted/train/source/0431_민속악_판소리/0431_민속악_판소리_대금.wav,48000,2,1059456,22.072,PCM_24,test
0431_민속악_판소리,0431,판소리,소리북,소리북,타악기,타악,True,data/extracted/train/source/0431_민속악_판소리/0431_민속악_판소리_소리북.wav,48000,2,1059456,22.072,PCM_24,test
0431_민속악_판소리,0431,판소리,아쟁,아쟁,아쟁,찰현,True,data/extracted/train/source/0431_민속악_판소리/0431_민속악_판소리_아쟁.wav,48000,2,1059456,22.072,PCM_24,test
0431_민속악_판소리,0431,판소리,피리,피리,피리,관악,True,data/extracted/train/source/0431_민속악_판소리/0431_민속악_판소리_피리.wav,48000,2,1059456,22.072,PCM_24,test
0431_민속악_판소리,0431,판소리,해금,해금,해금,찰현,True,data/extracted/train/source/0431_민속악_판소리/0431_민속악_판소리_해금.wav,48000,2,1059456,22.072,PCM_24,test
0432_민속악_판소리,0432,판소리,가야금,가야금,가야금,발현,True,data/extracted/train/source/0432_민속악_판소리/0432_민속악_판소리_가야금.wav,48000,2,12554181,261.545,PCM_24,train
0432_민속악_판소리,0432,판소리,거문고,거문고,거문고,발현,True,data/extracted/train/source/0432_민속악_판소리/0432_민속악_판소리_거문고.wav,48000,2,12554181,261.545,PCM_24,train
0432_민속악_판소리,0432,판소리,대금,대금,대금,관악,True,data/extracted/train/source/0432_민속악_판소리/0432_민속악_판소리_대금.wav,48000,2,12554181,261.545,PCM_24,train
0432_민속악_판소리,0432,판소리,소리북,소리북,타악기,타악,True,data/extracted/train/source/0432_민속악_판소리/0432_민속악_판소리_소리북.wav,48000,2,12554181,261.545,PCM_24,train
0432_민속악_판소리,0432,판소리,아쟁,아쟁,아쟁,찰현,True,data/extracted/train/source/0432_민속악_판소리/0432_민속악_판소리_아쟁.wav,48000,2,12554181,261.545,PCM_24,train
0432_민속악_판소리,0432,판소리,피리,피리,피리,관악,True,data/extracted/train/source/0432_민속악_판소리/0432_민속악_판소리_피리.wav,48000,2,12554181,261.545,PCM_24,train
0432_민속악_판소리,0432,판소리,해금,해금,해금,찰현,True,data/extracted/train/source/0432_민속악_판소리/0432_민속악_판소리_해금.wav,48000,2,12554181,261.545,PCM_24,train
0434_민속악_판소리,0434,판소리,가야금,가야금,가야금,발현,True,data/extracted/train/source/0434_민속악_판소리/0434_민속악_판소리_가야금.wav,48000,2,9054000,188.625,PCM_24,train
0434_민속악_판소리,0434,판소리,거문고,거문고,거문고,발현,True,data/extracted/train/source/0434_민속악_판소리/0434_민속악_판소리_거문고.wav,48000,2,9054000,188.625,PCM_24,train
0434_민속악_판소리,0434,판소리,대금,대금,대금,관악,True,data/extracted/train/source/0434_민속악_판소리/0434_민속악_판소리_대금.wav,48000,2,9054000,188.625,PCM_24,train
0434_민속악_판소리,0434,판소리,소리북,소리북,타악기,타악,True,data/extracted/train/source/0434_민속악_판소리/0434_민속악_판소리_소리북.wav,48000,2,9054000,188.625,PCM_24,train
0434_민속악_판소리,0434,판소리,아쟁,아쟁,아쟁,찰현,True,data/extracted/train/source/0434_민속악_판소리/0434_민속악_판소리_아쟁.wav,48000,2,9054000,188.625,PCM_24,train
0434_민속악_판소리,0434,판소리,피리,피리,피리,관악,True,data/extracted/train/source/0434_민속악_판소리/0434_민속악_판소리_피리.wav,48000,2,9054000,188.625,PCM_24,train
0434_민속악_판소리,0434,판소리,해금,해금,해금,찰현,True,data/extracted/train/source/0434_민속악_판소리/0434_민속악_판소리_해금.wav,48000,2,9054000,188.625,PCM_24,train
0435_민속악_판소리,0435,판소리,가야금,가야금,가야금,발현,True,data/extracted/train/source/0435_민속악_판소리/0435_민속악_판소리_가야금.wav,48000,2,6512000,135.667,PCM_24,train
0435_민속악_판소리,0435,판소리,거문고,거문고,거문고,발현,True,data/extracted/train/source/0435_민속악_판소리/0435_민속악_판소리_거문고.wav,48000,2,6512000,135.667,PCM_24,train
0435_민속악_판소리,0435,판소리,대금,대금,대금,관악,True,data/extracted/train/source/0435_민속악_판소리/0435_민속악_판소리_대금.wav,48000,2,6512000,135.667,PCM_24,train
0435_민속악_판소리,0435,판소리,소리북,소리북,타악기,타악,True,data/extracted/train/source/0435_민속악_판소리/0435_민속악_판소리_소리북.wav,48000,2,6512000,135.667,PCM_24,train
0435_민속악_판소리,0435,판소리,아쟁,아쟁,아쟁,찰현,True,data/extracted/train/source/0435_민속악_판소리/0435_민속악_판소리_아쟁.wav,48000,2,6512000,135.667,PCM_24,train
0435_민속악_판소리,0435,판소리,피리,피리,피리,관악,True,data/extracted/train/source/0435_민속악_판소리/0435_민속악_판소리_피리.wav,48000,2,6512000,135.667,PCM_24,train
0435_민속악_판소리,0435,판소리,해금,해금,해금,찰현,True,data/extracted/train/source/0435_민속악_판소리/0435_민속악_판소리_해금.wav,48000,2,6512000,135.667,PCM_24,train
0436_민속악_판소리,0436,판소리,가야금,가야금,가야금,발현,True,data/extracted/train/source/0436_민속악_판소리/0436_민속악_판소리_가야금.wav,48000,2,8676000,180.75,PCM_24,val
0436_민속악_판소리,0436,판소리,거문고,거문고,거문고,발현,True,data/extracted/train/source/0436_민속악_판소리/0436_민속악_판소리_거문고.wav,48000,2,8676000,180.75,PCM_24,val
0436_민속악_판소리,0436,판소리,대금,대금,대금,관악,True,data/extracted/train/source/0436_민속악_판소리/0436_민속악_판소리_대금.wav,48000,2,8676000,180.75,PCM_24,val
0436_민속악_판소리,0436,판소리,소리북,소리북,타악기,타악,True,data/extracted/train/source/0436_민속악_판소리/0436_민속악_판소리_소리북.wav,48000,2,8676000,180.75,PCM_24,val
0436_민속악_판소리,0436,판소리,아쟁,아쟁,아쟁,찰현,True,data/extracted/train/source/0436_민속악_판소리/0436_민속악_판소리_아쟁.wav,48000,2,8676000,180.75,PCM_24,val
0436_민속악_판소리,0436,판소리,피리,피리,피리,관악,True,data/extracted/train/source/0436_민속악_판소리/0436_민속악_판소리_피리.wav,48000,2,8676000,180.75,PCM_24,val
0436_민속악_판소리,0436,판소리,해금,해금,해금,찰현,True,data/extracted/train/source/0436_민속악_판소리/0436_민속악_판소리_해금.wav,48000,2,8676000,180.75,PCM_24,val
0437_민속악_판소리,0437,판소리,가야금,가야금,가야금,발현,True,data/extracted/train/source/0437_민속악_판소리/0437_민속악_판소리_가야금.wav,48000,2,6150857,128.143,PCM_24,train
0437_민속악_판소리,0437,판소리,거문고,거문고,거문고,발현,True,data/extracted/train/source/0437_민속악_판소리/0437_민속악_판소리_거문고.wav,48000,2,6150857,128.143,PCM_24,train
0437_민속악_판소리,0437,판소리,대금,대금,대금,관악,True,data/extracted/train/source/0437_민속악_판소리/0437_민속악_판소리_대금.wav,48000,2,6150857,128.143,PCM_24,train
0437_민속악_판소리,0437,판소리,소리북,소리북,타악기,타악,True,data/extracted/train/source/0437_민속악_판소리/0437_민속악_판소리_소리북.wav,48000,2,6150857,128.143,PCM_24,train
0437_민속악_판소리,0437,판소리,아쟁,아쟁,아쟁,찰현,True,data/extracted/train/source/0437_민속악_판소리/0437_민속악_판소리_아쟁.wav,48000,2,6150857,128.143,PCM_24,train
0437_민속악_판소리,0437,판소리,피리,피리,피리,관악,True,data/extracted/train/source/0437_민속악_판소리/0437_민속악_판소리_피리.wav,48000,2,6150857,128.143,PCM_24,train
0437_민속악_판소리,0437,판소리,해금,해금,해금,찰현,True,data/extracted/train/source/0437_민속악_판소리/0437_민속악_판소리_해금.wav,48000,2,6150857,128.143,PCM_24,train
0438_민속악_판소리,0438,판소리,가야금,가야금,가야금,발현,True,data/extracted/train/source/0438_민속악_판소리/0438_민속악_판소리_가야금.wav,48000,2,5904000,123.0,PCM_24,train
0438_민속악_판소리,0438,판소리,거문고,거문고,거문고,발현,True,data/extracted/train/source/0438_민속악_판소리/0438_민속악_판소리_거문고.wav,48000,2,5904000,123.0,PCM_24,train
0438_민속악_판소리,0438,판소리,대금,대금,대금,관악,True,data/extracted/train/source/0438_민속악_판소리/0438_민속악_판소리_대금.wav,48000,2,5904000,123.0,PCM_24,train
0438_민속악_판소리,0438,판소리,소리북,소리북,타악기,타악,True,data/extracted/train/source/0438_민속악_판소리/0438_민속악_판소리_소리북.wav,48000,2,5904000,123.0,PCM_24,train
0438_민속악_판소리,0438,판소리,아쟁,아쟁,아쟁,찰현,True,data/extracted/train/source/0438_민속악_판소리/0438_민속악_판소리_아쟁.wav,48000,2,5904000,123.0,PCM_24,train
0438_민속악_판소리,0438,판소리,피리,피리,피리,관악,True,data/extracted/train/source/0438_민속악_판소리/0438_민속악_판소리_피리.wav,48000,2,5904000,123.0,PCM_24,train
0438_민속악_판소리,0438,판소리,해금,해금,해금,찰현,True,data/extracted/train/source/0438_민속악_판소리/0438_민속악_판소리_해금.wav,48000,2,5904000,123.0,PCM_24,train
0439_민속악_판소리,0439,판소리,가야금,가야금,가야금,발현,True,data/extracted/val/source/0439_민속악_판소리/0439_민속악_판소리_가야금.wav,48000,2,5410286,112.714,PCM_24,train
0439_민속악_판소리,0439,판소리,거문고,거문고,거문고,발현,True,data/extracted/val/source/0439_민속악_판소리/0439_민속악_판소리_거문고.wav,48000,2,5410286,112.714,PCM_24,train
0439_민속악_판소리,0439,판소리,대금,대금,대금,관악,True,data/extracted/val/source/0439_민속악_판소리/0439_민속악_판소리_대금.wav,48000,2,5410286,112.714,PCM_24,train
0439_민속악_판소리,0439,판소리,소리북,소리북,타악기,타악,True,data/extracted/val/source/0439_민속악_판소리/0439_민속악_판소리_소리북.wav,48000,2,5410286,112.714,PCM_24,train
0439_민속악_판소리,0439,판소리,아쟁,아쟁,아쟁,찰현,True,data/extracted/val/source/0439_민속악_판소리/0439_민속악_판소리_아쟁.wav,48000,2,5410286,112.714,PCM_24,train
0439_민속악_판소리,0439,판소리,피리,피리,피리,관악,True,data/extracted/val/source/0439_민속악_판소리/0439_민속악_판소리_피리.wav,48000,2,5410286,112.714,PCM_24,train
0439_민속악_판소리,0439,판소리,해금,해금,해금,찰현,True,data/extracted/val/source/0439_민속악_판소리/0439_민속악_판소리_해금.wav,48000,2,5410286,112.714,PCM_24,train
0440_민속악_판소리,0440,판소리,가야금,가야금,가야금,발현,True,data/extracted/train/source/0440_민속악_판소리/0440_민속악_판소리_가야금.wav,48000,2,15984000,333.0,PCM_24,train
0440_민속악_판소리,0440,판소리,거문고,거문고,거문고,발현,True,data/extracted/train/source/0440_민속악_판소리/0440_민속악_판소리_거문고.wav,48000,2,15984000,333.0,PCM_24,train
0440_민속악_판소리,0440,판소리,대금,대금,대금,관악,True,data/extracted/train/source/0440_민속악_판소리/0440_민속악_판소리_대금.wav,48000,2,15984000,333.0,PCM_24,train
0440_민속악_판소리,0440,판소리,소리북,소리북,타악기,타악,True,data/extracted/train/source/0440_민속악_판소리/0440_민속악_판소리_소리북.wav,48000,2,15984000,333.0,PCM_24,train
0440_민속악_판소리,0440,판소리,아쟁,아쟁,아쟁,찰현,True,data/extracted/train/source/0440_민속악_판소리/0440_민속악_판소리_아쟁.wav,48000,2,15984000,333.0,PCM_24,train
0440_민속악_판소리,0440,판소리,피리,피리,피리,관악,True,data/extracted/train/source/0440_민속악_판소리/0440_민속악_판소리_피리.wav,48000,2,15984000,333.0,PCM_24,train
0440_민속악_판소리,0440,판소리,해금,해금,해금,찰현,True,data/extracted/train/source/0440_민속악_판소리/0440_민속악_판소리_해금.wav,48000,2,15984000,333.0,PCM_24,train
0441_민속악_판소리,0441,판소리,가야금,가야금,가야금,발현,True,data/extracted/train/source/0441_민속악_판소리/0441_민속악_판소리_가야금.wav,48000,2,15984000,333.0,PCM_24,train
0441_민속악_판소리,0441,판소리,거문고,거문고,거문고,발현,True,data/extracted/train/source/0441_민속악_판소리/0441_민속악_판소리_거문고.wav,48000,2,15984000,333.0,PCM_24,train
0441_민속악_판소리,0441,판소리,대금,대금,대금,관악,True,data/extracted/train/source/0441_민속악_판소리/0441_민속악_판소리_대금.wav,48000,2,15984000,333.0,PCM_24,train
0441_민속악_판소리,0441,판소리,소리북,소리북,타악기,타악,True,data/extracted/train/source/0441_민속악_판소리/0441_민속악_판소리_소리북.wav,48000,2,15984000,333.0,PCM_24,train
0441_민속악_판소리,0441,판소리,아쟁,아쟁,아쟁,찰현,True,data/extracted/train/source/0441_민속악_판소리/0441_민속악_판소리_아쟁.wav,48000,2,15984000,333.0,PCM_24,train
0441_민속악_판소리,0441,판소리,피리,피리,피리,관악,True,data/extracted/train/source/0441_민속악_판소리/0441_민속악_판소리_피리.wav,48000,2,15984000,333.0,PCM_24,train
0441_민속악_판소리,0441,판소리,해금,해금,해금,찰현,True,data/extracted/train/source/0441_민속악_판소리/0441_민속악_판소리_해금.wav,48000,2,15984000,333.0,PCM_24,train
0442_민속악_판소리,0442,판소리,가야금,가야금,가야금,발현,True,data/extracted/train/source/0442_민속악_판소리/0442_민속악_판소리_가야금.wav,48000,2,5410285,112.714,PCM_24,train
0442_민속악_판소리,0442,판소리,거문고,거문고,거문고,발현,True,data/extracted/train/source/0442_민속악_판소리/0442_민속악_판소리_거문고.wav,48000,2,5410285,112.714,PCM_24,train
0442_민속악_판소리,0442,판소리,대금,대금,대금,관악,True,data/extracted/train/source/0442_민속악_판소리/0442_민속악_판소리_대금.wav,48000,2,5410285,112.714,PCM_24,train
0442_민속악_판소리,0442,판소리,소리북,소리북,타악기,타악,True,data/extracted/train/source/0442_민속악_판소리/0442_민속악_판소리_소리북.wav,48000,2,5410285,112.714,PCM_24,train
0442_민속악_판소리,0442,판소리,아쟁,아쟁,아쟁,찰현,True,data/extracted/train/source/0442_민속악_판소리/0442_민속악_판소리_아쟁.wav,48000,2,5410285,112.714,PCM_24,train
0442_민속악_판소리,0442,판소리,피리,피리,피리,관악,True,data/extracted/train/source/0442_민속악_판소리/0442_민속악_판소리_피리.wav,48000,2,5410285,112.714,PCM_24,train
0442_민속악_판소리,0442,판소리,해금,해금,해금,찰현,True,data/extracted/train/source/0442_민속악_판소리/0442_민속악_판소리_해금.wav,48000,2,5410285,112.714,PCM_24,train
0443_민속악_판소리,0443,판소리,가야금,가야금,가야금,발현,True,data/extracted/train/source/0443_민속악_판소리/0443_민속악_판소리_가야금.wav,48000,2,25405715,529.286,PCM_24,train
0443_민속악_판소리,0443,판소리,거문고,거문고,거문고,발현,True,data/extracted/train/source/0443_민속악_판소리/0443_민속악_판소리_거문고.wav,48000,2,25405715,529.286,PCM_24,train
0443_민속악_판소리,0443,판소리,대금,대금,대금,관악,True,data/extracted/train/source/0443_민속악_판소리/0443_민속악_판소리_대금.wav,48000,2,25405715,529.286,PCM_24,train
0443_민속악_판소리,0443,판소리,소리북,소리북,타악기,타악,True,data/extracted/train/source/0443_민속악_판소리/0443_민속악_판소리_소리북.wav,48000,2,25405715,529.286,PCM_24,train
0443_민속악_판소리,0443,판소리,아쟁,아쟁,아쟁,찰현,True,data/extracted/train/source/0443_민속악_판소리/0443_민속악_판소리_아쟁.wav,48000,2,25405715,529.286,PCM_24,train
0443_민속악_판소리,0443,판소리,피리,피리,피리,관악,True,data/extracted/train/source/0443_민속악_판소리/0443_민속악_판소리_피리.wav,48000,2,25405715,529.286,PCM_24,train
0443_민속악_판소리,0443,판소리,해금,해금,해금,찰현,True,data/extracted/train/source/0443_민속악_판소리/0443_민속악_판소리_해금.wav,48000,2,25405715,529.286,PCM_24,train
0444_민속악_판소리,0444,판소리,가야금,가야금,가야금,발현,True,data/extracted/train/source/0444_민속악_판소리/0444_민속악_판소리_가야금.wav,48000,2,10121143,210.857,PCM_24,train
0444_민속악_판소리,0444,판소리,거문고,거문고,거문고,발현,True,data/extracted/train/source/0444_민속악_판소리/0444_민속악_판소리_거문고.wav,48000,2,10121143,210.857,PCM_24,train
0444_민속악_판소리,0444,판소리,대금,대금,대금,관악,True,data/extracted/train/source/0444_민속악_판소리/0444_민속악_판소리_대금.wav,48000,2,10121143,210.857,PCM_24,train
0444_민속악_판소리,0444,판소리,소리북,소리북,타악기,타악,True,data/extracted/train/source/0444_민속악_판소리/0444_민속악_판소리_소리북.wav,48000,2,10121143,210.857,PCM_24,train
0444_민속악_판소리,0444,판소리,아쟁,아쟁,아쟁,찰현,True,data/extracted/train/source/0444_민속악_판소리/0444_민속악_판소리_아쟁.wav,48000,2,10121143,210.857,PCM_24,train
0444_민속악_판소리,0444,판소리,피리,피리,피리,관악,True,data/extracted/train/source/0444_민속악_판소리/0444_민속악_판소리_피리.wav,48000,2,10121143,210.857,PCM_24,train
0444_민속악_판소리,0444,판소리,해금,해금,해금,찰현,True,data/extracted/train/source/0444_민속악_판소리/0444_민속악_판소리_해금.wav,48000,2,10121143,210.857,PCM_24,train
0445_민속악_판소리,0445,판소리,가야금,가야금,가야금,발현,True,data/extracted/train/source/0445_민속악_판소리/0445_민속악_판소리_가야금.wav,48000,2,7241143,150.857,PCM_24,val
0445_민속악_판소리,0445,판소리,거문고,거문고,거문고,발현,True,data/extracted/train/source/0445_민속악_판소리/0445_민속악_판소리_거문고.wav,48000,2,7241143,150.857,PCM_24,val
0445_민속악_판소리,0445,판소리,대금,대금,대금,관악,True,data/extracted/train/source/0445_민속악_판소리/0445_민속악_판소리_대금.wav,48000,2,7241143,150.857,PCM_24,val
0445_민속악_판소리,0445,판소리,소리북,소리북,타악기,타악,True,data/extracted/train/source/0445_민속악_판소리/0445_민속악_판소리_소리북.wav,48000,2,7241143,150.857,PCM_24,val
0445_민속악_판소리,0445,판소리,아쟁,아쟁,아쟁,찰현,True,data/extracted/train/source/0445_민속악_판소리/0445_민속악_판소리_아쟁.wav,48000,2,7241143,150.857,PCM_24,val
0445_민속악_판소리,0445,판소리,피리,피리,피리,관악,True,data/extracted/train/source/0445_민속악_판소리/0445_민속악_판소리_피리.wav,48000,2,7241143,150.857,PCM_24,val
0445_민속악_판소리,0445,판소리,해금,해금,해금,찰현,True,data/extracted/train/source/0445_민속악_판소리/0445_민속악_판소리_해금.wav,48000,2,7241143,150.857,PCM_24,val
0446_민속악_판소리,0446,판소리,가야금,가야금,가야금,발현,True,data/extracted/val/source/0446_민속악_판소리/0446_민속악_판소리_가야금.wav,48000,2,11129143,231.857,PCM_24,train
0446_민속악_판소리,0446,판소리,거문고,거문고,거문고,발현,True,data/extracted/val/source/0446_민속악_판소리/0446_민속악_판소리_거문고.wav,48000,2,11129143,231.857,PCM_24,train
0446_민속악_판소리,0446,판소리,대금,대금,대금,관악,True,data/extracted/val/source/0446_민속악_판소리/0446_민속악_판소리_대금.wav,48000,2,11129143,231.857,PCM_24,train
0446_민속악_판소리,0446,판소리,소리북,소리북,타악기,타악,True,data/extracted/val/source/0446_민속악_판소리/0446_민속악_판소리_소리북.wav,48000,2,11129143,231.857,PCM_24,train
0446_민속악_판소리,0446,판소리,아쟁,아쟁,아쟁,찰현,True,data/extracted/val/source/0446_민속악_판소리/0446_민속악_판소리_아쟁.wav,48000,2,11129143,231.857,PCM_24,train
0446_민속악_판소리,0446,판소리,피리,피리,피리,관악,True,data/extracted/val/source/0446_민속악_판소리/0446_민속악_판소리_피리.wav,48000,2,11129143,231.857,PCM_24,train
0446_민속악_판소리,0446,판소리,해금,해금,해금,찰현,True,data/extracted/val/source/0446_민속악_판소리/0446_민속악_판소리_해금.wav,48000,2,11129143,231.857,PCM_24,train
0447_민속악_판소리,0447,판소리,가야금,가야금,가야금,발현,True,data/extracted/train/source/0447_민속악_판소리/0447_민속악_판소리_가야금.wav,48000,2,7588800,158.1,PCM_24,train
0447_민속악_판소리,0447,판소리,거문고,거문고,거문고,발현,True,data/extracted/train/source/0447_민속악_판소리/0447_민속악_판소리_거문고.wav,48000,2,7588800,158.1,PCM_24,train
0447_민속악_판소리,0447,판소리,대금,대금,대금,관악,True,data/extracted/train/source/0447_민속악_판소리/0447_민속악_판소리_대금.wav,48000,2,7588800,158.1,PCM_24,train
0447_민속악_판소리,0447,판소리,소리북,소리북,타악기,타악,True,data/extracted/train/source/0447_민속악_판소리/0447_민속악_판소리_소리북.wav,48000,2,7588800,158.1,PCM_24,train
0447_민속악_판소리,0447,판소리,아쟁,아쟁,아쟁,찰현,True,data/extracted/train/source/0447_민속악_판소리/0447_민속악_판소리_아쟁.wav,48000,2,7588800,158.1,PCM_24,train
0447_민속악_판소리,0447,판소리,피리,피리,피리,관악,True,data/extracted/train/source/0447_민속악_판소리/0447_민속악_판소리_피리.wav,48000,2,7588800,158.1,PCM_24,train
0447_민속악_판소리,0447,판소리,해금,해금,해금,찰현,True,data/extracted/train/source/0447_민속악_판소리/0447_민속악_판소리_해금.wav,48000,2,7588800,158.1,PCM_24,train
0448_민속악_판소리,0448,판소리,가야금,가야금,가야금,발현,True,data/extracted/train/source/0448_민속악_판소리/0448_민속악_판소리_가야금.wav,48000,2,15706286,327.214,PCM_24,train
0448_민속악_판소리,0448,판소리,거문고,거문고,거문고,발현,True,data/extracted/train/source/0448_민속악_판소리/0448_민속악_판소리_거문고.wav,48000,2,15706286,327.214,PCM_24,train
0448_민속악_판소리,0448,판소리,대금,대금,대금,관악,True,data/extracted/train/source/0448_민속악_판소리/0448_민속악_판소리_대금.wav,48000,2,15706286,327.214,PCM_24,train
0448_민속악_판소리,0448,판소리,소리북,소리북,타악기,타악,True,data/extracted/train/source/0448_민속악_판소리/0448_민속악_판소리_소리북.wav,48000,2,15706286,327.214,PCM_24,train
0448_민속악_판소리,0448,판소리,아쟁,아쟁,아쟁,찰현,True,data/extracted/train/source/0448_민속악_판소리/0448_민속악_판소리_아쟁.wav,48000,2,15706286,327.214,PCM_24,train
0448_민속악_판소리,0448,판소리,피리,피리,피리,관악,True,data/extracted/train/source/0448_민속악_판소리/0448_민속악_판소리_피리.wav,48000,2,15706286,327.214,PCM_24,train
0448_민속악_판소리,0448,판소리,해금,해금,해금,찰현,True,data/extracted/train/source/0448_민속악_판소리/0448_민속악_판소리_해금.wav,48000,2,15706286,327.214,PCM_24,train
0449_민속악_판소리,0449,판소리,가야금,가야금,가야금,발현,True,data/extracted/train/source/0449_민속악_판소리/0449_민속악_판소리_가야금.wav,48000,2,16056000,334.5,PCM_24,val
0449_민속악_판소리,0449,판소리,거문고,거문고,거문고,발현,True,data/extracted/train/source/0449_민속악_판소리/0449_민속악_판소리_거문고.wav,48000,2,16056000,334.5,PCM_24,val
0449_민속악_판소리,0449,판소리,대금,대금,대금,관악,True,data/extracted/train/source/0449_민속악_판소리/0449_민속악_판소리_대금.wav,48000,2,16056000,334.5,PCM_24,val
0449_민속악_판소리,0449,판소리,소리북,소리북,타악기,타악,True,data/extracted/train/source/0449_민속악_판소리/0449_민속악_판소리_소리북.wav,48000,2,16056000,334.5,PCM_24,val
0449_민속악_판소리,0449,판소리,아쟁,아쟁,아쟁,찰현,True,data/extracted/train/source/0449_민속악_판소리/0449_민속악_판소리_아쟁.wav,48000,2,16056000,334.5,PCM_24,val
0449_민속악_판소리,0449,판소리,피리,피리,피리,관악,True,data/extracted/train/source/0449_민속악_판소리/0449_민속악_판소리_피리.wav,48000,2,16056000,334.5,PCM_24,val
0449_민속악_판소리,0449,판소리,해금,해금,해금,찰현,True,data/extracted/train/source/0449_민속악_판소리/0449_민속악_판소리_해금.wav,48000,2,16056000,334.5,PCM_24,val
0450_민속악_판소리,0450,판소리,가야금,가야금,가야금,발현,True,data/extracted/train/source/0450_민속악_판소리/0450_민속악_판소리_가야금.wav,48000,2,15768000,328.5,PCM_24,train
0450_민속악_판소리,0450,판소리,거문고,거문고,거문고,발현,True,data/extracted/train/source/0450_민속악_판소리/0450_민속악_판소리_거문고.wav,48000,2,15768000,328.5,PCM_24,train
0450_민속악_판소리,0450,판소리,대금,대금,대금,관악,True,data/extracted/train/source/0450_민속악_판소리/0450_민속악_판소리_대금.wav,48000,2,15768000,328.5,PCM_24,train
0450_민속악_판소리,0450,판소리,소리북,소리북,타악기,타악,True,data/extracted/train/source/0450_민속악_판소리/0450_민속악_판소리_소리북.wav,48000,2,15768000,328.5,PCM_24,train
0450_민속악_판소리,0450,판소리,아쟁,아쟁,아쟁,찰현,True,data/extracted/train/source/0450_민속악_판소리/0450_민속악_판소리_아쟁.wav,48000,2,15768000,328.5,PCM_24,train
0450_민속악_판소리,0450,판소리,피리,피리,피리,관악,True,data/extracted/train/source/0450_민속악_판소리/0450_민속악_판소리_피리.wav,48000,2,15768000,328.5,PCM_24,train
0450_민속악_판소리,0450,판소리,해금,해금,해금,찰현,True,data/extracted/train/source/0450_민속악_판소리/0450_민속악_판소리_해금.wav,48000,2,15768000,328.5,PCM_24,train
0451_민속악_판소리,0451,판소리,가야금,가야금,가야금,발현,True,data/extracted/train/source/0451_민속악_판소리/0451_민속악_판소리_가야금.wav,48000,2,5228800,108.933,PCM_24,train
0451_민속악_판소리,0451,판소리,거문고,거문고,거문고,발현,True,data/extracted/train/source/0451_민속악_판소리/0451_민속악_판소리_거문고.wav,48000,2,5228800,108.933,PCM_24,train
0451_민속악_판소리,0451,판소리,대금,대금,대금,관악,True,data/extracted/train/source/0451_민속악_판소리/0451_민속악_판소리_대금.wav,48000,2,5228800,108.933,PCM_24,train
0451_민속악_판소리,0451,판소리,소리북,소리북,타악기,타악,True,data/extracted/train/source/0451_민속악_판소리/0451_민속악_판소리_소리북.wav,48000,2,5228800,108.933,PCM_24,train
0451_민속악_판소리,0451,판소리,아쟁,아쟁,아쟁,찰현,True,data/extracted/train/source/0451_민속악_판소리/0451_민속악_판소리_아쟁.wav,48000,2,5226496,108.885,PCM_24,train
0451_민속악_판소리,0451,판소리,피리,피리,피리,관악,True,data/extracted/train/source/0451_민속악_판소리/0451_민속악_판소리_피리.wav,48000,2,5228800,108.933,PCM_24,train
0451_민속악_판소리,0451,판소리,해금,해금,해금,찰현,True,data/extracted/train/source/0451_민속악_판소리/0451_민속악_판소리_해금.wav,48000,2,5228800,108.933,PCM_24,train
0452_민속악_판소리,0452,판소리,가야금,가야금,가야금,발현,True,data/extracted/train/source/0452_민속악_판소리/0452_민속악_판소리_가야금.wav,48000,2,17472000,364.0,PCM_24,test
0452_민속악_판소리,0452,판소리,거문고,거문고,거문고,발현,True,data/extracted/train/source/0452_민속악_판소리/0452_민속악_판소리_거문고.wav,48000,2,17472000,364.0,PCM_24,test
0452_민속악_판소리,0452,판소리,대금,대금,대금,관악,True,data/extracted/train/source/0452_민속악_판소리/0452_민속악_판소리_대금.wav,48000,2,17472000,364.0,PCM_24,test
0452_민속악_판소리,0452,판소리,소리북,소리북,타악기,타악,True,data/extracted/train/source/0452_민속악_판소리/0452_민속악_판소리_소리북.wav,48000,2,17472000,364.0,PCM_24,test
0452_민속악_판소리,0452,판소리,아쟁,아쟁,아쟁,찰현,True,data/extracted/train/source/0452_민속악_판소리/0452_민속악_판소리_아쟁.wav,48000,2,17472000,364.0,PCM_24,test
0452_민속악_판소리,0452,판소리,피리,피리,피리,관악,True,data/extracted/train/source/0452_민속악_판소리/0452_민속악_판소리_피리.wav,48000,2,17472000,364.0,PCM_24,test
0452_민속악_판소리,0452,판소리,해금,해금,해금,찰현,True,data/extracted/train/source/0452_민속악_판소리/0452_민속악_판소리_해금.wav,48000,2,17472000,364.0,PCM_24,test
0453_민속악_판소리,0453,판소리,가야금,가야금,가야금,발현,True,data/extracted/train/source/0453_민속악_판소리/0453_민속악_판소리_가야금.wav,48000,2,17088000,356.0,PCM_24,train
0453_민속악_판소리,0453,판소리,거문고,거문고,거문고,발현,True,data/extracted/train/source/0453_민속악_판소리/0453_민속악_판소리_거문고.wav,48000,2,17088000,356.0,PCM_24,train
0453_민속악_판소리,0453,판소리,대금,대금,대금,관악,True,data/extracted/train/source/0453_민속악_판소리/0453_민속악_판소리_대금.wav,48000,2,17088000,356.0,PCM_24,train
0453_민속악_판소리,0453,판소리,소리북,소리북,타악기,타악,True,data/extracted/train/source/0453_민속악_판소리/0453_민속악_판소리_소리북.wav,48000,2,17088000,356.0,PCM_24,train
0453_민속악_판소리,0453,판소리,아쟁,아쟁,아쟁,찰현,True,data/extracted/train/source/0453_민속악_판소리/0453_민속악_판소리_아쟁.wav,48000,2,17088000,356.0,PCM_24,train
0453_민속악_판소리,0453,판소리,피리,피리,피리,관악,True,data/extracted/train/source/0453_민속악_판소리/0453_민속악_판소리_피리.wav,48000,2,17088000,356.0,PCM_24,train
0453_민속악_판소리,0453,판소리,해금,해금,해금,찰현,True,data/extracted/train/source/0453_민속악_판소리/0453_민속악_판소리_해금.wav,48000,2,17088000,356.0,PCM_24,train
0454_민속악_판소리,0454,판소리,가야금,가야금,가야금,발현,True,data/extracted/train/source/0454_민속악_판소리/0454_민속악_판소리_가야금.wav,48000,2,6980800,145.433,PCM_24,train
0454_민속악_판소리,0454,판소리,거문고,거문고,거문고,발현,True,data/extracted/train/source/0454_민속악_판소리/0454_민속악_판소리_거문고.wav,48000,2,6980800,145.433,PCM_24,train
0454_민속악_판소리,0454,판소리,대금,대금,대금,관악,True,data/extracted/train/source/0454_민속악_판소리/0454_민속악_판소리_대금.wav,48000,2,6980800,145.433,PCM_24,train
0454_민속악_판소리,0454,판소리,소리북,소리북,타악기,타악,True,data/extracted/train/source/0454_민속악_판소리/0454_민속악_판소리_소리북.wav,48000,2,6980800,145.433,PCM_24,train
0454_민속악_판소리,0454,판소리,아쟁,아쟁,아쟁,찰현,True,data/extracted/train/source/0454_민속악_판소리/0454_민속악_판소리_아쟁.wav,48000,2,6979584,145.408,PCM_24,train
0454_민속악_판소리,0454,판소리,피리,피리,피리,관악,True,data/extracted/train/source/0454_민속악_판소리/0454_민속악_판소리_피리.wav,48000,2,6980800,145.433,PCM_24,train
0454_민속악_판소리,0454,판소리,해금,해금,해금,찰현,True,data/extracted/train/source/0454_민속악_판소리/0454_민속악_판소리_해금.wav,48000,2,6980800,145.433,PCM_24,train
0455_민속악_판소리,0455,판소리,가야금,가야금,가야금,발현,True,data/extracted/train/source/0455_민속악_판소리/0455_민속악_판소리_가야금.wav,48000,2,17088000,356.0,PCM_24,train
0455_민속악_판소리,0455,판소리,거문고,거문고,거문고,발현,True,data/extracted/train/source/0455_민속악_판소리/0455_민속악_판소리_거문고.wav,48000,2,17088000,356.0,PCM_24,train
0455_민속악_판소리,0455,판소리,대금,대금,대금,관악,True,data/extracted/train/source/0455_민속악_판소리/0455_민속악_판소리_대금.wav,48000,2,17088000,356.0,PCM_24,train
0455_민속악_판소리,0455,판소리,소리북,소리북,타악기,타악,True,data/extracted/train/source/0455_민속악_판소리/0455_민속악_판소리_소리북.wav,48000,2,17088000,356.0,PCM_24,train
0455_민속악_판소리,0455,판소리,아쟁,아쟁,아쟁,찰현,True,data/extracted/train/source/0455_민속악_판소리/0455_민속악_판소리_아쟁.wav,48000,2,17088000,356.0,PCM_24,train
0455_민속악_판소리,0455,판소리,피리,피리,피리,관악,True,data/extracted/train/source/0455_민속악_판소리/0455_민속악_판소리_피리.wav,48000,2,17088000,356.0,PCM_24,train
0455_민속악_판소리,0455,판소리,해금,해금,해금,찰현,True,data/extracted/train/source/0455_민속악_판소리/0455_민속악_판소리_해금.wav,48000,2,17088000,356.0,PCM_24,train
0456_민속악_판소리,0456,판소리,가야금,가야금,가야금,발현,True,data/extracted/train/source/0456_민속악_판소리/0456_민속악_판소리_가야금.wav,48000,2,13889600,289.367,PCM_24,train
0456_민속악_판소리,0456,판소리,거문고,거문고,거문고,발현,True,data/extracted/train/source/0456_민속악_판소리/0456_민속악_판소리_거문고.wav,48000,2,13889600,289.367,PCM_24,train
0456_민속악_판소리,0456,판소리,대금,대금,대금,관악,True,data/extracted/train/source/0456_민속악_판소리/0456_민속악_판소리_대금.wav,48000,2,13889600,289.367,PCM_24,train
0456_민속악_판소리,0456,판소리,소리북,소리북,타악기,타악,True,data/extracted/train/source/0456_민속악_판소리/0456_민속악_판소리_소리북.wav,48000,2,13889600,289.367,PCM_24,train
0456_민속악_판소리,0456,판소리,아쟁,아쟁,아쟁,찰현,True,data/extracted/train/source/0456_민속악_판소리/0456_민속악_판소리_아쟁.wav,48000,2,13888000,289.333,PCM_24,train
0456_민속악_판소리,0456,판소리,피리,피리,피리,관악,True,data/extracted/train/source/0456_민속악_판소리/0456_민속악_판소리_피리.wav,48000,2,13889600,289.367,PCM_24,train
0456_민속악_판소리,0456,판소리,해금,해금,해금,찰현,True,data/extracted/train/source/0456_민속악_판소리/0456_민속악_판소리_해금.wav,48000,2,13889600,289.367,PCM_24,train
0457_민속악_판소리,0457,판소리,가야금,가야금,가야금,발현,True,data/extracted/train/source/0457_민속악_판소리/0457_민속악_판소리_가야금.wav,48000,2,9569600,199.367,PCM_24,train
0457_민속악_판소리,0457,판소리,거문고,거문고,거문고,발현,True,data/extracted/train/source/0457_민속악_판소리/0457_민속악_판소리_거문고.wav,48000,2,9569600,199.367,PCM_24,train
0457_민속악_판소리,0457,판소리,대금,대금,대금,관악,True,data/extracted/train/source/0457_민속악_판소리/0457_민속악_판소리_대금.wav,48000,2,9569600,199.367,PCM_24,train
0457_민속악_판소리,0457,판소리,소리북,소리북,타악기,타악,True,data/extracted/train/source/0457_민속악_판소리/0457_민속악_판소리_소리북.wav,48000,2,9569600,199.367,PCM_24,train
0457_민속악_판소리,0457,판소리,아쟁,아쟁,아쟁,찰현,True,data/extracted/train/source/0457_민속악_판소리/0457_민속악_판소리_아쟁.wav,48000,2,9568000,199.333,PCM_24,train
0457_민속악_판소리,0457,판소리,피리,피리,피리,관악,True,data/extracted/train/source/0457_민속악_판소리/0457_민속악_판소리_피리.wav,48000,2,9569600,199.367,PCM_24,train
0457_민속악_판소리,0457,판소리,해금,해금,해금,찰현,True,data/extracted/train/source/0457_민속악_판소리/0457_민속악_판소리_해금.wav,48000,2,9569600,199.367,PCM_24,train
0458_민속악_판소리,0458,판소리,가야금,가야금,가야금,발현,True,data/extracted/train/source/0458_민속악_판소리/0458_민속악_판소리_가야금.wav,48000,2,11873600,247.367,PCM_24,train
0458_민속악_판소리,0458,판소리,거문고,거문고,거문고,발현,True,data/extracted/train/source/0458_민속악_판소리/0458_민속악_판소리_거문고.wav,48000,2,11873600,247.367,PCM_24,train
0458_민속악_판소리,0458,판소리,대금,대금,대금,관악,True,data/extracted/train/source/0458_민속악_판소리/0458_민속악_판소리_대금.wav,48000,2,11873600,247.367,PCM_24,train
0458_민속악_판소리,0458,판소리,소리북,소리북,타악기,타악,True,data/extracted/train/source/0458_민속악_판소리/0458_민속악_판소리_소리북.wav,48000,2,11873600,247.367,PCM_24,train
0458_민속악_판소리,0458,판소리,아쟁,아쟁,아쟁,찰현,True,data/extracted/train/source/0458_민속악_판소리/0458_민속악_판소리_아쟁.wav,48000,2,11872000,247.333,PCM_24,train
0458_민속악_판소리,0458,판소리,피리,피리,피리,관악,True,data/extracted/train/source/0458_민속악_판소리/0458_민속악_판소리_피리.wav,48000,2,11873600,247.367,PCM_24,train
0458_민속악_판소리,0458,판소리,해금,해금,해금,찰현,True,data/extracted/train/source/0458_민속악_판소리/0458_민속악_판소리_해금.wav,48000,2,11873600,247.367,PCM_24,train
0459_민속악_판소리,0459,판소리,가야금,가야금,가야금,발현,True,data/extracted/train/source/0459_민속악_판소리/0459_민속악_판소리_가야금.wav,48000,2,17280000,360.0,PCM_24,train
0459_민속악_판소리,0459,판소리,거문고,거문고,거문고,발현,True,data/extracted/train/source/0459_민속악_판소리/0459_민속악_판소리_거문고.wav,48000,2,17280000,360.0,PCM_24,train
0459_민속악_판소리,0459,판소리,대금,대금,대금,관악,True,data/extracted/train/source/0459_민속악_판소리/0459_민속악_판소리_대금.wav,48000,2,17280000,360.0,PCM_24,train
0459_민속악_판소리,0459,판소리,소리북,소리북,타악기,타악,True,data/extracted/train/source/0459_민속악_판소리/0459_민속악_판소리_소리북.wav,48000,2,17280000,360.0,PCM_24,train
0459_민속악_판소리,0459,판소리,아쟁,아쟁,아쟁,찰현,True,data/extracted/train/source/0459_민속악_판소리/0459_민속악_판소리_아쟁.wav,48000,2,17280000,360.0,PCM_24,train
0459_민속악_판소리,0459,판소리,피리,피리,피리,관악,True,data/extracted/train/source/0459_민속악_판소리/0459_민속악_판소리_피리.wav,48000,2,17280000,360.0,PCM_24,train
0459_민속악_판소리,0459,판소리,해금,해금,해금,찰현,True,data/extracted/train/source/0459_민속악_판소리/0459_민속악_판소리_해금.wav,48000,2,17280000,360.0,PCM_24,train
0461_민속악_판소리,0461,판소리,가야금,가야금,가야금,발현,True,data/extracted/train/source/0461_민속악_판소리/0461_민속악_판소리_가야금.wav,48000,2,15952000,332.333,PCM_24,train
0461_민속악_판소리,0461,판소리,거문고,거문고,거문고,발현,True,data/extracted/train/source/0461_민속악_판소리/0461_민속악_판소리_거문고.wav,48000,2,15952000,332.333,PCM_24,train
0461_민속악_판소리,0461,판소리,대금,대금,대금,관악,True,data/extracted/train/source/0461_민속악_판소리/0461_민속악_판소리_대금.wav,48000,2,15952000,332.333,PCM_24,train
0461_민속악_판소리,0461,판소리,소리북,소리북,타악기,타악,True,data/extracted/train/source/0461_민속악_판소리/0461_민속악_판소리_소리북.wav,48000,2,15952000,332.333,PCM_24,train
0461_민속악_판소리,0461,판소리,아쟁,아쟁,아쟁,찰현,True,data/extracted/train/source/0461_민속악_판소리/0461_민속악_판소리_아쟁.wav,48000,2,15949824,332.288,PCM_24,train
0461_민속악_판소리,0461,판소리,피리,피리,피리,관악,True,data/extracted/train/source/0461_민속악_판소리/0461_민속악_판소리_피리.wav,48000,2,15952000,332.333,PCM_24,train
0461_민속악_판소리,0461,판소리,해금,해금,해금,찰현,True,data/extracted/train/source/0461_민속악_판소리/0461_민속악_판소리_해금.wav,48000,2,15952000,332.333,PCM_24,train
0462_민속악_판소리,0462,판소리,가야금,가야금,가야금,발현,True,data/extracted/train/source/0462_민속악_판소리/0462_민속악_판소리_가야금.wav,48000,2,7304000,152.167,PCM_24,train
0462_민속악_판소리,0462,판소리,거문고,거문고,거문고,발현,True,data/extracted/train/source/0462_민속악_판소리/0462_민속악_판소리_거문고.wav,48000,2,7304000,152.167,PCM_24,train
0462_민속악_판소리,0462,판소리,대금,대금,대금,관악,True,data/extracted/train/source/0462_민속악_판소리/0462_민속악_판소리_대금.wav,48000,2,7304000,152.167,PCM_24,train
0462_민속악_판소리,0462,판소리,소리북,소리북,타악기,타악,True,data/extracted/train/source/0462_민속악_판소리/0462_민속악_판소리_소리북.wav,48000,2,7304000,152.167,PCM_24,train
0462_민속악_판소리,0462,판소리,아쟁,아쟁,아쟁,찰현,True,data/extracted/train/source/0462_민속악_판소리/0462_민속악_판소리_아쟁.wav,48000,2,7302144,152.128,PCM_24,train
0462_민속악_판소리,0462,판소리,피리,피리,피리,관악,True,data/extracted/train/source/0462_민속악_판소리/0462_민속악_판소리_피리.wav,48000,2,7304000,152.167,PCM_24,train
0462_민속악_판소리,0462,판소리,해금,해금,해금,찰현,True,data/extracted/train/source/0462_민속악_판소리/0462_민속악_판소리_해금.wav,48000,2,7304000,152.167,PCM_24,train
0463_민속악_판소리,0463,판소리,가야금,가야금,가야금,발현,True,data/extracted/train/source/0463_민속악_판소리/0463_민속악_판소리_가야금.wav,48000,2,14649600,305.2,PCM_24,train
0463_민속악_판소리,0463,판소리,거문고,거문고,거문고,발현,True,data/extracted/train/source/0463_민속악_판소리/0463_민속악_판소리_거문고.wav,48000,2,14649600,305.2,PCM_24,train
0463_민속악_판소리,0463,판소리,대금,대금,대금,관악,True,data/extracted/train/source/0463_민속악_판소리/0463_민속악_판소리_대금.wav,48000,2,14649600,305.2,PCM_24,train
0463_민속악_판소리,0463,판소리,소리북,소리북,타악기,타악,True,data/extracted/train/source/0463_민속악_판소리/0463_민속악_판소리_소리북.wav,48000,2,14649600,305.2,PCM_24,train
0463_민속악_판소리,0463,판소리,아쟁,아쟁,아쟁,찰현,True,data/extracted/train/source/0463_민속악_판소리/0463_민속악_판소리_아쟁.wav,48000,2,14648320,305.173,PCM_24,train
0463_민속악_판소리,0463,판소리,피리,피리,피리,관악,True,data/extracted/train/source/0463_민속악_판소리/0463_민속악_판소리_피리.wav,48000,2,14649600,305.2,PCM_24,train
0463_민속악_판소리,0463,판소리,해금,해금,해금,찰현,True,data/extracted/train/source/0463_민속악_판소리/0463_민속악_판소리_해금.wav,48000,2,14649600,305.2,PCM_24,train
0464_민속악_판소리,0464,판소리,가야금,가야금,가야금,발현,True,data/extracted/train/source/0464_민속악_판소리/0464_민속악_판소리_가야금.wav,48000,2,17640000,367.5,PCM_24,train
0464_민속악_판소리,0464,판소리,거문고,거문고,거문고,발현,True,data/extracted/train/source/0464_민속악_판소리/0464_민속악_판소리_거문고.wav,48000,2,17640000,367.5,PCM_24,train
0464_민속악_판소리,0464,판소리,대금,대금,대금,관악,True,data/extracted/train/source/0464_민속악_판소리/0464_민속악_판소리_대금.wav,48000,2,17640000,367.5,PCM_24,train
0464_민속악_판소리,0464,판소리,소리북,소리북,타악기,타악,True,data/extracted/train/source/0464_민속악_판소리/0464_민속악_판소리_소리북.wav,48000,2,17640000,367.5,PCM_24,train
0464_민속악_판소리,0464,판소리,아쟁,아쟁,아쟁,찰현,True,data/extracted/train/source/0464_민속악_판소리/0464_민속악_판소리_아쟁.wav,48000,2,17638400,367.467,PCM_24,train
0464_민속악_판소리,0464,판소리,피리,피리,피리,관악,True,data/extracted/train/source/0464_민속악_판소리/0464_민속악_판소리_피리.wav,48000,2,17640000,367.5,PCM_24,train
0464_민속악_판소리,0464,판소리,해금,해금,해금,찰현,True,data/extracted/train/source/0464_민속악_판소리/0464_민속악_판소리_해금.wav,48000,2,17640000,367.5,PCM_24,train
0466_민속악_판소리,0466,판소리,가야금,가야금,가야금,발현,True,data/extracted/train/source/0466_민속악_판소리/0466_민속악_판소리_가야금.wav,48000,2,6300000,131.25,PCM_24,train
0466_민속악_판소리,0466,판소리,거문고,거문고,거문고,발현,True,data/extracted/train/source/0466_민속악_판소리/0466_민속악_판소리_거문고.wav,48000,2,6300000,131.25,PCM_24,train
0466_민속악_판소리,0466,판소리,대금,대금,대금,관악,True,data/extracted/train/source/0466_민속악_판소리/0466_민속악_판소리_대금.wav,48000,2,6300000,131.25,PCM_24,train
0466_민속악_판소리,0466,판소리,소리북,소리북,타악기,타악,True,data/extracted/train/source/0466_민속악_판소리/0466_민속악_판소리_소리북.wav,48000,2,6300000,131.25,PCM_24,train
0466_민속악_판소리,0466,판소리,아쟁,아쟁,아쟁,찰현,True,data/extracted/train/source/0466_민속악_판소리/0466_민속악_판소리_아쟁.wav,48000,2,6300000,131.25,PCM_24,train
0466_민속악_판소리,0466,판소리,피리,피리,피리,관악,True,data/extracted/train/source/0466_민속악_판소리/0466_민속악_판소리_피리.wav,48000,2,6300000,131.25,PCM_24,train
0466_민속악_판소리,0466,판소리,해금,해금,해금,찰현,True,data/extracted/train/source/0466_민속악_판소리/0466_민속악_판소리_해금.wav,48000,2,6300000,131.25,PCM_24,train
0467_민속악_판소리,0467,판소리,가야금,가야금,가야금,발현,True,data/extracted/train/source/0467_민속악_판소리/0467_민속악_판소리_가야금.wav,48000,2,6443200,134.233,PCM_24,test
0467_민속악_판소리,0467,판소리,거문고,거문고,거문고,발현,True,data/extracted/train/source/0467_민속악_판소리/0467_민속악_판소리_거문고.wav,48000,2,6443200,134.233,PCM_24,test
0467_민속악_판소리,0467,판소리,대금,대금,대금,관악,True,data/extracted/train/source/0467_민속악_판소리/0467_민속악_판소리_대금.wav,48000,2,6443200,134.233,PCM_24,test
0467_민속악_판소리,0467,판소리,소리북,소리북,타악기,타악,True,data/extracted/train/source/0467_민속악_판소리/0467_민속악_판소리_소리북.wav,48000,2,6443200,134.233,PCM_24,test
0467_민속악_판소리,0467,판소리,아쟁,아쟁,아쟁,찰현,True,data/extracted/train/source/0467_민속악_판소리/0467_민속악_판소리_아쟁.wav,48000,2,6440960,134.187,PCM_24,test
0467_민속악_판소리,0467,판소리,피리,피리,피리,관악,True,data/extracted/train/source/0467_민속악_판소리/0467_민속악_판소리_피리.wav,48000,2,6443200,134.233,PCM_24,test
0467_민속악_판소리,0467,판소리,해금,해금,해금,찰현,True,data/extracted/train/source/0467_민속악_판소리/0467_민속악_판소리_해금.wav,48000,2,6443200,134.233,PCM_24,test
0468_민속악_판소리,0468,판소리,가야금,가야금,가야금,발현,True,data/extracted/train/source/0468_민속악_판소리/0468_민속악_판소리_가야금.wav,48000,2,15956800,332.433,PCM_24,train
0468_민속악_판소리,0468,판소리,거문고,거문고,거문고,발현,True,data/extracted/train/source/0468_민속악_판소리/0468_민속악_판소리_거문고.wav,48000,2,15956800,332.433,PCM_24,train
0468_민속악_판소리,0468,판소리,대금,대금,대금,관악,True,data/extracted/train/source/0468_민속악_판소리/0468_민속악_판소리_대금.wav,48000,2,15956800,332.433,PCM_24,train
0468_민속악_판소리,0468,판소리,소리북,소리북,타악기,타악,True,data/extracted/train/source/0468_민속악_판소리/0468_민속악_판소리_소리북.wav,48000,2,15956800,332.433,PCM_24,train
0468_민속악_판소리,0468,판소리,아쟁,아쟁,아쟁,찰현,True,data/extracted/train/source/0468_민속악_판소리/0468_민속악_판소리_아쟁.wav,48000,2,15954944,332.395,PCM_24,train
0468_민속악_판소리,0468,판소리,피리,피리,피리,관악,True,data/extracted/train/source/0468_민속악_판소리/0468_민속악_판소리_피리.wav,48000,2,15956800,332.433,PCM_24,train
0468_민속악_판소리,0468,판소리,해금,해금,해금,찰현,True,data/extracted/train/source/0468_민속악_판소리/0468_민속악_판소리_해금.wav,48000,2,15956800,332.433,PCM_24,train
0469_민속악_판소리,0469,판소리,가야금,가야금,가야금,발현,True,data/extracted/train/source/0469_민속악_판소리/0469_민속악_판소리_가야금.wav,48000,2,18995200,395.733,PCM_24,train
0469_민속악_판소리,0469,판소리,거문고,거문고,거문고,발현,True,data/extracted/train/source/0469_민속악_판소리/0469_민속악_판소리_거문고.wav,48000,2,18995200,395.733,PCM_24,train
0469_민속악_판소리,0469,판소리,대금,대금,대금,관악,True,data/extracted/train/source/0469_민속악_판소리/0469_민속악_판소리_대금.wav,48000,2,18995200,395.733,PCM_24,train
0469_민속악_판소리,0469,판소리,소리북,소리북,타악기,타악,True,data/extracted/train/source/0469_민속악_판소리/0469_민속악_판소리_소리북.wav,48000,2,18995200,395.733,PCM_24,train
0469_민속악_판소리,0469,판소리,아쟁,아쟁,아쟁,찰현,True,data/extracted/train/source/0469_민속악_판소리/0469_민속악_판소리_아쟁.wav,48000,2,18993152,395.691,PCM_24,train
0469_민속악_판소리,0469,판소리,피리,피리,피리,관악,True,data/extracted/train/source/0469_민속악_판소리/0469_민속악_판소리_피리.wav,48000,2,18995200,395.733,PCM_24,train
0469_민속악_판소리,0469,판소리,해금,해금,해금,찰현,True,data/extracted/train/source/0469_민속악_판소리/0469_민속악_판소리_해금.wav,48000,2,18995200,395.733,PCM_24,train
0470_민속악_판소리,0470,판소리,가야금,가야금,가야금,발현,True,data/extracted/val/source/0470_민속악_판소리/0470_민속악_판소리_가야금.wav,48000,2,10766400,224.3,PCM_24,train
0470_민속악_판소리,0470,판소리,거문고,거문고,거문고,발현,True,data/extracted/val/source/0470_민속악_판소리/0470_민속악_판소리_거문고.wav,48000,2,10766400,224.3,PCM_24,train
0470_민속악_판소리,0470,판소리,대금,대금,대금,관악,True,data/extracted/val/source/0470_민속악_판소리/0470_민속악_판소리_대금.wav,48000,2,10766400,224.3,PCM_24,train
0470_민속악_판소리,0470,판소리,소리북,소리북,타악기,타악,True,data/extracted/val/source/0470_민속악_판소리/0470_민속악_판소리_소리북.wav,48000,2,10766400,224.3,PCM_24,train
0470_민속악_판소리,0470,판소리,아쟁,아쟁,아쟁,찰현,True,data/extracted/val/source/0470_민속악_판소리/0470_민속악_판소리_아쟁.wav,48000,2,10764288,224.256,PCM_24,train
0470_민속악_판소리,0470,판소리,피리,피리,피리,관악,True,data/extracted/val/source/0470_민속악_판소리/0470_민속악_판소리_피리.wav,48000,2,10766400,224.3,PCM_24,train
0470_민속악_판소리,0470,판소리,해금,해금,해금,찰현,True,data/extracted/val/source/0470_민속악_판소리/0470_민속악_판소리_해금.wav,48000,2,10766400,224.3,PCM_24,train
0472_민속악_판소리,0472,판소리,가야금,가야금,가야금,발현,True,data/extracted/train/source/0472_민속악_판소리/0472_민속악_판소리_가야금.wav,48000,2,17496000,364.5,PCM_24,val
0472_민속악_판소리,0472,판소리,거문고,거문고,거문고,발현,True,data/extracted/train/source/0472_민속악_판소리/0472_민속악_판소리_거문고.wav,48000,2,17496000,364.5,PCM_24,val
0472_민속악_판소리,0472,판소리,대금,대금,대금,관악,True,data/extracted/train/source/0472_민속악_판소리/0472_민속악_판소리_대금.wav,48000,2,17496000,364.5,PCM_24,val
0472_민속악_판소리,0472,판소리,소리북,소리북,타악기,타악,True,data/extracted/train/source/0472_민속악_판소리/0472_민속악_판소리_소리북.wav,48000,2,17496000,364.5,PCM_24,val
0472_민속악_판소리,0472,판소리,아쟁,아쟁,아쟁,찰현,True,data/extracted/train/source/0472_민속악_판소리/0472_민속악_판소리_아쟁.wav,48000,2,17496000,364.5,PCM_24,val
0472_민속악_판소리,0472,판소리,피리,피리,피리,관악,True,data/extracted/train/source/0472_민속악_판소리/0472_민속악_판소리_피리.wav,48000,2,17496000,364.5,PCM_24,val
0472_민속악_판소리,0472,판소리,해금,해금,해금,찰현,True,data/extracted/train/source/0472_민속악_판소리/0472_민속악_판소리_해금.wav,48000,2,17496000,364.5,PCM_24,val
0473_민속악_판소리,0473,판소리,가야금,가야금,가야금,발현,True,data/extracted/train/source/0473_민속악_판소리/0473_민속악_판소리_가야금.wav,48000,2,11030400,229.8,PCM_24,train
0473_민속악_판소리,0473,판소리,거문고,거문고,거문고,발현,True,data/extracted/train/source/0473_민속악_판소리/0473_민속악_판소리_거문고.wav,48000,2,11030400,229.8,PCM_24,train
0473_민속악_판소리,0473,판소리,대금,대금,대금,관악,True,data/extracted/train/source/0473_민속악_판소리/0473_민속악_판소리_대금.wav,48000,2,11030400,229.8,PCM_24,train
0473_민속악_판소리,0473,판소리,소리북,소리북,타악기,타악,True,data/extracted/train/source/0473_민속악_판소리/0473_민속악_판소리_소리북.wav,48000,2,11030400,229.8,PCM_24,train
0473_민속악_판소리,0473,판소리,아쟁,아쟁,아쟁,찰현,True,data/extracted/train/source/0473_민속악_판소리/0473_민속악_판소리_아쟁.wav,48000,2,11028480,229.76,PCM_24,train
0473_민속악_판소리,0473,판소리,피리,피리,피리,관악,True,data/extracted/train/source/0473_민속악_판소리/0473_민속악_판소리_피리.wav,48000,2,11030400,229.8,PCM_24,train
0473_민속악_판소리,0473,판소리,해금,해금,해금,찰현,True,data/extracted/train/source/0473_민속악_판소리/0473_민속악_판소리_해금.wav,48000,2,11030400,229.8,PCM_24,train
0474_민속악_판소리,0474,판소리,가야금,가야금,가야금,발현,True,data/extracted/val/source/0474_민속악_판소리/0474_민속악_판소리_가야금.wav,48000,2,9008000,187.667,PCM_24,train
0474_민속악_판소리,0474,판소리,거문고,거문고,거문고,발현,True,data/extracted/val/source/0474_민속악_판소리/0474_민속악_판소리_거문고.wav,48000,2,9008000,187.667,PCM_24,train
0474_민속악_판소리,0474,판소리,대금,대금,대금,관악,True,data/extracted/val/source/0474_민속악_판소리/0474_민속악_판소리_대금.wav,48000,2,9008000,187.667,PCM_24,train
0474_민속악_판소리,0474,판소리,소리북,소리북,타악기,타악,True,data/extracted/val/source/0474_민속악_판소리/0474_민속악_판소리_소리북.wav,48000,2,9008000,187.667,PCM_24,train
0474_민속악_판소리,0474,판소리,아쟁,아쟁,아쟁,찰현,True,data/extracted/val/source/0474_민속악_판소리/0474_민속악_판소리_아쟁.wav,48000,2,9007104,187.648,PCM_24,train
0474_민속악_판소리,0474,판소리,피리,피리,피리,관악,True,data/extracted/val/source/0474_민속악_판소리/0474_민속악_판소리_피리.wav,48000,2,9008000,187.667,PCM_24,train
0474_민속악_판소리,0474,판소리,해금,해금,해금,찰현,True,data/extracted/val/source/0474_민속악_판소리/0474_민속악_판소리_해금.wav,48000,2,9008000,187.667,PCM_24,train
0475_민속악_판소리,0475,판소리,가야금,가야금,가야금,발현,True,data/extracted/train/source/0475_민속악_판소리/0475_민속악_판소리_가야금.wav,48000,2,14838400,309.133,PCM_24,train
0475_민속악_판소리,0475,판소리,거문고,거문고,거문고,발현,True,data/extracted/train/source/0475_민속악_판소리/0475_민속악_판소리_거문고.wav,48000,2,14838400,309.133,PCM_24,train
0475_민속악_판소리,0475,판소리,대금,대금,대금,관악,True,data/extracted/train/source/0475_민속악_판소리/0475_민속악_판소리_대금.wav,48000,2,14838400,309.133,PCM_24,train
0475_민속악_판소리,0475,판소리,소리북,소리북,타악기,타악,True,data/extracted/train/source/0475_민속악_판소리/0475_민속악_판소리_소리북.wav,48000,2,14838400,309.133,PCM_24,train
0475_민속악_판소리,0475,판소리,아쟁,아쟁,아쟁,찰현,True,data/extracted/train/source/0475_민속악_판소리/0475_민속악_판소리_아쟁.wav,48000,2,14836736,309.099,PCM_24,train
0475_민속악_판소리,0475,판소리,피리,피리,피리,관악,True,data/extracted/train/source/0475_민속악_판소리/0475_민속악_판소리_피리.wav,48000,2,14838400,309.133,PCM_24,train
0475_민속악_판소리,0475,판소리,해금,해금,해금,찰현,True,data/extracted/train/source/0475_민속악_판소리/0475_민속악_판소리_해금.wav,48000,2,14838400,309.133,PCM_24,train
0476_민속악_판소리,0476,판소리,가야금,가야금,가야금,발현,True,data/extracted/train/source/0476_민속악_판소리/0476_민속악_판소리_가야금.wav,48000,2,15206400,316.8,PCM_24,train
0476_민속악_판소리,0476,판소리,거문고,거문고,거문고,발현,True,data/extracted/train/source/0476_민속악_판소리/0476_민속악_판소리_거문고.wav,48000,2,15206400,316.8,PCM_24,train
0476_민속악_판소리,0476,판소리,대금,대금,대금,관악,True,data/extracted/train/source/0476_민속악_판소리/0476_민속악_판소리_대금.wav,48000,2,15206400,316.8,PCM_24,train
0476_민속악_판소리,0476,판소리,소리북,소리북,타악기,타악,True,data/extracted/train/source/0476_민속악_판소리/0476_민속악_판소리_소리북.wav,48000,2,15206400,316.8,PCM_24,train
0476_민속악_판소리,0476,판소리,아쟁,아쟁,아쟁,찰현,True,data/extracted/train/source/0476_민속악_판소리/0476_민속악_판소리_아쟁.wav,48000,2,15206400,316.8,PCM_24,train
0476_민속악_판소리,0476,판소리,피리,피리,피리,관악,True,data/extracted/train/source/0476_민속악_판소리/0476_민속악_판소리_피리.wav,48000,2,15206400,316.8,PCM_24,train
0476_민속악_판소리,0476,판소리,해금,해금,해금,찰현,True,data/extracted/train/source/0476_민속악_판소리/0476_민속악_판소리_해금.wav,48000,2,15206400,316.8,PCM_24,train
0477_민속악_판소리,0477,판소리,가야금,가야금,가야금,발현,True,data/extracted/train/source/0477_민속악_판소리/0477_민속악_판소리_가야금.wav,48000,2,6468800,134.767,PCM_24,train
0477_민속악_판소리,0477,판소리,거문고,거문고,거문고,발현,True,data/extracted/train/source/0477_민속악_판소리/0477_민속악_판소리_거문고.wav,48000,2,6468800,134.767,PCM_24,train
0477_민속악_판소리,0477,판소리,대금,대금,대금,관악,True,data/extracted/train/source/0477_민속악_판소리/0477_민속악_판소리_대금.wav,48000,2,6468800,134.767,PCM_24,train
0477_민속악_판소리,0477,판소리,소리북,소리북,타악기,타악,True,data/extracted/train/source/0477_민속악_판소리/0477_민속악_판소리_소리북.wav,48000,2,6468800,134.767,PCM_24,train
0477_민속악_판소리,0477,판소리,아쟁,아쟁,아쟁,찰현,True,data/extracted/train/source/0477_민속악_판소리/0477_민속악_판소리_아쟁.wav,48000,2,6467584,134.741,PCM_24,train
0477_민속악_판소리,0477,판소리,피리,피리,피리,관악,True,data/extracted/train/source/0477_민속악_판소리/0477_민속악_판소리_피리.wav,48000,2,6468800,134.767,PCM_24,train
0477_민속악_판소리,0477,판소리,해금,해금,해금,찰현,True,data/extracted/train/source/0477_민속악_판소리/0477_민속악_판소리_해금.wav,48000,2,6468800,134.767,PCM_24,train
0478_민속악_판소리,0478,판소리,가야금,가야금,가야금,발현,True,data/extracted/train/source/0478_민속악_판소리/0478_민속악_판소리_가야금.wav,48000,2,15552000,324.0,PCM_24,train
0478_민속악_판소리,0478,판소리,거문고,거문고,거문고,발현,True,data/extracted/train/source/0478_민속악_판소리/0478_민속악_판소리_거문고.wav,48000,2,15552000,324.0,PCM_24,train
0478_민속악_판소리,0478,판소리,대금,대금,대금,관악,True,data/extracted/train/source/0478_민속악_판소리/0478_민속악_판소리_대금.wav,48000,2,15552000,324.0,PCM_24,train
0478_민속악_판소리,0478,판소리,소리북,소리북,타악기,타악,True,data/extracted/train/source/0478_민속악_판소리/0478_민속악_판소리_소리북.wav,48000,2,15552000,324.0,PCM_24,train
0478_민속악_판소리,0478,판소리,아쟁,아쟁,아쟁,찰현,True,data/extracted/train/source/0478_민속악_판소리/0478_민속악_판소리_아쟁.wav,48000,2,15552000,324.0,PCM_24,train
0478_민속악_판소리,0478,판소리,피리,피리,피리,관악,True,data/extracted/train/source/0478_민속악_판소리/0478_민속악_판소리_피리.wav,48000,2,15552000,324.0,PCM_24,train
0478_민속악_판소리,0478,판소리,해금,해금,해금,찰현,True,data/extracted/train/source/0478_민속악_판소리/0478_민속악_판소리_해금.wav,48000,2,15552000,324.0,PCM_24,train
0479_민속악_판소리,0479,판소리,가야금,가야금,가야금,발현,True,data/extracted/train/source/0479_민속악_판소리/0479_민속악_판소리_가야금.wav,48000,2,6518400,135.8,PCM_24,train
0479_민속악_판소리,0479,판소리,거문고,거문고,거문고,발현,True,data/extracted/train/source/0479_민속악_판소리/0479_민속악_판소리_거문고.wav,48000,2,6518400,135.8,PCM_24,train
0479_민속악_판소리,0479,판소리,대금,대금,대금,관악,True,data/extracted/train/source/0479_민속악_판소리/0479_민속악_판소리_대금.wav,48000,2,6518400,135.8,PCM_24,train
0479_민속악_판소리,0479,판소리,소리북,소리북,타악기,타악,True,data/extracted/train/source/0479_민속악_판소리/0479_민속악_판소리_소리북.wav,48000,2,6518400,135.8,PCM_24,train
0479_민속악_판소리,0479,판소리,아쟁,아쟁,아쟁,찰현,True,data/extracted/train/source/0479_민속악_판소리/0479_민속악_판소리_아쟁.wav,48000,2,6515712,135.744,PCM_24,train
0479_민속악_판소리,0479,판소리,피리,피리,피리,관악,True,data/extracted/train/source/0479_민속악_판소리/0479_민속악_판소리_피리.wav,48000,2,6518400,135.8,PCM_24,train
0479_민속악_판소리,0479,판소리,해금,해금,해금,찰현,True,data/extracted/train/source/0479_민속악_판소리/0479_민속악_판소리_해금.wav,48000,2,6518400,135.8,PCM_24,train
0480_민속악_판소리,0480,판소리,가야금,가야금,가야금,발현,True,data/extracted/val/source/0480_민속악_판소리/0480_민속악_판소리_가야금.wav,48000,2,4576000,95.333,PCM_24,train
0480_민속악_판소리,0480,판소리,거문고,거문고,거문고,발현,True,data/extracted/val/source/0480_민속악_판소리/0480_민속악_판소리_거문고.wav,48000,2,4576000,95.333,PCM_24,train
0480_민속악_판소리,0480,판소리,대금,대금,대금,관악,True,data/extracted/val/source/0480_민속악_판소리/0480_민속악_판소리_대금.wav,48000,2,4576000,95.333,PCM_24,train
0480_민속악_판소리,0480,판소리,소리북,소리북,타악기,타악,True,data/extracted/val/source/0480_민속악_판소리/0480_민속악_판소리_소리북.wav,48000,2,4576000,95.333,PCM_24,train
0480_민속악_판소리,0480,판소리,아쟁,아쟁,아쟁,찰현,True,data/extracted/val/source/0480_민속악_판소리/0480_민속악_판소리_아쟁.wav,48000,2,4574208,95.296,PCM_24,train
0480_민속악_판소리,0480,판소리,피리,피리,피리,관악,True,data/extracted/val/source/0480_민속악_판소리/0480_민속악_판소리_피리.wav,48000,2,4576000,95.333,PCM_24,train
0480_민속악_판소리,0480,판소리,해금,해금,해금,찰현,True,data/extracted/val/source/0480_민속악_판소리/0480_민속악_판소리_해금.wav,48000,2,4576000,95.333,PCM_24,train
0481_민속악_판소리,0481,판소리,가야금,가야금,가야금,발현,True,data/extracted/train/source/0481_민속악_판소리/0481_민속악_판소리_가야금.wav,48000,2,9212800,191.933,PCM_24,test
0481_민속악_판소리,0481,판소리,거문고,거문고,거문고,발현,True,data/extracted/train/source/0481_민속악_판소리/0481_민속악_판소리_거문고.wav,48000,2,9212800,191.933,PCM_24,test
0481_민속악_판소리,0481,판소리,대금,대금,대금,관악,True,data/extracted/train/source/0481_민속악_판소리/0481_민속악_판소리_대금.wav,48000,2,9212800,191.933,PCM_24,test
0481_민속악_판소리,0481,판소리,소리북,소리북,타악기,타악,True,data/extracted/train/source/0481_민속악_판소리/0481_민속악_판소리_소리북.wav,48000,2,9212800,191.933,PCM_24,test
0481_민속악_판소리,0481,판소리,아쟁,아쟁,아쟁,찰현,True,data/extracted/train/source/0481_민속악_판소리/0481_민속악_판소리_아쟁.wav,48000,2,9209856,191.872,PCM_24,test
0481_민속악_판소리,0481,판소리,피리,피리,피리,관악,True,data/extracted/train/source/0481_민속악_판소리/0481_민속악_판소리_피리.wav,48000,2,9212800,191.933,PCM_24,test
0481_민속악_판소리,0481,판소리,해금,해금,해금,찰현,True,data/extracted/train/source/0481_민속악_판소리/0481_민속악_판소리_해금.wav,48000,2,9212800,191.933,PCM_24,test
0482_민속악_판소리,0482,판소리,가야금,가야금,가야금,발현,True,data/extracted/train/source/0482_민속악_판소리/0482_민속악_판소리_가야금.wav,48000,2,10340800,215.433,PCM_24,train
0482_민속악_판소리,0482,판소리,거문고,거문고,거문고,발현,True,data/extracted/train/source/0482_민속악_판소리/0482_민속악_판소리_거문고.wav,48000,2,10340800,215.433,PCM_24,train
0482_민속악_판소리,0482,판소리,대금,대금,대금,관악,True,data/extracted/train/source/0482_민속악_판소리/0482_민속악_판소리_대금.wav,48000,2,10340800,215.433,PCM_24,train
0482_민속악_판소리,0482,판소리,소리북,소리북,타악기,타악,True,data/extracted/train/source/0482_민속악_판소리/0482_민속악_판소리_소리북.wav,48000,2,10340800,215.433,PCM_24,train
0482_민속악_판소리,0482,판소리,아쟁,아쟁,아쟁,찰현,True,data/extracted/train/source/0482_민속악_판소리/0482_민속악_판소리_아쟁.wav,48000,2,10339328,215.403,PCM_24,train
0482_민속악_판소리,0482,판소리,피리,피리,피리,관악,True,data/extracted/train/source/0482_민속악_판소리/0482_민속악_판소리_피리.wav,48000,2,10340800,215.433,PCM_24,train
0482_민속악_판소리,0482,판소리,해금,해금,해금,찰현,True,data/extracted/train/source/0482_민속악_판소리/0482_민속악_판소리_해금.wav,48000,2,10340800,215.433,PCM_24,train
0483_민속악_판소리,0483,판소리,가야금,가야금,가야금,발현,True,data/extracted/train/source/0483_민속악_판소리/0483_민속악_판소리_가야금.wav,48000,2,21182400,441.3,PCM_24,train
0483_민속악_판소리,0483,판소리,거문고,거문고,거문고,발현,True,data/extracted/train/source/0483_민속악_판소리/0483_민속악_판소리_거문고.wav,48000,2,21182400,441.3,PCM_24,train
0483_민속악_판소리,0483,판소리,대금,대금,대금,관악,True,data/extracted/train/source/0483_민속악_판소리/0483_민속악_판소리_대금.wav,48000,2,21182400,441.3,PCM_24,train
0483_민속악_판소리,0483,판소리,소리북,소리북,타악기,타악,True,data/extracted/train/source/0483_민속악_판소리/0483_민속악_판소리_소리북.wav,48000,2,21182400,441.3,PCM_24,train
0483_민속악_판소리,0483,판소리,아쟁,아쟁,아쟁,찰현,True,data/extracted/train/source/0483_민속악_판소리/0483_민속악_판소리_아쟁.wav,48000,2,21181440,441.28,PCM_24,train
0483_민속악_판소리,0483,판소리,피리,피리,피리,관악,True,data/extracted/train/source/0483_민속악_판소리/0483_민속악_판소리_피리.wav,48000,2,21182400,441.3,PCM_24,train
0483_민속악_판소리,0483,판소리,해금,해금,해금,찰현,True,data/extracted/train/source/0483_민속악_판소리/0483_민속악_판소리_해금.wav,48000,2,21182400,441.3,PCM_24,train
0484_민속악_판소리,0484,판소리,가야금,가야금,가야금,발현,True,data/extracted/train/source/0484_민속악_판소리/0484_민속악_판소리_가야금.wav,48000,2,5721600,119.2,PCM_24,train
0484_민속악_판소리,0484,판소리,거문고,거문고,거문고,발현,True,data/extracted/train/source/0484_민속악_판소리/0484_민속악_판소리_거문고.wav,48000,2,5721600,119.2,PCM_24,train
0484_민속악_판소리,0484,판소리,대금,대금,대금,관악,True,data/extracted/train/source/0484_민속악_판소리/0484_민속악_판소리_대금.wav,48000,2,5721600,119.2,PCM_24,train
0484_민속악_판소리,0484,판소리,소리북,소리북,타악기,타악,True,data/extracted/train/source/0484_민속악_판소리/0484_민속악_판소리_소리북.wav,48000,2,5721600,119.2,PCM_24,train
0484_민속악_판소리,0484,판소리,아쟁,아쟁,아쟁,찰현,True,data/extracted/train/source/0484_민속악_판소리/0484_민속악_판소리_아쟁.wav,48000,2,5720064,119.168,PCM_24,train
0484_민속악_판소리,0484,판소리,피리,피리,피리,관악,True,data/extracted/train/source/0484_민속악_판소리/0484_민속악_판소리_피리.wav,48000,2,5721600,119.2,PCM_24,train
0484_민속악_판소리,0484,판소리,해금,해금,해금,찰현,True,data/extracted/train/source/0484_민속악_판소리/0484_민속악_판소리_해금.wav,48000,2,5721600,119.2,PCM_24,train
0485_민속악_판소리,0485,판소리,가야금,가야금,가야금,발현,True,data/extracted/train/source/0485_민속악_판소리/0485_민속악_판소리_가야금.wav,48000,2,7841600,163.367,PCM_24,train
0485_민속악_판소리,0485,판소리,거문고,거문고,거문고,발현,True,data/extracted/train/source/0485_민속악_판소리/0485_민속악_판소리_거문고.wav,48000,2,7841600,163.367,PCM_24,train
0485_민속악_판소리,0485,판소리,대금,대금,대금,관악,True,data/extracted/train/source/0485_민속악_판소리/0485_민속악_판소리_대금.wav,48000,2,7841600,163.367,PCM_24,train
0485_민속악_판소리,0485,판소리,소리북,소리북,타악기,타악,True,data/extracted/train/source/0485_민속악_판소리/0485_민속악_판소리_소리북.wav,48000,2,7841600,163.367,PCM_24,train
0485_민속악_판소리,0485,판소리,아쟁,아쟁,아쟁,찰현,True,data/extracted/train/source/0485_민속악_판소리/0485_민속악_판소리_아쟁.wav,48000,2,7839744,163.328,PCM_24,train
0485_민속악_판소리,0485,판소리,피리,피리,피리,관악,True,data/extracted/train/source/0485_민속악_판소리/0485_민속악_판소리_피리.wav,48000,2,7841600,163.367,PCM_24,train
0485_민속악_판소리,0485,판소리,해금,해금,해금,찰현,True,data/extracted/train/source/0485_민속악_판소리/0485_민속악_판소리_해금.wav,48000,2,7841600,163.367,PCM_24,train
0486_민속악_판소리,0486,판소리,가야금,가야금,가야금,발현,True,data/extracted/train/source/0486_민속악_판소리/0486_민속악_판소리_가야금.wav,48000,2,15499200,322.9,PCM_24,train
0486_민속악_판소리,0486,판소리,거문고,거문고,거문고,발현,True,data/extracted/train/source/0486_민속악_판소리/0486_민속악_판소리_거문고.wav,48000,2,15499200,322.9,PCM_24,train
0486_민속악_판소리,0486,판소리,대금,대금,대금,관악,True,data/extracted/train/source/0486_민속악_판소리/0486_민속악_판소리_대금.wav,48000,2,15499200,322.9,PCM_24,train
0486_민속악_판소리,0486,판소리,소리북,소리북,타악기,타악,True,data/extracted/train/source/0486_민속악_판소리/0486_민속악_판소리_소리북.wav,48000,2,15499200,322.9,PCM_24,train
0486_민속악_판소리,0486,판소리,아쟁,아쟁,아쟁,찰현,True,data/extracted/train/source/0486_민속악_판소리/0486_민속악_판소리_아쟁.wav,48000,2,15498240,322.88,PCM_24,train
0486_민속악_판소리,0486,판소리,피리,피리,피리,관악,True,data/extracted/train/source/0486_민속악_판소리/0486_민속악_판소리_피리.wav,48000,2,15499200,322.9,PCM_24,train
0486_민속악_판소리,0486,판소리,해금,해금,해금,찰현,True,data/extracted/train/source/0486_민속악_판소리/0486_민속악_판소리_해금.wav,48000,2,15499200,322.9,PCM_24,train
0487_민속악_판소리,0487,판소리,가야금,가야금,가야금,발현,True,data/extracted/train/source/0487_민속악_판소리/0487_민속악_판소리_가야금.wav,48000,2,5691200,118.567,PCM_24,train
0487_민속악_판소리,0487,판소리,거문고,거문고,거문고,발현,True,data/extracted/train/source/0487_민속악_판소리/0487_민속악_판소리_거문고.wav,48000,2,5691200,118.567,PCM_24,train
0487_민속악_판소리,0487,판소리,대금,대금,대금,관악,True,data/extracted/train/source/0487_민속악_판소리/0487_민속악_판소리_대금.wav,48000,2,5691200,118.567,PCM_24,train
0487_민속악_판소리,0487,판소리,소리북,소리북,타악기,타악,True,data/extracted/train/source/0487_민속악_판소리/0487_민속악_판소리_소리북.wav,48000,2,5691200,118.567,PCM_24,train
0487_민속악_판소리,0487,판소리,아쟁,아쟁,아쟁,찰현,True,data/extracted/train/source/0487_민속악_판소리/0487_민속악_판소리_아쟁.wav,48000,2,5689344,118.528,PCM_24,train
0487_민속악_판소리,0487,판소리,피리,피리,피리,관악,True,data/extracted/train/source/0487_민속악_판소리/0487_민속악_판소리_피리.wav,48000,2,5691200,118.567,PCM_24,train
0487_민속악_판소리,0487,판소리,해금,해금,해금,찰현,True,data/extracted/train/source/0487_민속악_판소리/0487_민속악_판소리_해금.wav,48000,2,5691200,118.567,PCM_24,train
0488_민속악_판소리,0488,판소리,가야금,가야금,가야금,발현,True,data/extracted/train/source/0488_민속악_판소리/0488_민속악_판소리_가야금.wav,48000,2,5564800,115.933,PCM_24,train
0488_민속악_판소리,0488,판소리,거문고,거문고,거문고,발현,True,data/extracted/train/source/0488_민속악_판소리/0488_민속악_판소리_거문고.wav,48000,2,5564800,115.933,PCM_24,train
0488_민속악_판소리,0488,판소리,대금,대금,대금,관악,True,data/extracted/train/source/0488_민속악_판소리/0488_민속악_판소리_대금.wav,48000,2,5564800,115.933,PCM_24,train
0488_민속악_판소리,0488,판소리,소리북,소리북,타악기,타악,True,data/extracted/train/source/0488_민속악_판소리/0488_민속악_판소리_소리북.wav,48000,2,5564800,115.933,PCM_24,train
0488_민속악_판소리,0488,판소리,아쟁,아쟁,아쟁,찰현,True,data/extracted/train/source/0488_민속악_판소리/0488_민속악_판소리_아쟁.wav,48000,2,5563392,115.904,PCM_24,train
0488_민속악_판소리,0488,판소리,피리,피리,피리,관악,True,data/extracted/train/source/0488_민속악_판소리/0488_민속악_판소리_피리.wav,48000,2,5564800,115.933,PCM_24,train
0488_민속악_판소리,0488,판소리,해금,해금,해금,찰현,True,data/extracted/train/source/0488_민속악_판소리/0488_민속악_판소리_해금.wav,48000,2,5564800,115.933,PCM_24,train
0489_민속악_판소리,0489,판소리,가야금,가야금,가야금,발현,True,data/extracted/train/source/0489_민속악_판소리/0489_민속악_판소리_가야금.wav,48000,2,16965818,353.455,PCM_24,train
0489_민속악_판소리,0489,판소리,거문고,거문고,거문고,발현,True,data/extracted/train/source/0489_민속악_판소리/0489_민속악_판소리_거문고.wav,48000,2,16965818,353.455,PCM_24,train
0489_민속악_판소리,0489,판소리,대금,대금,대금,관악,True,data/extracted/train/source/0489_민속악_판소리/0489_민속악_판소리_대금.wav,48000,2,16965818,353.455,PCM_24,train
0489_민속악_판소리,0489,판소리,소리북,소리북,타악기,타악,True,data/extracted/train/source/0489_민속악_판소리/0489_민속악_판소리_소리북.wav,48000,2,16965818,353.455,PCM_24,train
0489_민속악_판소리,0489,판소리,아쟁,아쟁,아쟁,찰현,True,data/extracted/train/source/0489_민속악_판소리/0489_민속악_판소리_아쟁.wav,48000,2,16965818,353.455,PCM_24,train
0489_민속악_판소리,0489,판소리,피리,피리,피리,관악,True,data/extracted/train/source/0489_민속악_판소리/0489_민속악_판소리_피리.wav,48000,2,16965818,353.455,PCM_24,train
0489_민속악_판소리,0489,판소리,해금,해금,해금,찰현,True,data/extracted/train/source/0489_민속악_판소리/0489_민속악_판소리_해금.wav,48000,2,16965818,353.455,PCM_24,train
0490_민속악_판소리,0490,판소리,가야금,가야금,가야금,발현,True,data/extracted/train/source/0490_민속악_판소리/0490_민속악_판소리_가야금.wav,48000,2,16730181,348.545,PCM_24,test
0490_민속악_판소리,0490,판소리,거문고,거문고,거문고,발현,True,data/extracted/train/source/0490_민속악_판소리/0490_민속악_판소리_거문고.wav,48000,2,16730181,348.545,PCM_24,test
0490_민속악_판소리,0490,판소리,대금,대금,대금,관악,True,data/extracted/train/source/0490_민속악_판소리/0490_민속악_판소리_대금.wav,48000,2,16730181,348.545,PCM_24,test
0490_민속악_판소리,0490,판소리,소리북,소리북,타악기,타악,True,data/extracted/train/source/0490_민속악_판소리/0490_민속악_판소리_소리북.wav,48000,2,16730181,348.545,PCM_24,test
0490_민속악_판소리,0490,판소리,아쟁,아쟁,아쟁,찰현,True,data/extracted/train/source/0490_민속악_판소리/0490_민속악_판소리_아쟁.wav,48000,2,16730181,348.545,PCM_24,test
0490_민속악_판소리,0490,판소리,피리,피리,피리,관악,True,data/extracted/train/source/0490_민속악_판소리/0490_민속악_판소리_피리.wav,48000,2,16730181,348.545,PCM_24,test
0490_민속악_판소리,0490,판소리,해금,해금,해금,찰현,True,data/extracted/train/source/0490_민속악_판소리/0490_민속악_판소리_해금.wav,48000,2,16730181,348.545,PCM_24,test
0491_민속악_판소리,0491,판소리,가야금,가야금,가야금,발현,True,data/extracted/train/source/0491_민속악_판소리/0491_민속악_판소리_가야금.wav,48000,2,18624000,388.0,PCM_24,val
0491_민속악_판소리,0491,판소리,거문고,거문고,거문고,발현,True,data/extracted/train/source/0491_민속악_판소리/0491_민속악_판소리_거문고.wav,48000,2,18624000,388.0,PCM_24,val
0491_민속악_판소리,0491,판소리,대금,대금,대금,관악,True,data/extracted/train/source/0491_민속악_판소리/0491_민속악_판소리_대금.wav,48000,2,18624000,388.0,PCM_24,val
0491_민속악_판소리,0491,판소리,소리북,소리북,타악기,타악,True,data/extracted/train/source/0491_민속악_판소리/0491_민속악_판소리_소리북.wav,48000,2,18624000,388.0,PCM_24,val
0491_민속악_판소리,0491,판소리,아쟁,아쟁,아쟁,찰현,True,data/extracted/train/source/0491_민속악_판소리/0491_민속악_판소리_아쟁.wav,48000,2,18624000,388.0,PCM_24,val
0491_민속악_판소리,0491,판소리,피리,피리,피리,관악,True,data/extracted/train/source/0491_민속악_판소리/0491_민속악_판소리_피리.wav,48000,2,18624000,388.0,PCM_24,val
0491_민속악_판소리,0491,판소리,해금,해금,해금,찰현,True,data/extracted/train/source/0491_민속악_판소리/0491_민속악_판소리_해금.wav,48000,2,18624000,388.0,PCM_24,val
0492_민속악_판소리,0492,판소리,가야금,가야금,가야금,발현,True,data/extracted/train/source/0492_민속악_판소리/0492_민속악_판소리_가야금.wav,48000,2,20760000,432.5,PCM_24,train
0492_민속악_판소리,0492,판소리,거문고,거문고,거문고,발현,True,data/extracted/train/source/0492_민속악_판소리/0492_민속악_판소리_거문고.wav,48000,2,20760000,432.5,PCM_24,train
0492_민속악_판소리,0492,판소리,대금,대금,대금,관악,True,data/extracted/train/source/0492_민속악_판소리/0492_민속악_판소리_대금.wav,48000,2,20760000,432.5,PCM_24,train
0492_민속악_판소리,0492,판소리,소리북,소리북,타악기,타악,True,data/extracted/train/source/0492_민속악_판소리/0492_민속악_판소리_소리북.wav,48000,2,20760000,432.5,PCM_24,train
0492_민속악_판소리,0492,판소리,아쟁,아쟁,아쟁,찰현,True,data/extracted/train/source/0492_민속악_판소리/0492_민속악_판소리_아쟁.wav,48000,2,20760000,432.5,PCM_24,train
0492_민속악_판소리,0492,판소리,피리,피리,피리,관악,True,data/extracted/train/source/0492_민속악_판소리/0492_민속악_판소리_피리.wav,48000,2,20760000,432.5,PCM_24,train
0492_민속악_판소리,0492,판소리,해금,해금,해금,찰현,True,data/extracted/train/source/0492_민속악_판소리/0492_민속악_판소리_해금.wav,48000,2,20760000,432.5,PCM_24,train
0493_민속악_판소리,0493,판소리,가야금,가야금,가야금,발현,True,data/extracted/train/source/0493_민속악_판소리/0493_민속악_판소리_가야금.wav,48000,2,15600000,325.0,PCM_24,val
0493_민속악_판소리,0493,판소리,거문고,거문고,거문고,발현,True,data/extracted/train/source/0493_민속악_판소리/0493_민속악_판소리_거문고.wav,48000,2,15600000,325.0,PCM_24,val
0493_민속악_판소리,0493,판소리,대금,대금,대금,관악,True,data/extracted/train/source/0493_민속악_판소리/0493_민속악_판소리_대금.wav,48000,2,15600000,325.0,PCM_24,val
0493_민속악_판소리,0493,판소리,소리북,소리북,타악기,타악,True,data/extracted/train/source/0493_민속악_판소리/0493_민속악_판소리_소리북.wav,48000,2,15600000,325.0,PCM_24,val
0493_민속악_판소리,0493,판소리,아쟁,아쟁,아쟁,찰현,True,data/extracted/train/source/0493_민속악_판소리/0493_민속악_판소리_아쟁.wav,48000,2,15600000,325.0,PCM_24,val
0493_민속악_판소리,0493,판소리,피리,피리,피리,관악,True,data/extracted/train/source/0493_민속악_판소리/0493_민속악_판소리_피리.wav,48000,2,15600000,325.0,PCM_24,val
0493_민속악_판소리,0493,판소리,해금,해금,해금,찰현,True,data/extracted/train/source/0493_민속악_판소리/0493_민속악_판소리_해금.wav,48000,2,15600000,325.0,PCM_24,val
0494_민속악_판소리,0494,판소리,가야금,가야금,가야금,발현,True,data/extracted/train/source/0494_민속악_판소리/0494_민속악_판소리_가야금.wav,48000,2,19032000,396.5,PCM_24,train
0494_민속악_판소리,0494,판소리,거문고,거문고,거문고,발현,True,data/extracted/train/source/0494_민속악_판소리/0494_민속악_판소리_거문고.wav,48000,2,19032000,396.5,PCM_24,train
0494_민속악_판소리,0494,판소리,대금,대금,대금,관악,True,data/extracted/train/source/0494_민속악_판소리/0494_민속악_판소리_대금.wav,48000,2,19032000,396.5,PCM_24,train
0494_민속악_판소리,0494,판소리,소리북,소리북,타악기,타악,True,data/extracted/train/source/0494_민속악_판소리/0494_민속악_판소리_소리북.wav,48000,2,19032000,396.5,PCM_24,train
0494_민속악_판소리,0494,판소리,아쟁,아쟁,아쟁,찰현,True,data/extracted/train/source/0494_민속악_판소리/0494_민속악_판소리_아쟁.wav,48000,2,19032000,396.5,PCM_24,train
0494_민속악_판소리,0494,판소리,피리,피리,피리,관악,True,data/extracted/train/source/0494_민속악_판소리/0494_민속악_판소리_피리.wav,48000,2,19032000,396.5,PCM_24,train
0494_민속악_판소리,0494,판소리,해금,해금,해금,찰현,True,data/extracted/train/source/0494_민속악_판소리/0494_민속악_판소리_해금.wav,48000,2,19032000,396.5,PCM_24,train
0495_민속악_판소리,0495,판소리,가야금,가야금,가야금,발현,True,data/extracted/train/source/0495_민속악_판소리/0495_민속악_판소리_가야금.wav,48000,2,6960000,145.0,PCM_24,train
0495_민속악_판소리,0495,판소리,거문고,거문고,거문고,발현,True,data/extracted/train/source/0495_민속악_판소리/0495_민속악_판소리_거문고.wav,48000,2,6960000,145.0,PCM_24,train
0495_민속악_판소리,0495,판소리,대금,대금,대금,관악,True,data/extracted/train/source/0495_민속악_판소리/0495_민속악_판소리_대금.wav,48000,2,6960000,145.0,PCM_24,train
0495_민속악_판소리,0495,판소리,소리북,소리북,타악기,타악,True,data/extracted/train/source/0495_민속악_판소리/0495_민속악_판소리_소리북.wav,48000,2,6960000,145.0,PCM_24,train
0495_민속악_판소리,0495,판소리,아쟁,아쟁,아쟁,찰현,True,data/extracted/train/source/0495_민속악_판소리/0495_민속악_판소리_아쟁.wav,48000,2,6960000,145.0,PCM_24,train
0495_민속악_판소리,0495,판소리,피리,피리,피리,관악,True,data/extracted/train/source/0495_민속악_판소리/0495_민속악_판소리_피리.wav,48000,2,6960000,145.0,PCM_24,train
0495_민속악_판소리,0495,판소리,해금,해금,해금,찰현,True,data/extracted/train/source/0495_민속악_판소리/0495_민속악_판소리_해금.wav,48000,2,6960000,145.0,PCM_24,train
0496_민속악_판소리,0496,판소리,가야금,가야금,가야금,발현,True,data/extracted/train/source/0496_민속악_판소리/0496_민속악_판소리_가야금.wav,48000,2,6096000,127.0,PCM_24,train
0496_민속악_판소리,0496,판소리,거문고,거문고,거문고,발현,True,data/extracted/train/source/0496_민속악_판소리/0496_민속악_판소리_거문고.wav,48000,2,6096000,127.0,PCM_24,train
0496_민속악_판소리,0496,판소리,대금,대금,대금,관악,True,data/extracted/train/source/0496_민속악_판소리/0496_민속악_판소리_대금.wav,48000,2,6096000,127.0,PCM_24,train
0496_민속악_판소리,0496,판소리,소리북,소리북,타악기,타악,True,data/extracted/train/source/0496_민속악_판소리/0496_민속악_판소리_소리북.wav,48000,2,6096000,127.0,PCM_24,train
0496_민속악_판소리,0496,판소리,아쟁,아쟁,아쟁,찰현,True,data/extracted/train/source/0496_민속악_판소리/0496_민속악_판소리_아쟁.wav,48000,2,6096000,127.0,PCM_24,train
0496_민속악_판소리,0496,판소리,피리,피리,피리,관악,True,data/extracted/train/source/0496_민속악_판소리/0496_민속악_판소리_피리.wav,48000,2,6096000,127.0,PCM_24,train
0496_민속악_판소리,0496,판소리,해금,해금,해금,찰현,True,data/extracted/train/source/0496_민속악_판소리/0496_민속악_판소리_해금.wav,48000,2,6096000,127.0,PCM_24,train
0497_민속악_판소리,0497,판소리,가야금,가야금,가야금,발현,True,data/extracted/train/source/0497_민속악_판소리/0497_민속악_판소리_가야금.wav,48000,2,4698000,97.875,PCM_24,val
0497_민속악_판소리,0497,판소리,거문고,거문고,거문고,발현,True,data/extracted/train/source/0497_민속악_판소리/0497_민속악_판소리_거문고.wav,48000,2,4698000,97.875,PCM_24,val
0497_민속악_판소리,0497,판소리,대금,대금,대금,관악,True,data/extracted/train/source/0497_민속악_판소리/0497_민속악_판소리_대금.wav,48000,2,4698000,97.875,PCM_24,val
0497_민속악_판소리,0497,판소리,소리북,소리북,타악기,타악,True,data/extracted/train/source/0497_민속악_판소리/0497_민속악_판소리_소리북.wav,48000,2,4698000,97.875,PCM_24,val
0497_민속악_판소리,0497,판소리,아쟁,아쟁,아쟁,찰현,True,data/extracted/train/source/0497_민속악_판소리/0497_민속악_판소리_아쟁.wav,48000,2,4698000,97.875,PCM_24,val
0497_민속악_판소리,0497,판소리,피리,피리,피리,관악,True,data/extracted/train/source/0497_민속악_판소리/0497_민속악_판소리_피리.wav,48000,2,4698000,97.875,PCM_24,val
0497_민속악_판소리,0497,판소리,해금,해금,해금,찰현,True,data/extracted/train/source/0497_민속악_판소리/0497_민속악_판소리_해금.wav,48000,2,4698000,97.875,PCM_24,val
0498_민속악_판소리,0498,판소리,가야금,가야금,가야금,발현,True,data/extracted/train/source/0498_민속악_판소리/0498_민속악_판소리_가야금.wav,48000,2,6603428,137.571,PCM_24,train
0498_민속악_판소리,0498,판소리,거문고,거문고,거문고,발현,True,data/extracted/train/source/0498_민속악_판소리/0498_민속악_판소리_거문고.wav,48000,2,6603428,137.571,PCM_24,train
0498_민속악_판소리,0498,판소리,대금,대금,대금,관악,True,data/extracted/train/source/0498_민속악_판소리/0498_민속악_판소리_대금.wav,48000,2,6603428,137.571,PCM_24,train
0498_민속악_판소리,0498,판소리,소리북,소리북,타악기,타악,True,data/extracted/train/source/0498_민속악_판소리/0498_민속악_판소리_소리북.wav,48000,2,6603428,137.571,PCM_24,train
0498_민속악_판소리,0498,판소리,아쟁,아쟁,아쟁,찰현,True,data/extracted/train/source/0498_민속악_판소리/0498_민속악_판소리_아쟁.wav,48000,2,6603428,137.571,PCM_24,train
0498_민속악_판소리,0498,판소리,피리,피리,피리,관악,True,data/extracted/train/source/0498_민속악_판소리/0498_민속악_판소리_피리.wav,48000,2,6603428,137.571,PCM_24,train
0498_민속악_판소리,0498,판소리,해금,해금,해금,찰현,True,data/extracted/train/source/0498_민속악_판소리/0498_민속악_판소리_해금.wav,48000,2,6603428,137.571,PCM_24,train
0499_민속악_판소리,0499,판소리,가야금,가야금,가야금,발현,True,data/extracted/train/source/0499_민속악_판소리/0499_민속악_판소리_가야금.wav,48000,2,8688000,181.0,PCM_24,train
0499_민속악_판소리,0499,판소리,거문고,거문고,거문고,발현,True,data/extracted/train/source/0499_민속악_판소리/0499_민속악_판소리_거문고.wav,48000,2,8688000,181.0,PCM_24,train
0499_민속악_판소리,0499,판소리,대금,대금,대금,관악,True,data/extracted/train/source/0499_민속악_판소리/0499_민속악_판소리_대금.wav,48000,2,8688000,181.0,PCM_24,train
0499_민속악_판소리,0499,판소리,소리북,소리북,타악기,타악,True,data/extracted/train/source/0499_민속악_판소리/0499_민속악_판소리_소리북.wav,48000,2,8688000,181.0,PCM_24,train
0499_민속악_판소리,0499,판소리,아쟁,아쟁,아쟁,찰현,True,data/extracted/train/source/0499_민속악_판소리/0499_민속악_판소리_아쟁.wav,48000,2,8688000,181.0,PCM_24,train
0499_민속악_판소리,0499,판소리,피리,피리,피리,관악,True,data/extracted/train/source/0499_민속악_판소리/0499_민속악_판소리_피리.wav,48000,2,8688000,181.0,PCM_24,train
0499_민속악_판소리,0499,판소리,해금,해금,해금,찰현,True,data/extracted/train/source/0499_민속악_판소리/0499_민속악_판소리_해금.wav,48000,2,8688000,181.0,PCM_24,train
0500_민속악_판소리,0500,판소리,가야금,가야금,가야금,발현,True,data/extracted/train/source/0500_민속악_판소리/0500_민속악_판소리_가야금.wav,48000,2,10344000,215.5,PCM_24,train
0500_민속악_판소리,0500,판소리,거문고,거문고,거문고,발현,True,data/extracted/train/source/0500_민속악_판소리/0500_민속악_판소리_거문고.wav,48000,2,10344000,215.5,PCM_24,train
0500_민속악_판소리,0500,판소리,대금,대금,대금,관악,True,data/extracted/train/source/0500_민속악_판소리/0500_민속악_판소리_대금.wav,48000,2,10344000,215.5,PCM_24,train
0500_민속악_판소리,0500,판소리,소리북,소리북,타악기,타악,True,data/extracted/train/source/0500_민속악_판소리/0500_민속악_판소리_소리북.wav,48000,2,10344000,215.5,PCM_24,train
0500_민속악_판소리,0500,판소리,아쟁,아쟁,아쟁,찰현,True,data/extracted/train/source/0500_민속악_판소리/0500_민속악_판소리_아쟁.wav,48000,2,10344000,215.5,PCM_24,train
0500_민속악_판소리,0500,판소리,피리,피리,피리,관악,True,data/extracted/train/source/0500_민속악_판소리/0500_민속악_판소리_피리.wav,48000,2,10344000,215.5,PCM_24,train
0500_민속악_판소리,0500,판소리,해금,해금,해금,찰현,True,data/extracted/train/source/0500_민속악_판소리/0500_민속악_판소리_해금.wav,48000,2,10344000,215.5,PCM_24,train
0501_민속악_판소리,0501,판소리,가야금,가야금,가야금,발현,True,data/extracted/train/source/0501_민속악_판소리/0501_민속악_판소리_가야금.wav,48000,2,8256000,172.0,PCM_24,train
0501_민속악_판소리,0501,판소리,거문고,거문고,거문고,발현,True,data/extracted/train/source/0501_민속악_판소리/0501_민속악_판소리_거문고.wav,48000,2,8256000,172.0,PCM_24,train
0501_민속악_판소리,0501,판소리,대금,대금,대금,관악,True,data/extracted/train/source/0501_민속악_판소리/0501_민속악_판소리_대금.wav,48000,2,8256000,172.0,PCM_24,train
0501_민속악_판소리,0501,판소리,소리북,소리북,타악기,타악,True,data/extracted/train/source/0501_민속악_판소리/0501_민속악_판소리_소리북.wav,48000,2,8256000,172.0,PCM_24,train
0501_민속악_판소리,0501,판소리,아쟁,아쟁,아쟁,찰현,True,data/extracted/train/source/0501_민속악_판소리/0501_민속악_판소리_아쟁.wav,48000,2,8256000,172.0,PCM_24,train
0501_민속악_판소리,0501,판소리,피리,피리,피리,관악,True,data/extracted/train/source/0501_민속악_판소리/0501_민속악_판소리_피리.wav,48000,2,8256000,172.0,PCM_24,train
0501_민속악_판소리,0501,판소리,해금,해금,해금,찰현,True,data/extracted/train/source/0501_민속악_판소리/0501_민속악_판소리_해금.wav,48000,2,8256000,172.0,PCM_24,train
0502_민속악_판소리,0502,판소리,가야금,가야금,가야금,발현,True,data/extracted/train/source/0502_민속악_판소리/0502_민속악_판소리_가야금.wav,48000,2,12576000,262.0,PCM_24,train
0502_민속악_판소리,0502,판소리,거문고,거문고,거문고,발현,True,data/extracted/train/source/0502_민속악_판소리/0502_민속악_판소리_거문고.wav,48000,2,12576000,262.0,PCM_24,train
0502_민속악_판소리,0502,판소리,대금,대금,대금,관악,True,data/extracted/train/source/0502_민속악_판소리/0502_민속악_판소리_대금.wav,48000,2,12576000,262.0,PCM_24,train
0502_민속악_판소리,0502,판소리,소리북,소리북,타악기,타악,True,data/extracted/train/source/0502_민속악_판소리/0502_민속악_판소리_소리북.wav,48000,2,12576000,262.0,PCM_24,train
0502_민속악_판소리,0502,판소리,아쟁,아쟁,아쟁,찰현,True,data/extracted/train/source/0502_민속악_판소리/0502_민속악_판소리_아쟁.wav,48000,2,12576000,262.0,PCM_24,train
0502_민속악_판소리,0502,판소리,피리,피리,피리,관악,True,data/extracted/train/source/0502_민속악_판소리/0502_민속악_판소리_피리.wav,48000,2,12576000,262.0,PCM_24,train
0502_민속악_판소리,0502,판소리,해금,해금,해금,찰현,True,data/extracted/train/source/0502_민속악_판소리/0502_민속악_판소리_해금.wav,48000,2,12576000,262.0,PCM_24,train
0503_민속악_판소리,0503,판소리,가야금,가야금,가야금,발현,True,data/extracted/train/source/0503_민속악_판소리/0503_민속악_판소리_가야금.wav,48000,2,10320000,215.0,PCM_24,test
0503_민속악_판소리,0503,판소리,거문고,거문고,거문고,발현,True,data/extracted/train/source/0503_민속악_판소리/0503_민속악_판소리_거문고.wav,48000,2,10320000,215.0,PCM_24,test
0503_민속악_판소리,0503,판소리,대금,대금,대금,관악,True,data/extracted/train/source/0503_민속악_판소리/0503_민속악_판소리_대금.wav,48000,2,10320000,215.0,PCM_24,test
0503_민속악_판소리,0503,판소리,소리북,소리북,타악기,타악,True,data/extracted/train/source/0503_민속악_판소리/0503_민속악_판소리_소리북.wav,48000,2,10320000,215.0,PCM_24,test
0503_민속악_판소리,0503,판소리,아쟁,아쟁,아쟁,찰현,True,data/extracted/train/source/0503_민속악_판소리/0503_민속악_판소리_아쟁.wav,48000,2,10320000,215.0,PCM_24,test
0503_민속악_판소리,0503,판소리,피리,피리,피리,관악,True,data/extracted/train/source/0503_민속악_판소리/0503_민속악_판소리_피리.wav,48000,2,10320000,215.0,PCM_24,test
0503_민속악_판소리,0503,판소리,해금,해금,해금,찰현,True,data/extracted/train/source/0503_민속악_판소리/0503_민속악_판소리_해금.wav,48000,2,10320000,215.0,PCM_24,test
0504_민속악_판소리,0504,판소리,가야금,가야금,가야금,발현,True,data/extracted/train/source/0504_민속악_판소리/0504_민속악_판소리_가야금.wav,48000,2,23808000,496.0,PCM_24,test
0504_민속악_판소리,0504,판소리,거문고,거문고,거문고,발현,True,data/extracted/train/source/0504_민속악_판소리/0504_민속악_판소리_거문고.wav,48000,2,23808000,496.0,PCM_24,test
0504_민속악_판소리,0504,판소리,대금,대금,대금,관악,True,data/extracted/train/source/0504_민속악_판소리/0504_민속악_판소리_대금.wav,48000,2,23808000,496.0,PCM_24,test
0504_민속악_판소리,0504,판소리,소리북,소리북,타악기,타악,True,data/extracted/train/source/0504_민속악_판소리/0504_민속악_판소리_소리북.wav,48000,2,23808000,496.0,PCM_24,test
0504_민속악_판소리,0504,판소리,아쟁,아쟁,아쟁,찰현,True,data/extracted/train/source/0504_민속악_판소리/0504_민속악_판소리_아쟁.wav,48000,2,23808000,496.0,PCM_24,test
0504_민속악_판소리,0504,판소리,피리,피리,피리,관악,True,data/extracted/train/source/0504_민속악_판소리/0504_민속악_판소리_피리.wav,48000,2,23808000,496.0,PCM_24,test
0504_민속악_판소리,0504,판소리,해금,해금,해금,찰현,True,data/extracted/train/source/0504_민속악_판소리/0504_민속악_판소리_해금.wav,48000,2,23808000,496.0,PCM_24,test
0505_민속악_판소리,0505,판소리,가야금,가야금,가야금,발현,True,data/extracted/train/source/0505_민속악_판소리/0505_민속악_판소리_가야금.wav,48000,2,5636572,117.429,PCM_24,train
0505_민속악_판소리,0505,판소리,거문고,거문고,거문고,발현,True,data/extracted/train/source/0505_민속악_판소리/0505_민속악_판소리_거문고.wav,48000,2,5636572,117.429,PCM_24,train
0505_민속악_판소리,0505,판소리,대금,대금,대금,관악,True,data/extracted/train/source/0505_민속악_판소리/0505_민속악_판소리_대금.wav,48000,2,5636572,117.429,PCM_24,train
0505_민속악_판소리,0505,판소리,소리북,소리북,타악기,타악,True,data/extracted/train/source/0505_민속악_판소리/0505_민속악_판소리_소리북.wav,48000,2,5636572,117.429,PCM_24,train
0505_민속악_판소리,0505,판소리,아쟁,아쟁,아쟁,찰현,True,data/extracted/train/source/0505_민속악_판소리/0505_민속악_판소리_아쟁.wav,48000,2,5636572,117.429,PCM_24,train
0505_민속악_판소리,0505,판소리,피리,피리,피리,관악,True,data/extracted/train/source/0505_민속악_판소리/0505_민속악_판소리_피리.wav,48000,2,5636572,117.429,PCM_24,train
0505_민속악_판소리,0505,판소리,해금,해금,해금,찰현,True,data/extracted/train/source/0505_민속악_판소리/0505_민속악_판소리_해금.wav,48000,2,5636572,117.429,PCM_24,train
0506_민속악_판소리,0506,판소리,가야금,가야금,가야금,발현,True,data/extracted/val/source/0506_민속악_판소리/0506_민속악_판소리_가야금.wav,48000,2,7722000,160.875,PCM_24,test
0506_민속악_판소리,0506,판소리,거문고,거문고,거문고,발현,True,data/extracted/val/source/0506_민속악_판소리/0506_민속악_판소리_거문고.wav,48000,2,7722000,160.875,PCM_24,test
0506_민속악_판소리,0506,판소리,대금,대금,대금,관악,True,data/extracted/val/source/0506_민속악_판소리/0506_민속악_판소리_대금.wav,48000,2,7722000,160.875,PCM_24,test
0506_민속악_판소리,0506,판소리,소리북,소리북,타악기,타악,True,data/extracted/val/source/0506_민속악_판소리/0506_민속악_판소리_소리북.wav,48000,2,7722000,160.875,PCM_24,test
0506_민속악_판소리,0506,판소리,아쟁,아쟁,아쟁,찰현,True,data/extracted/val/source/0506_민속악_판소리/0506_민속악_판소리_아쟁.wav,48000,2,7722000,160.875,PCM_24,test
0506_민속악_판소리,0506,판소리,피리,피리,피리,관악,True,data/extracted/val/source/0506_민속악_판소리/0506_민속악_판소리_피리.wav,48000,2,7722000,160.875,PCM_24,test
0506_민속악_판소리,0506,판소리,해금,해금,해금,찰현,True,data/extracted/val/source/0506_민속악_판소리/0506_민속악_판소리_해금.wav,48000,2,7722000,160.875,PCM_24,test
0507_민속악_판소리,0507,판소리,가야금,가야금,가야금,발현,True,data/extracted/train/source/0507_민속악_판소리/0507_민속악_판소리_가야금.wav,48000,2,5500800,114.6,PCM_24,train
0507_민속악_판소리,0507,판소리,거문고,거문고,거문고,발현,True,data/extracted/train/source/0507_민속악_판소리/0507_민속악_판소리_거문고.wav,48000,2,5500800,114.6,PCM_24,train
0507_민속악_판소리,0507,판소리,대금,대금,대금,관악,True,data/extracted/train/source/0507_민속악_판소리/0507_민속악_판소리_대금.wav,48000,2,5500800,114.6,PCM_24,train
0507_민속악_판소리,0507,판소리,소리북,소리북,타악기,타악,True,data/extracted/train/source/0507_민속악_판소리/0507_민속악_판소리_소리북.wav,48000,2,5500800,114.6,PCM_24,train
0507_민속악_판소리,0507,판소리,아쟁,아쟁,아쟁,찰현,True,data/extracted/train/source/0507_민속악_판소리/0507_민속악_판소리_아쟁.wav,48000,2,5500800,114.6,PCM_24,train
0507_민속악_판소리,0507,판소리,피리,피리,피리,관악,True,data/extracted/train/source/0507_민속악_판소리/0507_민속악_판소리_피리.wav,48000,2,5500800,114.6,PCM_24,train
0507_민속악_판소리,0507,판소리,해금,해금,해금,찰현,True,data/extracted/train/source/0507_민속악_판소리/0507_민속악_판소리_해금.wav,48000,2,5500800,114.6,PCM_24,train
0508_민속악_판소리,0508,판소리,가야금,가야금,가야금,발현,True,data/extracted/train/source/0508_민속악_판소리/0508_민속악_판소리_가야금.wav,48000,2,9302400,193.8,PCM_24,train
0508_민속악_판소리,0508,판소리,거문고,거문고,거문고,발현,True,data/extracted/train/source/0508_민속악_판소리/0508_민속악_판소리_거문고.wav,48000,2,9302400,193.8,PCM_24,train
0508_민속악_판소리,0508,판소리,대금,대금,대금,관악,True,data/extracted/train/source/0508_민속악_판소리/0508_민속악_판소리_대금.wav,48000,2,9302400,193.8,PCM_24,train
0508_민속악_판소리,0508,판소리,소리북,소리북,타악기,타악,True,data/extracted/train/source/0508_민속악_판소리/0508_민속악_판소리_소리북.wav,48000,2,9302400,193.8,PCM_24,train
0508_민속악_판소리,0508,판소리,아쟁,아쟁,아쟁,찰현,True,data/extracted/train/source/0508_민속악_판소리/0508_민속악_판소리_아쟁.wav,48000,2,9302400,193.8,PCM_24,train
0508_민속악_판소리,0508,판소리,피리,피리,피리,관악,True,data/extracted/train/source/0508_민속악_판소리/0508_민속악_판소리_피리.wav,48000,2,9302400,193.8,PCM_24,train
0508_민속악_판소리,0508,판소리,해금,해금,해금,찰현,True,data/extracted/train/source/0508_민속악_판소리/0508_민속악_판소리_해금.wav,48000,2,9302400,193.8,PCM_24,train
0509_민속악_판소리,0509,판소리,가야금,가야금,가야금,발현,True,data/extracted/train/source/0509_민속악_판소리/0509_민속악_판소리_가야금.wav,48000,2,15595200,324.9,PCM_24,train
0509_민속악_판소리,0509,판소리,거문고,거문고,거문고,발현,True,data/extracted/train/source/0509_민속악_판소리/0509_민속악_판소리_거문고.wav,48000,2,15595200,324.9,PCM_24,train
0509_민속악_판소리,0509,판소리,대금,대금,대금,관악,True,data/extracted/train/source/0509_민속악_판소리/0509_민속악_판소리_대금.wav,48000,2,15595200,324.9,PCM_24,train
0509_민속악_판소리,0509,판소리,소리북,소리북,타악기,타악,True,data/extracted/train/source/0509_민속악_판소리/0509_민속악_판소리_소리북.wav,48000,2,15595200,324.9,PCM_24,train
0509_민속악_판소리,0509,판소리,아쟁,아쟁,아쟁,찰현,True,data/extracted/train/source/0509_민속악_판소리/0509_민속악_판소리_아쟁.wav,48000,2,15595200,324.9,PCM_24,train
0509_민속악_판소리,0509,판소리,피리,피리,피리,관악,True,data/extracted/train/source/0509_민속악_판소리/0509_민속악_판소리_피리.wav,48000,2,15595200,324.9,PCM_24,train
0509_민속악_판소리,0509,판소리,해금,해금,해금,찰현,True,data/extracted/train/source/0509_민속악_판소리/0509_민속악_판소리_해금.wav,48000,2,15595200,324.9,PCM_24,train
0510_민속악_판소리,0510,판소리,가야금,가야금,가야금,발현,True,data/extracted/train/source/0510_민속악_판소리/0510_민속악_판소리_가야금.wav,48000,2,15243428,317.571,PCM_24,train
0510_민속악_판소리,0510,판소리,거문고,거문고,거문고,발현,True,data/extracted/train/source/0510_민속악_판소리/0510_민속악_판소리_거문고.wav,48000,2,15243428,317.571,PCM_24,train
0510_민속악_판소리,0510,판소리,대금,대금,대금,관악,True,data/extracted/train/source/0510_민속악_판소리/0510_민속악_판소리_대금.wav,48000,2,15243428,317.571,PCM_24,train
0510_민속악_판소리,0510,판소리,소리북,소리북,타악기,타악,True,data/extracted/train/source/0510_민속악_판소리/0510_민속악_판소리_소리북.wav,48000,2,15243428,317.571,PCM_24,train
0510_민속악_판소리,0510,판소리,아쟁,아쟁,아쟁,찰현,True,data/extracted/train/source/0510_민속악_판소리/0510_민속악_판소리_아쟁.wav,48000,2,15243428,317.571,PCM_24,train
0510_민속악_판소리,0510,판소리,피리,피리,피리,관악,True,data/extracted/train/source/0510_민속악_판소리/0510_민속악_판소리_피리.wav,48000,2,15243428,317.571,PCM_24,train
0510_민속악_판소리,0510,판소리,해금,해금,해금,찰현,True,data/extracted/train/source/0510_민속악_판소리/0510_민속악_판소리_해금.wav,48000,2,15243428,317.571,PCM_24,train
0511_민속악_판소리,0511,판소리,가야금,가야금,가야금,발현,True,data/extracted/train/source/0511_민속악_판소리/0511_민속악_판소리_가야금.wav,48000,2,16440000,342.5,PCM_24,train
0511_민속악_판소리,0511,판소리,거문고,거문고,거문고,발현,True,data/extracted/train/source/0511_민속악_판소리/0511_민속악_판소리_거문고.wav,48000,2,16440000,342.5,PCM_24,train
0511_민속악_판소리,0511,판소리,대금,대금,대금,관악,True,data/extracted/train/source/0511_민속악_판소리/0511_민속악_판소리_대금.wav,48000,2,16440000,342.5,PCM_24,train
0511_민속악_판소리,0511,판소리,소리북,소리북,타악기,타악,True,data/extracted/train/source/0511_민속악_판소리/0511_민속악_판소리_소리북.wav,48000,2,16440000,342.5,PCM_24,train
0511_민속악_판소리,0511,판소리,아쟁,아쟁,아쟁,찰현,True,data/extracted/train/source/0511_민속악_판소리/0511_민속악_판소리_아쟁.wav,48000,2,16440000,342.5,PCM_24,train
0511_민속악_판소리,0511,판소리,피리,피리,피리,관악,True,data/extracted/train/source/0511_민속악_판소리/0511_민속악_판소리_피리.wav,48000,2,16440000,342.5,PCM_24,train
0511_민속악_판소리,0511,판소리,해금,해금,해금,찰현,True,data/extracted/train/source/0511_민속악_판소리/0511_민속악_판소리_해금.wav,48000,2,16440000,342.5,PCM_24,train
0512_민속악_판소리,0512,판소리,가야금,가야금,가야금,발현,True,data/extracted/val/source/0512_민속악_판소리/0512_민속악_판소리_가야금.wav,48000,2,18324000,381.75,PCM_24,train
0512_민속악_판소리,0512,판소리,거문고,거문고,거문고,발현,True,data/extracted/val/source/0512_민속악_판소리/0512_민속악_판소리_거문고.wav,48000,2,18324000,381.75,PCM_24,train
0512_민속악_판소리,0512,판소리,대금,대금,대금,관악,True,data/extracted/val/source/0512_민속악_판소리/0512_민속악_판소리_대금.wav,48000,2,18324000,381.75,PCM_24,train
0512_민속악_판소리,0512,판소리,소리북,소리북,타악기,타악,True,data/extracted/val/source/0512_민속악_판소리/0512_민속악_판소리_소리북.wav,48000,2,18324000,381.75,PCM_24,train
0512_민속악_판소리,0512,판소리,아쟁,아쟁,아쟁,찰현,True,data/extracted/val/source/0512_민속악_판소리/0512_민속악_판소리_아쟁.wav,48000,2,18324000,381.75,PCM_24,train
0512_민속악_판소리,0512,판소리,피리,피리,피리,관악,True,data/extracted/val/source/0512_민속악_판소리/0512_민속악_판소리_피리.wav,48000,2,18324000,381.75,PCM_24,train
0512_민속악_판소리,0512,판소리,해금,해금,해금,찰현,True,data/extracted/val/source/0512_민속악_판소리/0512_민속악_판소리_해금.wav,48000,2,18324000,381.75,PCM_24,train
0513_민속악_판소리,0513,판소리,가야금,가야금,가야금,발현,True,data/extracted/val/source/0513_민속악_판소리/0513_민속악_판소리_가야금.wav,48000,2,4776000,99.5,PCM_24,test
0513_민속악_판소리,0513,판소리,거문고,거문고,거문고,발현,True,data/extracted/val/source/0513_민속악_판소리/0513_민속악_판소리_거문고.wav,48000,2,4776000,99.5,PCM_24,test
0513_민속악_판소리,0513,판소리,대금,대금,대금,관악,True,data/extracted/val/source/0513_민속악_판소리/0513_민속악_판소리_대금.wav,48000,2,4776000,99.5,PCM_24,test
0513_민속악_판소리,0513,판소리,소리북,소리북,타악기,타악,True,data/extracted/val/source/0513_민속악_판소리/0513_민속악_판소리_소리북.wav,48000,2,4776000,99.5,PCM_24,test
0513_민속악_판소리,0513,판소리,아쟁,아쟁,아쟁,찰현,True,data/extracted/val/source/0513_민속악_판소리/0513_민속악_판소리_아쟁.wav,48000,2,4776000,99.5,PCM_24,test
0513_민속악_판소리,0513,판소리,피리,피리,피리,관악,True,data/extracted/val/source/0513_민속악_판소리/0513_민속악_판소리_피리.wav,48000,2,4776000,99.5,PCM_24,test
0513_민속악_판소리,0513,판소리,해금,해금,해금,찰현,True,data/extracted/val/source/0513_민속악_판소리/0513_민속악_판소리_해금.wav,48000,2,4776000,99.5,PCM_24,test
0514_민속악_판소리,0514,판소리,가야금,가야금,가야금,발현,True,data/extracted/train/source/0514_민속악_판소리/0514_민속악_판소리_가야금.wav,48000,2,6456000,134.5,PCM_24,train
0514_민속악_판소리,0514,판소리,거문고,거문고,거문고,발현,True,data/extracted/train/source/0514_민속악_판소리/0514_민속악_판소리_거문고.wav,48000,2,6456000,134.5,PCM_24,train
0514_민속악_판소리,0514,판소리,대금,대금,대금,관악,True,data/extracted/train/source/0514_민속악_판소리/0514_민속악_판소리_대금.wav,48000,2,6456000,134.5,PCM_24,train
0514_민속악_판소리,0514,판소리,소리북,소리북,타악기,타악,True,data/extracted/train/source/0514_민속악_판소리/0514_민속악_판소리_소리북.wav,48000,2,6456000,134.5,PCM_24,train
0514_민속악_판소리,0514,판소리,아쟁,아쟁,아쟁,찰현,True,data/extracted/train/source/0514_민속악_판소리/0514_민속악_판소리_아쟁.wav,48000,2,6456000,134.5,PCM_24,train
0514_민속악_판소리,0514,판소리,피리,피리,피리,관악,True,data/extracted/train/source/0514_민속악_판소리/0514_민속악_판소리_피리.wav,48000,2,6456000,134.5,PCM_24,train
0514_민속악_판소리,0514,판소리,해금,해금,해금,찰현,True,data/extracted/train/source/0514_민속악_판소리/0514_민속악_판소리_해금.wav,48000,2,6456000,134.5,PCM_24,train
0515_민속악_판소리,0515,판소리,가야금,가야금,가야금,발현,True,data/extracted/train/source/0515_민속악_판소리/0515_민속악_판소리_가야금.wav,48000,2,5508000,114.75,PCM_24,train
0515_민속악_판소리,0515,판소리,거문고,거문고,거문고,발현,True,data/extracted/train/source/0515_민속악_판소리/0515_민속악_판소리_거문고.wav,48000,2,5508000,114.75,PCM_24,train
0515_민속악_판소리,0515,판소리,대금,대금,대금,관악,True,data/extracted/train/source/0515_민속악_판소리/0515_민속악_판소리_대금.wav,48000,2,5508000,114.75,PCM_24,train
0515_민속악_판소리,0515,판소리,소리북,소리북,타악기,타악,True,data/extracted/train/source/0515_민속악_판소리/0515_민속악_판소리_소리북.wav,48000,2,5508000,114.75,PCM_24,train
0515_민속악_판소리,0515,판소리,아쟁,아쟁,아쟁,찰현,True,data/extracted/train/source/0515_민속악_판소리/0515_민속악_판소리_아쟁.wav,48000,2,5508000,114.75,PCM_24,train
0515_민속악_판소리,0515,판소리,피리,피리,피리,관악,True,data/extracted/train/source/0515_민속악_판소리/0515_민속악_판소리_피리.wav,48000,2,5508000,114.75,PCM_24,train
0515_민속악_판소리,0515,판소리,해금,해금,해금,찰현,True,data/extracted/train/source/0515_민속악_판소리/0515_민속악_판소리_해금.wav,48000,2,5508000,114.75,PCM_24,train
0516_민속악_판소리,0516,판소리,가야금,가야금,가야금,발현,True,data/extracted/train/source/0516_민속악_판소리/0516_민속악_판소리_가야금.wav,48000,2,15624000,325.5,PCM_24,train
0516_민속악_판소리,0516,판소리,거문고,거문고,거문고,발현,True,data/extracted/train/source/0516_민속악_판소리/0516_민속악_판소리_거문고.wav,48000,2,15624000,325.5,PCM_24,train
0516_민속악_판소리,0516,판소리,대금,대금,대금,관악,True,data/extracted/train/source/0516_민속악_판소리/0516_민속악_판소리_대금.wav,48000,2,15624000,325.5,PCM_24,train
0516_민속악_판소리,0516,판소리,소리북,소리북,타악기,타악,True,data/extracted/train/source/0516_민속악_판소리/0516_민속악_판소리_소리북.wav,48000,2,15624000,325.5,PCM_24,train
0516_민속악_판소리,0516,판소리,아쟁,아쟁,아쟁,찰현,True,data/extracted/train/source/0516_민속악_판소리/0516_민속악_판소리_아쟁.wav,48000,2,15624000,325.5,PCM_24,train
0516_민속악_판소리,0516,판소리,피리,피리,피리,관악,True,data/extracted/train/source/0516_민속악_판소리/0516_민속악_판소리_피리.wav,48000,2,15624000,325.5,PCM_24,train
0516_민속악_판소리,0516,판소리,해금,해금,해금,찰현,True,data/extracted/train/source/0516_민속악_판소리/0516_민속악_판소리_해금.wav,48000,2,15624000,325.5,PCM_24,train
0517_민속악_판소리,0517,판소리,가야금,가야금,가야금,발현,True,data/extracted/train/source/0517_민속악_판소리/0517_민속악_판소리_가야금.wav,48000,2,14724000,306.75,PCM_24,val
0517_민속악_판소리,0517,판소리,거문고,거문고,거문고,발현,True,data/extracted/train/source/0517_민속악_판소리/0517_민속악_판소리_거문고.wav,48000,2,14724000,306.75,PCM_24,val
0517_민속악_판소리,0517,판소리,대금,대금,대금,관악,True,data/extracted/train/source/0517_민속악_판소리/0517_민속악_판소리_대금.wav,48000,2,14724000,306.75,PCM_24,val
0517_민속악_판소리,0517,판소리,소리북,소리북,타악기,타악,True,data/extracted/train/source/0517_민속악_판소리/0517_민속악_판소리_소리북.wav,48000,2,14724000,306.75,PCM_24,val
0517_민속악_판소리,0517,판소리,아쟁,아쟁,아쟁,찰현,True,data/extracted/train/source/0517_민속악_판소리/0517_민속악_판소리_아쟁.wav,48000,2,14724000,306.75,PCM_24,val
0517_민속악_판소리,0517,판소리,피리,피리,피리,관악,True,data/extracted/train/source/0517_민속악_판소리/0517_민속악_판소리_피리.wav,48000,2,14724000,306.75,PCM_24,val
0517_민속악_판소리,0517,판소리,해금,해금,해금,찰현,True,data/extracted/train/source/0517_민속악_판소리/0517_민속악_판소리_해금.wav,48000,2,14724000,306.75,PCM_24,val
0519_민속악_판소리,0519,판소리,가야금,가야금,가야금,발현,True,data/extracted/train/source/0519_민속악_판소리/0519_민속악_판소리_가야금.wav,48000,2,6012000,125.25,PCM_24,train
0519_민속악_판소리,0519,판소리,거문고,거문고,거문고,발현,True,data/extracted/train/source/0519_민속악_판소리/0519_민속악_판소리_거문고.wav,48000,2,6012000,125.25,PCM_24,train
0519_민속악_판소리,0519,판소리,대금,대금,대금,관악,True,data/extracted/train/source/0519_민속악_판소리/0519_민속악_판소리_대금.wav,48000,2,6012000,125.25,PCM_24,train
0519_민속악_판소리,0519,판소리,소리북,소리북,타악기,타악,True,data/extracted/train/source/0519_민속악_판소리/0519_민속악_판소리_소리북.wav,48000,2,6012000,125.25,PCM_24,train
0519_민속악_판소리,0519,판소리,아쟁,아쟁,아쟁,찰현,True,data/extracted/train/source/0519_민속악_판소리/0519_민속악_판소리_아쟁.wav,48000,2,6012000,125.25,PCM_24,train
0519_민속악_판소리,0519,판소리,피리,피리,피리,관악,True,data/extracted/train/source/0519_민속악_판소리/0519_민속악_판소리_피리.wav,48000,2,6012000,125.25,PCM_24,train
0519_민속악_판소리,0519,판소리,해금,해금,해금,찰현,True,data/extracted/train/source/0519_민속악_판소리/0519_민속악_판소리_해금.wav,48000,2,6012000,125.25,PCM_24,train
0520_민속악_판소리,0520,판소리,가야금,가야금,가야금,발현,True,data/extracted/train/source/0520_민속악_판소리/0520_민속악_판소리_가야금.wav,48000,2,10212000,212.75,PCM_24,test
0520_민속악_판소리,0520,판소리,거문고,거문고,거문고,발현,True,data/extracted/train/source/0520_민속악_판소리/0520_민속악_판소리_거문고.wav,48000,2,10212000,212.75,PCM_24,test
0520_민속악_판소리,0520,판소리,대금,대금,대금,관악,True,data/extracted/train/source/0520_민속악_판소리/0520_민속악_판소리_대금.wav,48000,2,10212000,212.75,PCM_24,test
0520_민속악_판소리,0520,판소리,소리북,소리북,타악기,타악,True,data/extracted/train/source/0520_민속악_판소리/0520_민속악_판소리_소리북.wav,48000,2,10212000,212.75,PCM_24,test
0520_민속악_판소리,0520,판소리,아쟁,아쟁,아쟁,찰현,True,data/extracted/train/source/0520_민속악_판소리/0520_민속악_판소리_아쟁.wav,48000,2,10212000,212.75,PCM_24,test
0520_민속악_판소리,0520,판소리,피리,피리,피리,관악,True,data/extracted/train/source/0520_민속악_판소리/0520_민속악_판소리_피리.wav,48000,2,10212000,212.75,PCM_24,test
0520_민속악_판소리,0520,판소리,해금,해금,해금,찰현,True,data/extracted/train/source/0520_민속악_판소리/0520_민속악_판소리_해금.wav,48000,2,10212000,212.75,PCM_24,test
0521_민속악_판소리,0521,판소리,가야금,가야금,가야금,발현,True,data/extracted/train/source/0521_민속악_판소리/0521_민속악_판소리_가야금.wav,48000,2,15685715,326.786,PCM_24,test
0521_민속악_판소리,0521,판소리,거문고,거문고,거문고,발현,True,data/extracted/train/source/0521_민속악_판소리/0521_민속악_판소리_거문고.wav,48000,2,15685715,326.786,PCM_24,test
0521_민속악_판소리,0521,판소리,대금,대금,대금,관악,True,data/extracted/train/source/0521_민속악_판소리/0521_민속악_판소리_대금.wav,48000,2,15685715,326.786,PCM_24,test
0521_민속악_판소리,0521,판소리,소리북,소리북,타악기,타악,True,data/extracted/train/source/0521_민속악_판소리/0521_민속악_판소리_소리북.wav,48000,2,15685715,326.786,PCM_24,test
0521_민속악_판소리,0521,판소리,아쟁,아쟁,아쟁,찰현,True,data/extracted/train/source/0521_민속악_판소리/0521_민속악_판소리_아쟁.wav,48000,2,15685715,326.786,PCM_24,test
0521_민속악_판소리,0521,판소리,피리,피리,피리,관악,True,data/extracted/train/source/0521_민속악_판소리/0521_민속악_판소리_피리.wav,48000,2,15685715,326.786,PCM_24,test
0521_민속악_판소리,0521,판소리,해금,해금,해금,찰현,True,data/extracted/train/source/0521_민속악_판소리/0521_민속악_판소리_해금.wav,48000,2,15685715,326.786,PCM_24,test
0522_민속악_판소리,0522,판소리,가야금,가야금,가야금,발현,True,data/extracted/val/source/0522_민속악_판소리/0522_민속악_판소리_가야금.wav,48000,2,5025600,104.7,PCM_24,train
0522_민속악_판소리,0522,판소리,거문고,거문고,거문고,발현,True,data/extracted/val/source/0522_민속악_판소리/0522_민속악_판소리_거문고.wav,48000,2,5025600,104.7,PCM_24,train
0522_민속악_판소리,0522,판소리,대금,대금,대금,관악,True,data/extracted/val/source/0522_민속악_판소리/0522_민속악_판소리_대금.wav,48000,2,5025600,104.7,PCM_24,train
0522_민속악_판소리,0522,판소리,소리북,소리북,타악기,타악,True,data/extracted/val/source/0522_민속악_판소리/0522_민속악_판소리_소리북.wav,48000,2,5025600,104.7,PCM_24,train
0522_민속악_판소리,0522,판소리,아쟁,아쟁,아쟁,찰현,True,data/extracted/val/source/0522_민속악_판소리/0522_민속악_판소리_아쟁.wav,48000,2,5025600,104.7,PCM_24,train
0522_민속악_판소리,0522,판소리,피리,피리,피리,관악,True,data/extracted/val/source/0522_민속악_판소리/0522_민속악_판소리_피리.wav,48000,2,5025600,104.7,PCM_24,train
0522_민속악_판소리,0522,판소리,해금,해금,해금,찰현,True,data/extracted/val/source/0522_민속악_판소리/0522_민속악_판소리_해금.wav,48000,2,5025600,104.7,PCM_24,train
0523_민속악_판소리,0523,판소리,가야금,가야금,가야금,발현,True,data/extracted/train/source/0523_민속악_판소리/0523_민속악_판소리_가야금.wav,48000,2,6336000,132.0,PCM_24,train
0523_민속악_판소리,0523,판소리,거문고,거문고,거문고,발현,True,data/extracted/train/source/0523_민속악_판소리/0523_민속악_판소리_거문고.wav,48000,2,6336000,132.0,PCM_24,train
0523_민속악_판소리,0523,판소리,대금,대금,대금,관악,True,data/extracted/train/source/0523_민속악_판소리/0523_민속악_판소리_대금.wav,48000,2,6336000,132.0,PCM_24,train
0523_민속악_판소리,0523,판소리,소리북,소리북,타악기,타악,True,data/extracted/train/source/0523_민속악_판소리/0523_민속악_판소리_소리북.wav,48000,2,6336000,132.0,PCM_24,train
0523_민속악_판소리,0523,판소리,아쟁,아쟁,아쟁,찰현,True,data/extracted/train/source/0523_민속악_판소리/0523_민속악_판소리_아쟁.wav,48000,2,6336000,132.0,PCM_24,train
0523_민속악_판소리,0523,판소리,피리,피리,피리,관악,True,data/extracted/train/source/0523_민속악_판소리/0523_민속악_판소리_피리.wav,48000,2,6336000,132.0,PCM_24,train
0523_민속악_판소리,0523,판소리,해금,해금,해금,찰현,True,data/extracted/train/source/0523_민속악_판소리/0523_민속악_판소리_해금.wav,48000,2,6336000,132.0,PCM_24,train
0524_민속악_판소리,0524,판소리,가야금,가야금,가야금,발현,True,data/extracted/train/source/0524_민속악_판소리/0524_민속악_판소리_가야금.wav,48000,2,11293714,235.286,PCM_24,train
0524_민속악_판소리,0524,판소리,거문고,거문고,거문고,발현,True,data/extracted/train/source/0524_민속악_판소리/0524_민속악_판소리_거문고.wav,48000,2,11293714,235.286,PCM_24,train
0524_민속악_판소리,0524,판소리,대금,대금,대금,관악,True,data/extracted/train/source/0524_민속악_판소리/0524_민속악_판소리_대금.wav,48000,2,11293714,235.286,PCM_24,train
0524_민속악_판소리,0524,판소리,소리북,소리북,타악기,타악,True,data/extracted/train/source/0524_민속악_판소리/0524_민속악_판소리_소리북.wav,48000,2,11293714,235.286,PCM_24,train
0524_민속악_판소리,0524,판소리,아쟁,아쟁,아쟁,찰현,True,data/extracted/train/source/0524_민속악_판소리/0524_민속악_판소리_아쟁.wav,48000,2,11293714,235.286,PCM_24,train
0524_민속악_판소리,0524,판소리,피리,피리,피리,관악,True,data/extracted/train/source/0524_민속악_판소리/0524_민속악_판소리_피리.wav,48000,2,11293714,235.286,PCM_24,train
0524_민속악_판소리,0524,판소리,해금,해금,해금,찰현,True,data/extracted/train/source/0524_민속악_판소리/0524_민속악_판소리_해금.wav,48000,2,11293714,235.286,PCM_24,train
0525_민속악_판소리,0525,판소리,가야금,가야금,가야금,발현,True,data/extracted/train/source/0525_민속악_판소리/0525_민속악_판소리_가야금.wav,48000,2,18061714,376.286,PCM_24,train
0525_민속악_판소리,0525,판소리,거문고,거문고,거문고,발현,True,data/extracted/train/source/0525_민속악_판소리/0525_민속악_판소리_거문고.wav,48000,2,18061714,376.286,PCM_24,train
0525_민속악_판소리,0525,판소리,대금,대금,대금,관악,True,data/extracted/train/source/0525_민속악_판소리/0525_민속악_판소리_대금.wav,48000,2,18061714,376.286,PCM_24,train
0525_민속악_판소리,0525,판소리,소리북,소리북,타악기,타악,True,data/extracted/train/source/0525_민속악_판소리/0525_민속악_판소리_소리북.wav,48000,2,18061714,376.286,PCM_24,train
0525_민속악_판소리,0525,판소리,아쟁,아쟁,아쟁,찰현,True,data/extracted/train/source/0525_민속악_판소리/0525_민속악_판소리_아쟁.wav,48000,2,18061714,376.286,PCM_24,train
0525_민속악_판소리,0525,판소리,피리,피리,피리,관악,True,data/extracted/train/source/0525_민속악_판소리/0525_민속악_판소리_피리.wav,48000,2,18061714,376.286,PCM_24,train
0525_민속악_판소리,0525,판소리,해금,해금,해금,찰현,True,data/extracted/train/source/0525_민속악_판소리/0525_민속악_판소리_해금.wav,48000,2,18061714,376.286,PCM_24,train
0526_민속악_판소리,0526,판소리,가야금,가야금,가야금,발현,True,data/extracted/train/source/0526_민속악_판소리/0526_민속악_판소리_가야금.wav,48000,2,8598857,179.143,PCM_24,train
0526_민속악_판소리,0526,판소리,거문고,거문고,거문고,발현,True,data/extracted/train/source/0526_민속악_판소리/0526_민속악_판소리_거문고.wav,48000,2,8598857,179.143,PCM_24,train
0526_민속악_판소리,0526,판소리,대금,대금,대금,관악,True,data/extracted/train/source/0526_민속악_판소리/0526_민속악_판소리_대금.wav,48000,2,8598857,179.143,PCM_24,train
0526_민속악_판소리,0526,판소리,소리북,소리북,타악기,타악,True,data/extracted/train/source/0526_민속악_판소리/0526_민속악_판소리_소리북.wav,48000,2,8598857,179.143,PCM_24,train
0526_민속악_판소리,0526,판소리,아쟁,아쟁,아쟁,찰현,True,data/extracted/train/source/0526_민속악_판소리/0526_민속악_판소리_아쟁.wav,48000,2,8598857,179.143,PCM_24,train
0526_민속악_판소리,0526,판소리,피리,피리,피리,관악,True,data/extracted/train/source/0526_민속악_판소리/0526_민속악_판소리_피리.wav,48000,2,8598857,179.143,PCM_24,train
0526_민속악_판소리,0526,판소리,해금,해금,해금,찰현,True,data/extracted/train/source/0526_민속악_판소리/0526_민속악_판소리_해금.wav,48000,2,8598857,179.143,PCM_24,train
0527_민속악_판소리,0527,판소리,가야금,가야금,가야금,발현,True,data/extracted/train/source/0527_민속악_판소리/0527_민속악_판소리_가야금.wav,48000,2,16477715,343.286,PCM_24,val
0527_민속악_판소리,0527,판소리,거문고,거문고,거문고,발현,True,data/extracted/train/source/0527_민속악_판소리/0527_민속악_판소리_거문고.wav,48000,2,16477715,343.286,PCM_24,val
0527_민속악_판소리,0527,판소리,대금,대금,대금,관악,True,data/extracted/train/source/0527_민속악_판소리/0527_민속악_판소리_대금.wav,48000,2,16477715,343.286,PCM_24,val
0527_민속악_판소리,0527,판소리,소리북,소리북,타악기,타악,True,data/extracted/train/source/0527_민속악_판소리/0527_민속악_판소리_소리북.wav,48000,2,16477715,343.286,PCM_24,val
0527_민속악_판소리,0527,판소리,아쟁,아쟁,아쟁,찰현,True,data/extracted/train/source/0527_민속악_판소리/0527_민속악_판소리_아쟁.wav,48000,2,16477715,343.286,PCM_24,val
0527_민속악_판소리,0527,판소리,피리,피리,피리,관악,True,data/extracted/train/source/0527_민속악_판소리/0527_민속악_판소리_피리.wav,48000,2,16477715,343.286,PCM_24,val
0527_민속악_판소리,0527,판소리,해금,해금,해금,찰현,True,data/extracted/train/source/0527_민속악_판소리/0527_민속악_판소리_해금.wav,48000,2,16477715,343.286,PCM_24,val
0528_민속악_판소리,0528,판소리,가야금,가야금,가야금,발현,True,data/extracted/train/source/0528_민속악_판소리/0528_민속악_판소리_가야금.wav,48000,2,8372571,174.429,PCM_24,train
0528_민속악_판소리,0528,판소리,거문고,거문고,거문고,발현,True,data/extracted/train/source/0528_민속악_판소리/0528_민속악_판소리_거문고.wav,48000,2,8372571,174.429,PCM_24,train
0528_민속악_판소리,0528,판소리,대금,대금,대금,관악,True,data/extracted/train/source/0528_민속악_판소리/0528_민속악_판소리_대금.wav,48000,2,8372571,174.429,PCM_24,train
0528_민속악_판소리,0528,판소리,소리북,소리북,타악기,타악,True,data/extracted/train/source/0528_민속악_판소리/0528_민속악_판소리_소리북.wav,48000,2,8372571,174.429,PCM_24,train
0528_민속악_판소리,0528,판소리,아쟁,아쟁,아쟁,찰현,True,data/extracted/train/source/0528_민속악_판소리/0528_민속악_판소리_아쟁.wav,48000,2,8372571,174.429,PCM_24,train
0528_민속악_판소리,0528,판소리,피리,피리,피리,관악,True,data/extracted/train/source/0528_민속악_판소리/0528_민속악_판소리_피리.wav,48000,2,8372571,174.429,PCM_24,train
0528_민속악_판소리,0528,판소리,해금,해금,해금,찰현,True,data/extracted/train/source/0528_민속악_판소리/0528_민속악_판소리_해금.wav,48000,2,8372571,174.429,PCM_24,train
0529_민속악_판소리,0529,판소리,가야금,가야금,가야금,발현,True,data/extracted/train/source/0529_민속악_판소리/0529_민속악_판소리_가야금.wav,48000,2,14934857,311.143,PCM_24,train
0529_민속악_판소리,0529,판소리,거문고,거문고,거문고,발현,True,data/extracted/train/source/0529_민속악_판소리/0529_민속악_판소리_거문고.wav,48000,2,14934857,311.143,PCM_24,train
0529_민속악_판소리,0529,판소리,대금,대금,대금,관악,True,data/extracted/train/source/0529_민속악_판소리/0529_민속악_판소리_대금.wav,48000,2,14934857,311.143,PCM_24,train
0529_민속악_판소리,0529,판소리,소리북,소리북,타악기,타악,True,data/extracted/train/source/0529_민속악_판소리/0529_민속악_판소리_소리북.wav,48000,2,14934857,311.143,PCM_24,train
0529_민속악_판소리,0529,판소리,아쟁,아쟁,아쟁,찰현,True,data/extracted/train/source/0529_민속악_판소리/0529_민속악_판소리_아쟁.wav,48000,2,14934857,311.143,PCM_24,train
0529_민속악_판소리,0529,판소리,피리,피리,피리,관악,True,data/extracted/train/source/0529_민속악_판소리/0529_민속악_판소리_피리.wav,48000,2,14934857,311.143,PCM_24,train
0529_민속악_판소리,0529,판소리,해금,해금,해금,찰현,True,data/extracted/train/source/0529_민속악_판소리/0529_민속악_판소리_해금.wav,48000,2,14934857,311.143,PCM_24,train
0530_민속악_판소리,0530,판소리,가야금,가야금,가야금,발현,True,data/extracted/train/source/0530_민속악_판소리/0530_민속악_판소리_가야금.wav,48000,2,8454857,176.143,PCM_24,test
0530_민속악_판소리,0530,판소리,거문고,거문고,거문고,발현,True,data/extracted/train/source/0530_민속악_판소리/0530_민속악_판소리_거문고.wav,48000,2,8454857,176.143,PCM_24,test
0530_민속악_판소리,0530,판소리,대금,대금,대금,관악,True,data/extracted/train/source/0530_민속악_판소리/0530_민속악_판소리_대금.wav,48000,2,8454857,176.143,PCM_24,test
0530_민속악_판소리,0530,판소리,소리북,소리북,타악기,타악,True,data/extracted/train/source/0530_민속악_판소리/0530_민속악_판소리_소리북.wav,48000,2,8454857,176.143,PCM_24,test
0530_민속악_판소리,0530,판소리,아쟁,아쟁,아쟁,찰현,True,data/extracted/train/source/0530_민속악_판소리/0530_민속악_판소리_아쟁.wav,48000,2,8454857,176.143,PCM_24,test
0530_민속악_판소리,0530,판소리,피리,피리,피리,관악,True,data/extracted/train/source/0530_민속악_판소리/0530_민속악_판소리_피리.wav,48000,2,8454857,176.143,PCM_24,test
0530_민속악_판소리,0530,판소리,해금,해금,해금,찰현,True,data/extracted/train/source/0530_민속악_판소리/0530_민속악_판소리_해금.wav,48000,2,8454857,176.143,PCM_24,test
0531_민속악_판소리,0531,판소리,가야금,가야금,가야금,발현,True,data/extracted/train/source/0531_민속악_판소리/0531_민속악_판소리_가야금.wav,48000,2,1193679,24.868,PCM_24,train
0531_민속악_판소리,0531,판소리,거문고,거문고,거문고,발현,True,data/extracted/train/source/0531_민속악_판소리/0531_민속악_판소리_거문고.wav,48000,2,1193679,24.868,PCM_24,train
0531_민속악_판소리,0531,판소리,대금,대금,대금,관악,True,data/extracted/train/source/0531_민속악_판소리/0531_민속악_판소리_대금.wav,48000,2,1193679,24.868,PCM_24,train
0531_민속악_판소리,0531,판소리,소리북,소리북,타악기,타악,True,data/extracted/train/source/0531_민속악_판소리/0531_민속악_판소리_소리북.wav,48000,2,1193679,24.868,PCM_24,train
0531_민속악_판소리,0531,판소리,아쟁,아쟁,아쟁,찰현,True,data/extracted/train/source/0531_민속악_판소리/0531_민속악_판소리_아쟁.wav,48000,2,1193679,24.868,PCM_24,train
0531_민속악_판소리,0531,판소리,피리,피리,피리,관악,True,data/extracted/train/source/0531_민속악_판소리/0531_민속악_판소리_피리.wav,48000,2,1193679,24.868,PCM_24,train
0531_민속악_판소리,0531,판소리,해금,해금,해금,찰현,True,data/extracted/train/source/0531_민속악_판소리/0531_민속악_판소리_해금.wav,48000,2,1193679,24.868,PCM_24,train
0532_민속악_판소리,0532,판소리,가야금,가야금,가야금,발현,True,data/extracted/train/source/0532_민속악_판소리/0532_민속악_판소리_가야금.wav,48000,2,18090000,376.875,PCM_24,train
0532_민속악_판소리,0532,판소리,거문고,거문고,거문고,발현,True,data/extracted/train/source/0532_민속악_판소리/0532_민속악_판소리_거문고.wav,48000,2,18090000,376.875,PCM_24,train
0532_민속악_판소리,0532,판소리,대금,대금,대금,관악,True,data/extracted/train/source/0532_민속악_판소리/0532_민속악_판소리_대금.wav,48000,2,18090000,376.875,PCM_24,train
0532_민속악_판소리,0532,판소리,소리북,소리북,타악기,타악,True,data/extracted/train/source/0532_민속악_판소리/0532_민속악_판소리_소리북.wav,48000,2,18090000,376.875,PCM_24,train
0532_민속악_판소리,0532,판소리,아쟁,아쟁,아쟁,찰현,True,data/extracted/train/source/0532_민속악_판소리/0532_민속악_판소리_아쟁.wav,48000,2,18090000,376.875,PCM_24,train
0532_민속악_판소리,0532,판소리,피리,피리,피리,관악,True,data/extracted/train/source/0532_민속악_판소리/0532_민속악_판소리_피리.wav,48000,2,18090000,376.875,PCM_24,train
0532_민속악_판소리,0532,판소리,해금,해금,해금,찰현,True,data/extracted/train/source/0532_민속악_판소리/0532_민속악_판소리_해금.wav,48000,2,18090000,376.875,PCM_24,train
0533_민속악_판소리,0533,판소리,가야금,가야금,가야금,발현,True,data/extracted/train/source/0533_민속악_판소리/0533_민속악_판소리_가야금.wav,48000,2,1314000,27.375,PCM_24,train
0533_민속악_판소리,0533,판소리,거문고,거문고,거문고,발현,True,data/extracted/train/source/0533_민속악_판소리/0533_민속악_판소리_거문고.wav,48000,2,1314000,27.375,PCM_24,train
0533_민속악_판소리,0533,판소리,대금,대금,대금,관악,True,data/extracted/train/source/0533_민속악_판소리/0533_민속악_판소리_대금.wav,48000,2,1314000,27.375,PCM_24,train
0533_민속악_판소리,0533,판소리,소리북,소리북,타악기,타악,True,data/extracted/train/source/0533_민속악_판소리/0533_민속악_판소리_소리북.wav,48000,2,1314000,27.375,PCM_24,train
0533_민속악_판소리,0533,판소리,아쟁,아쟁,아쟁,찰현,True,data/extracted/train/source/0533_민속악_판소리/0533_민속악_판소리_아쟁.wav,48000,2,1314000,27.375,PCM_24,train
0533_민속악_판소리,0533,판소리,피리,피리,피리,관악,True,data/extracted/train/source/0533_민속악_판소리/0533_민속악_판소리_피리.wav,48000,2,1314000,27.375,PCM_24,train
0533_민속악_판소리,0533,판소리,해금,해금,해금,찰현,True,data/extracted/train/source/0533_민속악_판소리/0533_민속악_판소리_해금.wav,48000,2,1314000,27.375,PCM_24,train
0534_민속악_판소리,0534,판소리,가야금,가야금,가야금,발현,True,data/extracted/train/source/0534_민속악_판소리/0534_민속악_판소리_가야금.wav,48000,2,10314000,214.875,PCM_24,train
0534_민속악_판소리,0534,판소리,거문고,거문고,거문고,발현,True,data/extracted/train/source/0534_민속악_판소리/0534_민속악_판소리_거문고.wav,48000,2,10314000,214.875,PCM_24,train
0534_민속악_판소리,0534,판소리,대금,대금,대금,관악,True,data/extracted/train/source/0534_민속악_판소리/0534_민속악_판소리_대금.wav,48000,2,10314000,214.875,PCM_24,train
0534_민속악_판소리,0534,판소리,소리북,소리북,타악기,타악,True,data/extracted/train/source/0534_민속악_판소리/0534_민속악_판소리_소리북.wav,48000,2,10314000,214.875,PCM_24,train
0534_민속악_판소리,0534,판소리,아쟁,아쟁,아쟁,찰현,True,data/extracted/train/source/0534_민속악_판소리/0534_민속악_판소리_아쟁.wav,48000,2,10314000,214.875,PCM_24,train
0534_민속악_판소리,0534,판소리,피리,피리,피리,관악,True,data/extracted/train/source/0534_민속악_판소리/0534_민속악_판소리_피리.wav,48000,2,10314000,214.875,PCM_24,train
0534_민속악_판소리,0534,판소리,해금,해금,해금,찰현,True,data/extracted/train/source/0534_민속악_판소리/0534_민속악_판소리_해금.wav,48000,2,10314000,214.875,PCM_24,train
0535_민속악_판소리,0535,판소리,가야금,가야금,가야금,발현,True,data/extracted/train/source/0535_민속악_판소리/0535_민속악_판소리_가야금.wav,48000,2,17118000,356.625,PCM_24,train
0535_민속악_판소리,0535,판소리,거문고,거문고,거문고,발현,True,data/extracted/train/source/0535_민속악_판소리/0535_민속악_판소리_거문고.wav,48000,2,17118000,356.625,PCM_24,train
0535_민속악_판소리,0535,판소리,대금,대금,대금,관악,True,data/extracted/train/source/0535_민속악_판소리/0535_민속악_판소리_대금.wav,48000,2,17118000,356.625,PCM_24,train
0535_민속악_판소리,0535,판소리,소리북,소리북,타악기,타악,True,data/extracted/train/source/0535_민속악_판소리/0535_민속악_판소리_소리북.wav,48000,2,17118000,356.625,PCM_24,train
0535_민속악_판소리,0535,판소리,아쟁,아쟁,아쟁,찰현,True,data/extracted/train/source/0535_민속악_판소리/0535_민속악_판소리_아쟁.wav,48000,2,17118000,356.625,PCM_24,train
0535_민속악_판소리,0535,판소리,피리,피리,피리,관악,True,data/extracted/train/source/0535_민속악_판소리/0535_민속악_판소리_피리.wav,48000,2,17118000,356.625,PCM_24,train
0535_민속악_판소리,0535,판소리,해금,해금,해금,찰현,True,data/extracted/train/source/0535_민속악_판소리/0535_민속악_판소리_해금.wav,48000,2,17118000,356.625,PCM_24,train
0536_민속악_판소리,0536,판소리,가야금,가야금,가야금,발현,True,data/extracted/train/source/0536_민속악_판소리/0536_민속악_판소리_가야금.wav,48000,2,16416000,342.0,PCM_24,train
0536_민속악_판소리,0536,판소리,거문고,거문고,거문고,발현,True,data/extracted/train/source/0536_민속악_판소리/0536_민속악_판소리_거문고.wav,48000,2,16416000,342.0,PCM_24,train
0536_민속악_판소리,0536,판소리,대금,대금,대금,관악,True,data/extracted/train/source/0536_민속악_판소리/0536_민속악_판소리_대금.wav,48000,2,16416000,342.0,PCM_24,train
0536_민속악_판소리,0536,판소리,소리북,소리북,타악기,타악,True,data/extracted/train/source/0536_민속악_판소리/0536_민속악_판소리_소리북.wav,48000,2,16416000,342.0,PCM_24,train
0536_민속악_판소리,0536,판소리,아쟁,아쟁,아쟁,찰현,True,data/extracted/train/source/0536_민속악_판소리/0536_민속악_판소리_아쟁.wav,48000,2,16416000,342.0,PCM_24,train
0536_민속악_판소리,0536,판소리,피리,피리,피리,관악,True,data/extracted/train/source/0536_민속악_판소리/0536_민속악_판소리_피리.wav,48000,2,16416000,342.0,PCM_24,train
0536_민속악_판소리,0536,판소리,해금,해금,해금,찰현,True,data/extracted/train/source/0536_민속악_판소리/0536_민속악_판소리_해금.wav,48000,2,16416000,342.0,PCM_24,train
0537_민속악_판소리,0537,판소리,가야금,가야금,가야금,발현,True,data/extracted/train/source/0537_민속악_판소리/0537_민속악_판소리_가야금.wav,48000,2,5155200,107.4,PCM_24,val
0537_민속악_판소리,0537,판소리,거문고,거문고,거문고,발현,True,data/extracted/train/source/0537_민속악_판소리/0537_민속악_판소리_거문고.wav,48000,2,5155200,107.4,PCM_24,val
0537_민속악_판소리,0537,판소리,대금,대금,대금,관악,True,data/extracted/train/source/0537_민속악_판소리/0537_민속악_판소리_대금.wav,48000,2,5155200,107.4,PCM_24,val
0537_민속악_판소리,0537,판소리,소리북,소리북,타악기,타악,True,data/extracted/train/source/0537_민속악_판소리/0537_민속악_판소리_소리북.wav,48000,2,5155200,107.4,PCM_24,val
0537_민속악_판소리,0537,판소리,아쟁,아쟁,아쟁,찰현,True,data/extracted/train/source/0537_민속악_판소리/0537_민속악_판소리_아쟁.wav,48000,2,5155200,107.4,PCM_24,val
0537_민속악_판소리,0537,판소리,피리,피리,피리,관악,True,data/extracted/train/source/0537_민속악_판소리/0537_민속악_판소리_피리.wav,48000,2,5155200,107.4,PCM_24,val
0537_민속악_판소리,0537,판소리,해금,해금,해금,찰현,True,data/extracted/train/source/0537_민속악_판소리/0537_민속악_판소리_해금.wav,48000,2,5155200,107.4,PCM_24,val
0538_민속악_판소리,0538,판소리,가야금,가야금,가야금,발현,True,data/extracted/train/source/0538_민속악_판소리/0538_민속악_판소리_가야금.wav,48000,2,17452800,363.6,PCM_24,train
0538_민속악_판소리,0538,판소리,거문고,거문고,거문고,발현,True,data/extracted/train/source/0538_민속악_판소리/0538_민속악_판소리_거문고.wav,48000,2,17452800,363.6,PCM_24,train
0538_민속악_판소리,0538,판소리,대금,대금,대금,관악,True,data/extracted/train/source/0538_민속악_판소리/0538_민속악_판소리_대금.wav,48000,2,17452800,363.6,PCM_24,train
0538_민속악_판소리,0538,판소리,소리북,소리북,타악기,타악,True,data/extracted/train/source/0538_민속악_판소리/0538_민속악_판소리_소리북.wav,48000,2,17452800,363.6,PCM_24,train
0538_민속악_판소리,0538,판소리,아쟁,아쟁,아쟁,찰현,True,data/extracted/train/source/0538_민속악_판소리/0538_민속악_판소리_아쟁.wav,48000,2,17452800,363.6,PCM_24,train
0538_민속악_판소리,0538,판소리,피리,피리,피리,관악,True,data/extracted/train/source/0538_민속악_판소리/0538_민속악_판소리_피리.wav,48000,2,17452800,363.6,PCM_24,train
0538_민속악_판소리,0538,판소리,해금,해금,해금,찰현,True,data/extracted/train/source/0538_민속악_판소리/0538_민속악_판소리_해금.wav,48000,2,17452800,363.6,PCM_24,train
0539_민속악_판소리,0539,판소리,가야금,가야금,가야금,발현,True,data/extracted/train/source/0539_민속악_판소리/0539_민속악_판소리_가야금.wav,48000,2,9993600,208.2,PCM_24,train
0539_민속악_판소리,0539,판소리,거문고,거문고,거문고,발현,True,data/extracted/train/source/0539_민속악_판소리/0539_민속악_판소리_거문고.wav,48000,2,9993600,208.2,PCM_24,train
0539_민속악_판소리,0539,판소리,대금,대금,대금,관악,True,data/extracted/train/source/0539_민속악_판소리/0539_민속악_판소리_대금.wav,48000,2,9993600,208.2,PCM_24,train
0539_민속악_판소리,0539,판소리,소리북,소리북,타악기,타악,True,data/extracted/train/source/0539_민속악_판소리/0539_민속악_판소리_소리북.wav,48000,2,9993600,208.2,PCM_24,train
0539_민속악_판소리,0539,판소리,아쟁,아쟁,아쟁,찰현,True,data/extracted/train/source/0539_민속악_판소리/0539_민속악_판소리_아쟁.wav,48000,2,9993600,208.2,PCM_24,train
0539_민속악_판소리,0539,판소리,피리,피리,피리,관악,True,data/extracted/train/source/0539_민속악_판소리/0539_민속악_판소리_피리.wav,48000,2,9993600,208.2,PCM_24,train
0539_민속악_판소리,0539,판소리,해금,해금,해금,찰현,True,data/extracted/train/source/0539_민속악_판소리/0539_민속악_판소리_해금.wav,48000,2,9993600,208.2,PCM_24,train
0540_민속악_판소리,0540,판소리,가야금,가야금,가야금,발현,True,data/extracted/train/source/0540_민속악_판소리/0540_민속악_판소리_가야금.wav,48000,2,6858000,142.875,PCM_24,train
0540_민속악_판소리,0540,판소리,거문고,거문고,거문고,발현,True,data/extracted/train/source/0540_민속악_판소리/0540_민속악_판소리_거문고.wav,48000,2,6858000,142.875,PCM_24,train
0540_민속악_판소리,0540,판소리,대금,대금,대금,관악,True,data/extracted/train/source/0540_민속악_판소리/0540_민속악_판소리_대금.wav,48000,2,6858000,142.875,PCM_24,train
0540_민속악_판소리,0540,판소리,소리북,소리북,타악기,타악,True,data/extracted/train/source/0540_민속악_판소리/0540_민속악_판소리_소리북.wav,48000,2,6858000,142.875,PCM_24,train
0540_민속악_판소리,0540,판소리,아쟁,아쟁,아쟁,찰현,True,data/extracted/train/source/0540_민속악_판소리/0540_민속악_판소리_아쟁.wav,48000,2,6858000,142.875,PCM_24,train
0540_민속악_판소리,0540,판소리,피리,피리,피리,관악,True,data/extracted/train/source/0540_민속악_판소리/0540_민속악_판소리_피리.wav,48000,2,6858000,142.875,PCM_24,train
0540_민속악_판소리,0540,판소리,해금,해금,해금,찰현,True,data/extracted/train/source/0540_민속악_판소리/0540_민속악_판소리_해금.wav,48000,2,6858000,142.875,PCM_24,train
0541_민속악_판소리,0541,판소리,가야금,가야금,가야금,발현,True,data/extracted/train/source/0541_민속악_판소리/0541_민속악_판소리_가야금.wav,48000,2,5486400,114.3,PCM_24,train
0541_민속악_판소리,0541,판소리,거문고,거문고,거문고,발현,True,data/extracted/train/source/0541_민속악_판소리/0541_민속악_판소리_거문고.wav,48000,2,5486400,114.3,PCM_24,train
0541_민속악_판소리,0541,판소리,대금,대금,대금,관악,True,data/extracted/train/source/0541_민속악_판소리/0541_민속악_판소리_대금.wav,48000,2,5486400,114.3,PCM_24,train
0541_민속악_판소리,0541,판소리,소리북,소리북,타악기,타악,True,data/extracted/train/source/0541_민속악_판소리/0541_민속악_판소리_소리북.wav,48000,2,5486400,114.3,PCM_24,train
0541_민속악_판소리,0541,판소리,아쟁,아쟁,아쟁,찰현,True,data/extracted/train/source/0541_민속악_판소리/0541_민속악_판소리_아쟁.wav,48000,2,5486400,114.3,PCM_24,train
0541_민속악_판소리,0541,판소리,피리,피리,피리,관악,True,data/extracted/train/source/0541_민속악_판소리/0541_민속악_판소리_피리.wav,48000,2,5486400,114.3,PCM_24,train
0541_민속악_판소리,0541,판소리,해금,해금,해금,찰현,True,data/extracted/train/source/0541_민속악_판소리/0541_민속악_판소리_해금.wav,48000,2,5486400,114.3,PCM_24,train
0542_민속악_판소리,0542,판소리,가야금,가야금,가야금,발현,True,data/extracted/val/source/0542_민속악_판소리/0542_민속악_판소리_가야금.wav,48000,2,17442000,363.375,PCM_24,train
0542_민속악_판소리,0542,판소리,거문고,거문고,거문고,발현,True,data/extracted/val/source/0542_민속악_판소리/0542_민속악_판소리_거문고.wav,48000,2,17442000,363.375,PCM_24,train
0542_민속악_판소리,0542,판소리,대금,대금,대금,관악,True,data/extracted/val/source/0542_민속악_판소리/0542_민속악_판소리_대금.wav,48000,2,17442000,363.375,PCM_24,train
0542_민속악_판소리,0542,판소리,소리북,소리북,타악기,타악,True,data/extracted/val/source/0542_민속악_판소리/0542_민속악_판소리_소리북.wav,48000,2,17442000,363.375,PCM_24,train
0542_민속악_판소리,0542,판소리,아쟁,아쟁,아쟁,찰현,True,data/extracted/val/source/0542_민속악_판소리/0542_민속악_판소리_아쟁.wav,48000,2,17442000,363.375,PCM_24,train
0542_민속악_판소리,0542,판소리,피리,피리,피리,관악,True,data/extracted/val/source/0542_민속악_판소리/0542_민속악_판소리_피리.wav,48000,2,17442000,363.375,PCM_24,train
0542_민속악_판소리,0542,판소리,해금,해금,해금,찰현,True,data/extracted/val/source/0542_민속악_판소리/0542_민속악_판소리_해금.wav,48000,2,17442000,363.375,PCM_24,train
0543_민속악_판소리,0543,판소리,가야금,가야금,가야금,발현,True,data/extracted/train/source/0543_민속악_판소리/0543_민속악_판소리_가야금.wav,48000,2,5112000,106.5,PCM_24,train
0543_민속악_판소리,0543,판소리,거문고,거문고,거문고,발현,True,data/extracted/train/source/0543_민속악_판소리/0543_민속악_판소리_거문고.wav,48000,2,5112000,106.5,PCM_24,train
0543_민속악_판소리,0543,판소리,대금,대금,대금,관악,True,data/extracted/train/source/0543_민속악_판소리/0543_민속악_판소리_대금.wav,48000,2,5112000,106.5,PCM_24,train
0543_민속악_판소리,0543,판소리,소리북,소리북,타악기,타악,True,data/extracted/train/source/0543_민속악_판소리/0543_민속악_판소리_소리북.wav,48000,2,5112000,106.5,PCM_24,train
0543_민속악_판소리,0543,판소리,아쟁,아쟁,아쟁,찰현,True,data/extracted/train/source/0543_민속악_판소리/0543_민속악_판소리_아쟁.wav,48000,2,5112000,106.5,PCM_24,train
0543_민속악_판소리,0543,판소리,피리,피리,피리,관악,True,data/extracted/train/source/0543_민속악_판소리/0543_민속악_판소리_피리.wav,48000,2,5112000,106.5,PCM_24,train
0543_민속악_판소리,0543,판소리,해금,해금,해금,찰현,True,data/extracted/train/source/0543_민속악_판소리/0543_민속악_판소리_해금.wav,48000,2,5112000,106.5,PCM_24,train
0544_민속악_판소리,0544,판소리,가야금,가야금,가야금,발현,True,data/extracted/train/source/0544_민속악_판소리/0544_민속악_판소리_가야금.wav,48000,2,17172000,357.75,PCM_24,train
0544_민속악_판소리,0544,판소리,거문고,거문고,거문고,발현,True,data/extracted/train/source/0544_민속악_판소리/0544_민속악_판소리_거문고.wav,48000,2,17172000,357.75,PCM_24,train
0544_민속악_판소리,0544,판소리,대금,대금,대금,관악,True,data/extracted/train/source/0544_민속악_판소리/0544_민속악_판소리_대금.wav,48000,2,17172000,357.75,PCM_24,train
0544_민속악_판소리,0544,판소리,소리북,소리북,타악기,타악,True,data/extracted/train/source/0544_민속악_판소리/0544_민속악_판소리_소리북.wav,48000,2,17172000,357.75,PCM_24,train
0544_민속악_판소리,0544,판소리,아쟁,아쟁,아쟁,찰현,True,data/extracted/train/source/0544_민속악_판소리/0544_민속악_판소리_아쟁.wav,48000,2,17172000,357.75,PCM_24,train
0544_민속악_판소리,0544,판소리,피리,피리,피리,관악,True,data/extracted/train/source/0544_민속악_판소리/0544_민속악_판소리_피리.wav,48000,2,17172000,357.75,PCM_24,train
0544_민속악_판소리,0544,판소리,해금,해금,해금,찰현,True,data/extracted/train/source/0544_민속악_판소리/0544_민속악_판소리_해금.wav,48000,2,17172000,357.75,PCM_24,train
0545_민속악_판소리,0545,판소리,가야금,가야금,가야금,발현,True,data/extracted/train/source/0545_민속악_판소리/0545_민속악_판소리_가야금.wav,48000,2,5562000,115.875,PCM_24,train
0545_민속악_판소리,0545,판소리,거문고,거문고,거문고,발현,True,data/extracted/train/source/0545_민속악_판소리/0545_민속악_판소리_거문고.wav,48000,2,5562000,115.875,PCM_24,train
0545_민속악_판소리,0545,판소리,대금,대금,대금,관악,True,data/extracted/train/source/0545_민속악_판소리/0545_민속악_판소리_대금.wav,48000,2,5562000,115.875,PCM_24,train
0545_민속악_판소리,0545,판소리,소리북,소리북,타악기,타악,True,data/extracted/train/source/0545_민속악_판소리/0545_민속악_판소리_소리북.wav,48000,2,5562000,115.875,PCM_24,train
0545_민속악_판소리,0545,판소리,아쟁,아쟁,아쟁,찰현,True,data/extracted/train/source/0545_민속악_판소리/0545_민속악_판소리_아쟁.wav,48000,2,5562000,115.875,PCM_24,train
0545_민속악_판소리,0545,판소리,피리,피리,피리,관악,True,data/extracted/train/source/0545_민속악_판소리/0545_민속악_판소리_피리.wav,48000,2,5562000,115.875,PCM_24,train
0545_민속악_판소리,0545,판소리,해금,해금,해금,찰현,True,data/extracted/train/source/0545_민속악_판소리/0545_민속악_판소리_해금.wav,48000,2,5562000,115.875,PCM_24,train
0546_민속악_판소리,0546,판소리,가야금,가야금,가야금,발현,True,data/extracted/train/source/0546_민속악_판소리/0546_민속악_판소리_가야금.wav,48000,2,17280000,360.0,PCM_24,train
0546_민속악_판소리,0546,판소리,거문고,거문고,거문고,발현,True,data/extracted/train/source/0546_민속악_판소리/0546_민속악_판소리_거문고.wav,48000,2,17280000,360.0,PCM_24,train
0546_민속악_판소리,0546,판소리,대금,대금,대금,관악,True,data/extracted/train/source/0546_민속악_판소리/0546_민속악_판소리_대금.wav,48000,2,17280000,360.0,PCM_24,train
0546_민속악_판소리,0546,판소리,소리북,소리북,타악기,타악,True,data/extracted/train/source/0546_민속악_판소리/0546_민속악_판소리_소리북.wav,48000,2,17280000,360.0,PCM_24,train
0546_민속악_판소리,0546,판소리,아쟁,아쟁,아쟁,찰현,True,data/extracted/train/source/0546_민속악_판소리/0546_민속악_판소리_아쟁.wav,48000,2,17280000,360.0,PCM_24,train
0546_민속악_판소리,0546,판소리,피리,피리,피리,관악,True,data/extracted/train/source/0546_민속악_판소리/0546_민속악_판소리_피리.wav,48000,2,17280000,360.0,PCM_24,train
0546_민속악_판소리,0546,판소리,해금,해금,해금,찰현,True,data/extracted/train/source/0546_민속악_판소리/0546_민속악_판소리_해금.wav,48000,2,17280000,360.0,PCM_24,train
0547_민속악_판소리,0547,판소리,가야금,가야금,가야금,발현,True,data/extracted/val/source/0547_민속악_판소리/0547_민속악_판소리_가야금.wav,48000,2,16794000,349.875,PCM_24,test
0547_민속악_판소리,0547,판소리,거문고,거문고,거문고,발현,True,data/extracted/val/source/0547_민속악_판소리/0547_민속악_판소리_거문고.wav,48000,2,16794000,349.875,PCM_24,test
0547_민속악_판소리,0547,판소리,대금,대금,대금,관악,True,data/extracted/val/source/0547_민속악_판소리/0547_민속악_판소리_대금.wav,48000,2,16794000,349.875,PCM_24,test
0547_민속악_판소리,0547,판소리,소리북,소리북,타악기,타악,True,data/extracted/val/source/0547_민속악_판소리/0547_민속악_판소리_소리북.wav,48000,2,16794000,349.875,PCM_24,test
0547_민속악_판소리,0547,판소리,아쟁,아쟁,아쟁,찰현,True,data/extracted/val/source/0547_민속악_판소리/0547_민속악_판소리_아쟁.wav,48000,2,16794000,349.875,PCM_24,test
0547_민속악_판소리,0547,판소리,피리,피리,피리,관악,True,data/extracted/val/source/0547_민속악_판소리/0547_민속악_판소리_피리.wav,48000,2,16794000,349.875,PCM_24,test
0547_민속악_판소리,0547,판소리,해금,해금,해금,찰현,True,data/extracted/val/source/0547_민속악_판소리/0547_민속악_판소리_해금.wav,48000,2,16794000,349.875,PCM_24,test
0548_민속악_판소리,0548,판소리,가야금,가야금,가야금,발현,True,data/extracted/train/source/0548_민속악_판소리/0548_민속악_판소리_가야금.wav,48000,2,13284000,276.75,PCM_24,train
0548_민속악_판소리,0548,판소리,거문고,거문고,거문고,발현,True,data/extracted/train/source/0548_민속악_판소리/0548_민속악_판소리_거문고.wav,48000,2,13284000,276.75,PCM_24,train
0548_민속악_판소리,0548,판소리,대금,대금,대금,관악,True,data/extracted/train/source/0548_민속악_판소리/0548_민속악_판소리_대금.wav,48000,2,13284000,276.75,PCM_24,train
0548_민속악_판소리,0548,판소리,소리북,소리북,타악기,타악,True,data/extracted/train/source/0548_민속악_판소리/0548_민속악_판소리_소리북.wav,48000,2,13284000,276.75,PCM_24,train
0548_민속악_판소리,0548,판소리,아쟁,아쟁,아쟁,찰현,True,data/extracted/train/source/0548_민속악_판소리/0548_민속악_판소리_아쟁.wav,48000,2,13284000,276.75,PCM_24,train
0548_민속악_판소리,0548,판소리,피리,피리,피리,관악,True,data/extracted/train/source/0548_민속악_판소리/0548_민속악_판소리_피리.wav,48000,2,13284000,276.75,PCM_24,train
0548_민속악_판소리,0548,판소리,해금,해금,해금,찰현,True,data/extracted/train/source/0548_민속악_판소리/0548_민속악_판소리_해금.wav,48000,2,13284000,276.75,PCM_24,train
0549_민속악_판소리,0549,판소리,가야금,가야금,가야금,발현,True,data/extracted/train/source/0549_민속악_판소리/0549_민속악_판소리_가야금.wav,48000,2,23688000,493.5,PCM_24,train
0549_민속악_판소리,0549,판소리,거문고,거문고,거문고,발현,True,data/extracted/train/source/0549_민속악_판소리/0549_민속악_판소리_거문고.wav,48000,2,23688000,493.5,PCM_24,train
0549_민속악_판소리,0549,판소리,대금,대금,대금,관악,True,data/extracted/train/source/0549_민속악_판소리/0549_민속악_판소리_대금.wav,48000,2,23688000,493.5,PCM_24,train
0549_민속악_판소리,0549,판소리,소리북,소리북,타악기,타악,True,data/extracted/train/source/0549_민속악_판소리/0549_민속악_판소리_소리북.wav,48000,2,23688000,493.5,PCM_24,train
0549_민속악_판소리,0549,판소리,아쟁,아쟁,아쟁,찰현,True,data/extracted/train/source/0549_민속악_판소리/0549_민속악_판소리_아쟁.wav,48000,2,23688000,493.5,PCM_24,train
0549_민속악_판소리,0549,판소리,피리,피리,피리,관악,True,data/extracted/train/source/0549_민속악_판소리/0549_민속악_판소리_피리.wav,48000,2,23688000,493.5,PCM_24,train
0549_민속악_판소리,0549,판소리,해금,해금,해금,찰현,True,data/extracted/train/source/0549_민속악_판소리/0549_민속악_판소리_해금.wav,48000,2,23688000,493.5,PCM_24,train
0551_민속악_판소리,0551,판소리,가야금,가야금,가야금,발현,True,data/extracted/train/source/0551_민속악_판소리/0551_민속악_판소리_가야금.wav,48000,2,15552000,324.0,PCM_24,train
0551_민속악_판소리,0551,판소리,거문고,거문고,거문고,발현,True,data/extracted/train/source/0551_민속악_판소리/0551_민속악_판소리_거문고.wav,48000,2,15552000,324.0,PCM_24,train
0551_민속악_판소리,0551,판소리,대금,대금,대금,관악,True,data/extracted/train/source/0551_민속악_판소리/0551_민속악_판소리_대금.wav,48000,2,15552000,324.0,PCM_24,train
0551_민속악_판소리,0551,판소리,소리북,소리북,타악기,타악,True,data/extracted/train/source/0551_민속악_판소리/0551_민속악_판소리_소리북.wav,48000,2,15552000,324.0,PCM_24,train
0551_민속악_판소리,0551,판소리,아쟁,아쟁,아쟁,찰현,True,data/extracted/train/source/0551_민속악_판소리/0551_민속악_판소리_아쟁.wav,48000,2,15552000,324.0,PCM_24,train
0551_민속악_판소리,0551,판소리,피리,피리,피리,관악,True,data/extracted/train/source/0551_민속악_판소리/0551_민속악_판소리_피리.wav,48000,2,15552000,324.0,PCM_24,train
0551_민속악_판소리,0551,판소리,해금,해금,해금,찰현,True,data/extracted/train/source/0551_민속악_판소리/0551_민속악_판소리_해금.wav,48000,2,15552000,324.0,PCM_24,train
0552_민속악_판소리,0552,판소리,가야금,가야금,가야금,발현,True,data/extracted/val/source/0552_민속악_판소리/0552_민속악_판소리_가야금.wav,48000,2,5208000,108.5,PCM_24,train
0552_민속악_판소리,0552,판소리,거문고,거문고,거문고,발현,True,data/extracted/val/source/0552_민속악_판소리/0552_민속악_판소리_거문고.wav,48000,2,5208000,108.5,PCM_24,train
0552_민속악_판소리,0552,판소리,대금,대금,대금,관악,True,data/extracted/val/source/0552_민속악_판소리/0552_민속악_판소리_대금.wav,48000,2,5208000,108.5,PCM_24,train
0552_민속악_판소리,0552,판소리,소리북,소리북,타악기,타악,True,data/extracted/val/source/0552_민속악_판소리/0552_민속악_판소리_소리북.wav,48000,2,5208000,108.5,PCM_24,train
0552_민속악_판소리,0552,판소리,아쟁,아쟁,아쟁,찰현,True,data/extracted/val/source/0552_민속악_판소리/0552_민속악_판소리_아쟁.wav,48000,2,5208000,108.5,PCM_24,train
0552_민속악_판소리,0552,판소리,피리,피리,피리,관악,True,data/extracted/val/source/0552_민속악_판소리/0552_민속악_판소리_피리.wav,48000,2,5208000,108.5,PCM_24,train
0552_민속악_판소리,0552,판소리,해금,해금,해금,찰현,True,data/extracted/val/source/0552_민속악_판소리/0552_민속악_판소리_해금.wav,48000,2,5208000,108.5,PCM_24,train
0553_민속악_판소리,0553,판소리,가야금,가야금,가야금,발현,True,data/extracted/train/source/0553_민속악_판소리/0553_민속악_판소리_가야금.wav,48000,2,9450000,196.875,PCM_24,train
0553_민속악_판소리,0553,판소리,거문고,거문고,거문고,발현,True,data/extracted/train/source/0553_민속악_판소리/0553_민속악_판소리_거문고.wav,48000,2,9450000,196.875,PCM_24,train
0553_민속악_판소리,0553,판소리,대금,대금,대금,관악,True,data/extracted/train/source/0553_민속악_판소리/0553_민속악_판소리_대금.wav,48000,2,9450000,196.875,PCM_24,train
0553_민속악_판소리,0553,판소리,소리북,소리북,타악기,타악,True,data/extracted/train/source/0553_민속악_판소리/0553_민속악_판소리_소리북.wav,48000,2,9450000,196.875,PCM_24,train
0553_민속악_판소리,0553,판소리,아쟁,아쟁,아쟁,찰현,True,data/extracted/train/source/0553_민속악_판소리/0553_민속악_판소리_아쟁.wav,48000,2,9450000,196.875,PCM_24,train
0553_민속악_판소리,0553,판소리,피리,피리,피리,관악,True,data/extracted/train/source/0553_민속악_판소리/0553_민속악_판소리_피리.wav,48000,2,9450000,196.875,PCM_24,train
0553_민속악_판소리,0553,판소리,해금,해금,해금,찰현,True,data/extracted/train/source/0553_민속악_판소리/0553_민속악_판소리_해금.wav,48000,2,9450000,196.875,PCM_24,train
0554_민속악_판소리,0554,판소리,가야금,가야금,가야금,발현,True,data/extracted/train/source/0554_민속악_판소리/0554_민속악_판소리_가야금.wav,48000,2,4443428,92.571,PCM_24,train
0554_민속악_판소리,0554,판소리,거문고,거문고,거문고,발현,True,data/extracted/train/source/0554_민속악_판소리/0554_민속악_판소리_거문고.wav,48000,2,4443428,92.571,PCM_24,train
0554_민속악_판소리,0554,판소리,대금,대금,대금,관악,True,data/extracted/train/source/0554_민속악_판소리/0554_민속악_판소리_대금.wav,48000,2,4443428,92.571,PCM_24,train
0554_민속악_판소리,0554,판소리,소리북,소리북,타악기,타악,True,data/extracted/train/source/0554_민속악_판소리/0554_민속악_판소리_소리북.wav,48000,2,4443428,92.571,PCM_24,train
0554_민속악_판소리,0554,판소리,아쟁,아쟁,아쟁,찰현,True,data/extracted/train/source/0554_민속악_판소리/0554_민속악_판소리_아쟁.wav,48000,2,4443428,92.571,PCM_24,train
0554_민속악_판소리,0554,판소리,피리,피리,피리,관악,True,data/extracted/train/source/0554_민속악_판소리/0554_민속악_판소리_피리.wav,48000,2,4443428,92.571,PCM_24,train
0554_민속악_판소리,0554,판소리,해금,해금,해금,찰현,True,data/extracted/train/source/0554_민속악_판소리/0554_민속악_판소리_해금.wav,48000,2,4443428,92.571,PCM_24,train
0555_민속악_판소리,0555,판소리,가야금,가야금,가야금,발현,True,data/extracted/train/source/0555_민속악_판소리/0555_민속악_판소리_가야금.wav,48000,2,5208000,108.5,PCM_24,train
0555_민속악_판소리,0555,판소리,거문고,거문고,거문고,발현,True,data/extracted/train/source/0555_민속악_판소리/0555_민속악_판소리_거문고.wav,48000,2,5208000,108.5,PCM_24,train
0555_민속악_판소리,0555,판소리,대금,대금,대금,관악,True,data/extracted/train/source/0555_민속악_판소리/0555_민속악_판소리_대금.wav,48000,2,5208000,108.5,PCM_24,train
0555_민속악_판소리,0555,판소리,소리북,소리북,타악기,타악,True,data/extracted/train/source/0555_민속악_판소리/0555_민속악_판소리_소리북.wav,48000,2,5208000,108.5,PCM_24,train
0555_민속악_판소리,0555,판소리,아쟁,아쟁,아쟁,찰현,True,data/extracted/train/source/0555_민속악_판소리/0555_민속악_판소리_아쟁.wav,48000,2,5208000,108.5,PCM_24,train
0555_민속악_판소리,0555,판소리,피리,피리,피리,관악,True,data/extracted/train/source/0555_민속악_판소리/0555_민속악_판소리_피리.wav,48000,2,5208000,108.5,PCM_24,train
0555_민속악_판소리,0555,판소리,해금,해금,해금,찰현,True,data/extracted/train/source/0555_민속악_판소리/0555_민속악_판소리_해금.wav,48000,2,5208000,108.5,PCM_24,train
0556_민속악_판소리,0556,판소리,가야금,가야금,가야금,발현,True,data/extracted/train/source/0556_민속악_판소리/0556_민속악_판소리_가야금.wav,48000,2,6426000,133.875,PCM_24,train
0556_민속악_판소리,0556,판소리,거문고,거문고,거문고,발현,True,data/extracted/train/source/0556_민속악_판소리/0556_민속악_판소리_거문고.wav,48000,2,6426000,133.875,PCM_24,train
0556_민속악_판소리,0556,판소리,대금,대금,대금,관악,True,data/extracted/train/source/0556_민속악_판소리/0556_민속악_판소리_대금.wav,48000,2,6426000,133.875,PCM_24,train
0556_민속악_판소리,0556,판소리,소리북,소리북,타악기,타악,True,data/extracted/train/source/0556_민속악_판소리/0556_민속악_판소리_소리북.wav,48000,2,6426000,133.875,PCM_24,train
0556_민속악_판소리,0556,판소리,아쟁,아쟁,아쟁,찰현,True,data/extracted/train/source/0556_민속악_판소리/0556_민속악_판소리_아쟁.wav,48000,2,6426000,133.875,PCM_24,train
0556_민속악_판소리,0556,판소리,피리,피리,피리,관악,True,data/extracted/train/source/0556_민속악_판소리/0556_민속악_판소리_피리.wav,48000,2,6426000,133.875,PCM_24,train
0556_민속악_판소리,0556,판소리,해금,해금,해금,찰현,True,data/extracted/train/source/0556_민속악_판소리/0556_민속악_판소리_해금.wav,48000,2,6426000,133.875,PCM_24,train
0557_민속악_판소리,0557,판소리,가야금,가야금,가야금,발현,True,data/extracted/train/source/0557_민속악_판소리/0557_민속악_판소리_가야금.wav,48000,2,17460000,363.75,PCM_24,train
0557_민속악_판소리,0557,판소리,거문고,거문고,거문고,발현,True,data/extracted/train/source/0557_민속악_판소리/0557_민속악_판소리_거문고.wav,48000,2,17460000,363.75,PCM_24,train
0557_민속악_판소리,0557,판소리,대금,대금,대금,관악,True,data/extracted/train/source/0557_민속악_판소리/0557_민속악_판소리_대금.wav,48000,2,17460000,363.75,PCM_24,train
0557_민속악_판소리,0557,판소리,소리북,소리북,타악기,타악,True,data/extracted/train/source/0557_민속악_판소리/0557_민속악_판소리_소리북.wav,48000,2,17460000,363.75,PCM_24,train
0557_민속악_판소리,0557,판소리,아쟁,아쟁,아쟁,찰현,True,data/extracted/train/source/0557_민속악_판소리/0557_민속악_판소리_아쟁.wav,48000,2,17460000,363.75,PCM_24,train
0557_민속악_판소리,0557,판소리,피리,피리,피리,관악,True,data/extracted/train/source/0557_민속악_판소리/0557_민속악_판소리_피리.wav,48000,2,17460000,363.75,PCM_24,train
0557_민속악_판소리,0557,판소리,해금,해금,해금,찰현,True,data/extracted/train/source/0557_민속악_판소리/0557_민속악_판소리_해금.wav,48000,2,17460000,363.75,PCM_24,train
0558_민속악_판소리,0558,판소리,가야금,가야금,가야금,발현,True,data/extracted/train/source/0558_민속악_판소리/0558_민속악_판소리_가야금.wav,48000,2,17403429,362.571,PCM_24,train
0558_민속악_판소리,0558,판소리,거문고,거문고,거문고,발현,True,data/extracted/train/source/0558_민속악_판소리/0558_민속악_판소리_거문고.wav,48000,2,17403429,362.571,PCM_24,train
0558_민속악_판소리,0558,판소리,대금,대금,대금,관악,True,data/extracted/train/source/0558_민속악_판소리/0558_민속악_판소리_대금.wav,48000,2,17403429,362.571,PCM_24,train
0558_민속악_판소리,0558,판소리,소리북,소리북,타악기,타악,True,data/extracted/train/source/0558_민속악_판소리/0558_민속악_판소리_소리북.wav,48000,2,17403429,362.571,PCM_24,train
0558_민속악_판소리,0558,판소리,아쟁,아쟁,아쟁,찰현,True,data/extracted/train/source/0558_민속악_판소리/0558_민속악_판소리_아쟁.wav,48000,2,17403429,362.571,PCM_24,train
0558_민속악_판소리,0558,판소리,피리,피리,피리,관악,True,data/extracted/train/source/0558_민속악_판소리/0558_민속악_판소리_피리.wav,48000,2,17403429,362.571,PCM_24,train
0558_민속악_판소리,0558,판소리,해금,해금,해금,찰현,True,data/extracted/train/source/0558_민속악_판소리/0558_민속악_판소리_해금.wav,48000,2,17403429,362.571,PCM_24,train
0560_민속악_판소리,0560,판소리,가야금,가야금,가야금,발현,True,data/extracted/train/source/0560_민속악_판소리/0560_민속악_판소리_가야금.wav,48000,2,10392000,216.5,PCM_24,train
0560_민속악_판소리,0560,판소리,거문고,거문고,거문고,발현,True,data/extracted/train/source/0560_민속악_판소리/0560_민속악_판소리_거문고.wav,48000,2,10392000,216.5,PCM_24,train
0560_민속악_판소리,0560,판소리,대금,대금,대금,관악,True,data/extracted/train/source/0560_민속악_판소리/0560_민속악_판소리_대금.wav,48000,2,10392000,216.5,PCM_24,train
0560_민속악_판소리,0560,판소리,소리북,소리북,타악기,타악,True,data/extracted/train/source/0560_민속악_판소리/0560_민속악_판소리_소리북.wav,48000,2,10392000,216.5,PCM_24,train
0560_민속악_판소리,0560,판소리,아쟁,아쟁,아쟁,찰현,True,data/extracted/train/source/0560_민속악_판소리/0560_민속악_판소리_아쟁.wav,48000,2,10392000,216.5,PCM_24,train
0560_민속악_판소리,0560,판소리,피리,피리,피리,관악,True,data/extracted/train/source/0560_민속악_판소리/0560_민속악_판소리_피리.wav,48000,2,10392000,216.5,PCM_24,train
0560_민속악_판소리,0560,판소리,해금,해금,해금,찰현,True,data/extracted/train/source/0560_민속악_판소리/0560_민속악_판소리_해금.wav,48000,2,10392000,216.5,PCM_24,train
0561_민속악_판소리,0561,판소리,가야금,가야금,가야금,발현,True,data/extracted/train/source/0561_민속악_판소리/0561_민속악_판소리_가야금.wav,48000,2,11505600,239.7,PCM_24,train
0561_민속악_판소리,0561,판소리,거문고,거문고,거문고,발현,True,data/extracted/train/source/0561_민속악_판소리/0561_민속악_판소리_거문고.wav,48000,2,11505600,239.7,PCM_24,train
0561_민속악_판소리,0561,판소리,대금,대금,대금,관악,True,data/extracted/train/source/0561_민속악_판소리/0561_민속악_판소리_대금.wav,48000,2,11505600,239.7,PCM_24,train
0561_민속악_판소리,0561,판소리,소리북,소리북,타악기,타악,True,data/extracted/train/source/0561_민속악_판소리/0561_민속악_판소리_소리북.wav,48000,2,11505600,239.7,PCM_24,train
0561_민속악_판소리,0561,판소리,아쟁,아쟁,아쟁,찰현,True,data/extracted/train/source/0561_민속악_판소리/0561_민속악_판소리_아쟁.wav,48000,2,11505600,239.7,PCM_24,train
0561_민속악_판소리,0561,판소리,피리,피리,피리,관악,True,data/extracted/train/source/0561_민속악_판소리/0561_민속악_판소리_피리.wav,48000,2,11505600,239.7,PCM_24,train
0561_민속악_판소리,0561,판소리,해금,해금,해금,찰현,True,data/extracted/train/source/0561_민속악_판소리/0561_민속악_판소리_해금.wav,48000,2,11505600,239.7,PCM_24,train
0562_민속악_판소리,0562,판소리,가야금,가야금,가야금,발현,True,data/extracted/train/source/0562_민속악_판소리/0562_민속악_판소리_가야금.wav,48000,2,6936000,144.5,PCM_24,train
0562_민속악_판소리,0562,판소리,거문고,거문고,거문고,발현,True,data/extracted/train/source/0562_민속악_판소리/0562_민속악_판소리_거문고.wav,48000,2,6936000,144.5,PCM_24,train
0562_민속악_판소리,0562,판소리,대금,대금,대금,관악,True,data/extracted/train/source/0562_민속악_판소리/0562_민속악_판소리_대금.wav,48000,2,6936000,144.5,PCM_24,train
0562_민속악_판소리,0562,판소리,소리북,소리북,타악기,타악,True,data/extracted/train/source/0562_민속악_판소리/0562_민속악_판소리_소리북.wav,48000,2,6936000,144.5,PCM_24,train
0562_민속악_판소리,0562,판소리,아쟁,아쟁,아쟁,찰현,True,data/extracted/train/source/0562_민속악_판소리/0562_민속악_판소리_아쟁.wav,48000,2,6936000,144.5,PCM_24,train
0562_민속악_판소리,0562,판소리,피리,피리,피리,관악,True,data/extracted/train/source/0562_민속악_판소리/0562_민속악_판소리_피리.wav,48000,2,6936000,144.5,PCM_24,train
0562_민속악_판소리,0562,판소리,해금,해금,해금,찰현,True,data/extracted/train/source/0562_민속악_판소리/0562_민속악_판소리_해금.wav,48000,2,6936000,144.5,PCM_24,train
0563_민속악_판소리,0563,판소리,가야금,가야금,가야금,발현,True,data/extracted/train/source/0563_민속악_판소리/0563_민속악_판소리_가야금.wav,48000,2,6480000,135.0,PCM_24,val
0563_민속악_판소리,0563,판소리,거문고,거문고,거문고,발현,True,data/extracted/train/source/0563_민속악_판소리/0563_민속악_판소리_거문고.wav,48000,2,6480000,135.0,PCM_24,val
0563_민속악_판소리,0563,판소리,대금,대금,대금,관악,True,data/extracted/train/source/0563_민속악_판소리/0563_민속악_판소리_대금.wav,48000,2,6480000,135.0,PCM_24,val
0563_민속악_판소리,0563,판소리,소리북,소리북,타악기,타악,True,data/extracted/train/source/0563_민속악_판소리/0563_민속악_판소리_소리북.wav,48000,2,6480000,135.0,PCM_24,val
0563_민속악_판소리,0563,판소리,아쟁,아쟁,아쟁,찰현,True,data/extracted/train/source/0563_민속악_판소리/0563_민속악_판소리_아쟁.wav,48000,2,6480000,135.0,PCM_24,val
0563_민속악_판소리,0563,판소리,피리,피리,피리,관악,True,data/extracted/train/source/0563_민속악_판소리/0563_민속악_판소리_피리.wav,48000,2,6480000,135.0,PCM_24,val
0563_민속악_판소리,0563,판소리,해금,해금,해금,찰현,True,data/extracted/train/source/0563_민속악_판소리/0563_민속악_판소리_해금.wav,48000,2,6480000,135.0,PCM_24,val
0564_민속악_판소리,0564,판소리,가야금,가야금,가야금,발현,True,data/extracted/train/source/0564_민속악_판소리/0564_민속악_판소리_가야금.wav,48000,2,9528000,198.5,PCM_24,train
0564_민속악_판소리,0564,판소리,거문고,거문고,거문고,발현,True,data/extracted/train/source/0564_민속악_판소리/0564_민속악_판소리_거문고.wav,48000,2,9528000,198.5,PCM_24,train
0564_민속악_판소리,0564,판소리,대금,대금,대금,관악,True,data/extracted/train/source/0564_민속악_판소리/0564_민속악_판소리_대금.wav,48000,2,9528000,198.5,PCM_24,train
0564_민속악_판소리,0564,판소리,소리북,소리북,타악기,타악,True,data/extracted/train/source/0564_민속악_판소리/0564_민속악_판소리_소리북.wav,48000,2,9528000,198.5,PCM_24,train
0564_민속악_판소리,0564,판소리,아쟁,아쟁,아쟁,찰현,True,data/extracted/train/source/0564_민속악_판소리/0564_민속악_판소리_아쟁.wav,48000,2,9528000,198.5,PCM_24,train
0564_민속악_판소리,0564,판소리,피리,피리,피리,관악,True,data/extracted/train/source/0564_민속악_판소리/0564_민속악_판소리_피리.wav,48000,2,9528000,198.5,PCM_24,train
0564_민속악_판소리,0564,판소리,해금,해금,해금,찰현,True,data/extracted/train/source/0564_민속악_판소리/0564_민속악_판소리_해금.wav,48000,2,9528000,198.5,PCM_24,train
0565_민속악_판소리,0565,판소리,가야금,가야금,가야금,발현,True,data/extracted/train/source/0565_민속악_판소리/0565_민속악_판소리_가야금.wav,48000,2,17403429,362.571,PCM_24,train
0565_민속악_판소리,0565,판소리,거문고,거문고,거문고,발현,True,data/extracted/train/source/0565_민속악_판소리/0565_민속악_판소리_거문고.wav,48000,2,17403429,362.571,PCM_24,train
0565_민속악_판소리,0565,판소리,대금,대금,대금,관악,True,data/extracted/train/source/0565_민속악_판소리/0565_민속악_판소리_대금.wav,48000,2,17403429,362.571,PCM_24,train
0565_민속악_판소리,0565,판소리,소리북,소리북,타악기,타악,True,data/extracted/train/source/0565_민속악_판소리/0565_민속악_판소리_소리북.wav,48000,2,17403429,362.571,PCM_24,train
0565_민속악_판소리,0565,판소리,아쟁,아쟁,아쟁,찰현,True,data/extracted/train/source/0565_민속악_판소리/0565_민속악_판소리_아쟁.wav,48000,2,17403429,362.571,PCM_24,train
0565_민속악_판소리,0565,판소리,피리,피리,피리,관악,True,data/extracted/train/source/0565_민속악_판소리/0565_민속악_판소리_피리.wav,48000,2,17403429,362.571,PCM_24,train
0565_민속악_판소리,0565,판소리,해금,해금,해금,찰현,True,data/extracted/train/source/0565_민속악_판소리/0565_민속악_판소리_해금.wav,48000,2,17403429,362.571,PCM_24,train
0567_민속악_판소리,0567,판소리,가야금,가야금,가야금,발현,True,data/extracted/val/source/0567_민속악_판소리/0567_민속악_판소리_가야금.wav,48000,2,14796000,308.25,PCM_24,train
0567_민속악_판소리,0567,판소리,거문고,거문고,거문고,발현,True,data/extracted/val/source/0567_민속악_판소리/0567_민속악_판소리_거문고.wav,48000,2,14796000,308.25,PCM_24,train
0567_민속악_판소리,0567,판소리,대금,대금,대금,관악,True,data/extracted/val/source/0567_민속악_판소리/0567_민속악_판소리_대금.wav,48000,2,14796000,308.25,PCM_24,train
0567_민속악_판소리,0567,판소리,소리북,소리북,타악기,타악,True,data/extracted/val/source/0567_민속악_판소리/0567_민속악_판소리_소리북.wav,48000,2,14796000,308.25,PCM_24,train
0567_민속악_판소리,0567,판소리,아쟁,아쟁,아쟁,찰현,True,data/extracted/val/source/0567_민속악_판소리/0567_민속악_판소리_아쟁.wav,48000,2,14796000,308.25,PCM_24,train
0567_민속악_판소리,0567,판소리,피리,피리,피리,관악,True,data/extracted/val/source/0567_민속악_판소리/0567_민속악_판소리_피리.wav,48000,2,14796000,308.25,PCM_24,train
0567_민속악_판소리,0567,판소리,해금,해금,해금,찰현,True,data/extracted/val/source/0567_민속악_판소리/0567_민속악_판소리_해금.wav,48000,2,14796000,308.25,PCM_24,train
0568_민속악_판소리,0568,판소리,가야금,가야금,가야금,발현,True,data/extracted/train/source/0568_민속악_판소리/0568_민속악_판소리_가야금.wav,48000,2,24624000,513.0,PCM_24,train
0568_민속악_판소리,0568,판소리,거문고,거문고,거문고,발현,True,data/extracted/train/source/0568_민속악_판소리/0568_민속악_판소리_거문고.wav,48000,2,24624000,513.0,PCM_24,train
0568_민속악_판소리,0568,판소리,대금,대금,대금,관악,True,data/extracted/train/source/0568_민속악_판소리/0568_민속악_판소리_대금.wav,48000,2,24624000,513.0,PCM_24,train
0568_민속악_판소리,0568,판소리,소리북,소리북,타악기,타악,True,data/extracted/train/source/0568_민속악_판소리/0568_민속악_판소리_소리북.wav,48000,2,24624000,513.0,PCM_24,train
0568_민속악_판소리,0568,판소리,아쟁,아쟁,아쟁,찰현,True,data/extracted/train/source/0568_민속악_판소리/0568_민속악_판소리_아쟁.wav,48000,2,24624000,513.0,PCM_24,train
0568_민속악_판소리,0568,판소리,피리,피리,피리,관악,True,data/extracted/train/source/0568_민속악_판소리/0568_민속악_판소리_피리.wav,48000,2,24624000,513.0,PCM_24,train
0568_민속악_판소리,0568,판소리,해금,해금,해금,찰현,True,data/extracted/train/source/0568_민속악_판소리/0568_민속악_판소리_해금.wav,48000,2,24624000,513.0,PCM_24,train
0569_민속악_판소리,0569,판소리,가야금,가야금,가야금,발현,True,data/extracted/train/source/0569_민속악_판소리/0569_민속악_판소리_가야금.wav,48000,2,13848000,288.5,PCM_24,train
0569_민속악_판소리,0569,판소리,거문고,거문고,거문고,발현,True,data/extracted/train/source/0569_민속악_판소리/0569_민속악_판소리_거문고.wav,48000,2,13848000,288.5,PCM_24,train
0569_민속악_판소리,0569,판소리,대금,대금,대금,관악,True,data/extracted/train/source/0569_민속악_판소리/0569_민속악_판소리_대금.wav,48000,2,13848000,288.5,PCM_24,train
0569_민속악_판소리,0569,판소리,소리북,소리북,타악기,타악,True,data/extracted/train/source/0569_민속악_판소리/0569_민속악_판소리_소리북.wav,48000,2,13848000,288.5,PCM_24,train
0569_민속악_판소리,0569,판소리,아쟁,아쟁,아쟁,찰현,True,data/extracted/train/source/0569_민속악_판소리/0569_민속악_판소리_아쟁.wav,48000,2,13848000,288.5,PCM_24,train
0569_민속악_판소리,0569,판소리,피리,피리,피리,관악,True,data/extracted/train/source/0569_민속악_판소리/0569_민속악_판소리_피리.wav,48000,2,13848000,288.5,PCM_24,train
0569_민속악_판소리,0569,판소리,해금,해금,해금,찰현,True,data/extracted/train/source/0569_민속악_판소리/0569_민속악_판소리_해금.wav,48000,2,13848000,288.5,PCM_24,train
0570_민속악_판소리,0570,판소리,가야금,가야금,가야금,발현,True,data/extracted/train/source/0570_민속악_판소리/0570_민속악_판소리_가야금.wav,48000,2,17952000,374.0,PCM_24,train
0570_민속악_판소리,0570,판소리,거문고,거문고,거문고,발현,True,data/extracted/train/source/0570_민속악_판소리/0570_민속악_판소리_거문고.wav,48000,2,17952000,374.0,PCM_24,train
0570_민속악_판소리,0570,판소리,대금,대금,대금,관악,True,data/extracted/train/source/0570_민속악_판소리/0570_민속악_판소리_대금.wav,48000,2,17952000,374.0,PCM_24,train
0570_민속악_판소리,0570,판소리,소리북,소리북,타악기,타악,True,data/extracted/train/source/0570_민속악_판소리/0570_민속악_판소리_소리북.wav,48000,2,17952000,374.0,PCM_24,train
0570_민속악_판소리,0570,판소리,아쟁,아쟁,아쟁,찰현,True,data/extracted/train/source/0570_민속악_판소리/0570_민속악_판소리_아쟁.wav,48000,2,17952000,374.0,PCM_24,train
0570_민속악_판소리,0570,판소리,피리,피리,피리,관악,True,data/extracted/train/source/0570_민속악_판소리/0570_민속악_판소리_피리.wav,48000,2,17952000,374.0,PCM_24,train
0570_민속악_판소리,0570,판소리,해금,해금,해금,찰현,True,data/extracted/train/source/0570_민속악_판소리/0570_민속악_판소리_해금.wav,48000,2,17952000,374.0,PCM_24,train
0571_민속악_판소리,0571,판소리,가야금,가야금,가야금,발현,True,data/extracted/val/source/0571_민속악_판소리/0571_민속악_판소리_가야금.wav,48000,2,6144000,128.0,PCM_24,train
0571_민속악_판소리,0571,판소리,거문고,거문고,거문고,발현,True,data/extracted/val/source/0571_민속악_판소리/0571_민속악_판소리_거문고.wav,48000,2,6144000,128.0,PCM_24,train
0571_민속악_판소리,0571,판소리,대금,대금,대금,관악,True,data/extracted/val/source/0571_민속악_판소리/0571_민속악_판소리_대금.wav,48000,2,6144000,128.0,PCM_24,train
0571_민속악_판소리,0571,판소리,소리북,소리북,타악기,타악,True,data/extracted/val/source/0571_민속악_판소리/0571_민속악_판소리_소리북.wav,48000,2,6144000,128.0,PCM_24,train
0571_민속악_판소리,0571,판소리,아쟁,아쟁,아쟁,찰현,True,data/extracted/val/source/0571_민속악_판소리/0571_민속악_판소리_아쟁.wav,48000,2,6144000,128.0,PCM_24,train
0571_민속악_판소리,0571,판소리,피리,피리,피리,관악,True,data/extracted/val/source/0571_민속악_판소리/0571_민속악_판소리_피리.wav,48000,2,6144000,128.0,PCM_24,train
0571_민속악_판소리,0571,판소리,해금,해금,해금,찰현,True,data/extracted/val/source/0571_민속악_판소리/0571_민속악_판소리_해금.wav,48000,2,6144000,128.0,PCM_24,train
0572_민속악_판소리,0572,판소리,가야금,가야금,가야금,발현,True,data/extracted/train/source/0572_민속악_판소리/0572_민속악_판소리_가야금.wav,48000,2,13836000,288.25,PCM_24,train
0572_민속악_판소리,0572,판소리,거문고,거문고,거문고,발현,True,data/extracted/train/source/0572_민속악_판소리/0572_민속악_판소리_거문고.wav,48000,2,13836000,288.25,PCM_24,train
0572_민속악_판소리,0572,판소리,대금,대금,대금,관악,True,data/extracted/train/source/0572_민속악_판소리/0572_민속악_판소리_대금.wav,48000,2,13836000,288.25,PCM_24,train
0572_민속악_판소리,0572,판소리,소리북,소리북,타악기,타악,True,data/extracted/train/source/0572_민속악_판소리/0572_민속악_판소리_소리북.wav,48000,2,13836000,288.25,PCM_24,train
0572_민속악_판소리,0572,판소리,아쟁,아쟁,아쟁,찰현,True,data/extracted/train/source/0572_민속악_판소리/0572_민속악_판소리_아쟁.wav,48000,2,13836000,288.25,PCM_24,train
0572_민속악_판소리,0572,판소리,피리,피리,피리,관악,True,data/extracted/train/source/0572_민속악_판소리/0572_민속악_판소리_피리.wav,48000,2,13836000,288.25,PCM_24,train
0572_민속악_판소리,0572,판소리,해금,해금,해금,찰현,True,data/extracted/train/source/0572_민속악_판소리/0572_민속악_판소리_해금.wav,48000,2,13836000,288.25,PCM_24,train
0573_민속악_판소리,0573,판소리,가야금,가야금,가야금,발현,True,data/extracted/train/source/0573_민속악_판소리/0573_민속악_판소리_가야금.wav,48000,2,642000,13.375,PCM_24,train
0573_민속악_판소리,0573,판소리,거문고,거문고,거문고,발현,True,data/extracted/train/source/0573_민속악_판소리/0573_민속악_판소리_거문고.wav,48000,2,642000,13.375,PCM_24,train
0573_민속악_판소리,0573,판소리,대금,대금,대금,관악,True,data/extracted/train/source/0573_민속악_판소리/0573_민속악_판소리_대금.wav,48000,2,642000,13.375,PCM_24,train
0573_민속악_판소리,0573,판소리,소리북,소리북,타악기,타악,True,data/extracted/train/source/0573_민속악_판소리/0573_민속악_판소리_소리북.wav,48000,2,642000,13.375,PCM_24,train
0573_민속악_판소리,0573,판소리,아쟁,아쟁,아쟁,찰현,True,data/extracted/train/source/0573_민속악_판소리/0573_민속악_판소리_아쟁.wav,48000,2,642000,13.375,PCM_24,train
0573_민속악_판소리,0573,판소리,피리,피리,피리,관악,True,data/extracted/train/source/0573_민속악_판소리/0573_민속악_판소리_피리.wav,48000,2,642000,13.375,PCM_24,train
0573_민속악_판소리,0573,판소리,해금,해금,해금,찰현,True,data/extracted/train/source/0573_민속악_판소리/0573_민속악_판소리_해금.wav,48000,2,642000,13.375,PCM_24,train
0574_민속악_판소리,0574,판소리,가야금,가야금,가야금,발현,True,data/extracted/train/source/0574_민속악_판소리/0574_민속악_판소리_가야금.wav,48000,2,4752000,99.0,PCM_24,train
0574_민속악_판소리,0574,판소리,거문고,거문고,거문고,발현,True,data/extracted/train/source/0574_민속악_판소리/0574_민속악_판소리_거문고.wav,48000,2,4752000,99.0,PCM_24,train
0574_민속악_판소리,0574,판소리,대금,대금,대금,관악,True,data/extracted/train/source/0574_민속악_판소리/0574_민속악_판소리_대금.wav,48000,2,4752000,99.0,PCM_24,train
0574_민속악_판소리,0574,판소리,소리북,소리북,타악기,타악,True,data/extracted/train/source/0574_민속악_판소리/0574_민속악_판소리_소리북.wav,48000,2,4752000,99.0,PCM_24,train
0574_민속악_판소리,0574,판소리,아쟁,아쟁,아쟁,찰현,True,data/extracted/train/source/0574_민속악_판소리/0574_민속악_판소리_아쟁.wav,48000,2,4752000,99.0,PCM_24,train
0574_민속악_판소리,0574,판소리,피리,피리,피리,관악,True,data/extracted/train/source/0574_민속악_판소리/0574_민속악_판소리_피리.wav,48000,2,4752000,99.0,PCM_24,train
0574_민속악_판소리,0574,판소리,해금,해금,해금,찰현,True,data/extracted/train/source/0574_민속악_판소리/0574_민속악_판소리_해금.wav,48000,2,4752000,99.0,PCM_24,train
0576_민속악_판소리,0576,판소리,가야금,가야금,가야금,발현,True,data/extracted/train/source/0576_민속악_판소리/0576_민속악_판소리_가야금.wav,48000,2,15324000,319.25,PCM_24,test
0576_민속악_판소리,0576,판소리,거문고,거문고,거문고,발현,True,data/extracted/train/source/0576_민속악_판소리/0576_민속악_판소리_거문고.wav,48000,2,15324000,319.25,PCM_24,test
0576_민속악_판소리,0576,판소리,대금,대금,대금,관악,True,data/extracted/train/source/0576_민속악_판소리/0576_민속악_판소리_대금.wav,48000,2,15324000,319.25,PCM_24,test
0576_민속악_판소리,0576,판소리,소리북,소리북,타악기,타악,True,data/extracted/train/source/0576_민속악_판소리/0576_민속악_판소리_소리북.wav,48000,2,15324000,319.25,PCM_24,test
0576_민속악_판소리,0576,판소리,아쟁,아쟁,아쟁,찰현,True,data/extracted/train/source/0576_민속악_판소리/0576_민속악_판소리_아쟁.wav,48000,2,15324000,319.25,PCM_24,test
0576_민속악_판소리,0576,판소리,피리,피리,피리,관악,True,data/extracted/train/source/0576_민속악_판소리/0576_민속악_판소리_피리.wav,48000,2,15324000,319.25,PCM_24,test
0576_민속악_판소리,0576,판소리,해금,해금,해금,찰현,True,data/extracted/train/source/0576_민속악_판소리/0576_민속악_판소리_해금.wav,48000,2,15324000,319.25,PCM_24,test
0577_민속악_판소리,0577,판소리,가야금,가야금,가야금,발현,True,data/extracted/train/source/0577_민속악_판소리/0577_민속악_판소리_가야금.wav,48000,2,4944000,103.0,PCM_24,train
0577_민속악_판소리,0577,판소리,거문고,거문고,거문고,발현,True,data/extracted/train/source/0577_민속악_판소리/0577_민속악_판소리_거문고.wav,48000,2,4944000,103.0,PCM_24,train
0577_민속악_판소리,0577,판소리,대금,대금,대금,관악,True,data/extracted/train/source/0577_민속악_판소리/0577_민속악_판소리_대금.wav,48000,2,4944000,103.0,PCM_24,train
0577_민속악_판소리,0577,판소리,소리북,소리북,타악기,타악,True,data/extracted/train/source/0577_민속악_판소리/0577_민속악_판소리_소리북.wav,48000,2,4944000,103.0,PCM_24,train
0577_민속악_판소리,0577,판소리,아쟁,아쟁,아쟁,찰현,True,data/extracted/train/source/0577_민속악_판소리/0577_민속악_판소리_아쟁.wav,48000,2,4944000,103.0,PCM_24,train
0577_민속악_판소리,0577,판소리,피리,피리,피리,관악,True,data/extracted/train/source/0577_민속악_판소리/0577_민속악_판소리_피리.wav,48000,2,4944000,103.0,PCM_24,train
0577_민속악_판소리,0577,판소리,해금,해금,해금,찰현,True,data/extracted/train/source/0577_민속악_판소리/0577_민속악_판소리_해금.wav,48000,2,4944000,103.0,PCM_24,train
0578_민속악_판소리,0578,판소리,가야금,가야금,가야금,발현,True,data/extracted/train/source/0578_민속악_판소리/0578_민속악_판소리_가야금.wav,48000,2,6192000,129.0,PCM_24,train
0578_민속악_판소리,0578,판소리,거문고,거문고,거문고,발현,True,data/extracted/train/source/0578_민속악_판소리/0578_민속악_판소리_거문고.wav,48000,2,6192000,129.0,PCM_24,train
0578_민속악_판소리,0578,판소리,대금,대금,대금,관악,True,data/extracted/train/source/0578_민속악_판소리/0578_민속악_판소리_대금.wav,48000,2,6192000,129.0,PCM_24,train
0578_민속악_판소리,0578,판소리,소리북,소리북,타악기,타악,True,data/extracted/train/source/0578_민속악_판소리/0578_민속악_판소리_소리북.wav,48000,2,6192000,129.0,PCM_24,train
0578_민속악_판소리,0578,판소리,아쟁,아쟁,아쟁,찰현,True,data/extracted/train/source/0578_민속악_판소리/0578_민속악_판소리_아쟁.wav,48000,2,6192000,129.0,PCM_24,train
0578_민속악_판소리,0578,판소리,피리,피리,피리,관악,True,data/extracted/train/source/0578_민속악_판소리/0578_민속악_판소리_피리.wav,48000,2,6192000,129.0,PCM_24,train
0578_민속악_판소리,0578,판소리,해금,해금,해금,찰현,True,data/extracted/train/source/0578_민속악_판소리/0578_민속악_판소리_해금.wav,48000,2,6192000,129.0,PCM_24,train
0579_민속악_판소리,0579,판소리,가야금,가야금,가야금,발현,True,data/extracted/train/source/0579_민속악_판소리/0579_민속악_판소리_가야금.wav,48000,2,6036000,125.75,PCM_24,val
0579_민속악_판소리,0579,판소리,거문고,거문고,거문고,발현,True,data/extracted/train/source/0579_민속악_판소리/0579_민속악_판소리_거문고.wav,48000,2,6036000,125.75,PCM_24,val
0579_민속악_판소리,0579,판소리,대금,대금,대금,관악,True,data/extracted/train/source/0579_민속악_판소리/0579_민속악_판소리_대금.wav,48000,2,6036000,125.75,PCM_24,val
0579_민속악_판소리,0579,판소리,소리북,소리북,타악기,타악,True,data/extracted/train/source/0579_민속악_판소리/0579_민속악_판소리_소리북.wav,48000,2,6036000,125.75,PCM_24,val
0579_민속악_판소리,0579,판소리,아쟁,아쟁,아쟁,찰현,True,data/extracted/train/source/0579_민속악_판소리/0579_민속악_판소리_아쟁.wav,48000,2,6036000,125.75,PCM_24,val
0579_민속악_판소리,0579,판소리,피리,피리,피리,관악,True,data/extracted/train/source/0579_민속악_판소리/0579_민속악_판소리_피리.wav,48000,2,6036000,125.75,PCM_24,val
0579_민속악_판소리,0579,판소리,해금,해금,해금,찰현,True,data/extracted/train/source/0579_민속악_판소리/0579_민속악_판소리_해금.wav,48000,2,6036000,125.75,PCM_24,val
0580_민속악_판소리,0580,판소리,가야금,가야금,가야금,발현,True,data/extracted/train/source/0580_민속악_판소리/0580_민속악_판소리_가야금.wav,48000,2,5354182,111.545,PCM_24,train
0580_민속악_판소리,0580,판소리,거문고,거문고,거문고,발현,True,data/extracted/train/source/0580_민속악_판소리/0580_민속악_판소리_거문고.wav,48000,2,5354182,111.545,PCM_24,train
0580_민속악_판소리,0580,판소리,대금,대금,대금,관악,True,data/extracted/train/source/0580_민속악_판소리/0580_민속악_판소리_대금.wav,48000,2,5354182,111.545,PCM_24,train
0580_민속악_판소리,0580,판소리,소리북,소리북,타악기,타악,True,data/extracted/train/source/0580_민속악_판소리/0580_민속악_판소리_소리북.wav,48000,2,5354182,111.545,PCM_24,train
0580_민속악_판소리,0580,판소리,아쟁,아쟁,아쟁,찰현,True,data/extracted/train/source/0580_민속악_판소리/0580_민속악_판소리_아쟁.wav,48000,2,5354182,111.545,PCM_24,train
0580_민속악_판소리,0580,판소리,피리,피리,피리,관악,True,data/extracted/train/source/0580_민속악_판소리/0580_민속악_판소리_피리.wav,48000,2,5354182,111.545,PCM_24,train
0580_민속악_판소리,0580,판소리,해금,해금,해금,찰현,True,data/extracted/train/source/0580_민속악_판소리/0580_민속악_판소리_해금.wav,48000,2,5354182,111.545,PCM_24,train
0581_민속악_판소리,0581,판소리,가야금,가야금,가야금,발현,True,data/extracted/val/source/0581_민속악_판소리/0581_민속악_판소리_가야금.wav,48000,2,5760000,120.0,PCM_24,train
0581_민속악_판소리,0581,판소리,거문고,거문고,거문고,발현,True,data/extracted/val/source/0581_민속악_판소리/0581_민속악_판소리_거문고.wav,48000,2,5760000,120.0,PCM_24,train
0581_민속악_판소리,0581,판소리,대금,대금,대금,관악,True,data/extracted/val/source/0581_민속악_판소리/0581_민속악_판소리_대금.wav,48000,2,5760000,120.0,PCM_24,train
0581_민속악_판소리,0581,판소리,소리북,소리북,타악기,타악,True,data/extracted/val/source/0581_민속악_판소리/0581_민속악_판소리_소리북.wav,48000,2,5760000,120.0,PCM_24,train
0581_민속악_판소리,0581,판소리,아쟁,아쟁,아쟁,찰현,True,data/extracted/val/source/0581_민속악_판소리/0581_민속악_판소리_아쟁.wav,48000,2,5760000,120.0,PCM_24,train
0581_민속악_판소리,0581,판소리,피리,피리,피리,관악,True,data/extracted/val/source/0581_민속악_판소리/0581_민속악_판소리_피리.wav,48000,2,5760000,120.0,PCM_24,train
0581_민속악_판소리,0581,판소리,해금,해금,해금,찰현,True,data/extracted/val/source/0581_민속악_판소리/0581_민속악_판소리_해금.wav,48000,2,5760000,120.0,PCM_24,train
0582_민속악_판소리,0582,판소리,가야금,가야금,가야금,발현,True,data/extracted/train/source/0582_민속악_판소리/0582_민속악_판소리_가야금.wav,48000,2,5955429,124.071,PCM_24,train
0582_민속악_판소리,0582,판소리,거문고,거문고,거문고,발현,True,data/extracted/train/source/0582_민속악_판소리/0582_민속악_판소리_거문고.wav,48000,2,5955429,124.071,PCM_24,train
0582_민속악_판소리,0582,판소리,대금,대금,대금,관악,True,data/extracted/train/source/0582_민속악_판소리/0582_민속악_판소리_대금.wav,48000,2,5955429,124.071,PCM_24,train
0582_민속악_판소리,0582,판소리,소리북,소리북,타악기,타악,True,data/extracted/train/source/0582_민속악_판소리/0582_민속악_판소리_소리북.wav,48000,2,5955429,124.071,PCM_24,train
0582_민속악_판소리,0582,판소리,아쟁,아쟁,아쟁,찰현,True,data/extracted/train/source/0582_민속악_판소리/0582_민속악_판소리_아쟁.wav,48000,2,5955429,124.071,PCM_24,train
0582_민속악_판소리,0582,판소리,피리,피리,피리,관악,True,data/extracted/train/source/0582_민속악_판소리/0582_민속악_판소리_피리.wav,48000,2,5955429,124.071,PCM_24,train
0582_민속악_판소리,0582,판소리,해금,해금,해금,찰현,True,data/extracted/train/source/0582_민속악_판소리/0582_민속악_판소리_해금.wav,48000,2,5955429,124.071,PCM_24,train
0583_민속악_판소리,0583,판소리,가야금,가야금,가야금,발현,True,data/extracted/train/source/0583_민속악_판소리/0583_민속악_판소리_가야금.wav,48000,2,15264000,318.0,PCM_24,train
0583_민속악_판소리,0583,판소리,거문고,거문고,거문고,발현,True,data/extracted/train/source/0583_민속악_판소리/0583_민속악_판소리_거문고.wav,48000,2,15264000,318.0,PCM_24,train
0583_민속악_판소리,0583,판소리,대금,대금,대금,관악,True,data/extracted/train/source/0583_민속악_판소리/0583_민속악_판소리_대금.wav,48000,2,15264000,318.0,PCM_24,train
0583_민속악_판소리,0583,판소리,소리북,소리북,타악기,타악,True,data/extracted/train/source/0583_민속악_판소리/0583_민속악_판소리_소리북.wav,48000,2,15264000,318.0,PCM_24,train
0583_민속악_판소리,0583,판소리,아쟁,아쟁,아쟁,찰현,True,data/extracted/train/source/0583_민속악_판소리/0583_민속악_판소리_아쟁.wav,48000,2,15264000,318.0,PCM_24,train
0583_민속악_판소리,0583,판소리,피리,피리,피리,관악,True,data/extracted/train/source/0583_민속악_판소리/0583_민속악_판소리_피리.wav,48000,2,15264000,318.0,PCM_24,train
0583_민속악_판소리,0583,판소리,해금,해금,해금,찰현,True,data/extracted/train/source/0583_민속악_판소리/0583_민속악_판소리_해금.wav,48000,2,15264000,318.0,PCM_24,train
0584_민속악_판소리,0584,판소리,가야금,가야금,가야금,발현,True,data/extracted/train/source/0584_민속악_판소리/0584_민속악_판소리_가야금.wav,48000,2,17791200,370.65,PCM_24,test
0584_민속악_판소리,0584,판소리,거문고,거문고,거문고,발현,True,data/extracted/train/source/0584_민속악_판소리/0584_민속악_판소리_거문고.wav,48000,2,17791200,370.65,PCM_24,test
0584_민속악_판소리,0584,판소리,대금,대금,대금,관악,True,data/extracted/train/source/0584_민속악_판소리/0584_민속악_판소리_대금.wav,48000,2,17791200,370.65,PCM_24,test
0584_민속악_판소리,0584,판소리,소리북,소리북,타악기,타악,True,data/extracted/train/source/0584_민속악_판소리/0584_민속악_판소리_소리북.wav,48000,2,17791200,370.65,PCM_24,test
0584_민속악_판소리,0584,판소리,아쟁,아쟁,아쟁,찰현,True,data/extracted/train/source/0584_민속악_판소리/0584_민속악_판소리_아쟁.wav,48000,2,17791200,370.65,PCM_24,test
0584_민속악_판소리,0584,판소리,피리,피리,피리,관악,True,data/extracted/train/source/0584_민속악_판소리/0584_민속악_판소리_피리.wav,48000,2,17791200,370.65,PCM_24,test
0584_민속악_판소리,0584,판소리,해금,해금,해금,찰현,True,data/extracted/train/source/0584_민속악_판소리/0584_민속악_판소리_해금.wav,48000,2,17791200,370.65,PCM_24,test
0585_민속악_판소리,0585,판소리,가야금,가야금,가야금,발현,True,data/extracted/train/source/0585_민속악_판소리/0585_민속악_판소리_가야금.wav,48000,2,7731000,161.062,PCM_24,train
0585_민속악_판소리,0585,판소리,거문고,거문고,거문고,발현,True,data/extracted/train/source/0585_민속악_판소리/0585_민속악_판소리_거문고.wav,48000,2,7731000,161.062,PCM_24,train
0585_민속악_판소리,0585,판소리,대금,대금,대금,관악,True,data/extracted/train/source/0585_민속악_판소리/0585_민속악_판소리_대금.wav,48000,2,7731000,161.062,PCM_24,train
0585_민속악_판소리,0585,판소리,소리북,소리북,타악기,타악,True,data/extracted/train/source/0585_민속악_판소리/0585_민속악_판소리_소리북.wav,48000,2,7731000,161.062,PCM_24,train
0585_민속악_판소리,0585,판소리,아쟁,아쟁,아쟁,찰현,True,data/extracted/train/source/0585_민속악_판소리/0585_민속악_판소리_아쟁.wav,48000,2,7731000,161.062,PCM_24,train
0585_민속악_판소리,0585,판소리,피리,피리,피리,관악,True,data/extracted/train/source/0585_민속악_판소리/0585_민속악_판소리_피리.wav,48000,2,7731000,161.062,PCM_24,train
0585_민속악_판소리,0585,판소리,해금,해금,해금,찰현,True,data/extracted/train/source/0585_민속악_판소리/0585_민속악_판소리_해금.wav,48000,2,7731000,161.062,PCM_24,train
0586_민속악_판소리,0586,판소리,가야금,가야금,가야금,발현,True,data/extracted/train/source/0586_민속악_판소리/0586_민속악_판소리_가야금.wav,48000,2,5544000,115.5,PCM_24,train
0586_민속악_판소리,0586,판소리,거문고,거문고,거문고,발현,True,data/extracted/train/source/0586_민속악_판소리/0586_민속악_판소리_거문고.wav,48000,2,5544000,115.5,PCM_24,train
0586_민속악_판소리,0586,판소리,대금,대금,대금,관악,True,data/extracted/train/source/0586_민속악_판소리/0586_민속악_판소리_대금.wav,48000,2,5544000,115.5,PCM_24,train
0586_민속악_판소리,0586,판소리,소리북,소리북,타악기,타악,True,data/extracted/train/source/0586_민속악_판소리/0586_민속악_판소리_소리북.wav,48000,2,5544000,115.5,PCM_24,train
0586_민속악_판소리,0586,판소리,아쟁,아쟁,아쟁,찰현,True,data/extracted/train/source/0586_민속악_판소리/0586_민속악_판소리_아쟁.wav,48000,2,5544000,115.5,PCM_24,train
0586_민속악_판소리,0586,판소리,피리,피리,피리,관악,True,data/extracted/train/source/0586_민속악_판소리/0586_민속악_판소리_피리.wav,48000,2,5544000,115.5,PCM_24,train
0586_민속악_판소리,0586,판소리,해금,해금,해금,찰현,True,data/extracted/train/source/0586_민속악_판소리/0586_민속악_판소리_해금.wav,48000,2,5544000,115.5,PCM_24,train
0587_민속악_판소리,0587,판소리,가야금,가야금,가야금,발현,True,data/extracted/train/source/0587_민속악_판소리/0587_민속악_판소리_가야금.wav,48000,2,6960000,145.0,PCM_24,train
0587_민속악_판소리,0587,판소리,거문고,거문고,거문고,발현,True,data/extracted/train/source/0587_민속악_판소리/0587_민속악_판소리_거문고.wav,48000,2,6960000,145.0,PCM_24,train
0587_민속악_판소리,0587,판소리,대금,대금,대금,관악,True,data/extracted/train/source/0587_민속악_판소리/0587_민속악_판소리_대금.wav,48000,2,6960000,145.0,PCM_24,train
0587_민속악_판소리,0587,판소리,소리북,소리북,타악기,타악,True,data/extracted/train/source/0587_민속악_판소리/0587_민속악_판소리_소리북.wav,48000,2,6960000,145.0,PCM_24,train
0587_민속악_판소리,0587,판소리,아쟁,아쟁,아쟁,찰현,True,data/extracted/train/source/0587_민속악_판소리/0587_민속악_판소리_아쟁.wav,48000,2,6960000,145.0,PCM_24,train
0587_민속악_판소리,0587,판소리,피리,피리,피리,관악,True,data/extracted/train/source/0587_민속악_판소리/0587_민속악_판소리_피리.wav,48000,2,6960000,145.0,PCM_24,train
0587_민속악_판소리,0587,판소리,해금,해금,해금,찰현,True,data/extracted/train/source/0587_민속악_판소리/0587_민속악_판소리_해금.wav,48000,2,6960000,145.0,PCM_24,train
0588_민속악_판소리,0588,판소리,가야금,가야금,가야금,발현,True,data/extracted/train/source/0588_민속악_판소리/0588_민속악_판소리_가야금.wav,48000,2,7776000,162.0,PCM_24,train
0588_민속악_판소리,0588,판소리,거문고,거문고,거문고,발현,True,data/extracted/train/source/0588_민속악_판소리/0588_민속악_판소리_거문고.wav,48000,2,7776000,162.0,PCM_24,train
0588_민속악_판소리,0588,판소리,대금,대금,대금,관악,True,data/extracted/train/source/0588_민속악_판소리/0588_민속악_판소리_대금.wav,48000,2,7776000,162.0,PCM_24,train
0588_민속악_판소리,0588,판소리,소리북,소리북,타악기,타악,True,data/extracted/train/source/0588_민속악_판소리/0588_민속악_판소리_소리북.wav,48000,2,7776000,162.0,PCM_24,train
0588_민속악_판소리,0588,판소리,아쟁,아쟁,아쟁,찰현,True,data/extracted/train/source/0588_민속악_판소리/0588_민속악_판소리_아쟁.wav,48000,2,7776000,162.0,PCM_24,train
0588_민속악_판소리,0588,판소리,피리,피리,피리,관악,True,data/extracted/train/source/0588_민속악_판소리/0588_민속악_판소리_피리.wav,48000,2,7776000,162.0,PCM_24,train
0588_민속악_판소리,0588,판소리,해금,해금,해금,찰현,True,data/extracted/train/source/0588_민속악_판소리/0588_민속악_판소리_해금.wav,48000,2,7776000,162.0,PCM_24,train
0589_민속악_판소리,0589,판소리,가야금,가야금,가야금,발현,True,data/extracted/train/source/0589_민속악_판소리/0589_민속악_판소리_가야금.wav,48000,2,6283637,130.909,PCM_24,train
0589_민속악_판소리,0589,판소리,거문고,거문고,거문고,발현,True,data/extracted/train/source/0589_민속악_판소리/0589_민속악_판소리_거문고.wav,48000,2,6283637,130.909,PCM_24,train
0589_민속악_판소리,0589,판소리,대금,대금,대금,관악,True,data/extracted/train/source/0589_민속악_판소리/0589_민속악_판소리_대금.wav,48000,2,6283637,130.909,PCM_24,train
0589_민속악_판소리,0589,판소리,소리북,소리북,타악기,타악,True,data/extracted/train/source/0589_민속악_판소리/0589_민속악_판소리_소리북.wav,48000,2,6283637,130.909,PCM_24,train
0589_민속악_판소리,0589,판소리,아쟁,아쟁,아쟁,찰현,True,data/extracted/train/source/0589_민속악_판소리/0589_민속악_판소리_아쟁.wav,48000,2,6283637,130.909,PCM_24,train
0589_민속악_판소리,0589,판소리,피리,피리,피리,관악,True,data/extracted/train/source/0589_민속악_판소리/0589_민속악_판소리_피리.wav,48000,2,6283637,130.909,PCM_24,train
0589_민속악_판소리,0589,판소리,해금,해금,해금,찰현,True,data/extracted/train/source/0589_민속악_판소리/0589_민속악_판소리_해금.wav,48000,2,6283637,130.909,PCM_24,train
0590_민속악_판소리,0590,판소리,가야금,가야금,가야금,발현,True,data/extracted/train/source/0590_민속악_판소리/0590_민속악_판소리_가야금.wav,48000,2,15292800,318.6,PCM_24,test
0590_민속악_판소리,0590,판소리,거문고,거문고,거문고,발현,True,data/extracted/train/source/0590_민속악_판소리/0590_민속악_판소리_거문고.wav,48000,2,15292800,318.6,PCM_24,test
0590_민속악_판소리,0590,판소리,대금,대금,대금,관악,True,data/extracted/train/source/0590_민속악_판소리/0590_민속악_판소리_대금.wav,48000,2,15292800,318.6,PCM_24,test
0590_민속악_판소리,0590,판소리,소리북,소리북,타악기,타악,True,data/extracted/train/source/0590_민속악_판소리/0590_민속악_판소리_소리북.wav,48000,2,15292800,318.6,PCM_24,test
0590_민속악_판소리,0590,판소리,아쟁,아쟁,아쟁,찰현,True,data/extracted/train/source/0590_민속악_판소리/0590_민속악_판소리_아쟁.wav,48000,2,15292800,318.6,PCM_24,test
0590_민속악_판소리,0590,판소리,피리,피리,피리,관악,True,data/extracted/train/source/0590_민속악_판소리/0590_민속악_판소리_피리.wav,48000,2,15292800,318.6,PCM_24,test
0590_민속악_판소리,0590,판소리,해금,해금,해금,찰현,True,data/extracted/train/source/0590_민속악_판소리/0590_민속악_판소리_해금.wav,48000,2,15292800,318.6,PCM_24,test
0591_민속악_판소리,0591,판소리,가야금,가야금,가야금,발현,True,data/extracted/train/source/0591_민속악_판소리/0591_민속악_판소리_가야금.wav,48000,2,5103000,106.312,PCM_24,train
0591_민속악_판소리,0591,판소리,거문고,거문고,거문고,발현,True,data/extracted/train/source/0591_민속악_판소리/0591_민속악_판소리_거문고.wav,48000,2,5103000,106.312,PCM_24,train
0591_민속악_판소리,0591,판소리,대금,대금,대금,관악,True,data/extracted/train/source/0591_민속악_판소리/0591_민속악_판소리_대금.wav,48000,2,5103000,106.312,PCM_24,train
0591_민속악_판소리,0591,판소리,소리북,소리북,타악기,타악,True,data/extracted/train/source/0591_민속악_판소리/0591_민속악_판소리_소리북.wav,48000,2,5103000,106.312,PCM_24,train
0591_민속악_판소리,0591,판소리,아쟁,아쟁,아쟁,찰현,True,data/extracted/train/source/0591_민속악_판소리/0591_민속악_판소리_아쟁.wav,48000,2,5103000,106.312,PCM_24,train
0591_민속악_판소리,0591,판소리,피리,피리,피리,관악,True,data/extracted/train/source/0591_민속악_판소리/0591_민속악_판소리_피리.wav,48000,2,5103000,106.312,PCM_24,train
0591_민속악_판소리,0591,판소리,해금,해금,해금,찰현,True,data/extracted/train/source/0591_민속악_판소리/0591_민속악_판소리_해금.wav,48000,2,5103000,106.312,PCM_24,train
0593_민속악_판소리,0593,판소리,가야금,가야금,가야금,발현,True,data/extracted/train/source/0593_민속악_판소리/0593_민속악_판소리_가야금.wav,48000,2,10768000,224.333,PCM_24,train
0593_민속악_판소리,0593,판소리,거문고,거문고,거문고,발현,True,data/extracted/train/source/0593_민속악_판소리/0593_민속악_판소리_거문고.wav,48000,2,10768000,224.333,PCM_24,train
0593_민속악_판소리,0593,판소리,대금,대금,대금,관악,True,data/extracted/train/source/0593_민속악_판소리/0593_민속악_판소리_대금.wav,48000,2,10768000,224.333,PCM_24,train
0593_민속악_판소리,0593,판소리,소리북,소리북,타악기,타악,True,data/extracted/train/source/0593_민속악_판소리/0593_민속악_판소리_소리북.wav,48000,2,10768000,224.333,PCM_24,train
0593_민속악_판소리,0593,판소리,아쟁,아쟁,아쟁,찰현,True,data/extracted/train/source/0593_민속악_판소리/0593_민속악_판소리_아쟁.wav,48000,2,10768000,224.333,PCM_24,train
0593_민속악_판소리,0593,판소리,피리,피리,피리,관악,True,data/extracted/train/source/0593_민속악_판소리/0593_민속악_판소리_피리.wav,48000,2,10768000,224.333,PCM_24,train
0593_민속악_판소리,0593,판소리,해금,해금,해금,찰현,True,data/extracted/train/source/0593_민속악_판소리/0593_민속악_판소리_해금.wav,48000,2,10768000,224.333,PCM_24,train
0594_민속악_판소리,0594,판소리,가야금,가야금,가야금,발현,True,data/extracted/train/source/0594_민속악_판소리/0594_민속악_판소리_가야금.wav,48000,2,6912000,144.0,PCM_24,train
0594_민속악_판소리,0594,판소리,거문고,거문고,거문고,발현,True,data/extracted/train/source/0594_민속악_판소리/0594_민속악_판소리_거문고.wav,48000,2,6912000,144.0,PCM_24,train
0594_민속악_판소리,0594,판소리,대금,대금,대금,관악,True,data/extracted/train/source/0594_민속악_판소리/0594_민속악_판소리_대금.wav,48000,2,6912000,144.0,PCM_24,train
0594_민속악_판소리,0594,판소리,소리북,소리북,타악기,타악,True,data/extracted/train/source/0594_민속악_판소리/0594_민속악_판소리_소리북.wav,48000,2,6912000,144.0,PCM_24,train
0594_민속악_판소리,0594,판소리,아쟁,아쟁,아쟁,찰현,True,data/extracted/train/source/0594_민속악_판소리/0594_민속악_판소리_아쟁.wav,48000,2,6912000,144.0,PCM_24,train
0594_민속악_판소리,0594,판소리,피리,피리,피리,관악,True,data/extracted/train/source/0594_민속악_판소리/0594_민속악_판소리_피리.wav,48000,2,6912000,144.0,PCM_24,train
0594_민속악_판소리,0594,판소리,해금,해금,해금,찰현,True,data/extracted/train/source/0594_민속악_판소리/0594_민속악_판소리_해금.wav,48000,2,6912000,144.0,PCM_24,train
0595_민속악_판소리,0595,판소리,가야금,가야금,가야금,발현,True,data/extracted/train/source/0595_민속악_판소리/0595_민속악_판소리_가야금.wav,48000,2,17064000,355.5,PCM_24,train
0595_민속악_판소리,0595,판소리,거문고,거문고,거문고,발현,True,data/extracted/train/source/0595_민속악_판소리/0595_민속악_판소리_거문고.wav,48000,2,17064000,355.5,PCM_24,train
0595_민속악_판소리,0595,판소리,대금,대금,대금,관악,True,data/extracted/train/source/0595_민속악_판소리/0595_민속악_판소리_대금.wav,48000,2,17064000,355.5,PCM_24,train
0595_민속악_판소리,0595,판소리,소리북,소리북,타악기,타악,True,data/extracted/train/source/0595_민속악_판소리/0595_민속악_판소리_소리북.wav,48000,2,17064000,355.5,PCM_24,train
0595_민속악_판소리,0595,판소리,아쟁,아쟁,아쟁,찰현,True,data/extracted/train/source/0595_민속악_판소리/0595_민속악_판소리_아쟁.wav,48000,2,17064000,355.5,PCM_24,train
0595_민속악_판소리,0595,판소리,피리,피리,피리,관악,True,data/extracted/train/source/0595_민속악_판소리/0595_민속악_판소리_피리.wav,48000,2,17064000,355.5,PCM_24,train
0595_민속악_판소리,0595,판소리,해금,해금,해금,찰현,True,data/extracted/train/source/0595_민속악_판소리/0595_민속악_판소리_해금.wav,48000,2,17064000,355.5,PCM_24,train
0596_민속악_판소리,0596,판소리,가야금,가야금,가야금,발현,True,data/extracted/train/source/0596_민속악_판소리/0596_민속악_판소리_가야금.wav,48000,2,9976000,207.833,PCM_24,train
0596_민속악_판소리,0596,판소리,거문고,거문고,거문고,발현,True,data/extracted/train/source/0596_민속악_판소리/0596_민속악_판소리_거문고.wav,48000,2,9976000,207.833,PCM_24,train
0596_민속악_판소리,0596,판소리,대금,대금,대금,관악,True,data/extracted/train/source/0596_민속악_판소리/0596_민속악_판소리_대금.wav,48000,2,9976000,207.833,PCM_24,train
0596_민속악_판소리,0596,판소리,소리북,소리북,타악기,타악,True,data/extracted/train/source/0596_민속악_판소리/0596_민속악_판소리_소리북.wav,48000,2,9976000,207.833,PCM_24,train
0596_민속악_판소리,0596,판소리,아쟁,아쟁,아쟁,찰현,True,data/extracted/train/source/0596_민속악_판소리/0596_민속악_판소리_아쟁.wav,48000,2,9976000,207.833,PCM_24,train
0596_민속악_판소리,0596,판소리,피리,피리,피리,관악,True,data/extracted/train/source/0596_민속악_판소리/0596_민속악_판소리_피리.wav,48000,2,9976000,207.833,PCM_24,train
0596_민속악_판소리,0596,판소리,해금,해금,해금,찰현,True,data/extracted/train/source/0596_민속악_판소리/0596_민속악_판소리_해금.wav,48000,2,9976000,207.833,PCM_24,train
0597_민속악_판소리,0597,판소리,가야금,가야금,가야금,발현,True,data/extracted/train/source/0597_민속악_판소리/0597_민속악_판소리_가야금.wav,48000,2,17472000,364.0,PCM_24,val
0597_민속악_판소리,0597,판소리,거문고,거문고,거문고,발현,True,data/extracted/train/source/0597_민속악_판소리/0597_민속악_판소리_거문고.wav,48000,2,17472000,364.0,PCM_24,val
0597_민속악_판소리,0597,판소리,대금,대금,대금,관악,True,data/extracted/train/source/0597_민속악_판소리/0597_민속악_판소리_대금.wav,48000,2,17472000,364.0,PCM_24,val
0597_민속악_판소리,0597,판소리,소리북,소리북,타악기,타악,True,data/extracted/train/source/0597_민속악_판소리/0597_민속악_판소리_소리북.wav,48000,2,17472000,364.0,PCM_24,val
0597_민속악_판소리,0597,판소리,아쟁,아쟁,아쟁,찰현,True,data/extracted/train/source/0597_민속악_판소리/0597_민속악_판소리_아쟁.wav,48000,2,17472000,364.0,PCM_24,val
0597_민속악_판소리,0597,판소리,피리,피리,피리,관악,True,data/extracted/train/source/0597_민속악_판소리/0597_민속악_판소리_피리.wav,48000,2,17472000,364.0,PCM_24,val
0597_민속악_판소리,0597,판소리,해금,해금,해금,찰현,True,data/extracted/train/source/0597_민속악_판소리/0597_민속악_판소리_해금.wav,48000,2,17472000,364.0,PCM_24,val
0598_민속악_판소리,0598,판소리,가야금,가야금,가야금,발현,True,data/extracted/val/source/0598_민속악_판소리/0598_민속악_판소리_가야금.wav,48000,2,4500000,93.75,PCM_24,train
0598_민속악_판소리,0598,판소리,거문고,거문고,거문고,발현,True,data/extracted/val/source/0598_민속악_판소리/0598_민속악_판소리_거문고.wav,48000,2,4500000,93.75,PCM_24,train
0598_민속악_판소리,0598,판소리,대금,대금,대금,관악,True,data/extracted/val/source/0598_민속악_판소리/0598_민속악_판소리_대금.wav,48000,2,4500000,93.75,PCM_24,train
0598_민속악_판소리,0598,판소리,소리북,소리북,타악기,타악,True,data/extracted/val/source/0598_민속악_판소리/0598_민속악_판소리_소리북.wav,48000,2,4500000,93.75,PCM_24,train
0598_민속악_판소리,0598,판소리,아쟁,아쟁,아쟁,찰현,True,data/extracted/val/source/0598_민속악_판소리/0598_민속악_판소리_아쟁.wav,48000,2,4500000,93.75,PCM_24,train
0598_민속악_판소리,0598,판소리,피리,피리,피리,관악,True,data/extracted/val/source/0598_민속악_판소리/0598_민속악_판소리_피리.wav,48000,2,4500000,93.75,PCM_24,train
0598_민속악_판소리,0598,판소리,해금,해금,해금,찰현,True,data/extracted/val/source/0598_민속악_판소리/0598_민속악_판소리_해금.wav,48000,2,4500000,93.75,PCM_24,train
0599_민속악_판소리,0599,판소리,가야금,가야금,가야금,발현,True,data/extracted/val/source/0599_민속악_판소리/0599_민속악_판소리_가야금.wav,48000,2,15552000,324.0,PCM_24,train
0599_민속악_판소리,0599,판소리,거문고,거문고,거문고,발현,True,data/extracted/val/source/0599_민속악_판소리/0599_민속악_판소리_거문고.wav,48000,2,15552000,324.0,PCM_24,train
0599_민속악_판소리,0599,판소리,대금,대금,대금,관악,True,data/extracted/val/source/0599_민속악_판소리/0599_민속악_판소리_대금.wav,48000,2,15552000,324.0,PCM_24,train
0599_민속악_판소리,0599,판소리,소리북,소리북,타악기,타악,True,data/extracted/val/source/0599_민속악_판소리/0599_민속악_판소리_소리북.wav,48000,2,15552000,324.0,PCM_24,train
0599_민속악_판소리,0599,판소리,아쟁,아쟁,아쟁,찰현,True,data/extracted/val/source/0599_민속악_판소리/0599_민속악_판소리_아쟁.wav,48000,2,15552000,324.0,PCM_24,train
0599_민속악_판소리,0599,판소리,피리,피리,피리,관악,True,data/extracted/val/source/0599_민속악_판소리/0599_민속악_판소리_피리.wav,48000,2,15552000,324.0,PCM_24,train
0599_민속악_판소리,0599,판소리,해금,해금,해금,찰현,True,data/extracted/val/source/0599_민속악_판소리/0599_민속악_판소리_해금.wav,48000,2,15552000,324.0,PCM_24,train
0600_민속악_판소리,0600,판소리,가야금,가야금,가야금,발현,True,data/extracted/train/source/0600_민속악_판소리/0600_민속악_판소리_가야금.wav,48000,2,8064000,168.0,PCM_24,train
0600_민속악_판소리,0600,판소리,거문고,거문고,거문고,발현,True,data/extracted/train/source/0600_민속악_판소리/0600_민속악_판소리_거문고.wav,48000,2,8064000,168.0,PCM_24,train
0600_민속악_판소리,0600,판소리,대금,대금,대금,관악,True,data/extracted/train/source/0600_민속악_판소리/0600_민속악_판소리_대금.wav,48000,2,8064000,168.0,PCM_24,train
0600_민속악_판소리,0600,판소리,소리북,소리북,타악기,타악,True,data/extracted/train/source/0600_민속악_판소리/0600_민속악_판소리_소리북.wav,48000,2,8064000,168.0,PCM_24,train
0600_민속악_판소리,0600,판소리,아쟁,아쟁,아쟁,찰현,True,data/extracted/train/source/0600_민속악_판소리/0600_민속악_판소리_아쟁.wav,48000,2,8064000,168.0,PCM_24,train
0600_민속악_판소리,0600,판소리,피리,피리,피리,관악,True,data/extracted/train/source/0600_민속악_판소리/0600_민속악_판소리_피리.wav,48000,2,8064000,168.0,PCM_24,train
0600_민속악_판소리,0600,판소리,해금,해금,해금,찰현,True,data/extracted/train/source/0600_민속악_판소리/0600_민속악_판소리_해금.wav,48000,2,8064000,168.0,PCM_24,train
0601_민속악_판소리,0601,판소리,가야금,가야금,가야금,발현,True,data/extracted/train/source/0601_민속악_판소리/0601_민속악_판소리_가야금.wav,48000,2,6864000,143.0,PCM_24,train
0601_민속악_판소리,0601,판소리,거문고,거문고,거문고,발현,True,data/extracted/train/source/0601_민속악_판소리/0601_민속악_판소리_거문고.wav,48000,2,6864000,143.0,PCM_24,train
0601_민속악_판소리,0601,판소리,대금,대금,대금,관악,True,data/extracted/train/source/0601_민속악_판소리/0601_민속악_판소리_대금.wav,48000,2,6864000,143.0,PCM_24,train
0601_민속악_판소리,0601,판소리,소리북,소리북,타악기,타악,True,data/extracted/train/source/0601_민속악_판소리/0601_민속악_판소리_소리북.wav,48000,2,6864000,143.0,PCM_24,train
0601_민속악_판소리,0601,판소리,아쟁,아쟁,아쟁,찰현,True,data/extracted/train/source/0601_민속악_판소리/0601_민속악_판소리_아쟁.wav,48000,2,6864000,143.0,PCM_24,train
0601_민속악_판소리,0601,판소리,피리,피리,피리,관악,True,data/extracted/train/source/0601_민속악_판소리/0601_민속악_판소리_피리.wav,48000,2,6864000,143.0,PCM_24,train
0601_민속악_판소리,0601,판소리,해금,해금,해금,찰현,True,data/extracted/train/source/0601_민속악_판소리/0601_민속악_판소리_해금.wav,48000,2,6864000,143.0,PCM_24,train
0602_민속악_판소리,0602,판소리,가야금,가야금,가야금,발현,True,data/extracted/train/source/0602_민속악_판소리/0602_민속악_판소리_가야금.wav,48000,2,7446857,155.143,PCM_24,train
0602_민속악_판소리,0602,판소리,거문고,거문고,거문고,발현,True,data/extracted/train/source/0602_민속악_판소리/0602_민속악_판소리_거문고.wav,48000,2,7446857,155.143,PCM_24,train
0602_민속악_판소리,0602,판소리,대금,대금,대금,관악,True,data/extracted/train/source/0602_민속악_판소리/0602_민속악_판소리_대금.wav,48000,2,7446857,155.143,PCM_24,train
0602_민속악_판소리,0602,판소리,소리북,소리북,타악기,타악,True,data/extracted/train/source/0602_민속악_판소리/0602_민속악_판소리_소리북.wav,48000,2,7446857,155.143,PCM_24,train
0602_민속악_판소리,0602,판소리,아쟁,아쟁,아쟁,찰현,True,data/extracted/train/source/0602_민속악_판소리/0602_민속악_판소리_아쟁.wav,48000,2,7446857,155.143,PCM_24,train
0602_민속악_판소리,0602,판소리,피리,피리,피리,관악,True,data/extracted/train/source/0602_민속악_판소리/0602_민속악_판소리_피리.wav,48000,2,7446857,155.143,PCM_24,train
0602_민속악_판소리,0602,판소리,해금,해금,해금,찰현,True,data/extracted/train/source/0602_민속악_판소리/0602_민속악_판소리_해금.wav,48000,2,7446857,155.143,PCM_24,train
0603_민속악_판소리,0603,판소리,가야금,가야금,가야금,발현,True,data/extracted/train/source/0603_민속악_판소리/0603_민속악_판소리_가야금.wav,48000,2,4560000,95.0,PCM_24,train
0603_민속악_판소리,0603,판소리,거문고,거문고,거문고,발현,True,data/extracted/train/source/0603_민속악_판소리/0603_민속악_판소리_거문고.wav,48000,2,4560000,95.0,PCM_24,train
0603_민속악_판소리,0603,판소리,대금,대금,대금,관악,True,data/extracted/train/source/0603_민속악_판소리/0603_민속악_판소리_대금.wav,48000,2,4560000,95.0,PCM_24,train
0603_민속악_판소리,0603,판소리,소리북,소리북,타악기,타악,True,data/extracted/train/source/0603_민속악_판소리/0603_민속악_판소리_소리북.wav,48000,2,4560000,95.0,PCM_24,train
0603_민속악_판소리,0603,판소리,아쟁,아쟁,아쟁,찰현,True,data/extracted/train/source/0603_민속악_판소리/0603_민속악_판소리_아쟁.wav,48000,2,4560000,95.0,PCM_24,train
0603_민속악_판소리,0603,판소리,피리,피리,피리,관악,True,data/extracted/train/source/0603_민속악_판소리/0603_민속악_판소리_피리.wav,48000,2,4560000,95.0,PCM_24,train
0603_민속악_판소리,0603,판소리,해금,해금,해금,찰현,True,data/extracted/train/source/0603_민속악_판소리/0603_민속악_판소리_해금.wav,48000,2,4560000,95.0,PCM_24,train
0606_민속악_판소리,0606,판소리,가야금,가야금,가야금,발현,True,data/extracted/train/source/0606_민속악_판소리/0606_민속악_판소리_가야금.wav,48000,2,11376000,237.0,PCM_24,train
0606_민속악_판소리,0606,판소리,거문고,거문고,거문고,발현,True,data/extracted/train/source/0606_민속악_판소리/0606_민속악_판소리_거문고.wav,48000,2,11376000,237.0,PCM_24,train
0606_민속악_판소리,0606,판소리,대금,대금,대금,관악,True,data/extracted/train/source/0606_민속악_판소리/0606_민속악_판소리_대금.wav,48000,2,11376000,237.0,PCM_24,train
0606_민속악_판소리,0606,판소리,소리북,소리북,타악기,타악,True,data/extracted/train/source/0606_민속악_판소리/0606_민속악_판소리_소리북.wav,48000,2,11376000,237.0,PCM_24,train
0606_민속악_판소리,0606,판소리,아쟁,아쟁,아쟁,찰현,True,data/extracted/train/source/0606_민속악_판소리/0606_민속악_판소리_아쟁.wav,48000,2,11376000,237.0,PCM_24,train
0606_민속악_판소리,0606,판소리,피리,피리,피리,관악,True,data/extracted/train/source/0606_민속악_판소리/0606_민속악_판소리_피리.wav,48000,2,11376000,237.0,PCM_24,train
0606_민속악_판소리,0606,판소리,해금,해금,해금,찰현,True,data/extracted/train/source/0606_민속악_판소리/0606_민속악_판소리_해금.wav,48000,2,11376000,237.0,PCM_24,train
0607_민속악_판소리,0607,판소리,가야금,가야금,가야금,발현,True,data/extracted/train/source/0607_민속악_판소리/0607_민속악_판소리_가야금.wav,48000,2,7446857,155.143,PCM_24,test
0607_민속악_판소리,0607,판소리,거문고,거문고,거문고,발현,True,data/extracted/train/source/0607_민속악_판소리/0607_민속악_판소리_거문고.wav,48000,2,7446857,155.143,PCM_24,test
0607_민속악_판소리,0607,판소리,대금,대금,대금,관악,True,data/extracted/train/source/0607_민속악_판소리/0607_민속악_판소리_대금.wav,48000,2,7446857,155.143,PCM_24,test
0607_민속악_판소리,0607,판소리,소리북,소리북,타악기,타악,True,data/extracted/train/source/0607_민속악_판소리/0607_민속악_판소리_소리북.wav,48000,2,7446857,155.143,PCM_24,test
0607_민속악_판소리,0607,판소리,아쟁,아쟁,아쟁,찰현,True,data/extracted/train/source/0607_민속악_판소리/0607_민속악_판소리_아쟁.wav,48000,2,7446857,155.143,PCM_24,test
0607_민속악_판소리,0607,판소리,피리,피리,피리,관악,True,data/extracted/train/source/0607_민속악_판소리/0607_민속악_판소리_피리.wav,48000,2,7446857,155.143,PCM_24,test
0607_민속악_판소리,0607,판소리,해금,해금,해금,찰현,True,data/extracted/train/source/0607_민속악_판소리/0607_민속악_판소리_해금.wav,48000,2,7446857,155.143,PCM_24,test
0608_민속악_판소리,0608,판소리,가야금,가야금,가야금,발현,True,data/extracted/train/source/0608_민속악_판소리/0608_민속악_판소리_가야금.wav,48000,2,5360000,111.667,PCM_24,val
0608_민속악_판소리,0608,판소리,거문고,거문고,거문고,발현,True,data/extracted/train/source/0608_민속악_판소리/0608_민속악_판소리_거문고.wav,48000,2,5360000,111.667,PCM_24,val
0608_민속악_판소리,0608,판소리,대금,대금,대금,관악,True,data/extracted/train/source/0608_민속악_판소리/0608_민속악_판소리_대금.wav,48000,2,5360000,111.667,PCM_24,val
0608_민속악_판소리,0608,판소리,소리북,소리북,타악기,타악,True,data/extracted/train/source/0608_민속악_판소리/0608_민속악_판소리_소리북.wav,48000,2,5360000,111.667,PCM_24,val
0608_민속악_판소리,0608,판소리,아쟁,아쟁,아쟁,찰현,True,data/extracted/train/source/0608_민속악_판소리/0608_민속악_판소리_아쟁.wav,48000,2,5360000,111.667,PCM_24,val
0608_민속악_판소리,0608,판소리,피리,피리,피리,관악,True,data/extracted/train/source/0608_민속악_판소리/0608_민속악_판소리_피리.wav,48000,2,5360000,111.667,PCM_24,val
0608_민속악_판소리,0608,판소리,해금,해금,해금,찰현,True,data/extracted/train/source/0608_민속악_판소리/0608_민속악_판소리_해금.wav,48000,2,5360000,111.667,PCM_24,val
0609_민속악_판소리,0609,판소리,가야금,가야금,가야금,발현,True,data/extracted/train/source/0609_민속악_판소리/0609_민속악_판소리_가야금.wav,48000,2,5352000,111.5,PCM_24,train
0609_민속악_판소리,0609,판소리,거문고,거문고,거문고,발현,True,data/extracted/train/source/0609_민속악_판소리/0609_민속악_판소리_거문고.wav,48000,2,5352000,111.5,PCM_24,train
0609_민속악_판소리,0609,판소리,대금,대금,대금,관악,True,data/extracted/train/source/0609_민속악_판소리/0609_민속악_판소리_대금.wav,48000,2,5352000,111.5,PCM_24,train
0609_민속악_판소리,0609,판소리,소리북,소리북,타악기,타악,True,data/extracted/train/source/0609_민속악_판소리/0609_민속악_판소리_소리북.wav,48000,2,5352000,111.5,PCM_24,train
0609_민속악_판소리,0609,판소리,아쟁,아쟁,아쟁,찰현,True,data/extracted/train/source/0609_민속악_판소리/0609_민속악_판소리_아쟁.wav,48000,2,5352000,111.5,PCM_24,train
0609_민속악_판소리,0609,판소리,피리,피리,피리,관악,True,data/extracted/train/source/0609_민속악_판소리/0609_민속악_판소리_피리.wav,48000,2,5352000,111.5,PCM_24,train
0609_민속악_판소리,0609,판소리,해금,해금,해금,찰현,True,data/extracted/train/source/0609_민속악_판소리/0609_민속악_판소리_해금.wav,48000,2,5352000,111.5,PCM_24,train
0610_민속악_판소리,0610,판소리,가야금,가야금,가야금,발현,True,data/extracted/train/source/0610_민속악_판소리/0610_민속악_판소리_가야금.wav,48000,2,4608000,96.0,PCM_24,train
0610_민속악_판소리,0610,판소리,거문고,거문고,거문고,발현,True,data/extracted/train/source/0610_민속악_판소리/0610_민속악_판소리_거문고.wav,48000,2,4608000,96.0,PCM_24,train
0610_민속악_판소리,0610,판소리,대금,대금,대금,관악,True,data/extracted/train/source/0610_민속악_판소리/0610_민속악_판소리_대금.wav,48000,2,4608000,96.0,PCM_24,train
0610_민속악_판소리,0610,판소리,소리북,소리북,타악기,타악,True,data/extracted/train/source/0610_민속악_판소리/0610_민속악_판소리_소리북.wav,48000,2,4608000,96.0,PCM_24,train
0610_민속악_판소리,0610,판소리,아쟁,아쟁,아쟁,찰현,True,data/extracted/train/source/0610_민속악_판소리/0610_민속악_판소리_아쟁.wav,48000,2,4608000,96.0,PCM_24,train
0610_민속악_판소리,0610,판소리,피리,피리,피리,관악,True,data/extracted/train/source/0610_민속악_판소리/0610_민속악_판소리_피리.wav,48000,2,4608000,96.0,PCM_24,train
0610_민속악_판소리,0610,판소리,해금,해금,해금,찰현,True,data/extracted/train/source/0610_민속악_판소리/0610_민속악_판소리_해금.wav,48000,2,4608000,96.0,PCM_24,train
0611_민속악_판소리,0611,판소리,가야금,가야금,가야금,발현,True,data/extracted/val/source/0611_민속악_판소리/0611_민속악_판소리_가야금.wav,48000,2,7616000,158.667,PCM_24,val
0611_민속악_판소리,0611,판소리,거문고,거문고,거문고,발현,True,data/extracted/val/source/0611_민속악_판소리/0611_민속악_판소리_거문고.wav,48000,2,7616000,158.667,PCM_24,val
0611_민속악_판소리,0611,판소리,대금,대금,대금,관악,True,data/extracted/val/source/0611_민속악_판소리/0611_민속악_판소리_대금.wav,48000,2,7616000,158.667,PCM_24,val
0611_민속악_판소리,0611,판소리,소리북,소리북,타악기,타악,True,data/extracted/val/source/0611_민속악_판소리/0611_민속악_판소리_소리북.wav,48000,2,7616000,158.667,PCM_24,val
0611_민속악_판소리,0611,판소리,아쟁,아쟁,아쟁,찰현,True,data/extracted/val/source/0611_민속악_판소리/0611_민속악_판소리_아쟁.wav,48000,2,7616000,158.667,PCM_24,val
0611_민속악_판소리,0611,판소리,피리,피리,피리,관악,True,data/extracted/val/source/0611_민속악_판소리/0611_민속악_판소리_피리.wav,48000,2,7616000,158.667,PCM_24,val
0611_민속악_판소리,0611,판소리,해금,해금,해금,찰현,True,data/extracted/val/source/0611_민속악_판소리/0611_민속악_판소리_해금.wav,48000,2,7616000,158.667,PCM_24,val
0612_민속악_판소리,0612,판소리,가야금,가야금,가야금,발현,True,data/extracted/train/source/0612_민속악_판소리/0612_민속악_판소리_가야금.wav,48000,2,11472000,239.0,PCM_24,train
0612_민속악_판소리,0612,판소리,거문고,거문고,거문고,발현,True,data/extracted/train/source/0612_민속악_판소리/0612_민속악_판소리_거문고.wav,48000,2,11472000,239.0,PCM_24,train
0612_민속악_판소리,0612,판소리,대금,대금,대금,관악,True,data/extracted/train/source/0612_민속악_판소리/0612_민속악_판소리_대금.wav,48000,2,11472000,239.0,PCM_24,train
0612_민속악_판소리,0612,판소리,소리북,소리북,타악기,타악,True,data/extracted/train/source/0612_민속악_판소리/0612_민속악_판소리_소리북.wav,48000,2,11472000,239.0,PCM_24,train
0612_민속악_판소리,0612,판소리,아쟁,아쟁,아쟁,찰현,True,data/extracted/train/source/0612_민속악_판소리/0612_민속악_판소리_아쟁.wav,48000,2,11472000,239.0,PCM_24,train
0612_민속악_판소리,0612,판소리,피리,피리,피리,관악,True,data/extracted/train/source/0612_민속악_판소리/0612_민속악_판소리_피리.wav,48000,2,11472000,239.0,PCM_24,train
0612_민속악_판소리,0612,판소리,해금,해금,해금,찰현,True,data/extracted/train/source/0612_민속악_판소리/0612_민속악_판소리_해금.wav,48000,2,11472000,239.0,PCM_24,train
0613_민속악_판소리,0613,판소리,가야금,가야금,가야금,발현,True,data/extracted/train/source/0613_민속악_판소리/0613_민속악_판소리_가야금.wav,48000,2,14644800,305.1,PCM_24,train
0613_민속악_판소리,0613,판소리,거문고,거문고,거문고,발현,True,data/extracted/train/source/0613_민속악_판소리/0613_민속악_판소리_거문고.wav,48000,2,14644800,305.1,PCM_24,train
0613_민속악_판소리,0613,판소리,대금,대금,대금,관악,True,data/extracted/train/source/0613_민속악_판소리/0613_민속악_판소리_대금.wav,48000,2,14644800,305.1,PCM_24,train
0613_민속악_판소리,0613,판소리,소리북,소리북,타악기,타악,True,data/extracted/train/source/0613_민속악_판소리/0613_민속악_판소리_소리북.wav,48000,2,14644800,305.1,PCM_24,train
0613_민속악_판소리,0613,판소리,아쟁,아쟁,아쟁,찰현,True,data/extracted/train/source/0613_민속악_판소리/0613_민속악_판소리_아쟁.wav,48000,2,14644800,305.1,PCM_24,train
0613_민속악_판소리,0613,판소리,피리,피리,피리,관악,True,data/extracted/train/source/0613_민속악_판소리/0613_민속악_판소리_피리.wav,48000,2,14644800,305.1,PCM_24,train
0613_민속악_판소리,0613,판소리,해금,해금,해금,찰현,True,data/extracted/train/source/0613_민속악_판소리/0613_민속악_판소리_해금.wav,48000,2,14644800,305.1,PCM_24,train
0614_민속악_판소리,0614,판소리,가야금,가야금,가야금,발현,True,data/extracted/train/source/0614_민속악_판소리/0614_민속악_판소리_가야금.wav,48000,2,16032000,334.0,PCM_24,val
0614_민속악_판소리,0614,판소리,거문고,거문고,거문고,발현,True,data/extracted/train/source/0614_민속악_판소리/0614_민속악_판소리_거문고.wav,48000,2,16032000,334.0,PCM_24,val
0614_민속악_판소리,0614,판소리,대금,대금,대금,관악,True,data/extracted/train/source/0614_민속악_판소리/0614_민속악_판소리_대금.wav,48000,2,16032000,334.0,PCM_24,val
0614_민속악_판소리,0614,판소리,소리북,소리북,타악기,타악,True,data/extracted/train/source/0614_민속악_판소리/0614_민속악_판소리_소리북.wav,48000,2,16032000,334.0,PCM_24,val
0614_민속악_판소리,0614,판소리,아쟁,아쟁,아쟁,찰현,True,data/extracted/train/source/0614_민속악_판소리/0614_민속악_판소리_아쟁.wav,48000,2,16032000,334.0,PCM_24,val
0614_민속악_판소리,0614,판소리,피리,피리,피리,관악,True,data/extracted/train/source/0614_민속악_판소리/0614_민속악_판소리_피리.wav,48000,2,16032000,334.0,PCM_24,val
0614_민속악_판소리,0614,판소리,해금,해금,해금,찰현,True,data/extracted/train/source/0614_민속악_판소리/0614_민속악_판소리_해금.wav,48000,2,16032000,334.0,PCM_24,val
0615_민속악_판소리,0615,판소리,가야금,가야금,가야금,발현,True,data/extracted/train/source/0615_민속악_판소리/0615_민속악_판소리_가야금.wav,48000,2,6904000,143.833,PCM_24,val
0615_민속악_판소리,0615,판소리,거문고,거문고,거문고,발현,True,data/extracted/train/source/0615_민속악_판소리/0615_민속악_판소리_거문고.wav,48000,2,6904000,143.833,PCM_24,val
0615_민속악_판소리,0615,판소리,대금,대금,대금,관악,True,data/extracted/train/source/0615_민속악_판소리/0615_민속악_판소리_대금.wav,48000,2,6904000,143.833,PCM_24,val
0615_민속악_판소리,0615,판소리,소리북,소리북,타악기,타악,True,data/extracted/train/source/0615_민속악_판소리/0615_민속악_판소리_소리북.wav,48000,2,6904000,143.833,PCM_24,val
0615_민속악_판소리,0615,판소리,아쟁,아쟁,아쟁,찰현,True,data/extracted/train/source/0615_민속악_판소리/0615_민속악_판소리_아쟁.wav,48000,2,6904000,143.833,PCM_24,val
0615_민속악_판소리,0615,판소리,피리,피리,피리,관악,True,data/extracted/train/source/0615_민속악_판소리/0615_민속악_판소리_피리.wav,48000,2,6904000,143.833,PCM_24,val
0615_민속악_판소리,0615,판소리,해금,해금,해금,찰현,True,data/extracted/train/source/0615_민속악_판소리/0615_민속악_판소리_해금.wav,48000,2,6904000,143.833,PCM_24,val
0616_민속악_판소리,0616,판소리,가야금,가야금,가야금,발현,True,data/extracted/train/source/0616_민속악_판소리/0616_민속악_판소리_가야금.wav,48000,2,7293600,151.95,PCM_24,train
0616_민속악_판소리,0616,판소리,거문고,거문고,거문고,발현,True,data/extracted/train/source/0616_민속악_판소리/0616_민속악_판소리_거문고.wav,48000,2,7293600,151.95,PCM_24,train
0616_민속악_판소리,0616,판소리,대금,대금,대금,관악,True,data/extracted/train/source/0616_민속악_판소리/0616_민속악_판소리_대금.wav,48000,2,7293600,151.95,PCM_24,train
0616_민속악_판소리,0616,판소리,소리북,소리북,타악기,타악,True,data/extracted/train/source/0616_민속악_판소리/0616_민속악_판소리_소리북.wav,48000,2,7293600,151.95,PCM_24,train
0616_민속악_판소리,0616,판소리,아쟁,아쟁,아쟁,찰현,True,data/extracted/train/source/0616_민속악_판소리/0616_민속악_판소리_아쟁.wav,48000,2,7293600,151.95,PCM_24,train
0616_민속악_판소리,0616,판소리,피리,피리,피리,관악,True,data/extracted/train/source/0616_민속악_판소리/0616_민속악_판소리_피리.wav,48000,2,7293600,151.95,PCM_24,train
0616_민속악_판소리,0616,판소리,해금,해금,해금,찰현,True,data/extracted/train/source/0616_민속악_판소리/0616_민속악_판소리_해금.wav,48000,2,7293600,151.95,PCM_24,train
0618_민속악_판소리,0618,판소리,가야금,가야금,가야금,발현,True,data/extracted/train/source/0618_민속악_판소리/0618_민속악_판소리_가야금.wav,48000,2,15456000,322.0,PCM_24,train
0618_민속악_판소리,0618,판소리,거문고,거문고,거문고,발현,True,data/extracted/train/source/0618_민속악_판소리/0618_민속악_판소리_거문고.wav,48000,2,15456000,322.0,PCM_24,train
0618_민속악_판소리,0618,판소리,대금,대금,대금,관악,True,data/extracted/train/source/0618_민속악_판소리/0618_민속악_판소리_대금.wav,48000,2,15456000,322.0,PCM_24,train
0618_민속악_판소리,0618,판소리,소리북,소리북,타악기,타악,True,data/extracted/train/source/0618_민속악_판소리/0618_민속악_판소리_소리북.wav,48000,2,15456000,322.0,PCM_24,train
0618_민속악_판소리,0618,판소리,아쟁,아쟁,아쟁,찰현,True,data/extracted/train/source/0618_민속악_판소리/0618_민속악_판소리_아쟁.wav,48000,2,15456000,322.0,PCM_24,train
0618_민속악_판소리,0618,판소리,피리,피리,피리,관악,True,data/extracted/train/source/0618_민속악_판소리/0618_민속악_판소리_피리.wav,48000,2,15456000,322.0,PCM_24,train
0618_민속악_판소리,0618,판소리,해금,해금,해금,찰현,True,data/extracted/train/source/0618_민속악_판소리/0618_민속악_판소리_해금.wav,48000,2,15456000,322.0,PCM_24,train
0620_민속악_판소리,0620,판소리,가야금,가야금,가야금,발현,True,data/extracted/train/source/0620_민속악_판소리/0620_민속악_판소리_가야금.wav,48000,2,4600000,95.833,PCM_24,train
0620_민속악_판소리,0620,판소리,거문고,거문고,거문고,발현,True,data/extracted/train/source/0620_민속악_판소리/0620_민속악_판소리_거문고.wav,48000,2,4600000,95.833,PCM_24,train
0620_민속악_판소리,0620,판소리,대금,대금,대금,관악,True,data/extracted/train/source/0620_민속악_판소리/0620_민속악_판소리_대금.wav,48000,2,4600000,95.833,PCM_24,train
0620_민속악_판소리,0620,판소리,소리북,소리북,타악기,타악,True,data/extracted/train/source/0620_민속악_판소리/0620_민속악_판소리_소리북.wav,48000,2,4600000,95.833,PCM_24,train
0620_민속악_판소리,0620,판소리,아쟁,아쟁,아쟁,찰현,True,data/extracted/train/source/0620_민속악_판소리/0620_민속악_판소리_아쟁.wav,48000,2,4600000,95.833,PCM_24,train
0620_민속악_판소리,0620,판소리,피리,피리,피리,관악,True,data/extracted/train/source/0620_민속악_판소리/0620_민속악_판소리_피리.wav,48000,2,4600000,95.833,PCM_24,train
0620_민속악_판소리,0620,판소리,해금,해금,해금,찰현,True,data/extracted/train/source/0620_민속악_판소리/0620_민속악_판소리_해금.wav,48000,2,4600000,95.833,PCM_24,train
0621_민속악_판소리,0621,판소리,가야금,가야금,가야금,발현,True,data/extracted/train/source/0621_민속악_판소리/0621_민속악_판소리_가야금.wav,48000,2,1008000,21.0,PCM_24,test
0621_민속악_판소리,0621,판소리,거문고,거문고,거문고,발현,True,data/extracted/train/source/0621_민속악_판소리/0621_민속악_판소리_거문고.wav,48000,2,1008000,21.0,PCM_24,test
0621_민속악_판소리,0621,판소리,대금,대금,대금,관악,True,data/extracted/train/source/0621_민속악_판소리/0621_민속악_판소리_대금.wav,48000,2,1008000,21.0,PCM_24,test
0621_민속악_판소리,0621,판소리,소리북,소리북,타악기,타악,True,data/extracted/train/source/0621_민속악_판소리/0621_민속악_판소리_소리북.wav,48000,2,1008000,21.0,PCM_24,test
0621_민속악_판소리,0621,판소리,아쟁,아쟁,아쟁,찰현,True,data/extracted/train/source/0621_민속악_판소리/0621_민속악_판소리_아쟁.wav,48000,2,1008000,21.0,PCM_24,test
0621_민속악_판소리,0621,판소리,피리,피리,피리,관악,True,data/extracted/train/source/0621_민속악_판소리/0621_민속악_판소리_피리.wav,48000,2,1008000,21.0,PCM_24,test
0621_민속악_판소리,0621,판소리,해금,해금,해금,찰현,True,data/extracted/train/source/0621_민속악_판소리/0621_민속악_판소리_해금.wav,48000,2,1008000,21.0,PCM_24,test
0622_민속악_판소리,0622,판소리,가야금,가야금,가야금,발현,True,data/extracted/train/source/0622_민속악_판소리/0622_민속악_판소리_가야금.wav,48000,2,15552000,324.0,PCM_24,val
0622_민속악_판소리,0622,판소리,거문고,거문고,거문고,발현,True,data/extracted/train/source/0622_민속악_판소리/0622_민속악_판소리_거문고.wav,48000,2,15552000,324.0,PCM_24,val
0622_민속악_판소리,0622,판소리,대금,대금,대금,관악,True,data/extracted/train/source/0622_민속악_판소리/0622_민속악_판소리_대금.wav,48000,2,15552000,324.0,PCM_24,val
0622_민속악_판소리,0622,판소리,소리북,소리북,타악기,타악,True,data/extracted/train/source/0622_민속악_판소리/0622_민속악_판소리_소리북.wav,48000,2,15552000,324.0,PCM_24,val
0622_민속악_판소리,0622,판소리,아쟁,아쟁,아쟁,찰현,True,data/extracted/train/source/0622_민속악_판소리/0622_민속악_판소리_아쟁.wav,48000,2,15552000,324.0,PCM_24,val
0622_민속악_판소리,0622,판소리,피리,피리,피리,관악,True,data/extracted/train/source/0622_민속악_판소리/0622_민속악_판소리_피리.wav,48000,2,15552000,324.0,PCM_24,val
0622_민속악_판소리,0622,판소리,해금,해금,해금,찰현,True,data/extracted/train/source/0622_민속악_판소리/0622_민속악_판소리_해금.wav,48000,2,15552000,324.0,PCM_24,val
0623_민속악_판소리,0623,판소리,가야금,가야금,가야금,발현,True,data/extracted/train/source/0623_민속악_판소리/0623_민속악_판소리_가야금.wav,48000,2,17773714,370.286,PCM_24,test
0623_민속악_판소리,0623,판소리,거문고,거문고,거문고,발현,True,data/extracted/train/source/0623_민속악_판소리/0623_민속악_판소리_거문고.wav,48000,2,17773714,370.286,PCM_24,test
0623_민속악_판소리,0623,판소리,대금,대금,대금,관악,True,data/extracted/train/source/0623_민속악_판소리/0623_민속악_판소리_대금.wav,48000,2,17773714,370.286,PCM_24,test
0623_민속악_판소리,0623,판소리,소리북,소리북,타악기,타악,True,data/extracted/train/source/0623_민속악_판소리/0623_민속악_판소리_소리북.wav,48000,2,17773714,370.286,PCM_24,test
0623_민속악_판소리,0623,판소리,아쟁,아쟁,아쟁,찰현,True,data/extracted/train/source/0623_민속악_판소리/0623_민속악_판소리_아쟁.wav,48000,2,17773714,370.286,PCM_24,test
0623_민속악_판소리,0623,판소리,피리,피리,피리,관악,True,data/extracted/train/source/0623_민속악_판소리/0623_민속악_판소리_피리.wav,48000,2,17773714,370.286,PCM_24,test
0623_민속악_판소리,0623,판소리,해금,해금,해금,찰현,True,data/extracted/train/source/0623_민속악_판소리/0623_민속악_판소리_해금.wav,48000,2,17773714,370.286,PCM_24,test
0624_민속악_판소리,0624,판소리,가야금,가야금,가야금,발현,True,data/extracted/val/source/0624_민속악_판소리/0624_민속악_판소리_가야금.wav,48000,2,7704000,160.5,PCM_24,train
0624_민속악_판소리,0624,판소리,거문고,거문고,거문고,발현,True,data/extracted/val/source/0624_민속악_판소리/0624_민속악_판소리_거문고.wav,48000,2,7704000,160.5,PCM_24,train
0624_민속악_판소리,0624,판소리,대금,대금,대금,관악,True,data/extracted/val/source/0624_민속악_판소리/0624_민속악_판소리_대금.wav,48000,2,7704000,160.5,PCM_24,train
0624_민속악_판소리,0624,판소리,소리북,소리북,타악기,타악,True,data/extracted/val/source/0624_민속악_판소리/0624_민속악_판소리_소리북.wav,48000,2,7704000,160.5,PCM_24,train
0624_민속악_판소리,0624,판소리,아쟁,아쟁,아쟁,찰현,True,data/extracted/val/source/0624_민속악_판소리/0624_민속악_판소리_아쟁.wav,48000,2,7704000,160.5,PCM_24,train
0624_민속악_판소리,0624,판소리,피리,피리,피리,관악,True,data/extracted/val/source/0624_민속악_판소리/0624_민속악_판소리_피리.wav,48000,2,7704000,160.5,PCM_24,train
0624_민속악_판소리,0624,판소리,해금,해금,해금,찰현,True,data/extracted/val/source/0624_민속악_판소리/0624_민속악_판소리_해금.wav,48000,2,7704000,160.5,PCM_24,train
0625_민속악_판소리,0625,판소리,가야금,가야금,가야금,발현,True,data/extracted/train/source/0625_민속악_판소리/0625_민속악_판소리_가야금.wav,48000,2,9517943,198.29,PCM_24,train
0625_민속악_판소리,0625,판소리,거문고,거문고,거문고,발현,True,data/extracted/train/source/0625_민속악_판소리/0625_민속악_판소리_거문고.wav,48000,2,9517943,198.29,PCM_24,train
0625_민속악_판소리,0625,판소리,대금,대금,대금,관악,True,data/extracted/train/source/0625_민속악_판소리/0625_민속악_판소리_대금.wav,48000,2,9517943,198.29,PCM_24,train
0625_민속악_판소리,0625,판소리,소리북,소리북,타악기,타악,True,data/extracted/train/source/0625_민속악_판소리/0625_민속악_판소리_소리북.wav,48000,2,9517943,198.29,PCM_24,train
0625_민속악_판소리,0625,판소리,아쟁,아쟁,아쟁,찰현,True,data/extracted/train/source/0625_민속악_판소리/0625_민속악_판소리_아쟁.wav,48000,2,9517943,198.29,PCM_24,train
0625_민속악_판소리,0625,판소리,피리,피리,피리,관악,True,data/extracted/train/source/0625_민속악_판소리/0625_민속악_판소리_피리.wav,48000,2,9517943,198.29,PCM_24,train
0625_민속악_판소리,0625,판소리,해금,해금,해금,찰현,True,data/extracted/train/source/0625_민속악_판소리/0625_민속악_판소리_해금.wav,48000,2,9517943,198.29,PCM_24,train
0626_민속악_판소리,0626,판소리,가야금,가야금,가야금,발현,True,data/extracted/train/source/0626_민속악_판소리/0626_민속악_판소리_가야금.wav,48000,2,17472000,364.0,PCM_24,val
0626_민속악_판소리,0626,판소리,거문고,거문고,거문고,발현,True,data/extracted/train/source/0626_민속악_판소리/0626_민속악_판소리_거문고.wav,48000,2,17472000,364.0,PCM_24,val
0626_민속악_판소리,0626,판소리,대금,대금,대금,관악,True,data/extracted/train/source/0626_민속악_판소리/0626_민속악_판소리_대금.wav,48000,2,17472000,364.0,PCM_24,val
0626_민속악_판소리,0626,판소리,소리북,소리북,타악기,타악,True,data/extracted/train/source/0626_민속악_판소리/0626_민속악_판소리_소리북.wav,48000,2,17472000,364.0,PCM_24,val
0626_민속악_판소리,0626,판소리,아쟁,아쟁,아쟁,찰현,True,data/extracted/train/source/0626_민속악_판소리/0626_민속악_판소리_아쟁.wav,48000,2,17472000,364.0,PCM_24,val
0626_민속악_판소리,0626,판소리,피리,피리,피리,관악,True,data/extracted/train/source/0626_민속악_판소리/0626_민속악_판소리_피리.wav,48000,2,17472000,364.0,PCM_24,val
0626_민속악_판소리,0626,판소리,해금,해금,해금,찰현,True,data/extracted/train/source/0626_민속악_판소리/0626_민속악_판소리_해금.wav,48000,2,17472000,364.0,PCM_24,val
0627_민속악_판소리,0627,판소리,가야금,가야금,가야금,발현,True,data/extracted/train/source/0627_민속악_판소리/0627_민속악_판소리_가야금.wav,48000,2,25766400,536.8,PCM_24,val
0627_민속악_판소리,0627,판소리,거문고,거문고,거문고,발현,True,data/extracted/train/source/0627_민속악_판소리/0627_민속악_판소리_거문고.wav,48000,2,25766400,536.8,PCM_24,val
0627_민속악_판소리,0627,판소리,대금,대금,대금,관악,True,data/extracted/train/source/0627_민속악_판소리/0627_민속악_판소리_대금.wav,48000,2,25766400,536.8,PCM_24,val
0627_민속악_판소리,0627,판소리,소리북,소리북,타악기,타악,True,data/extracted/train/source/0627_민속악_판소리/0627_민속악_판소리_소리북.wav,48000,2,25766400,536.8,PCM_24,val
0627_민속악_판소리,0627,판소리,아쟁,아쟁,아쟁,찰현,True,data/extracted/train/source/0627_민속악_판소리/0627_민속악_판소리_아쟁.wav,48000,2,25766400,536.8,PCM_24,val
0627_민속악_판소리,0627,판소리,피리,피리,피리,관악,True,data/extracted/train/source/0627_민속악_판소리/0627_민속악_판소리_피리.wav,48000,2,25766400,536.8,PCM_24,val
0627_민속악_판소리,0627,판소리,해금,해금,해금,찰현,True,data/extracted/train/source/0627_민속악_판소리/0627_민속악_판소리_해금.wav,48000,2,25766400,536.8,PCM_24,val
0628_민속악_판소리,0628,판소리,가야금,가야금,가야금,발현,True,data/extracted/train/source/0628_민속악_판소리/0628_민속악_판소리_가야금.wav,48000,2,25232000,525.667,PCM_24,train
0628_민속악_판소리,0628,판소리,거문고,거문고,거문고,발현,True,data/extracted/train/source/0628_민속악_판소리/0628_민속악_판소리_거문고.wav,48000,2,25232000,525.667,PCM_24,train
0628_민속악_판소리,0628,판소리,대금,대금,대금,관악,True,data/extracted/train/source/0628_민속악_판소리/0628_민속악_판소리_대금.wav,48000,2,25232000,525.667,PCM_24,train
0628_민속악_판소리,0628,판소리,소리북,소리북,타악기,타악,True,data/extracted/train/source/0628_민속악_판소리/0628_민속악_판소리_소리북.wav,48000,2,25232000,525.667,PCM_24,train
0628_민속악_판소리,0628,판소리,아쟁,아쟁,아쟁,찰현,True,data/extracted/train/source/0628_민속악_판소리/0628_민속악_판소리_아쟁.wav,48000,2,25766400,536.8,PCM_24,train
0628_민속악_판소리,0628,판소리,피리,피리,피리,관악,True,data/extracted/train/source/0628_민속악_판소리/0628_민속악_판소리_피리.wav,48000,2,25232000,525.667,PCM_24,train
0628_민속악_판소리,0628,판소리,해금,해금,해금,찰현,True,data/extracted/train/source/0628_민속악_판소리/0628_민속악_판소리_해금.wav,48000,2,25232000,525.667,PCM_24,train
0629_민속악_판소리,0629,판소리,가야금,가야금,가야금,발현,True,data/extracted/train/source/0629_민속악_판소리/0629_민속악_판소리_가야금.wav,48000,2,10324800,215.1,PCM_24,train
0629_민속악_판소리,0629,판소리,거문고,거문고,거문고,발현,True,data/extracted/train/source/0629_민속악_판소리/0629_민속악_판소리_거문고.wav,48000,2,10324800,215.1,PCM_24,train
0629_민속악_판소리,0629,판소리,대금,대금,대금,관악,True,data/extracted/train/source/0629_민속악_판소리/0629_민속악_판소리_대금.wav,48000,2,10324800,215.1,PCM_24,train
0629_민속악_판소리,0629,판소리,소리북,소리북,타악기,타악,True,data/extracted/train/source/0629_민속악_판소리/0629_민속악_판소리_소리북.wav,48000,2,10324800,215.1,PCM_24,train
0629_민속악_판소리,0629,판소리,아쟁,아쟁,아쟁,찰현,True,data/extracted/train/source/0629_민속악_판소리/0629_민속악_판소리_아쟁.wav,48000,2,10324800,215.1,PCM_24,train
0629_민속악_판소리,0629,판소리,피리,피리,피리,관악,True,data/extracted/train/source/0629_민속악_판소리/0629_민속악_판소리_피리.wav,48000,2,10324800,215.1,PCM_24,train
0629_민속악_판소리,0629,판소리,해금,해금,해금,찰현,True,data/extracted/train/source/0629_민속악_판소리/0629_민속악_판소리_해금.wav,48000,2,10324800,215.1,PCM_24,train
0630_민속악_판소리,0630,판소리,가야금,가야금,가야금,발현,True,data/extracted/train/source/0630_민속악_판소리/0630_민속악_판소리_가야금.wav,48000,2,22488000,468.5,PCM_24,train
0630_민속악_판소리,0630,판소리,거문고,거문고,거문고,발현,True,data/extracted/train/source/0630_민속악_판소리/0630_민속악_판소리_거문고.wav,48000,2,22488000,468.5,PCM_24,train
0630_민속악_판소리,0630,판소리,대금,대금,대금,관악,True,data/extracted/train/source/0630_민속악_판소리/0630_민속악_판소리_대금.wav,48000,2,22488000,468.5,PCM_24,train
0630_민속악_판소리,0630,판소리,소리북,소리북,타악기,타악,True,data/extracted/train/source/0630_민속악_판소리/0630_민속악_판소리_소리북.wav,48000,2,22488000,468.5,PCM_24,train
0630_민속악_판소리,0630,판소리,아쟁,아쟁,아쟁,찰현,True,data/extracted/train/source/0630_민속악_판소리/0630_민속악_판소리_아쟁.wav,48000,2,22488000,468.5,PCM_24,train
0630_민속악_판소리,0630,판소리,피리,피리,피리,관악,True,data/extracted/train/source/0630_민속악_판소리/0630_민속악_판소리_피리.wav,48000,2,22488000,468.5,PCM_24,train
0630_민속악_판소리,0630,판소리,해금,해금,해금,찰현,True,data/extracted/train/source/0630_민속악_판소리/0630_민속악_판소리_해금.wav,48000,2,22488000,468.5,PCM_24,train
0631_민속악_판소리,0631,판소리,가야금,가야금,가야금,발현,True,data/extracted/train/source/0631_민속악_판소리/0631_민속악_판소리_가야금.wav,48000,2,12363429,257.571,PCM_24,val
0631_민속악_판소리,0631,판소리,거문고,거문고,거문고,발현,True,data/extracted/train/source/0631_민속악_판소리/0631_민속악_판소리_거문고.wav,48000,2,12363429,257.571,PCM_24,val
0631_민속악_판소리,0631,판소리,대금,대금,대금,관악,True,data/extracted/train/source/0631_민속악_판소리/0631_민속악_판소리_대금.wav,48000,2,12363429,257.571,PCM_24,val
0631_민속악_판소리,0631,판소리,소리북,소리북,타악기,타악,True,data/extracted/train/source/0631_민속악_판소리/0631_민속악_판소리_소리북.wav,48000,2,12363429,257.571,PCM_24,val
0631_민속악_판소리,0631,판소리,아쟁,아쟁,아쟁,찰현,True,data/extracted/train/source/0631_민속악_판소리/0631_민속악_판소리_아쟁.wav,48000,2,12363429,257.571,PCM_24,val
0631_민속악_판소리,0631,판소리,피리,피리,피리,관악,True,data/extracted/train/source/0631_민속악_판소리/0631_민속악_판소리_피리.wav,48000,2,12363429,257.571,PCM_24,val
0631_민속악_판소리,0631,판소리,해금,해금,해금,찰현,True,data/extracted/train/source/0631_민속악_판소리/0631_민속악_판소리_해금.wav,48000,2,12363429,257.571,PCM_24,val
0632_민속악_판소리,0632,판소리,가야금,가야금,가야금,발현,True,data/extracted/train/source/0632_민속악_판소리/0632_민속악_판소리_가야금.wav,48000,2,9248000,192.667,PCM_24,train
0632_민속악_판소리,0632,판소리,거문고,거문고,거문고,발현,True,data/extracted/train/source/0632_민속악_판소리/0632_민속악_판소리_거문고.wav,48000,2,9248000,192.667,PCM_24,train
0632_민속악_판소리,0632,판소리,대금,대금,대금,관악,True,data/extracted/train/source/0632_민속악_판소리/0632_민속악_판소리_대금.wav,48000,2,9248000,192.667,PCM_24,train
0632_민속악_판소리,0632,판소리,소리북,소리북,타악기,타악,True,data/extracted/train/source/0632_민속악_판소리/0632_민속악_판소리_소리북.wav,48000,2,9248000,192.667,PCM_24,train
0632_민속악_판소리,0632,판소리,아쟁,아쟁,아쟁,찰현,True,data/extracted/train/source/0632_민속악_판소리/0632_민속악_판소리_아쟁.wav,48000,2,9248000,192.667,PCM_24,train
0632_민속악_판소리,0632,판소리,피리,피리,피리,관악,True,data/extracted/train/source/0632_민속악_판소리/0632_민속악_판소리_피리.wav,48000,2,9248000,192.667,PCM_24,train
0632_민속악_판소리,0632,판소리,해금,해금,해금,찰현,True,data/extracted/train/source/0632_민속악_판소리/0632_민속악_판소리_해금.wav,48000,2,9248000,192.667,PCM_24,train
0633_민속악_판소리,0633,판소리,가야금,가야금,가야금,발현,True,data/extracted/train/source/0633_민속악_판소리/0633_민속악_판소리_가야금.wav,48000,2,29184000,608.0,PCM_24,train
0633_민속악_판소리,0633,판소리,거문고,거문고,거문고,발현,True,data/extracted/train/source/0633_민속악_판소리/0633_민속악_판소리_거문고.wav,48000,2,29184000,608.0,PCM_24,train
0633_민속악_판소리,0633,판소리,대금,대금,대금,관악,True,data/extracted/train/source/0633_민속악_판소리/0633_민속악_판소리_대금.wav,48000,2,29184000,608.0,PCM_24,train
0633_민속악_판소리,0633,판소리,소리북,소리북,타악기,타악,True,data/extracted/train/source/0633_민속악_판소리/0633_민속악_판소리_소리북.wav,48000,2,29184000,608.0,PCM_24,train
0633_민속악_판소리,0633,판소리,아쟁,아쟁,아쟁,찰현,True,data/extracted/train/source/0633_민속악_판소리/0633_민속악_판소리_아쟁.wav,48000,2,29184000,608.0,PCM_24,train
0633_민속악_판소리,0633,판소리,피리,피리,피리,관악,True,data/extracted/train/source/0633_민속악_판소리/0633_민속악_판소리_피리.wav,48000,2,29184000,608.0,PCM_24,train
0633_민속악_판소리,0633,판소리,해금,해금,해금,찰현,True,data/extracted/train/source/0633_민속악_판소리/0633_민속악_판소리_해금.wav,48000,2,29184000,608.0,PCM_24,train
0635_민속악_판소리,0635,판소리,가야금,가야금,가야금,발현,True,data/extracted/train/source/0635_민속악_판소리/0635_민속악_판소리_가야금.wav,48000,2,6756923,140.769,PCM_24,train
0635_민속악_판소리,0635,판소리,거문고,거문고,거문고,발현,True,data/extracted/train/source/0635_민속악_판소리/0635_민속악_판소리_거문고.wav,48000,2,6756923,140.769,PCM_24,train
0635_민속악_판소리,0635,판소리,대금,대금,대금,관악,True,data/extracted/train/source/0635_민속악_판소리/0635_민속악_판소리_대금.wav,48000,2,6756923,140.769,PCM_24,train
0635_민속악_판소리,0635,판소리,소리북,소리북,타악기,타악,True,data/extracted/train/source/0635_민속악_판소리/0635_민속악_판소리_소리북.wav,48000,2,6756923,140.769,PCM_24,train
0635_민속악_판소리,0635,판소리,아쟁,아쟁,아쟁,찰현,True,data/extracted/train/source/0635_민속악_판소리/0635_민속악_판소리_아쟁.wav,48000,2,6756923,140.769,PCM_24,train
0635_민속악_판소리,0635,판소리,피리,피리,피리,관악,True,data/extracted/train/source/0635_민속악_판소리/0635_민속악_판소리_피리.wav,48000,2,6756923,140.769,PCM_24,train
0635_민속악_판소리,0635,판소리,해금,해금,해금,찰현,True,data/extracted/train/source/0635_민속악_판소리/0635_민속악_판소리_해금.wav,48000,2,6756923,140.769,PCM_24,train
0636_민속악_판소리,0636,판소리,가야금,가야금,가야금,발현,True,data/extracted/train/source/0636_민속악_판소리/0636_민속악_판소리_가야금.wav,48000,2,9360000,195.0,PCM_24,train
0636_민속악_판소리,0636,판소리,거문고,거문고,거문고,발현,True,data/extracted/train/source/0636_민속악_판소리/0636_민속악_판소리_거문고.wav,48000,2,9360000,195.0,PCM_24,train
0636_민속악_판소리,0636,판소리,대금,대금,대금,관악,True,data/extracted/train/source/0636_민속악_판소리/0636_민속악_판소리_대금.wav,48000,2,9360000,195.0,PCM_24,train
0636_민속악_판소리,0636,판소리,소리북,소리북,타악기,타악,True,data/extracted/train/source/0636_민속악_판소리/0636_민속악_판소리_소리북.wav,48000,2,9360000,195.0,PCM_24,train
0636_민속악_판소리,0636,판소리,아쟁,아쟁,아쟁,찰현,True,data/extracted/train/source/0636_민속악_판소리/0636_민속악_판소리_아쟁.wav,48000,2,9360000,195.0,PCM_24,train
0636_민속악_판소리,0636,판소리,피리,피리,피리,관악,True,data/extracted/train/source/0636_민속악_판소리/0636_민속악_판소리_피리.wav,48000,2,9360000,195.0,PCM_24,train
0636_민속악_판소리,0636,판소리,해금,해금,해금,찰현,True,data/extracted/train/source/0636_민속악_판소리/0636_민속악_판소리_해금.wav,48000,2,9360000,195.0,PCM_24,train
0637_민속악_판소리,0637,판소리,가야금,가야금,가야금,발현,True,data/extracted/train/source/0637_민속악_판소리/0637_민속악_판소리_가야금.wav,48000,2,8337600,173.7,PCM_24,train
0637_민속악_판소리,0637,판소리,거문고,거문고,거문고,발현,True,data/extracted/train/source/0637_민속악_판소리/0637_민속악_판소리_거문고.wav,48000,2,8337600,173.7,PCM_24,train
0637_민속악_판소리,0637,판소리,대금,대금,대금,관악,True,data/extracted/train/source/0637_민속악_판소리/0637_민속악_판소리_대금.wav,48000,2,8337600,173.7,PCM_24,train
0637_민속악_판소리,0637,판소리,소리북,소리북,타악기,타악,True,data/extracted/train/source/0637_민속악_판소리/0637_민속악_판소리_소리북.wav,48000,2,8337600,173.7,PCM_24,train
0637_민속악_판소리,0637,판소리,아쟁,아쟁,아쟁,찰현,True,data/extracted/train/source/0637_민속악_판소리/0637_민속악_판소리_아쟁.wav,48000,2,8337600,173.7,PCM_24,train
0637_민속악_판소리,0637,판소리,피리,피리,피리,관악,True,data/extracted/train/source/0637_민속악_판소리/0637_민속악_판소리_피리.wav,48000,2,8337600,173.7,PCM_24,train
0637_민속악_판소리,0637,판소리,해금,해금,해금,찰현,True,data/extracted/train/source/0637_민속악_판소리/0637_민속악_판소리_해금.wav,48000,2,8337600,173.7,PCM_24,train
0638_민속악_판소리,0638,판소리,가야금,가야금,가야금,발현,True,data/extracted/train/source/0638_민속악_판소리/0638_민속악_판소리_가야금.wav,48000,2,6566400,136.8,PCM_24,test
0638_민속악_판소리,0638,판소리,거문고,거문고,거문고,발현,True,data/extracted/train/source/0638_민속악_판소리/0638_민속악_판소리_거문고.wav,48000,2,6566400,136.8,PCM_24,test
0638_민속악_판소리,0638,판소리,대금,대금,대금,관악,True,data/extracted/train/source/0638_민속악_판소리/0638_민속악_판소리_대금.wav,48000,2,6566400,136.8,PCM_24,test
0638_민속악_판소리,0638,판소리,소리북,소리북,타악기,타악,True,data/extracted/train/source/0638_민속악_판소리/0638_민속악_판소리_소리북.wav,48000,2,6566400,136.8,PCM_24,test
0638_민속악_판소리,0638,판소리,아쟁,아쟁,아쟁,찰현,True,data/extracted/train/source/0638_민속악_판소리/0638_민속악_판소리_아쟁.wav,48000,2,6566400,136.8,PCM_24,test
0638_민속악_판소리,0638,판소리,피리,피리,피리,관악,True,data/extracted/train/source/0638_민속악_판소리/0638_민속악_판소리_피리.wav,48000,2,6566400,136.8,PCM_24,test
0638_민속악_판소리,0638,판소리,해금,해금,해금,찰현,True,data/extracted/train/source/0638_민속악_판소리/0638_민속악_판소리_해금.wav,48000,2,6566400,136.8,PCM_24,test
0639_민속악_판소리,0639,판소리,가야금,가야금,가야금,발현,True,data/extracted/train/source/0639_민속악_판소리/0639_민속악_판소리_가야금.wav,48000,2,13872000,289.0,PCM_24,val
0639_민속악_판소리,0639,판소리,거문고,거문고,거문고,발현,True,data/extracted/train/source/0639_민속악_판소리/0639_민속악_판소리_거문고.wav,48000,2,13872000,289.0,PCM_24,val
0639_민속악_판소리,0639,판소리,대금,대금,대금,관악,True,data/extracted/train/source/0639_민속악_판소리/0639_민속악_판소리_대금.wav,48000,2,13872000,289.0,PCM_24,val
0639_민속악_판소리,0639,판소리,소리북,소리북,타악기,타악,True,data/extracted/train/source/0639_민속악_판소리/0639_민속악_판소리_소리북.wav,48000,2,13872000,289.0,PCM_24,val
0639_민속악_판소리,0639,판소리,아쟁,아쟁,아쟁,찰현,True,data/extracted/train/source/0639_민속악_판소리/0639_민속악_판소리_아쟁.wav,48000,2,13872000,289.0,PCM_24,val
0639_민속악_판소리,0639,판소리,피리,피리,피리,관악,True,data/extracted/train/source/0639_민속악_판소리/0639_민속악_판소리_피리.wav,48000,2,13872000,289.0,PCM_24,val
0639_민속악_판소리,0639,판소리,해금,해금,해금,찰현,True,data/extracted/train/source/0639_민속악_판소리/0639_민속악_판소리_해금.wav,48000,2,13872000,289.0,PCM_24,val
0640_민속악_판소리,0640,판소리,가야금,가야금,가야금,발현,True,data/extracted/train/source/0640_민속악_판소리/0640_민속악_판소리_가야금.wav,48000,2,4881600,101.7,PCM_24,train
0640_민속악_판소리,0640,판소리,거문고,거문고,거문고,발현,True,data/extracted/train/source/0640_민속악_판소리/0640_민속악_판소리_거문고.wav,48000,2,4881600,101.7,PCM_24,train
0640_민속악_판소리,0640,판소리,대금,대금,대금,관악,True,data/extracted/train/source/0640_민속악_판소리/0640_민속악_판소리_대금.wav,48000,2,4881600,101.7,PCM_24,train
0640_민속악_판소리,0640,판소리,소리북,소리북,타악기,타악,True,data/extracted/train/source/0640_민속악_판소리/0640_민속악_판소리_소리북.wav,48000,2,4881600,101.7,PCM_24,train
0640_민속악_판소리,0640,판소리,아쟁,아쟁,아쟁,찰현,True,data/extracted/train/source/0640_민속악_판소리/0640_민속악_판소리_아쟁.wav,48000,2,4881600,101.7,PCM_24,train
0640_민속악_판소리,0640,판소리,피리,피리,피리,관악,True,data/extracted/train/source/0640_민속악_판소리/0640_민속악_판소리_피리.wav,48000,2,4881600,101.7,PCM_24,train
0640_민속악_판소리,0640,판소리,해금,해금,해금,찰현,True,data/extracted/train/source/0640_민속악_판소리/0640_민속악_판소리_해금.wav,48000,2,4881600,101.7,PCM_24,train
0641_민속악_판소리,0641,판소리,가야금,가야금,가야금,발현,True,data/extracted/train/source/0641_민속악_판소리/0641_민속악_판소리_가야금.wav,48000,2,6960000,145.0,PCM_24,train
0641_민속악_판소리,0641,판소리,거문고,거문고,거문고,발현,True,data/extracted/train/source/0641_민속악_판소리/0641_민속악_판소리_거문고.wav,48000,2,6960000,145.0,PCM_24,train
0641_민속악_판소리,0641,판소리,대금,대금,대금,관악,True,data/extracted/train/source/0641_민속악_판소리/0641_민속악_판소리_대금.wav,48000,2,6960000,145.0,PCM_24,train
0641_민속악_판소리,0641,판소리,소리북,소리북,타악기,타악,True,data/extracted/train/source/0641_민속악_판소리/0641_민속악_판소리_소리북.wav,48000,2,6960000,145.0,PCM_24,train
0641_민속악_판소리,0641,판소리,아쟁,아쟁,아쟁,찰현,True,data/extracted/train/source/0641_민속악_판소리/0641_민속악_판소리_아쟁.wav,48000,2,6960000,145.0,PCM_24,train
0641_민속악_판소리,0641,판소리,피리,피리,피리,관악,True,data/extracted/train/source/0641_민속악_판소리/0641_민속악_판소리_피리.wav,48000,2,6960000,145.0,PCM_24,train
0641_민속악_판소리,0641,판소리,해금,해금,해금,찰현,True,data/extracted/train/source/0641_민속악_판소리/0641_민속악_판소리_해금.wav,48000,2,6960000,145.0,PCM_24,train
0642_민속악_판소리,0642,판소리,가야금,가야금,가야금,발현,True,data/extracted/train/source/0642_민속악_판소리/0642_민속악_판소리_가야금.wav,48000,2,16761600,349.2,PCM_24,train
0642_민속악_판소리,0642,판소리,거문고,거문고,거문고,발현,True,data/extracted/train/source/0642_민속악_판소리/0642_민속악_판소리_거문고.wav,48000,2,16761600,349.2,PCM_24,train
0642_민속악_판소리,0642,판소리,대금,대금,대금,관악,True,data/extracted/train/source/0642_민속악_판소리/0642_민속악_판소리_대금.wav,48000,2,16761600,349.2,PCM_24,train
0642_민속악_판소리,0642,판소리,소리북,소리북,타악기,타악,True,data/extracted/train/source/0642_민속악_판소리/0642_민속악_판소리_소리북.wav,48000,2,16761600,349.2,PCM_24,train
0642_민속악_판소리,0642,판소리,아쟁,아쟁,아쟁,찰현,True,data/extracted/train/source/0642_민속악_판소리/0642_민속악_판소리_아쟁.wav,48000,2,16761600,349.2,PCM_24,train
0642_민속악_판소리,0642,판소리,피리,피리,피리,관악,True,data/extracted/train/source/0642_민속악_판소리/0642_민속악_판소리_피리.wav,48000,2,16761600,349.2,PCM_24,train
0642_민속악_판소리,0642,판소리,해금,해금,해금,찰현,True,data/extracted/train/source/0642_민속악_판소리/0642_민속악_판소리_해금.wav,48000,2,16761600,349.2,PCM_24,train
0643_민속악_판소리,0643,판소리,가야금,가야금,가야금,발현,True,data/extracted/val/source/0643_민속악_판소리/0643_민속악_판소리_가야금.wav,48000,2,8956800,186.6,PCM_24,train
0643_민속악_판소리,0643,판소리,거문고,거문고,거문고,발현,True,data/extracted/val/source/0643_민속악_판소리/0643_민속악_판소리_거문고.wav,48000,2,8956800,186.6,PCM_24,train
0643_민속악_판소리,0643,판소리,대금,대금,대금,관악,True,data/extracted/val/source/0643_민속악_판소리/0643_민속악_판소리_대금.wav,48000,2,8956800,186.6,PCM_24,train
0643_민속악_판소리,0643,판소리,소리북,소리북,타악기,타악,True,data/extracted/val/source/0643_민속악_판소리/0643_민속악_판소리_소리북.wav,48000,2,8956800,186.6,PCM_24,train
0643_민속악_판소리,0643,판소리,아쟁,아쟁,아쟁,찰현,True,data/extracted/val/source/0643_민속악_판소리/0643_민속악_판소리_아쟁.wav,48000,2,8956800,186.6,PCM_24,train
0643_민속악_판소리,0643,판소리,피리,피리,피리,관악,True,data/extracted/val/source/0643_민속악_판소리/0643_민속악_판소리_피리.wav,48000,2,8956800,186.6,PCM_24,train
0643_민속악_판소리,0643,판소리,해금,해금,해금,찰현,True,data/extracted/val/source/0643_민속악_판소리/0643_민속악_판소리_해금.wav,48000,2,8956800,186.6,PCM_24,train
0645_민속악_판소리,0645,판소리,가야금,가야금,가야금,발현,True,data/extracted/train/source/0645_민속악_판소리/0645_민속악_판소리_가야금.wav,48000,2,5632000,117.333,PCM_24,train
0645_민속악_판소리,0645,판소리,거문고,거문고,거문고,발현,True,data/extracted/train/source/0645_민속악_판소리/0645_민속악_판소리_거문고.wav,48000,2,5632000,117.333,PCM_24,train
0645_민속악_판소리,0645,판소리,대금,대금,대금,관악,True,data/extracted/train/source/0645_민속악_판소리/0645_민속악_판소리_대금.wav,48000,2,5632000,117.333,PCM_24,train
0645_민속악_판소리,0645,판소리,소리북,소리북,타악기,타악,True,data/extracted/train/source/0645_민속악_판소리/0645_민속악_판소리_소리북.wav,48000,2,5632000,117.333,PCM_24,train
0645_민속악_판소리,0645,판소리,아쟁,아쟁,아쟁,찰현,True,data/extracted/train/source/0645_민속악_판소리/0645_민속악_판소리_아쟁.wav,48000,2,5632000,117.333,PCM_24,train
0645_민속악_판소리,0645,판소리,피리,피리,피리,관악,True,data/extracted/train/source/0645_민속악_판소리/0645_민속악_판소리_피리.wav,48000,2,5632000,117.333,PCM_24,train
0645_민속악_판소리,0645,판소리,해금,해금,해금,찰현,True,data/extracted/train/source/0645_민속악_판소리/0645_민속악_판소리_해금.wav,48000,2,5632000,117.333,PCM_24,train
0646_민속악_판소리,0646,판소리,가야금,가야금,가야금,발현,True,data/extracted/train/source/0646_민속악_판소리/0646_민속악_판소리_가야금.wav,48000,2,16320000,340.0,PCM_24,train
0646_민속악_판소리,0646,판소리,거문고,거문고,거문고,발현,True,data/extracted/train/source/0646_민속악_판소리/0646_민속악_판소리_거문고.wav,48000,2,16320000,340.0,PCM_24,train
0646_민속악_판소리,0646,판소리,대금,대금,대금,관악,True,data/extracted/train/source/0646_민속악_판소리/0646_민속악_판소리_대금.wav,48000,2,16320000,340.0,PCM_24,train
0646_민속악_판소리,0646,판소리,소리북,소리북,타악기,타악,True,data/extracted/train/source/0646_민속악_판소리/0646_민속악_판소리_소리북.wav,48000,2,16320000,340.0,PCM_24,train
0646_민속악_판소리,0646,판소리,아쟁,아쟁,아쟁,찰현,True,data/extracted/train/source/0646_민속악_판소리/0646_민속악_판소리_아쟁.wav,48000,2,16320000,340.0,PCM_24,train
0646_민속악_판소리,0646,판소리,피리,피리,피리,관악,True,data/extracted/train/source/0646_민속악_판소리/0646_민속악_판소리_피리.wav,48000,2,16320000,340.0,PCM_24,train
0646_민속악_판소리,0646,판소리,해금,해금,해금,찰현,True,data/extracted/train/source/0646_민속악_판소리/0646_민속악_판소리_해금.wav,48000,2,16320000,340.0,PCM_24,train
0647_민속악_판소리,0647,판소리,가야금,가야금,가야금,발현,True,data/extracted/train/source/0647_민속악_판소리/0647_민속악_판소리_가야금.wav,48000,2,15724800,327.6,PCM_24,train
0647_민속악_판소리,0647,판소리,거문고,거문고,거문고,발현,True,data/extracted/train/source/0647_민속악_판소리/0647_민속악_판소리_거문고.wav,48000,2,15724800,327.6,PCM_24,train
0647_민속악_판소리,0647,판소리,대금,대금,대금,관악,True,data/extracted/train/source/0647_민속악_판소리/0647_민속악_판소리_대금.wav,48000,2,15724800,327.6,PCM_24,train
0647_민속악_판소리,0647,판소리,소리북,소리북,타악기,타악,True,data/extracted/train/source/0647_민속악_판소리/0647_민속악_판소리_소리북.wav,48000,2,15724800,327.6,PCM_24,train
0647_민속악_판소리,0647,판소리,아쟁,아쟁,아쟁,찰현,True,data/extracted/train/source/0647_민속악_판소리/0647_민속악_판소리_아쟁.wav,48000,2,15724800,327.6,PCM_24,train
0647_민속악_판소리,0647,판소리,피리,피리,피리,관악,True,data/extracted/train/source/0647_민속악_판소리/0647_민속악_판소리_피리.wav,48000,2,15724800,327.6,PCM_24,train
0647_민속악_판소리,0647,판소리,해금,해금,해금,찰현,True,data/extracted/train/source/0647_민속악_판소리/0647_민속악_판소리_해금.wav,48000,2,15724800,327.6,PCM_24,train
0648_민속악_판소리,0648,판소리,가야금,가야금,가야금,발현,True,data/extracted/train/source/0648_민속악_판소리/0648_민속악_판소리_가야금.wav,48000,2,16320000,340.0,PCM_24,train
0648_민속악_판소리,0648,판소리,거문고,거문고,거문고,발현,True,data/extracted/train/source/0648_민속악_판소리/0648_민속악_판소리_거문고.wav,48000,2,16320000,340.0,PCM_24,train
0648_민속악_판소리,0648,판소리,대금,대금,대금,관악,True,data/extracted/train/source/0648_민속악_판소리/0648_민속악_판소리_대금.wav,48000,2,16320000,340.0,PCM_24,train
0648_민속악_판소리,0648,판소리,소리북,소리북,타악기,타악,True,data/extracted/train/source/0648_민속악_판소리/0648_민속악_판소리_소리북.wav,48000,2,16320000,340.0,PCM_24,train
0648_민속악_판소리,0648,판소리,아쟁,아쟁,아쟁,찰현,True,data/extracted/train/source/0648_민속악_판소리/0648_민속악_판소리_아쟁.wav,48000,2,16320000,340.0,PCM_24,train
0648_민속악_판소리,0648,판소리,피리,피리,피리,관악,True,data/extracted/train/source/0648_민속악_판소리/0648_민속악_판소리_피리.wav,48000,2,16320000,340.0,PCM_24,train
0648_민속악_판소리,0648,판소리,해금,해금,해금,찰현,True,data/extracted/train/source/0648_민속악_판소리/0648_민속악_판소리_해금.wav,48000,2,16320000,340.0,PCM_24,train
0649_민속악_판소리,0649,판소리,가야금,가야금,가야금,발현,True,data/extracted/train/source/0649_민속악_판소리/0649_민속악_판소리_가야금.wav,48000,2,8832256,184.005,PCM_24,train
0649_민속악_판소리,0649,판소리,거문고,거문고,거문고,발현,True,data/extracted/train/source/0649_민속악_판소리/0649_민속악_판소리_거문고.wav,48000,2,8832256,184.005,PCM_24,train
0649_민속악_판소리,0649,판소리,대금,대금,대금,관악,True,data/extracted/train/source/0649_민속악_판소리/0649_민속악_판소리_대금.wav,48000,2,8832256,184.005,PCM_24,train
0649_민속악_판소리,0649,판소리,소리북,소리북,타악기,타악,True,data/extracted/train/source/0649_민속악_판소리/0649_민속악_판소리_소리북.wav,48000,2,8832256,184.005,PCM_24,train
0649_민속악_판소리,0649,판소리,아쟁,아쟁,아쟁,찰현,True,data/extracted/train/source/0649_민속악_판소리/0649_민속악_판소리_아쟁.wav,48000,2,8832256,184.005,PCM_24,train
0649_민속악_판소리,0649,판소리,피리,피리,피리,관악,True,data/extracted/train/source/0649_민속악_판소리/0649_민속악_판소리_피리.wav,48000,2,8832256,184.005,PCM_24,train
0649_민속악_판소리,0649,판소리,해금,해금,해금,찰현,True,data/extracted/train/source/0649_민속악_판소리/0649_민속악_판소리_해금.wav,48000,2,8832256,184.005,PCM_24,train
0650_민속악_판소리,0650,판소리,가야금,가야금,가야금,발현,True,data/extracted/train/source/0650_민속악_판소리/0650_민속악_판소리_가야금.wav,48000,2,16934400,352.8,PCM_24,train
0650_민속악_판소리,0650,판소리,거문고,거문고,거문고,발현,True,data/extracted/train/source/0650_민속악_판소리/0650_민속악_판소리_거문고.wav,48000,2,16934400,352.8,PCM_24,train
0650_민속악_판소리,0650,판소리,대금,대금,대금,관악,True,data/extracted/train/source/0650_민속악_판소리/0650_민속악_판소리_대금.wav,48000,2,16934400,352.8,PCM_24,train
0650_민속악_판소리,0650,판소리,소리북,소리북,타악기,타악,True,data/extracted/train/source/0650_민속악_판소리/0650_민속악_판소리_소리북.wav,48000,2,16934400,352.8,PCM_24,train
0650_민속악_판소리,0650,판소리,아쟁,아쟁,아쟁,찰현,True,data/extracted/train/source/0650_민속악_판소리/0650_민속악_판소리_아쟁.wav,48000,2,16934400,352.8,PCM_24,train
0650_민속악_판소리,0650,판소리,피리,피리,피리,관악,True,data/extracted/train/source/0650_민속악_판소리/0650_민속악_판소리_피리.wav,48000,2,16934400,352.8,PCM_24,train
0650_민속악_판소리,0650,판소리,해금,해금,해금,찰현,True,data/extracted/train/source/0650_민속악_판소리/0650_민속악_판소리_해금.wav,48000,2,16934400,352.8,PCM_24,train
0652_민속악_판소리,0652,판소리,가야금,가야금,가야금,발현,True,data/extracted/train/source/0652_민속악_판소리/0652_민속악_판소리_가야금.wav,48000,2,6967296,145.152,PCM_24,train
0652_민속악_판소리,0652,판소리,거문고,거문고,거문고,발현,True,data/extracted/train/source/0652_민속악_판소리/0652_민속악_판소리_거문고.wav,48000,2,6967296,145.152,PCM_24,train
0652_민속악_판소리,0652,판소리,대금,대금,대금,관악,True,data/extracted/train/source/0652_민속악_판소리/0652_민속악_판소리_대금.wav,48000,2,6967296,145.152,PCM_24,train
0652_민속악_판소리,0652,판소리,소리북,소리북,타악기,타악,True,data/extracted/train/source/0652_민속악_판소리/0652_민속악_판소리_소리북.wav,48000,2,6967296,145.152,PCM_24,train
0652_민속악_판소리,0652,판소리,아쟁,아쟁,아쟁,찰현,True,data/extracted/train/source/0652_민속악_판소리/0652_민속악_판소리_아쟁.wav,48000,2,6967296,145.152,PCM_24,train
0652_민속악_판소리,0652,판소리,피리,피리,피리,관악,True,data/extracted/train/source/0652_민속악_판소리/0652_민속악_판소리_피리.wav,48000,2,6967296,145.152,PCM_24,train
0652_민속악_판소리,0652,판소리,해금,해금,해금,찰현,True,data/extracted/train/source/0652_민속악_판소리/0652_민속악_판소리_해금.wav,48000,2,6967296,145.152,PCM_24,train
0653_민속악_판소리,0653,판소리,가야금,가야금,가야금,발현,True,data/extracted/train/source/0653_민속악_판소리/0653_민속악_판소리_가야금.wav,48000,2,5433344,113.195,PCM_24,train
0653_민속악_판소리,0653,판소리,거문고,거문고,거문고,발현,True,data/extracted/train/source/0653_민속악_판소리/0653_민속악_판소리_거문고.wav,48000,2,5433344,113.195,PCM_24,train
0653_민속악_판소리,0653,판소리,대금,대금,대금,관악,True,data/extracted/train/source/0653_민속악_판소리/0653_민속악_판소리_대금.wav,48000,2,5433344,113.195,PCM_24,train
0653_민속악_판소리,0653,판소리,소리북,소리북,타악기,타악,True,data/extracted/train/source/0653_민속악_판소리/0653_민속악_판소리_소리북.wav,48000,2,5433344,113.195,PCM_24,train
0653_민속악_판소리,0653,판소리,아쟁,아쟁,아쟁,찰현,True,data/extracted/train/source/0653_민속악_판소리/0653_민속악_판소리_아쟁.wav,48000,2,5433344,113.195,PCM_24,train
0653_민속악_판소리,0653,판소리,피리,피리,피리,관악,True,data/extracted/train/source/0653_민속악_판소리/0653_민속악_판소리_피리.wav,48000,2,5433344,113.195,PCM_24,train
0653_민속악_판소리,0653,판소리,해금,해금,해금,찰현,True,data/extracted/train/source/0653_민속악_판소리/0653_민속악_판소리_해금.wav,48000,2,5433344,113.195,PCM_24,train
0654_민속악_판소리,0654,판소리,가야금,가야금,가야금,발현,True,data/extracted/train/source/0654_민속악_판소리/0654_민속악_판소리_가야금.wav,48000,2,17664000,368.0,PCM_24,test
0654_민속악_판소리,0654,판소리,거문고,거문고,거문고,발현,True,data/extracted/train/source/0654_민속악_판소리/0654_민속악_판소리_거문고.wav,48000,2,17664000,368.0,PCM_24,test
0654_민속악_판소리,0654,판소리,대금,대금,대금,관악,True,data/extracted/train/source/0654_민속악_판소리/0654_민속악_판소리_대금.wav,48000,2,17664000,368.0,PCM_24,test
0654_민속악_판소리,0654,판소리,소리북,소리북,타악기,타악,True,data/extracted/train/source/0654_민속악_판소리/0654_민속악_판소리_소리북.wav,48000,2,17664000,368.0,PCM_24,test
0654_민속악_판소리,0654,판소리,아쟁,아쟁,아쟁,찰현,True,data/extracted/train/source/0654_민속악_판소리/0654_민속악_판소리_아쟁.wav,48000,2,17664000,368.0,PCM_24,test
0654_민속악_판소리,0654,판소리,피리,피리,피리,관악,True,data/extracted/train/source/0654_민속악_판소리/0654_민속악_판소리_피리.wav,48000,2,17664000,368.0,PCM_24,test
0654_민속악_판소리,0654,판소리,해금,해금,해금,찰현,True,data/extracted/train/source/0654_민속악_판소리/0654_민속악_판소리_해금.wav,48000,2,17664000,368.0,PCM_24,test
0656_민속악_판소리,0656,판소리,가야금,가야금,가야금,발현,True,data/extracted/val/source/0656_민속악_판소리/0656_민속악_판소리_가야금.wav,48000,2,12660736,263.765,PCM_24,train
0656_민속악_판소리,0656,판소리,거문고,거문고,거문고,발현,True,data/extracted/val/source/0656_민속악_판소리/0656_민속악_판소리_거문고.wav,48000,2,12660736,263.765,PCM_24,train
0656_민속악_판소리,0656,판소리,대금,대금,대금,관악,True,data/extracted/val/source/0656_민속악_판소리/0656_민속악_판소리_대금.wav,48000,2,12660736,263.765,PCM_24,train
0656_민속악_판소리,0656,판소리,소리북,소리북,타악기,타악,True,data/extracted/val/source/0656_민속악_판소리/0656_민속악_판소리_소리북.wav,48000,2,12660736,263.765,PCM_24,train
0656_민속악_판소리,0656,판소리,아쟁,아쟁,아쟁,찰현,True,data/extracted/val/source/0656_민속악_판소리/0656_민속악_판소리_아쟁.wav,48000,2,12660736,263.765,PCM_24,train
0656_민속악_판소리,0656,판소리,피리,피리,피리,관악,True,data/extracted/val/source/0656_민속악_판소리/0656_민속악_판소리_피리.wav,48000,2,12660736,263.765,PCM_24,train
0656_민속악_판소리,0656,판소리,해금,해금,해금,찰현,True,data/extracted/val/source/0656_민속악_판소리/0656_민속악_판소리_해금.wav,48000,2,12660736,263.765,PCM_24,train
0657_민속악_판소리,0657,판소리,가야금,가야금,가야금,발현,True,data/extracted/val/source/0657_민속악_판소리/0657_민속악_판소리_가야금.wav,48000,2,9126912,190.144,PCM_24,train
0657_민속악_판소리,0657,판소리,거문고,거문고,거문고,발현,True,data/extracted/val/source/0657_민속악_판소리/0657_민속악_판소리_거문고.wav,48000,2,9126912,190.144,PCM_24,train
0657_민속악_판소리,0657,판소리,대금,대금,대금,관악,True,data/extracted/val/source/0657_민속악_판소리/0657_민속악_판소리_대금.wav,48000,2,9126912,190.144,PCM_24,train
0657_민속악_판소리,0657,판소리,소리북,소리북,타악기,타악,True,data/extracted/val/source/0657_민속악_판소리/0657_민속악_판소리_소리북.wav,48000,2,9126912,190.144,PCM_24,train
0657_민속악_판소리,0657,판소리,아쟁,아쟁,아쟁,찰현,True,data/extracted/val/source/0657_민속악_판소리/0657_민속악_판소리_아쟁.wav,48000,2,9126912,190.144,PCM_24,train
0657_민속악_판소리,0657,판소리,피리,피리,피리,관악,True,data/extracted/val/source/0657_민속악_판소리/0657_민속악_판소리_피리.wav,48000,2,9126912,190.144,PCM_24,train
0657_민속악_판소리,0657,판소리,해금,해금,해금,찰현,True,data/extracted/val/source/0657_민속악_판소리/0657_민속악_판소리_해금.wav,48000,2,9126912,190.144,PCM_24,train
0658_민속악_판소리,0658,판소리,가야금,가야금,가야금,발현,True,data/extracted/train/source/0658_민속악_판소리/0658_민속악_판소리_가야금.wav,48000,2,8286208,172.629,PCM_24,train
0658_민속악_판소리,0658,판소리,거문고,거문고,거문고,발현,True,data/extracted/train/source/0658_민속악_판소리/0658_민속악_판소리_거문고.wav,48000,2,8286208,172.629,PCM_24,train
0658_민속악_판소리,0658,판소리,대금,대금,대금,관악,True,data/extracted/train/source/0658_민속악_판소리/0658_민속악_판소리_대금.wav,48000,2,8286208,172.629,PCM_24,train
0658_민속악_판소리,0658,판소리,소리북,소리북,타악기,타악,True,data/extracted/train/source/0658_민속악_판소리/0658_민속악_판소리_소리북.wav,48000,2,8286208,172.629,PCM_24,train
0658_민속악_판소리,0658,판소리,아쟁,아쟁,아쟁,찰현,True,data/extracted/train/source/0658_민속악_판소리/0658_민속악_판소리_아쟁.wav,48000,2,8286208,172.629,PCM_24,train
0658_민속악_판소리,0658,판소리,피리,피리,피리,관악,True,data/extracted/train/source/0658_민속악_판소리/0658_민속악_판소리_피리.wav,48000,2,8286208,172.629,PCM_24,train
0658_민속악_판소리,0658,판소리,해금,해금,해금,찰현,True,data/extracted/train/source/0658_민속악_판소리/0658_민속악_판소리_해금.wav,48000,2,8286208,172.629,PCM_24,train
0659_민속악_판소리,0659,판소리,가야금,가야금,가야금,발현,True,data/extracted/val/source/0659_민속악_판소리/0659_민속악_판소리_가야금.wav,48000,2,7743488,161.323,PCM_24,train
0659_민속악_판소리,0659,판소리,거문고,거문고,거문고,발현,True,data/extracted/val/source/0659_민속악_판소리/0659_민속악_판소리_거문고.wav,48000,2,7743488,161.323,PCM_24,train
0659_민속악_판소리,0659,판소리,대금,대금,대금,관악,True,data/extracted/val/source/0659_민속악_판소리/0659_민속악_판소리_대금.wav,48000,2,7743488,161.323,PCM_24,train
0659_민속악_판소리,0659,판소리,소리북,소리북,타악기,타악,True,data/extracted/val/source/0659_민속악_판소리/0659_민속악_판소리_소리북.wav,48000,2,7743488,161.323,PCM_24,train
0659_민속악_판소리,0659,판소리,아쟁,아쟁,아쟁,찰현,True,data/extracted/val/source/0659_민속악_판소리/0659_민속악_판소리_아쟁.wav,48000,2,7743488,161.323,PCM_24,train
0659_민속악_판소리,0659,판소리,피리,피리,피리,관악,True,data/extracted/val/source/0659_민속악_판소리/0659_민속악_판소리_피리.wav,48000,2,7743488,161.323,PCM_24,train
0659_민속악_판소리,0659,판소리,해금,해금,해금,찰현,True,data/extracted/val/source/0659_민속악_판소리/0659_민속악_판소리_해금.wav,48000,2,7743488,161.323,PCM_24,train
0660_민속악_판소리,0660,판소리,가야금,가야금,가야금,발현,True,data/extracted/train/source/0660_민속악_판소리/0660_민속악_판소리_가야금.wav,48000,2,6191104,128.981,PCM_24,train
0660_민속악_판소리,0660,판소리,거문고,거문고,거문고,발현,True,data/extracted/train/source/0660_민속악_판소리/0660_민속악_판소리_거문고.wav,48000,2,6191104,128.981,PCM_24,train
0660_민속악_판소리,0660,판소리,대금,대금,대금,관악,True,data/extracted/train/source/0660_민속악_판소리/0660_민속악_판소리_대금.wav,48000,2,6191104,128.981,PCM_24,train
0660_민속악_판소리,0660,판소리,소리북,소리북,타악기,타악,True,data/extracted/train/source/0660_민속악_판소리/0660_민속악_판소리_소리북.wav,48000,2,6191104,128.981,PCM_24,train
0660_민속악_판소리,0660,판소리,아쟁,아쟁,아쟁,찰현,True,data/extracted/train/source/0660_민속악_판소리/0660_민속악_판소리_아쟁.wav,48000,2,6191104,128.981,PCM_24,train
0660_민속악_판소리,0660,판소리,피리,피리,피리,관악,True,data/extracted/train/source/0660_민속악_판소리/0660_민속악_판소리_피리.wav,48000,2,6191104,128.981,PCM_24,train
0660_민속악_판소리,0660,판소리,해금,해금,해금,찰현,True,data/extracted/train/source/0660_민속악_판소리/0660_민속악_판소리_해금.wav,48000,2,6191104,128.981,PCM_24,train
0661_민속악_판소리,0661,판소리,가야금,가야금,가야금,발현,True,data/extracted/train/source/0661_민속악_판소리/0661_민속악_판소리_가야금.wav,48000,2,14336000,298.667,PCM_24,test
0661_민속악_판소리,0661,판소리,거문고,거문고,거문고,발현,True,data/extracted/train/source/0661_민속악_판소리/0661_민속악_판소리_거문고.wav,48000,2,14336000,298.667,PCM_24,test
0661_민속악_판소리,0661,판소리,대금,대금,대금,관악,True,data/extracted/train/source/0661_민속악_판소리/0661_민속악_판소리_대금.wav,48000,2,14336000,298.667,PCM_24,test
0661_민속악_판소리,0661,판소리,소리북,소리북,타악기,타악,True,data/extracted/train/source/0661_민속악_판소리/0661_민속악_판소리_소리북.wav,48000,2,14336000,298.667,PCM_24,test
0661_민속악_판소리,0661,판소리,아쟁,아쟁,아쟁,찰현,True,data/extracted/train/source/0661_민속악_판소리/0661_민속악_판소리_아쟁.wav,48000,2,14336000,298.667,PCM_24,test
0661_민속악_판소리,0661,판소리,피리,피리,피리,관악,True,data/extracted/train/source/0661_민속악_판소리/0661_민속악_판소리_피리.wav,48000,2,14336000,298.667,PCM_24,test
0661_민속악_판소리,0661,판소리,해금,해금,해금,찰현,True,data/extracted/train/source/0661_민속악_판소리/0661_민속악_판소리_해금.wav,48000,2,14336000,298.667,PCM_24,test
0662_민속악_판소리,0662,판소리,가야금,가야금,가야금,발현,True,data/extracted/train/source/0662_민속악_판소리/0662_민속악_판소리_가야금.wav,48000,2,7254016,151.125,PCM_24,train
0662_민속악_판소리,0662,판소리,거문고,거문고,거문고,발현,True,data/extracted/train/source/0662_민속악_판소리/0662_민속악_판소리_거문고.wav,48000,2,7254016,151.125,PCM_24,train
0662_민속악_판소리,0662,판소리,대금,대금,대금,관악,True,data/extracted/train/source/0662_민속악_판소리/0662_민속악_판소리_대금.wav,48000,2,7254016,151.125,PCM_24,train
0662_민속악_판소리,0662,판소리,소리북,소리북,타악기,타악,True,data/extracted/train/source/0662_민속악_판소리/0662_민속악_판소리_소리북.wav,48000,2,7254016,151.125,PCM_24,train
0662_민속악_판소리,0662,판소리,아쟁,아쟁,아쟁,찰현,True,data/extracted/train/source/0662_민속악_판소리/0662_민속악_판소리_아쟁.wav,48000,2,7254016,151.125,PCM_24,train
0662_민속악_판소리,0662,판소리,피리,피리,피리,관악,True,data/extracted/train/source/0662_민속악_판소리/0662_민속악_판소리_피리.wav,48000,2,7254016,151.125,PCM_24,train
0662_민속악_판소리,0662,판소리,해금,해금,해금,찰현,True,data/extracted/train/source/0662_민속악_판소리/0662_민속악_판소리_해금.wav,48000,2,7254016,151.125,PCM_24,train
0663_민속악_판소리,0663,판소리,가야금,가야금,가야금,발현,True,data/extracted/train/source/0663_민속악_판소리/0663_민속악_판소리_가야금.wav,48000,2,7339008,152.896,PCM_24,train
0663_민속악_판소리,0663,판소리,거문고,거문고,거문고,발현,True,data/extracted/train/source/0663_민속악_판소리/0663_민속악_판소리_거문고.wav,48000,2,7339008,152.896,PCM_24,train
0663_민속악_판소리,0663,판소리,대금,대금,대금,관악,True,data/extracted/train/source/0663_민속악_판소리/0663_민속악_판소리_대금.wav,48000,2,7339008,152.896,PCM_24,train
0663_민속악_판소리,0663,판소리,소리북,소리북,타악기,타악,True,data/extracted/train/source/0663_민속악_판소리/0663_민속악_판소리_소리북.wav,48000,2,7339008,152.896,PCM_24,train
0663_민속악_판소리,0663,판소리,아쟁,아쟁,아쟁,찰현,True,data/extracted/train/source/0663_민속악_판소리/0663_민속악_판소리_아쟁.wav,48000,2,7339008,152.896,PCM_24,train
0663_민속악_판소리,0663,판소리,피리,피리,피리,관악,True,data/extracted/train/source/0663_민속악_판소리/0663_민속악_판소리_피리.wav,48000,2,7339008,152.896,PCM_24,train
0663_민속악_판소리,0663,판소리,해금,해금,해금,찰현,True,data/extracted/train/source/0663_민속악_판소리/0663_민속악_판소리_해금.wav,48000,2,7339008,152.896,PCM_24,train
0664_민속악_판소리,0664,판소리,가야금,가야금,가야금,발현,True,data/extracted/val/source/0664_민속악_판소리/0664_민속악_판소리_가야금.wav,48000,2,20793344,433.195,PCM_24,train
0664_민속악_판소리,0664,판소리,거문고,거문고,거문고,발현,True,data/extracted/val/source/0664_민속악_판소리/0664_민속악_판소리_거문고.wav,48000,2,20793344,433.195,PCM_24,train
0664_민속악_판소리,0664,판소리,대금,대금,대금,관악,True,data/extracted/val/source/0664_민속악_판소리/0664_민속악_판소리_대금.wav,48000,2,20793344,433.195,PCM_24,train
0664_민속악_판소리,0664,판소리,소리북,소리북,타악기,타악,True,data/extracted/val/source/0664_민속악_판소리/0664_민속악_판소리_소리북.wav,48000,2,20793344,433.195,PCM_24,train
0664_민속악_판소리,0664,판소리,아쟁,아쟁,아쟁,찰현,True,data/extracted/val/source/0664_민속악_판소리/0664_민속악_판소리_아쟁.wav,48000,2,20793344,433.195,PCM_24,train
0664_민속악_판소리,0664,판소리,피리,피리,피리,관악,True,data/extracted/val/source/0664_민속악_판소리/0664_민속악_판소리_피리.wav,48000,2,20793344,433.195,PCM_24,train
0664_민속악_판소리,0664,판소리,해금,해금,해금,찰현,True,data/extracted/val/source/0664_민속악_판소리/0664_민속악_판소리_해금.wav,48000,2,20793344,433.195,PCM_24,train
0665_민속악_판소리,0665,판소리,가야금,가야금,가야금,발현,True,data/extracted/train/source/0665_민속악_판소리/0665_민속악_판소리_가야금.wav,48000,2,4596736,95.765,PCM_24,train
0665_민속악_판소리,0665,판소리,거문고,거문고,거문고,발현,True,data/extracted/train/source/0665_민속악_판소리/0665_민속악_판소리_거문고.wav,48000,2,4596736,95.765,PCM_24,train
0665_민속악_판소리,0665,판소리,대금,대금,대금,관악,True,data/extracted/train/source/0665_민속악_판소리/0665_민속악_판소리_대금.wav,48000,2,4596736,95.765,PCM_24,train
0665_민속악_판소리,0665,판소리,소리북,소리북,타악기,타악,True,data/extracted/train/source/0665_민속악_판소리/0665_민속악_판소리_소리북.wav,48000,2,4596736,95.765,PCM_24,train
0665_민속악_판소리,0665,판소리,아쟁,아쟁,아쟁,찰현,True,data/extracted/train/source/0665_민속악_판소리/0665_민속악_판소리_아쟁.wav,48000,2,4596736,95.765,PCM_24,train
0665_민속악_판소리,0665,판소리,피리,피리,피리,관악,True,data/extracted/train/source/0665_민속악_판소리/0665_민속악_판소리_피리.wav,48000,2,4596736,95.765,PCM_24,train
0665_민속악_판소리,0665,판소리,해금,해금,해금,찰현,True,data/extracted/train/source/0665_민속악_판소리/0665_민속악_판소리_해금.wav,48000,2,4596736,95.765,PCM_24,train
0667_민속악_판소리,0667,판소리,가야금,가야금,가야금,발현,True,data/extracted/train/source/0667_민속악_판소리/0667_민속악_판소리_가야금.wav,48000,2,16193536,337.365,PCM_24,train
0667_민속악_판소리,0667,판소리,거문고,거문고,거문고,발현,True,data/extracted/train/source/0667_민속악_판소리/0667_민속악_판소리_거문고.wav,48000,2,16193536,337.365,PCM_24,train
0667_민속악_판소리,0667,판소리,대금,대금,대금,관악,True,data/extracted/train/source/0667_민속악_판소리/0667_민속악_판소리_대금.wav,48000,2,16193536,337.365,PCM_24,train
0667_민속악_판소리,0667,판소리,소리북,소리북,타악기,타악,True,data/extracted/train/source/0667_민속악_판소리/0667_민속악_판소리_소리북.wav,48000,2,16193536,337.365,PCM_24,train
0667_민속악_판소리,0667,판소리,아쟁,아쟁,아쟁,찰현,True,data/extracted/train/source/0667_민속악_판소리/0667_민속악_판소리_아쟁.wav,48000,2,16193536,337.365,PCM_24,train
0667_민속악_판소리,0667,판소리,피리,피리,피리,관악,True,data/extracted/train/source/0667_민속악_판소리/0667_민속악_판소리_피리.wav,48000,2,16193536,337.365,PCM_24,train
0667_민속악_판소리,0667,판소리,해금,해금,해금,찰현,True,data/extracted/train/source/0667_민속악_판소리/0667_민속악_판소리_해금.wav,48000,2,16193536,337.365,PCM_24,train
0668_민속악_판소리,0668,판소리,가야금,가야금,가야금,발현,True,data/extracted/train/source/0668_민속악_판소리/0668_민속악_판소리_가야금.wav,48000,2,9200640,191.68,PCM_24,test
0668_민속악_판소리,0668,판소리,거문고,거문고,거문고,발현,True,data/extracted/train/source/0668_민속악_판소리/0668_민속악_판소리_거문고.wav,48000,2,9200640,191.68,PCM_24,test
0668_민속악_판소리,0668,판소리,대금,대금,대금,관악,True,data/extracted/train/source/0668_민속악_판소리/0668_민속악_판소리_대금.wav,48000,2,9200640,191.68,PCM_24,test
0668_민속악_판소리,0668,판소리,소리북,소리북,타악기,타악,True,data/extracted/train/source/0668_민속악_판소리/0668_민속악_판소리_소리북.wav,48000,2,9200640,191.68,PCM_24,test
0668_민속악_판소리,0668,판소리,아쟁,아쟁,아쟁,찰현,True,data/extracted/train/source/0668_민속악_판소리/0668_민속악_판소리_아쟁.wav,48000,2,9200640,191.68,PCM_24,test
0668_민속악_판소리,0668,판소리,피리,피리,피리,관악,True,data/extracted/train/source/0668_민속악_판소리/0668_민속악_판소리_피리.wav,48000,2,9200640,191.68,PCM_24,test
0668_민속악_판소리,0668,판소리,해금,해금,해금,찰현,True,data/extracted/train/source/0668_민속악_판소리/0668_민속악_판소리_해금.wav,48000,2,9200640,191.68,PCM_24,test
0669_민속악_판소리,0669,판소리,가야금,가야금,가야금,발현,True,data/extracted/train/source/0669_민속악_판소리/0669_민속악_판소리_가야금.wav,48000,2,14011392,291.904,PCM_24,train
0669_민속악_판소리,0669,판소리,거문고,거문고,거문고,발현,True,data/extracted/train/source/0669_민속악_판소리/0669_민속악_판소리_거문고.wav,48000,2,14011392,291.904,PCM_24,train
0669_민속악_판소리,0669,판소리,대금,대금,대금,관악,True,data/extracted/train/source/0669_민속악_판소리/0669_민속악_판소리_대금.wav,48000,2,14011392,291.904,PCM_24,train
0669_민속악_판소리,0669,판소리,소리북,소리북,타악기,타악,True,data/extracted/train/source/0669_민속악_판소리/0669_민속악_판소리_소리북.wav,48000,2,14011392,291.904,PCM_24,train
0669_민속악_판소리,0669,판소리,아쟁,아쟁,아쟁,찰현,True,data/extracted/train/source/0669_민속악_판소리/0669_민속악_판소리_아쟁.wav,48000,2,14011392,291.904,PCM_24,train
0669_민속악_판소리,0669,판소리,피리,피리,피리,관악,True,data/extracted/train/source/0669_민속악_판소리/0669_민속악_판소리_피리.wav,48000,2,14011392,291.904,PCM_24,train
0669_민속악_판소리,0669,판소리,해금,해금,해금,찰현,True,data/extracted/train/source/0669_민속악_판소리/0669_민속악_판소리_해금.wav,48000,2,14011392,291.904,PCM_24,train
0670_민속악_판소리,0670,판소리,가야금,가야금,가야금,발현,True,data/extracted/train/source/0670_민속악_판소리/0670_민속악_판소리_가야금.wav,48000,2,4759552,99.157,PCM_24,train
0670_민속악_판소리,0670,판소리,거문고,거문고,거문고,발현,True,data/extracted/train/source/0670_민속악_판소리/0670_민속악_판소리_거문고.wav,48000,2,4759552,99.157,PCM_24,train
0670_민속악_판소리,0670,판소리,대금,대금,대금,관악,True,data/extracted/train/source/0670_민속악_판소리/0670_민속악_판소리_대금.wav,48000,2,4759552,99.157,PCM_24,train
0670_민속악_판소리,0670,판소리,소리북,소리북,타악기,타악,True,data/extracted/train/source/0670_민속악_판소리/0670_민속악_판소리_소리북.wav,48000,2,4759552,99.157,PCM_24,train
0670_민속악_판소리,0670,판소리,아쟁,아쟁,아쟁,찰현,True,data/extracted/train/source/0670_민속악_판소리/0670_민속악_판소리_아쟁.wav,48000,2,4759552,99.157,PCM_24,train
0670_민속악_판소리,0670,판소리,피리,피리,피리,관악,True,data/extracted/train/source/0670_민속악_판소리/0670_민속악_판소리_피리.wav,48000,2,4759552,99.157,PCM_24,train
0670_민속악_판소리,0670,판소리,해금,해금,해금,찰현,True,data/extracted/train/source/0670_민속악_판소리/0670_민속악_판소리_해금.wav,48000,2,4759552,99.157,PCM_24,train
0671_민속악_판소리,0671,판소리,가야금,가야금,가야금,발현,True,data/extracted/train/source/0671_민속악_판소리/0671_민속악_판소리_가야금.wav,48000,2,11753472,244.864,PCM_24,train
0671_민속악_판소리,0671,판소리,거문고,거문고,거문고,발현,True,data/extracted/train/source/0671_민속악_판소리/0671_민속악_판소리_거문고.wav,48000,2,11753472,244.864,PCM_24,train
0671_민속악_판소리,0671,판소리,대금,대금,대금,관악,True,data/extracted/train/source/0671_민속악_판소리/0671_민속악_판소리_대금.wav,48000,2,11753472,244.864,PCM_24,train
0671_민속악_판소리,0671,판소리,소리북,소리북,타악기,타악,True,data/extracted/train/source/0671_민속악_판소리/0671_민속악_판소리_소리북.wav,48000,2,11753472,244.864,PCM_24,train
0671_민속악_판소리,0671,판소리,아쟁,아쟁,아쟁,찰현,True,data/extracted/train/source/0671_민속악_판소리/0671_민속악_판소리_아쟁.wav,48000,2,11753472,244.864,PCM_24,train
0671_민속악_판소리,0671,판소리,피리,피리,피리,관악,True,data/extracted/train/source/0671_민속악_판소리/0671_민속악_판소리_피리.wav,48000,2,11753472,244.864,PCM_24,train
0671_민속악_판소리,0671,판소리,해금,해금,해금,찰현,True,data/extracted/train/source/0671_민속악_판소리/0671_민속악_판소리_해금.wav,48000,2,11753472,244.864,PCM_24,train
0672_민속악_판소리,0672,판소리,가야금,가야금,가야금,발현,True,data/extracted/val/source/0672_민속악_판소리/0672_민속악_판소리_가야금.wav,48000,2,5040128,105.003,PCM_24,train
0672_민속악_판소리,0672,판소리,거문고,거문고,거문고,발현,True,data/extracted/val/source/0672_민속악_판소리/0672_민속악_판소리_거문고.wav,48000,2,5040128,105.003,PCM_24,train
0672_민속악_판소리,0672,판소리,대금,대금,대금,관악,True,data/extracted/val/source/0672_민속악_판소리/0672_민속악_판소리_대금.wav,48000,2,5040128,105.003,PCM_24,train
0672_민속악_판소리,0672,판소리,소리북,소리북,타악기,타악,True,data/extracted/val/source/0672_민속악_판소리/0672_민속악_판소리_소리북.wav,48000,2,5040128,105.003,PCM_24,train
0672_민속악_판소리,0672,판소리,아쟁,아쟁,아쟁,찰현,True,data/extracted/val/source/0672_민속악_판소리/0672_민속악_판소리_아쟁.wav,48000,2,5040128,105.003,PCM_24,train
0672_민속악_판소리,0672,판소리,피리,피리,피리,관악,True,data/extracted/val/source/0672_민속악_판소리/0672_민속악_판소리_피리.wav,48000,2,5040128,105.003,PCM_24,train
0672_민속악_판소리,0672,판소리,해금,해금,해금,찰현,True,data/extracted/val/source/0672_민속악_판소리/0672_민속악_판소리_해금.wav,48000,2,5040128,105.003,PCM_24,train
0673_민속악_판소리,0673,판소리,가야금,가야금,가야금,발현,True,data/extracted/train/source/0673_민속악_판소리/0673_민속악_판소리_가야금.wav,48000,2,15744000,328.0,PCM_24,val
0673_민속악_판소리,0673,판소리,거문고,거문고,거문고,발현,True,data/extracted/train/source/0673_민속악_판소리/0673_민속악_판소리_거문고.wav,48000,2,15744000,328.0,PCM_24,val
0673_민속악_판소리,0673,판소리,대금,대금,대금,관악,True,data/extracted/train/source/0673_민속악_판소리/0673_민속악_판소리_대금.wav,48000,2,15744000,328.0,PCM_24,val
0673_민속악_판소리,0673,판소리,소리북,소리북,타악기,타악,True,data/extracted/train/source/0673_민속악_판소리/0673_민속악_판소리_소리북.wav,48000,2,15744000,328.0,PCM_24,val
0673_민속악_판소리,0673,판소리,아쟁,아쟁,아쟁,찰현,True,data/extracted/train/source/0673_민속악_판소리/0673_민속악_판소리_아쟁.wav,48000,2,15744000,328.0,PCM_24,val
0673_민속악_판소리,0673,판소리,피리,피리,피리,관악,True,data/extracted/train/source/0673_민속악_판소리/0673_민속악_판소리_피리.wav,48000,2,15744000,328.0,PCM_24,val
0673_민속악_판소리,0673,판소리,해금,해금,해금,찰현,True,data/extracted/train/source/0673_민속악_판소리/0673_민속악_판소리_해금.wav,48000,2,15744000,328.0,PCM_24,val
0674_민속악_판소리,0674,판소리,가야금,가야금,가야금,발현,True,data/extracted/train/source/0674_민속악_판소리/0674_민속악_판소리_가야금.wav,48000,2,12649846,263.538,PCM_24,train
0674_민속악_판소리,0674,판소리,거문고,거문고,거문고,발현,True,data/extracted/train/source/0674_민속악_판소리/0674_민속악_판소리_거문고.wav,48000,2,12649846,263.538,PCM_24,train
0674_민속악_판소리,0674,판소리,대금,대금,대금,관악,True,data/extracted/train/source/0674_민속악_판소리/0674_민속악_판소리_대금.wav,48000,2,12649846,263.538,PCM_24,train
0674_민속악_판소리,0674,판소리,소리북,소리북,타악기,타악,True,data/extracted/train/source/0674_민속악_판소리/0674_민속악_판소리_소리북.wav,48000,2,12649846,263.538,PCM_24,train
0674_민속악_판소리,0674,판소리,아쟁,아쟁,아쟁,찰현,True,data/extracted/train/source/0674_민속악_판소리/0674_민속악_판소리_아쟁.wav,48000,2,12649846,263.538,PCM_24,train
0674_민속악_판소리,0674,판소리,피리,피리,피리,관악,True,data/extracted/train/source/0674_민속악_판소리/0674_민속악_판소리_피리.wav,48000,2,12649846,263.538,PCM_24,train
0674_민속악_판소리,0674,판소리,해금,해금,해금,찰현,True,data/extracted/train/source/0674_민속악_판소리/0674_민속악_판소리_해금.wav,48000,2,12649846,263.538,PCM_24,train
0675_민속악_판소리,0675,판소리,가야금,가야금,가야금,발현,True,data/extracted/train/source/0675_민속악_판소리/0675_민속악_판소리_가야금.wav,48000,2,5112000,106.5,PCM_24,test
0675_민속악_판소리,0675,판소리,거문고,거문고,거문고,발현,True,data/extracted/train/source/0675_민속악_판소리/0675_민속악_판소리_거문고.wav,48000,2,5112000,106.5,PCM_24,test
0675_민속악_판소리,0675,판소리,대금,대금,대금,관악,True,data/extracted/train/source/0675_민속악_판소리/0675_민속악_판소리_대금.wav,48000,2,5112000,106.5,PCM_24,test
0675_민속악_판소리,0675,판소리,소리북,소리북,타악기,타악,True,data/extracted/train/source/0675_민속악_판소리/0675_민속악_판소리_소리북.wav,48000,2,5112000,106.5,PCM_24,test
0675_민속악_판소리,0675,판소리,아쟁,아쟁,아쟁,찰현,True,data/extracted/train/source/0675_민속악_판소리/0675_민속악_판소리_아쟁.wav,48000,2,5112000,106.5,PCM_24,test
0675_민속악_판소리,0675,판소리,피리,피리,피리,관악,True,data/extracted/train/source/0675_민속악_판소리/0675_민속악_판소리_피리.wav,48000,2,5112000,106.5,PCM_24,test
0675_민속악_판소리,0675,판소리,해금,해금,해금,찰현,True,data/extracted/train/source/0675_민속악_판소리/0675_민속악_판소리_해금.wav,48000,2,5112000,106.5,PCM_24,test
0676_민속악_판소리,0676,판소리,가야금,가야금,가야금,발현,True,data/extracted/train/source/0676_민속악_판소리/0676_민속악_판소리_가야금.wav,48000,2,6660000,138.75,PCM_24,train
0676_민속악_판소리,0676,판소리,거문고,거문고,거문고,발현,True,data/extracted/train/source/0676_민속악_판소리/0676_민속악_판소리_거문고.wav,48000,2,6660000,138.75,PCM_24,train
0676_민속악_판소리,0676,판소리,대금,대금,대금,관악,True,data/extracted/train/source/0676_민속악_판소리/0676_민속악_판소리_대금.wav,48000,2,6660000,138.75,PCM_24,train
0676_민속악_판소리,0676,판소리,소리북,소리북,타악기,타악,True,data/extracted/train/source/0676_민속악_판소리/0676_민속악_판소리_소리북.wav,48000,2,6660000,138.75,PCM_24,train
0676_민속악_판소리,0676,판소리,아쟁,아쟁,아쟁,찰현,True,data/extracted/train/source/0676_민속악_판소리/0676_민속악_판소리_아쟁.wav,48000,2,6660000,138.75,PCM_24,train
0676_민속악_판소리,0676,판소리,피리,피리,피리,관악,True,data/extracted/train/source/0676_민속악_판소리/0676_민속악_판소리_피리.wav,48000,2,6660000,138.75,PCM_24,train
0676_민속악_판소리,0676,판소리,해금,해금,해금,찰현,True,data/extracted/train/source/0676_민속악_판소리/0676_민속악_판소리_해금.wav,48000,2,6660000,138.75,PCM_24,train
0677_민속악_판소리,0677,판소리,가야금,가야금,가야금,발현,True,data/extracted/train/source/0677_민속악_판소리/0677_민속악_판소리_가야금.wav,48000,2,17280000,360.0,PCM_24,train
0677_민속악_판소리,0677,판소리,거문고,거문고,거문고,발현,True,data/extracted/train/source/0677_민속악_판소리/0677_민속악_판소리_거문고.wav,48000,2,17280000,360.0,PCM_24,train
0677_민속악_판소리,0677,판소리,대금,대금,대금,관악,True,data/extracted/train/source/0677_민속악_판소리/0677_민속악_판소리_대금.wav,48000,2,17280000,360.0,PCM_24,train
0677_민속악_판소리,0677,판소리,소리북,소리북,타악기,타악,True,data/extracted/train/source/0677_민속악_판소리/0677_민속악_판소리_소리북.wav,48000,2,17280000,360.0,PCM_24,train
0677_민속악_판소리,0677,판소리,아쟁,아쟁,아쟁,찰현,True,data/extracted/train/source/0677_민속악_판소리/0677_민속악_판소리_아쟁.wav,48000,2,17280000,360.0,PCM_24,train
0677_민속악_판소리,0677,판소리,피리,피리,피리,관악,True,data/extracted/train/source/0677_민속악_판소리/0677_민속악_판소리_피리.wav,48000,2,17280000,360.0,PCM_24,train
0677_민속악_판소리,0677,판소리,해금,해금,해금,찰현,True,data/extracted/train/source/0677_민속악_판소리/0677_민속악_판소리_해금.wav,48000,2,17280000,360.0,PCM_24,train
0679_민속악_판소리,0679,판소리,가야금,가야금,가야금,발현,True,data/extracted/train/source/0679_민속악_판소리/0679_민속악_판소리_가야금.wav,48000,2,5444307,113.423,PCM_24,train
0679_민속악_판소리,0679,판소리,거문고,거문고,거문고,발현,True,data/extracted/train/source/0679_민속악_판소리/0679_민속악_판소리_거문고.wav,48000,2,5444307,113.423,PCM_24,train
0679_민속악_판소리,0679,판소리,대금,대금,대금,관악,True,data/extracted/train/source/0679_민속악_판소리/0679_민속악_판소리_대금.wav,48000,2,5444307,113.423,PCM_24,train
0679_민속악_판소리,0679,판소리,소리북,소리북,타악기,타악,True,data/extracted/train/source/0679_민속악_판소리/0679_민속악_판소리_소리북.wav,48000,2,5444307,113.423,PCM_24,train
0679_민속악_판소리,0679,판소리,아쟁,아쟁,아쟁,찰현,True,data/extracted/train/source/0679_민속악_판소리/0679_민속악_판소리_아쟁.wav,48000,2,5444307,113.423,PCM_24,train
0679_민속악_판소리,0679,판소리,피리,피리,피리,관악,True,data/extracted/train/source/0679_민속악_판소리/0679_민속악_판소리_피리.wav,48000,2,5444307,113.423,PCM_24,train
0679_민속악_판소리,0679,판소리,해금,해금,해금,찰현,True,data/extracted/train/source/0679_민속악_판소리/0679_민속악_판소리_해금.wav,48000,2,5444307,113.423,PCM_24,train
0680_민속악_판소리,0680,판소리,가야금,가야금,가야금,발현,True,data/extracted/train/source/0680_민속악_판소리/0680_민속악_판소리_가야금.wav,48000,2,5130000,106.875,PCM_24,train
0680_민속악_판소리,0680,판소리,거문고,거문고,거문고,발현,True,data/extracted/train/source/0680_민속악_판소리/0680_민속악_판소리_거문고.wav,48000,2,5130000,106.875,PCM_24,train
0680_민속악_판소리,0680,판소리,대금,대금,대금,관악,True,data/extracted/train/source/0680_민속악_판소리/0680_민속악_판소리_대금.wav,48000,2,5130000,106.875,PCM_24,train
0680_민속악_판소리,0680,판소리,소리북,소리북,타악기,타악,True,data/extracted/train/source/0680_민속악_판소리/0680_민속악_판소리_소리북.wav,48000,2,5130000,106.875,PCM_24,train
0680_민속악_판소리,0680,판소리,아쟁,아쟁,아쟁,찰현,True,data/extracted/train/source/0680_민속악_판소리/0680_민속악_판소리_아쟁.wav,48000,2,5130000,106.875,PCM_24,train
0680_민속악_판소리,0680,판소리,피리,피리,피리,관악,True,data/extracted/train/source/0680_민속악_판소리/0680_민속악_판소리_피리.wav,48000,2,5130000,106.875,PCM_24,train
0680_민속악_판소리,0680,판소리,해금,해금,해금,찰현,True,data/extracted/train/source/0680_민속악_판소리/0680_민속악_판소리_해금.wav,48000,2,5130000,106.875,PCM_24,train
0681_민속악_판소리,0681,판소리,가야금,가야금,가야금,발현,True,data/extracted/train/source/0681_민속악_판소리/0681_민속악_판소리_가야금.wav,48000,2,4600800,95.85,PCM_24,train
0681_민속악_판소리,0681,판소리,거문고,거문고,거문고,발현,True,data/extracted/train/source/0681_민속악_판소리/0681_민속악_판소리_거문고.wav,48000,2,4600800,95.85,PCM_24,train
0681_민속악_판소리,0681,판소리,대금,대금,대금,관악,True,data/extracted/train/source/0681_민속악_판소리/0681_민속악_판소리_대금.wav,48000,2,4600800,95.85,PCM_24,train
0681_민속악_판소리,0681,판소리,소리북,소리북,타악기,타악,True,data/extracted/train/source/0681_민속악_판소리/0681_민속악_판소리_소리북.wav,48000,2,4600800,95.85,PCM_24,train
0681_민속악_판소리,0681,판소리,아쟁,아쟁,아쟁,찰현,True,data/extracted/train/source/0681_민속악_판소리/0681_민속악_판소리_아쟁.wav,48000,2,4600800,95.85,PCM_24,train
0681_민속악_판소리,0681,판소리,피리,피리,피리,관악,True,data/extracted/train/source/0681_민속악_판소리/0681_민속악_판소리_피리.wav,48000,2,4600800,95.85,PCM_24,train
0681_민속악_판소리,0681,판소리,해금,해금,해금,찰현,True,data/extracted/train/source/0681_민속악_판소리/0681_민속악_판소리_해금.wav,48000,2,4600800,95.85,PCM_24,train
0682_민속악_판소리,0682,판소리,가야금,가야금,가야금,발현,True,data/extracted/train/source/0682_민속악_판소리/0682_민속악_판소리_가야금.wav,48000,2,11940000,248.75,PCM_24,train
0682_민속악_판소리,0682,판소리,거문고,거문고,거문고,발현,True,data/extracted/train/source/0682_민속악_판소리/0682_민속악_판소리_거문고.wav,48000,2,11940000,248.75,PCM_24,train
0682_민속악_판소리,0682,판소리,대금,대금,대금,관악,True,data/extracted/train/source/0682_민속악_판소리/0682_민속악_판소리_대금.wav,48000,2,11940000,248.75,PCM_24,train
0682_민속악_판소리,0682,판소리,소리북,소리북,타악기,타악,True,data/extracted/train/source/0682_민속악_판소리/0682_민속악_판소리_소리북.wav,48000,2,11940000,248.75,PCM_24,train
0682_민속악_판소리,0682,판소리,아쟁,아쟁,아쟁,찰현,True,data/extracted/train/source/0682_민속악_판소리/0682_민속악_판소리_아쟁.wav,48000,2,11940000,248.75,PCM_24,train
0682_민속악_판소리,0682,판소리,피리,피리,피리,관악,True,data/extracted/train/source/0682_민속악_판소리/0682_민속악_판소리_피리.wav,48000,2,11940000,248.75,PCM_24,train
0682_민속악_판소리,0682,판소리,해금,해금,해금,찰현,True,data/extracted/train/source/0682_민속악_판소리/0682_민속악_판소리_해금.wav,48000,2,11940000,248.75,PCM_24,train
0683_민속악_판소리,0683,판소리,가야금,가야금,가야금,발현,True,data/extracted/train/source/0683_민속악_판소리/0683_민속악_판소리_가야금.wav,48000,2,17481600,364.2,PCM_24,train
0683_민속악_판소리,0683,판소리,거문고,거문고,거문고,발현,True,data/extracted/train/source/0683_민속악_판소리/0683_민속악_판소리_거문고.wav,48000,2,17481600,364.2,PCM_24,train
0683_민속악_판소리,0683,판소리,대금,대금,대금,관악,True,data/extracted/train/source/0683_민속악_판소리/0683_민속악_판소리_대금.wav,48000,2,17481600,364.2,PCM_24,train
0683_민속악_판소리,0683,판소리,소리북,소리북,타악기,타악,True,data/extracted/train/source/0683_민속악_판소리/0683_민속악_판소리_소리북.wav,48000,2,17481600,364.2,PCM_24,train
0683_민속악_판소리,0683,판소리,아쟁,아쟁,아쟁,찰현,True,data/extracted/train/source/0683_민속악_판소리/0683_민속악_판소리_아쟁.wav,48000,2,17481600,364.2,PCM_24,train
0683_민속악_판소리,0683,판소리,피리,피리,피리,관악,True,data/extracted/train/source/0683_민속악_판소리/0683_민속악_판소리_피리.wav,48000,2,17481600,364.2,PCM_24,train
0683_민속악_판소리,0683,판소리,해금,해금,해금,찰현,True,data/extracted/train/source/0683_민속악_판소리/0683_민속악_판소리_해금.wav,48000,2,17481600,364.2,PCM_24,train
0684_민속악_판소리,0684,판소리,가야금,가야금,가야금,발현,True,data/extracted/train/source/0684_민속악_판소리/0684_민속악_판소리_가야금.wav,48000,2,6153231,128.192,PCM_24,train
0684_민속악_판소리,0684,판소리,거문고,거문고,거문고,발현,True,data/extracted/train/source/0684_민속악_판소리/0684_민속악_판소리_거문고.wav,48000,2,6153231,128.192,PCM_24,train
0684_민속악_판소리,0684,판소리,대금,대금,대금,관악,True,data/extracted/train/source/0684_민속악_판소리/0684_민속악_판소리_대금.wav,48000,2,6153231,128.192,PCM_24,train
0684_민속악_판소리,0684,판소리,소리북,소리북,타악기,타악,True,data/extracted/train/source/0684_민속악_판소리/0684_민속악_판소리_소리북.wav,48000,2,6153231,128.192,PCM_24,train
0684_민속악_판소리,0684,판소리,아쟁,아쟁,아쟁,찰현,True,data/extracted/train/source/0684_민속악_판소리/0684_민속악_판소리_아쟁.wav,48000,2,6153231,128.192,PCM_24,train
0684_민속악_판소리,0684,판소리,피리,피리,피리,관악,True,data/extracted/train/source/0684_민속악_판소리/0684_민속악_판소리_피리.wav,48000,2,6153231,128.192,PCM_24,train
0684_민속악_판소리,0684,판소리,해금,해금,해금,찰현,True,data/extracted/train/source/0684_민속악_판소리/0684_민속악_판소리_해금.wav,48000,2,6153231,128.192,PCM_24,train
0685_민속악_판소리,0685,판소리,가야금,가야금,가야금,발현,True,data/extracted/train/source/0685_민속악_판소리/0685_민속악_판소리_가야금.wav,48000,2,5121000,106.688,PCM_24,train
0685_민속악_판소리,0685,판소리,거문고,거문고,거문고,발현,True,data/extracted/train/source/0685_민속악_판소리/0685_민속악_판소리_거문고.wav,48000,2,5121000,106.688,PCM_24,train
0685_민속악_판소리,0685,판소리,대금,대금,대금,관악,True,data/extracted/train/source/0685_민속악_판소리/0685_민속악_판소리_대금.wav,48000,2,5121000,106.688,PCM_24,train
0685_민속악_판소리,0685,판소리,소리북,소리북,타악기,타악,True,data/extracted/train/source/0685_민속악_판소리/0685_민속악_판소리_소리북.wav,48000,2,5121000,106.688,PCM_24,train
0685_민속악_판소리,0685,판소리,아쟁,아쟁,아쟁,찰현,True,data/extracted/train/source/0685_민속악_판소리/0685_민속악_판소리_아쟁.wav,48000,2,5121000,106.688,PCM_24,train
0685_민속악_판소리,0685,판소리,피리,피리,피리,관악,True,data/extracted/train/source/0685_민속악_판소리/0685_민속악_판소리_피리.wav,48000,2,5121000,106.688,PCM_24,train
0685_민속악_판소리,0685,판소리,해금,해금,해금,찰현,True,data/extracted/train/source/0685_민속악_판소리/0685_민속악_판소리_해금.wav,48000,2,5121000,106.688,PCM_24,train
0686_민속악_판소리,0686,판소리,가야금,가야금,가야금,발현,True,data/extracted/train/source/0686_민속악_판소리/0686_민속악_판소리_가야금.wav,48000,2,6768000,141.0,PCM_24,train
0686_민속악_판소리,0686,판소리,거문고,거문고,거문고,발현,True,data/extracted/train/source/0686_민속악_판소리/0686_민속악_판소리_거문고.wav,48000,2,6768000,141.0,PCM_24,train
0686_민속악_판소리,0686,판소리,대금,대금,대금,관악,True,data/extracted/train/source/0686_민속악_판소리/0686_민속악_판소리_대금.wav,48000,2,6768000,141.0,PCM_24,train
0686_민속악_판소리,0686,판소리,소리북,소리북,타악기,타악,True,data/extracted/train/source/0686_민속악_판소리/0686_민속악_판소리_소리북.wav,48000,2,6768000,141.0,PCM_24,train
0686_민속악_판소리,0686,판소리,아쟁,아쟁,아쟁,찰현,True,data/extracted/train/source/0686_민속악_판소리/0686_민속악_판소리_아쟁.wav,48000,2,6768000,141.0,PCM_24,train
0686_민속악_판소리,0686,판소리,피리,피리,피리,관악,True,data/extracted/train/source/0686_민속악_판소리/0686_민속악_판소리_피리.wav,48000,2,6768000,141.0,PCM_24,train
0686_민속악_판소리,0686,판소리,해금,해금,해금,찰현,True,data/extracted/train/source/0686_민속악_판소리/0686_민속악_판소리_해금.wav,48000,2,6768000,141.0,PCM_24,train
0688_민속악_판소리,0688,판소리,가야금,가야금,가야금,발현,True,data/extracted/train/source/0688_민속악_판소리/0688_민속악_판소리_가야금.wav,48000,2,8753143,182.357,PCM_24,train
0688_민속악_판소리,0688,판소리,거문고,거문고,거문고,발현,True,data/extracted/train/source/0688_민속악_판소리/0688_민속악_판소리_거문고.wav,48000,2,8753143,182.357,PCM_24,train
0688_민속악_판소리,0688,판소리,대금,대금,대금,관악,True,data/extracted/train/source/0688_민속악_판소리/0688_민속악_판소리_대금.wav,48000,2,8753143,182.357,PCM_24,train
0688_민속악_판소리,0688,판소리,소리북,소리북,타악기,타악,True,data/extracted/train/source/0688_민속악_판소리/0688_민속악_판소리_소리북.wav,48000,2,8753143,182.357,PCM_24,train
0688_민속악_판소리,0688,판소리,아쟁,아쟁,아쟁,찰현,True,data/extracted/train/source/0688_민속악_판소리/0688_민속악_판소리_아쟁.wav,48000,2,8753143,182.357,PCM_24,train
0688_민속악_판소리,0688,판소리,피리,피리,피리,관악,True,data/extracted/train/source/0688_민속악_판소리/0688_민속악_판소리_피리.wav,48000,2,8753143,182.357,PCM_24,train
0688_민속악_판소리,0688,판소리,해금,해금,해금,찰현,True,data/extracted/train/source/0688_민속악_판소리/0688_민속악_판소리_해금.wav,48000,2,8753143,182.357,PCM_24,train
0689_민속악_판소리,0689,판소리,가야금,가야금,가야금,발현,True,data/extracted/train/source/0689_민속악_판소리/0689_민속악_판소리_가야금.wav,48000,2,8149091,169.773,PCM_24,train
0689_민속악_판소리,0689,판소리,거문고,거문고,거문고,발현,True,data/extracted/train/source/0689_민속악_판소리/0689_민속악_판소리_거문고.wav,48000,2,8149091,169.773,PCM_24,train
0689_민속악_판소리,0689,판소리,대금,대금,대금,관악,True,data/extracted/train/source/0689_민속악_판소리/0689_민속악_판소리_대금.wav,48000,2,8149091,169.773,PCM_24,train
0689_민속악_판소리,0689,판소리,소리북,소리북,타악기,타악,True,data/extracted/train/source/0689_민속악_판소리/0689_민속악_판소리_소리북.wav,48000,2,8149091,169.773,PCM_24,train
0689_민속악_판소리,0689,판소리,아쟁,아쟁,아쟁,찰현,True,data/extracted/train/source/0689_민속악_판소리/0689_민속악_판소리_아쟁.wav,48000,2,8149091,169.773,PCM_24,train
0689_민속악_판소리,0689,판소리,피리,피리,피리,관악,True,data/extracted/train/source/0689_민속악_판소리/0689_민속악_판소리_피리.wav,48000,2,8149091,169.773,PCM_24,train
0689_민속악_판소리,0689,판소리,해금,해금,해금,찰현,True,data/extracted/train/source/0689_민속악_판소리/0689_민속악_판소리_해금.wav,48000,2,8149091,169.773,PCM_24,train
0690_민속악_판소리,0690,판소리,가야금,가야금,가야금,발현,True,data/extracted/train/source/0690_민속악_판소리/0690_민속악_판소리_가야금.wav,48000,2,8265600,172.2,PCM_24,train
0690_민속악_판소리,0690,판소리,거문고,거문고,거문고,발현,True,data/extracted/train/source/0690_민속악_판소리/0690_민속악_판소리_거문고.wav,48000,2,8265600,172.2,PCM_24,train
0690_민속악_판소리,0690,판소리,대금,대금,대금,관악,True,data/extracted/train/source/0690_민속악_판소리/0690_민속악_판소리_대금.wav,48000,2,8265600,172.2,PCM_24,train
0690_민속악_판소리,0690,판소리,소리북,소리북,타악기,타악,True,data/extracted/train/source/0690_민속악_판소리/0690_민속악_판소리_소리북.wav,48000,2,8265600,172.2,PCM_24,train
0690_민속악_판소리,0690,판소리,아쟁,아쟁,아쟁,찰현,True,data/extracted/train/source/0690_민속악_판소리/0690_민속악_판소리_아쟁.wav,48000,2,8265600,172.2,PCM_24,train
0690_민속악_판소리,0690,판소리,피리,피리,피리,관악,True,data/extracted/train/source/0690_민속악_판소리/0690_민속악_판소리_피리.wav,48000,2,8265600,172.2,PCM_24,train
0690_민속악_판소리,0690,판소리,해금,해금,해금,찰현,True,data/extracted/train/source/0690_민속악_판소리/0690_민속악_판소리_해금.wav,48000,2,8265600,172.2,PCM_24,train
0691_민속악_판소리,0691,판소리,가야금,가야금,가야금,발현,True,data/extracted/train/source/0691_민속악_판소리/0691_민속악_판소리_가야금.wav,48000,2,10234286,213.214,PCM_24,train
0691_민속악_판소리,0691,판소리,거문고,거문고,거문고,발현,True,data/extracted/train/source/0691_민속악_판소리/0691_민속악_판소리_거문고.wav,48000,2,10234286,213.214,PCM_24,train
0691_민속악_판소리,0691,판소리,대금,대금,대금,관악,True,data/extracted/train/source/0691_민속악_판소리/0691_민속악_판소리_대금.wav,48000,2,10234286,213.214,PCM_24,train
0691_민속악_판소리,0691,판소리,소리북,소리북,타악기,타악,True,data/extracted/train/source/0691_민속악_판소리/0691_민속악_판소리_소리북.wav,48000,2,10234286,213.214,PCM_24,train
0691_민속악_판소리,0691,판소리,아쟁,아쟁,아쟁,찰현,True,data/extracted/train/source/0691_민속악_판소리/0691_민속악_판소리_아쟁.wav,48000,2,10234286,213.214,PCM_24,train
0691_민속악_판소리,0691,판소리,피리,피리,피리,관악,True,data/extracted/train/source/0691_민속악_판소리/0691_민속악_판소리_피리.wav,48000,2,10234286,213.214,PCM_24,train
0691_민속악_판소리,0691,판소리,해금,해금,해금,찰현,True,data/extracted/train/source/0691_민속악_판소리/0691_민속악_판소리_해금.wav,48000,2,10234286,213.214,PCM_24,train
0692_민속악_판소리,0692,판소리,가야금,가야금,가야금,발현,True,data/extracted/train/source/0692_민속악_판소리/0692_민속악_판소리_가야금.wav,48000,2,8265600,172.2,PCM_24,train
0692_민속악_판소리,0692,판소리,거문고,거문고,거문고,발현,True,data/extracted/train/source/0692_민속악_판소리/0692_민속악_판소리_거문고.wav,48000,2,8265600,172.2,PCM_24,train
0692_민속악_판소리,0692,판소리,대금,대금,대금,관악,True,data/extracted/train/source/0692_민속악_판소리/0692_민속악_판소리_대금.wav,48000,2,8265600,172.2,PCM_24,train
0692_민속악_판소리,0692,판소리,소리북,소리북,타악기,타악,True,data/extracted/train/source/0692_민속악_판소리/0692_민속악_판소리_소리북.wav,48000,2,8265600,172.2,PCM_24,train
0692_민속악_판소리,0692,판소리,아쟁,아쟁,아쟁,찰현,True,data/extracted/train/source/0692_민속악_판소리/0692_민속악_판소리_아쟁.wav,48000,2,8265600,172.2,PCM_24,train
0692_민속악_판소리,0692,판소리,피리,피리,피리,관악,True,data/extracted/train/source/0692_민속악_판소리/0692_민속악_판소리_피리.wav,48000,2,8265600,172.2,PCM_24,train
0692_민속악_판소리,0692,판소리,해금,해금,해금,찰현,True,data/extracted/train/source/0692_민속악_판소리/0692_민속악_판소리_해금.wav,48000,2,8265600,172.2,PCM_24,train
0694_민속악_판소리,0694,판소리,가야금,가야금,가야금,발현,True,data/extracted/train/source/0694_민속악_판소리/0694_민속악_판소리_가야금.wav,48000,2,16761600,349.2,PCM_24,train
0694_민속악_판소리,0694,판소리,거문고,거문고,거문고,발현,True,data/extracted/train/source/0694_민속악_판소리/0694_민속악_판소리_거문고.wav,48000,2,16761600,349.2,PCM_24,train
0694_민속악_판소리,0694,판소리,대금,대금,대금,관악,True,data/extracted/train/source/0694_민속악_판소리/0694_민속악_판소리_대금.wav,48000,2,16761600,349.2,PCM_24,train
0694_민속악_판소리,0694,판소리,소리북,소리북,타악기,타악,True,data/extracted/train/source/0694_민속악_판소리/0694_민속악_판소리_소리북.wav,48000,2,16761600,349.2,PCM_24,train
0694_민속악_판소리,0694,판소리,아쟁,아쟁,아쟁,찰현,True,data/extracted/train/source/0694_민속악_판소리/0694_민속악_판소리_아쟁.wav,48000,2,16761600,349.2,PCM_24,train
0694_민속악_판소리,0694,판소리,피리,피리,피리,관악,True,data/extracted/train/source/0694_민속악_판소리/0694_민속악_판소리_피리.wav,48000,2,16761600,349.2,PCM_24,train
0694_민속악_판소리,0694,판소리,해금,해금,해금,찰현,True,data/extracted/train/source/0694_민속악_판소리/0694_민속악_판소리_해금.wav,48000,2,16761600,349.2,PCM_24,train
0695_민속악_판소리,0695,판소리,가야금,가야금,가야금,발현,True,data/extracted/train/source/0695_민속악_판소리/0695_민속악_판소리_가야금.wav,48000,2,5790857,120.643,PCM_24,train
0695_민속악_판소리,0695,판소리,거문고,거문고,거문고,발현,True,data/extracted/train/source/0695_민속악_판소리/0695_민속악_판소리_거문고.wav,48000,2,5790857,120.643,PCM_24,train
0695_민속악_판소리,0695,판소리,대금,대금,대금,관악,True,data/extracted/train/source/0695_민속악_판소리/0695_민속악_판소리_대금.wav,48000,2,5790857,120.643,PCM_24,train
0695_민속악_판소리,0695,판소리,소리북,소리북,타악기,타악,True,data/extracted/train/source/0695_민속악_판소리/0695_민속악_판소리_소리북.wav,48000,2,5790857,120.643,PCM_24,train
0695_민속악_판소리,0695,판소리,아쟁,아쟁,아쟁,찰현,True,data/extracted/train/source/0695_민속악_판소리/0695_민속악_판소리_아쟁.wav,48000,2,5790857,120.643,PCM_24,train
0695_민속악_판소리,0695,판소리,피리,피리,피리,관악,True,data/extracted/train/source/0695_민속악_판소리/0695_민속악_판소리_피리.wav,48000,2,5790857,120.643,PCM_24,train
0695_민속악_판소리,0695,판소리,해금,해금,해금,찰현,True,data/extracted/train/source/0695_민속악_판소리/0695_민속악_판소리_해금.wav,48000,2,5790857,120.643,PCM_24,train
0696_민속악_판소리,0696,판소리,가야금,가야금,가야금,발현,True,data/extracted/train/source/0696_민속악_판소리/0696_민속악_판소리_가야금.wav,48000,2,17452800,363.6,PCM_24,train
0696_민속악_판소리,0696,판소리,거문고,거문고,거문고,발현,True,data/extracted/train/source/0696_민속악_판소리/0696_민속악_판소리_거문고.wav,48000,2,17452800,363.6,PCM_24,train
0696_민속악_판소리,0696,판소리,대금,대금,대금,관악,True,data/extracted/train/source/0696_민속악_판소리/0696_민속악_판소리_대금.wav,48000,2,17452800,363.6,PCM_24,train
0696_민속악_판소리,0696,판소리,소리북,소리북,타악기,타악,True,data/extracted/train/source/0696_민속악_판소리/0696_민속악_판소리_소리북.wav,48000,2,17452800,363.6,PCM_24,train
0696_민속악_판소리,0696,판소리,아쟁,아쟁,아쟁,찰현,True,data/extracted/train/source/0696_민속악_판소리/0696_민속악_판소리_아쟁.wav,48000,2,17452800,363.6,PCM_24,train
0696_민속악_판소리,0696,판소리,피리,피리,피리,관악,True,data/extracted/train/source/0696_민속악_판소리/0696_민속악_판소리_피리.wav,48000,2,17452800,363.6,PCM_24,train
0696_민속악_판소리,0696,판소리,해금,해금,해금,찰현,True,data/extracted/train/source/0696_민속악_판소리/0696_민속악_판소리_해금.wav,48000,2,17452800,363.6,PCM_24,train
0697_민속악_판소리,0697,판소리,가야금,가야금,가야금,발현,True,data/extracted/val/source/0697_민속악_판소리/0697_민속악_판소리_가야금.wav,48000,2,17452800,363.6,PCM_24,train
0697_민속악_판소리,0697,판소리,거문고,거문고,거문고,발현,True,data/extracted/val/source/0697_민속악_판소리/0697_민속악_판소리_거문고.wav,48000,2,17452800,363.6,PCM_24,train
0697_민속악_판소리,0697,판소리,대금,대금,대금,관악,True,data/extracted/val/source/0697_민속악_판소리/0697_민속악_판소리_대금.wav,48000,2,17452800,363.6,PCM_24,train
0697_민속악_판소리,0697,판소리,소리북,소리북,타악기,타악,True,data/extracted/val/source/0697_민속악_판소리/0697_민속악_판소리_소리북.wav,48000,2,17452800,363.6,PCM_24,train
0697_민속악_판소리,0697,판소리,아쟁,아쟁,아쟁,찰현,True,data/extracted/val/source/0697_민속악_판소리/0697_민속악_판소리_아쟁.wav,48000,2,17452800,363.6,PCM_24,train
0697_민속악_판소리,0697,판소리,피리,피리,피리,관악,True,data/extracted/val/source/0697_민속악_판소리/0697_민속악_판소리_피리.wav,48000,2,17452800,363.6,PCM_24,train
0697_민속악_판소리,0697,판소리,해금,해금,해금,찰현,True,data/extracted/val/source/0697_민속악_판소리/0697_민속악_판소리_해금.wav,48000,2,17452800,363.6,PCM_24,train
0698_민속악_판소리,0698,판소리,가야금,가야금,가야금,발현,True,data/extracted/train/source/0698_민속악_판소리/0698_민속악_판소리_가야금.wav,48000,2,4474286,93.214,PCM_24,test
0698_민속악_판소리,0698,판소리,거문고,거문고,거문고,발현,True,data/extracted/train/source/0698_민속악_판소리/0698_민속악_판소리_거문고.wav,48000,2,4474286,93.214,PCM_24,test
0698_민속악_판소리,0698,판소리,대금,대금,대금,관악,True,data/extracted/train/source/0698_민속악_판소리/0698_민속악_판소리_대금.wav,48000,2,4474286,93.214,PCM_24,test
0698_민속악_판소리,0698,판소리,소리북,소리북,타악기,타악,True,data/extracted/train/source/0698_민속악_판소리/0698_민속악_판소리_소리북.wav,48000,2,4474286,93.214,PCM_24,test
0698_민속악_판소리,0698,판소리,아쟁,아쟁,아쟁,찰현,True,data/extracted/train/source/0698_민속악_판소리/0698_민속악_판소리_아쟁.wav,48000,2,4474286,93.214,PCM_24,test
0698_민속악_판소리,0698,판소리,피리,피리,피리,관악,True,data/extracted/train/source/0698_민속악_판소리/0698_민속악_판소리_피리.wav,48000,2,4474286,93.214,PCM_24,test
0698_민속악_판소리,0698,판소리,해금,해금,해금,찰현,True,data/extracted/train/source/0698_민속악_판소리/0698_민속악_판소리_해금.wav,48000,2,4474286,93.214,PCM_24,test
0699_민속악_판소리,0699,판소리,가야금,가야금,가야금,발현,True,data/extracted/val/source/0699_민속악_판소리/0699_민속악_판소리_가야금.wav,48000,2,7338462,152.885,PCM_24,train
0699_민속악_판소리,0699,판소리,거문고,거문고,거문고,발현,True,data/extracted/val/source/0699_민속악_판소리/0699_민속악_판소리_거문고.wav,48000,2,7338462,152.885,PCM_24,train
0699_민속악_판소리,0699,판소리,대금,대금,대금,관악,True,data/extracted/val/source/0699_민속악_판소리/0699_민속악_판소리_대금.wav,48000,2,7338462,152.885,PCM_24,train
0699_민속악_판소리,0699,판소리,소리북,소리북,타악기,타악,True,data/extracted/val/source/0699_민속악_판소리/0699_민속악_판소리_소리북.wav,48000,2,7338462,152.885,PCM_24,train
0699_민속악_판소리,0699,판소리,아쟁,아쟁,아쟁,찰현,True,data/extracted/val/source/0699_민속악_판소리/0699_민속악_판소리_아쟁.wav,48000,2,7338462,152.885,PCM_24,train
0699_민속악_판소리,0699,판소리,피리,피리,피리,관악,True,data/extracted/val/source/0699_민속악_판소리/0699_민속악_판소리_피리.wav,48000,2,7338462,152.885,PCM_24,train
0699_민속악_판소리,0699,판소리,해금,해금,해금,찰현,True,data/extracted/val/source/0699_민속악_판소리/0699_민속악_판소리_해금.wav,48000,2,7338462,152.885,PCM_24,train
0700_민속악_판소리,0700,판소리,가야금,가야금,가야금,발현,True,data/extracted/val/source/0700_민속악_판소리/0700_민속악_판소리_가야금.wav,48000,2,17251200,359.4,PCM_24,train
0700_민속악_판소리,0700,판소리,거문고,거문고,거문고,발현,True,data/extracted/val/source/0700_민속악_판소리/0700_민속악_판소리_거문고.wav,48000,2,17251200,359.4,PCM_24,train
0700_민속악_판소리,0700,판소리,대금,대금,대금,관악,True,data/extracted/val/source/0700_민속악_판소리/0700_민속악_판소리_대금.wav,48000,2,17251200,359.4,PCM_24,train
0700_민속악_판소리,0700,판소리,소리북,소리북,타악기,타악,True,data/extracted/val/source/0700_민속악_판소리/0700_민속악_판소리_소리북.wav,48000,2,17251200,359.4,PCM_24,train
0700_민속악_판소리,0700,판소리,아쟁,아쟁,아쟁,찰현,True,data/extracted/val/source/0700_민속악_판소리/0700_민속악_판소리_아쟁.wav,48000,2,17251200,359.4,PCM_24,train
0700_민속악_판소리,0700,판소리,피리,피리,피리,관악,True,data/extracted/val/source/0700_민속악_판소리/0700_민속악_판소리_피리.wav,48000,2,17251200,359.4,PCM_24,train
0700_민속악_판소리,0700,판소리,해금,해금,해금,찰현,True,data/extracted/val/source/0700_민속악_판소리/0700_민속악_판소리_해금.wav,48000,2,17251200,359.4,PCM_24,train
0701_민속악_판소리,0701,판소리,가야금,가야금,가야금,발현,True,data/extracted/train/source/0701_민속악_판소리/0701_민속악_판소리_가야금.wav,48000,2,13196571,274.929,PCM_24,train
0701_민속악_판소리,0701,판소리,거문고,거문고,거문고,발현,True,data/extracted/train/source/0701_민속악_판소리/0701_민속악_판소리_거문고.wav,48000,2,13196571,274.929,PCM_24,train
0701_민속악_판소리,0701,판소리,대금,대금,대금,관악,True,data/extracted/train/source/0701_민속악_판소리/0701_민속악_판소리_대금.wav,48000,2,13196571,274.929,PCM_24,train
0701_민속악_판소리,0701,판소리,소리북,소리북,타악기,타악,True,data/extracted/train/source/0701_민속악_판소리/0701_민속악_판소리_소리북.wav,48000,2,13196571,274.929,PCM_24,train
0701_민속악_판소리,0701,판소리,아쟁,아쟁,아쟁,찰현,True,data/extracted/train/source/0701_민속악_판소리/0701_민속악_판소리_아쟁.wav,48000,2,13196571,274.929,PCM_24,train
0701_민속악_판소리,0701,판소리,피리,피리,피리,관악,True,data/extracted/train/source/0701_민속악_판소리/0701_민속악_판소리_피리.wav,48000,2,13196571,274.929,PCM_24,train
0701_민속악_판소리,0701,판소리,해금,해금,해금,찰현,True,data/extracted/train/source/0701_민속악_판소리/0701_민속악_판소리_해금.wav,48000,2,13196571,274.929,PCM_24,train
0702_민속악_판소리,0702,판소리,가야금,가야금,가야금,발현,True,data/extracted/val/source/0702_민속악_판소리/0702_민속악_판소리_가야금.wav,48000,2,4359273,90.818,PCM_24,train
0702_민속악_판소리,0702,판소리,거문고,거문고,거문고,발현,True,data/extracted/val/source/0702_민속악_판소리/0702_민속악_판소리_거문고.wav,48000,2,4359273,90.818,PCM_24,train
0702_민속악_판소리,0702,판소리,대금,대금,대금,관악,True,data/extracted/val/source/0702_민속악_판소리/0702_민속악_판소리_대금.wav,48000,2,4359273,90.818,PCM_24,train
0702_민속악_판소리,0702,판소리,소리북,소리북,타악기,타악,True,data/extracted/val/source/0702_민속악_판소리/0702_민속악_판소리_소리북.wav,48000,2,4359273,90.818,PCM_24,train
0702_민속악_판소리,0702,판소리,아쟁,아쟁,아쟁,찰현,True,data/extracted/val/source/0702_민속악_판소리/0702_민속악_판소리_아쟁.wav,48000,2,4359273,90.818,PCM_24,train
0702_민속악_판소리,0702,판소리,피리,피리,피리,관악,True,data/extracted/val/source/0702_민속악_판소리/0702_민속악_판소리_피리.wav,48000,2,4359273,90.818,PCM_24,train
0702_민속악_판소리,0702,판소리,해금,해금,해금,찰현,True,data/extracted/val/source/0702_민속악_판소리/0702_민속악_판소리_해금.wav,48000,2,4359273,90.818,PCM_24,train
0703_민속악_판소리,0703,판소리,가야금,가야금,가야금,발현,True,data/extracted/train/source/0703_민속악_판소리/0703_민속악_판소리_가야금.wav,48000,2,5566153,115.962,PCM_24,train
0703_민속악_판소리,0703,판소리,거문고,거문고,거문고,발현,True,data/extracted/train/source/0703_민속악_판소리/0703_민속악_판소리_거문고.wav,48000,2,5566153,115.962,PCM_24,train
0703_민속악_판소리,0703,판소리,대금,대금,대금,관악,True,data/extracted/train/source/0703_민속악_판소리/0703_민속악_판소리_대금.wav,48000,2,5566153,115.962,PCM_24,train
0703_민속악_판소리,0703,판소리,소리북,소리북,타악기,타악,True,data/extracted/train/source/0703_민속악_판소리/0703_민속악_판소리_소리북.wav,48000,2,5566153,115.962,PCM_24,train
0703_민속악_판소리,0703,판소리,아쟁,아쟁,아쟁,찰현,True,data/extracted/train/source/0703_민속악_판소리/0703_민속악_판소리_아쟁.wav,48000,2,5566153,115.962,PCM_24,train
0703_민속악_판소리,0703,판소리,피리,피리,피리,관악,True,data/extracted/train/source/0703_민속악_판소리/0703_민속악_판소리_피리.wav,48000,2,5566153,115.962,PCM_24,train
0703_민속악_판소리,0703,판소리,해금,해금,해금,찰현,True,data/extracted/train/source/0703_민속악_판소리/0703_민속악_판소리_해금.wav,48000,2,5566153,115.962,PCM_24,train
0704_민속악_판소리,0704,판소리,가야금,가야금,가야금,발현,True,data/extracted/train/source/0704_민속악_판소리/0704_민속악_판소리_가야금.wav,48000,2,15984000,333.0,PCM_24,train
0704_민속악_판소리,0704,판소리,거문고,거문고,거문고,발현,True,data/extracted/train/source/0704_민속악_판소리/0704_민속악_판소리_거문고.wav,48000,2,15984000,333.0,PCM_24,train
0704_민속악_판소리,0704,판소리,대금,대금,대금,관악,True,data/extracted/train/source/0704_민속악_판소리/0704_민속악_판소리_대금.wav,48000,2,15984000,333.0,PCM_24,train
0704_민속악_판소리,0704,판소리,소리북,소리북,타악기,타악,True,data/extracted/train/source/0704_민속악_판소리/0704_민속악_판소리_소리북.wav,48000,2,15984000,333.0,PCM_24,train
0704_민속악_판소리,0704,판소리,아쟁,아쟁,아쟁,찰현,True,data/extracted/train/source/0704_민속악_판소리/0704_민속악_판소리_아쟁.wav,48000,2,15984000,333.0,PCM_24,train
0704_민속악_판소리,0704,판소리,피리,피리,피리,관악,True,data/extracted/train/source/0704_민속악_판소리/0704_민속악_판소리_피리.wav,48000,2,15984000,333.0,PCM_24,train
0704_민속악_판소리,0704,판소리,해금,해금,해금,찰현,True,data/extracted/train/source/0704_민속악_판소리/0704_민속악_판소리_해금.wav,48000,2,15984000,333.0,PCM_24,train
0705_민속악_판소리,0705,판소리,가야금,가야금,가야금,발현,True,data/extracted/val/source/0705_민속악_판소리/0705_민속악_판소리_가야금.wav,48000,2,15054546,313.636,PCM_24,train
0705_민속악_판소리,0705,판소리,거문고,거문고,거문고,발현,True,data/extracted/val/source/0705_민속악_판소리/0705_민속악_판소리_거문고.wav,48000,2,15054546,313.636,PCM_24,train
0705_민속악_판소리,0705,판소리,대금,대금,대금,관악,True,data/extracted/val/source/0705_민속악_판소리/0705_민속악_판소리_대금.wav,48000,2,15054546,313.636,PCM_24,train
0705_민속악_판소리,0705,판소리,소리북,소리북,타악기,타악,True,data/extracted/val/source/0705_민속악_판소리/0705_민속악_판소리_소리북.wav,48000,2,15054546,313.636,PCM_24,train
0705_민속악_판소리,0705,판소리,아쟁,아쟁,아쟁,찰현,True,data/extracted/val/source/0705_민속악_판소리/0705_민속악_판소리_아쟁.wav,48000,2,15054546,313.636,PCM_24,train
0705_민속악_판소리,0705,판소리,피리,피리,피리,관악,True,data/extracted/val/source/0705_민속악_판소리/0705_민속악_판소리_피리.wav,48000,2,15054546,313.636,PCM_24,train
0705_민속악_판소리,0705,판소리,해금,해금,해금,찰현,True,data/extracted/val/source/0705_민속악_판소리/0705_민속악_판소리_해금.wav,48000,2,15054546,313.636,PCM_24,train
0706_민속악_판소리,0706,판소리,가야금,가야금,가야금,발현,True,data/extracted/train/source/0706_민속악_판소리/0706_민속악_판소리_가야금.wav,48000,2,5479200,114.15,PCM_24,train
0706_민속악_판소리,0706,판소리,거문고,거문고,거문고,발현,True,data/extracted/train/source/0706_민속악_판소리/0706_민속악_판소리_거문고.wav,48000,2,5479200,114.15,PCM_24,train
0706_민속악_판소리,0706,판소리,대금,대금,대금,관악,True,data/extracted/train/source/0706_민속악_판소리/0706_민속악_판소리_대금.wav,48000,2,5479200,114.15,PCM_24,train
0706_민속악_판소리,0706,판소리,소리북,소리북,타악기,타악,True,data/extracted/train/source/0706_민속악_판소리/0706_민속악_판소리_소리북.wav,48000,2,5479200,114.15,PCM_24,train
0706_민속악_판소리,0706,판소리,아쟁,아쟁,아쟁,찰현,True,data/extracted/train/source/0706_민속악_판소리/0706_민속악_판소리_아쟁.wav,48000,2,5479200,114.15,PCM_24,train
0706_민속악_판소리,0706,판소리,피리,피리,피리,관악,True,data/extracted/train/source/0706_민속악_판소리/0706_민속악_판소리_피리.wav,48000,2,5479200,114.15,PCM_24,train
0706_민속악_판소리,0706,판소리,해금,해금,해금,찰현,True,data/extracted/train/source/0706_민속악_판소리/0706_민속악_판소리_해금.wav,48000,2,5479200,114.15,PCM_24,train
0707_민속악_판소리,0707,판소리,가야금,가야금,가야금,발현,True,data/extracted/train/source/0707_민속악_판소리/0707_민속악_판소리_가야금.wav,48000,2,4773600,99.45,PCM_24,val
0707_민속악_판소리,0707,판소리,거문고,거문고,거문고,발현,True,data/extracted/train/source/0707_민속악_판소리/0707_민속악_판소리_거문고.wav,48000,2,4773600,99.45,PCM_24,val
0707_민속악_판소리,0707,판소리,대금,대금,대금,관악,True,data/extracted/train/source/0707_민속악_판소리/0707_민속악_판소리_대금.wav,48000,2,4773600,99.45,PCM_24,val
0707_민속악_판소리,0707,판소리,소리북,소리북,타악기,타악,True,data/extracted/train/source/0707_민속악_판소리/0707_민속악_판소리_소리북.wav,48000,2,4773600,99.45,PCM_24,val
0707_민속악_판소리,0707,판소리,아쟁,아쟁,아쟁,찰현,True,data/extracted/train/source/0707_민속악_판소리/0707_민속악_판소리_아쟁.wav,48000,2,4773600,99.45,PCM_24,val
0707_민속악_판소리,0707,판소리,피리,피리,피리,관악,True,data/extracted/train/source/0707_민속악_판소리/0707_민속악_판소리_피리.wav,48000,2,4773600,99.45,PCM_24,val
0707_민속악_판소리,0707,판소리,해금,해금,해금,찰현,True,data/extracted/train/source/0707_민속악_판소리/0707_민속악_판소리_해금.wav,48000,2,4773600,99.45,PCM_24,val
0708_민속악_판소리,0708,판소리,가야금,가야금,가야금,발현,True,data/extracted/train/source/0708_민속악_판소리/0708_민속악_판소리_가야금.wav,48000,2,10398857,216.643,PCM_24,val
0708_민속악_판소리,0708,판소리,거문고,거문고,거문고,발현,True,data/extracted/train/source/0708_민속악_판소리/0708_민속악_판소리_거문고.wav,48000,2,10398857,216.643,PCM_24,val
0708_민속악_판소리,0708,판소리,대금,대금,대금,관악,True,data/extracted/train/source/0708_민속악_판소리/0708_민속악_판소리_대금.wav,48000,2,10398857,216.643,PCM_24,val
0708_민속악_판소리,0708,판소리,소리북,소리북,타악기,타악,True,data/extracted/train/source/0708_민속악_판소리/0708_민속악_판소리_소리북.wav,48000,2,10398857,216.643,PCM_24,val
0708_민속악_판소리,0708,판소리,아쟁,아쟁,아쟁,찰현,True,data/extracted/train/source/0708_민속악_판소리/0708_민속악_판소리_아쟁.wav,48000,2,10398857,216.643,PCM_24,val
0708_민속악_판소리,0708,판소리,피리,피리,피리,관악,True,data/extracted/train/source/0708_민속악_판소리/0708_민속악_판소리_피리.wav,48000,2,10398857,216.643,PCM_24,val
0708_민속악_판소리,0708,판소리,해금,해금,해금,찰현,True,data/extracted/train/source/0708_민속악_판소리/0708_민속악_판소리_해금.wav,48000,2,10398857,216.643,PCM_24,val
0709_민속악_판소리,0709,판소리,가야금,가야금,가야금,발현,True,data/extracted/train/source/0709_민속악_판소리/0709_민속악_판소리_가야금.wav,48000,2,16881231,351.692,PCM_24,train
0709_민속악_판소리,0709,판소리,거문고,거문고,거문고,발현,True,data/extracted/train/source/0709_민속악_판소리/0709_민속악_판소리_거문고.wav,48000,2,16881231,351.692,PCM_24,train
0709_민속악_판소리,0709,판소리,대금,대금,대금,관악,True,data/extracted/train/source/0709_민속악_판소리/0709_민속악_판소리_대금.wav,48000,2,16881231,351.692,PCM_24,train
0709_민속악_판소리,0709,판소리,소리북,소리북,타악기,타악,True,data/extracted/train/source/0709_민속악_판소리/0709_민속악_판소리_소리북.wav,48000,2,16881231,351.692,PCM_24,train
0709_민속악_판소리,0709,판소리,아쟁,아쟁,아쟁,찰현,True,data/extracted/train/source/0709_민속악_판소리/0709_민속악_판소리_아쟁.wav,48000,2,16881231,351.692,PCM_24,train
0709_민속악_판소리,0709,판소리,피리,피리,피리,관악,True,data/extracted/train/source/0709_민속악_판소리/0709_민속악_판소리_피리.wav,48000,2,16881231,351.692,PCM_24,train
0709_민속악_판소리,0709,판소리,해금,해금,해금,찰현,True,data/extracted/train/source/0709_민속악_판소리/0709_민속악_판소리_해금.wav,48000,2,16881231,351.692,PCM_24,train
0710_민속악_판소리,0710,판소리,가야금,가야금,가야금,발현,True,data/extracted/train/source/0710_민속악_판소리/0710_민속악_판소리_가야금.wav,48000,2,4424727,92.182,PCM_24,train
0710_민속악_판소리,0710,판소리,거문고,거문고,거문고,발현,True,data/extracted/train/source/0710_민속악_판소리/0710_민속악_판소리_거문고.wav,48000,2,4424727,92.182,PCM_24,train
0710_민속악_판소리,0710,판소리,대금,대금,대금,관악,True,data/extracted/train/source/0710_민속악_판소리/0710_민속악_판소리_대금.wav,48000,2,4424727,92.182,PCM_24,train
0710_민속악_판소리,0710,판소리,소리북,소리북,타악기,타악,True,data/extracted/train/source/0710_민속악_판소리/0710_민속악_판소리_소리북.wav,48000,2,4424727,92.182,PCM_24,train
0710_민속악_판소리,0710,판소리,아쟁,아쟁,아쟁,찰현,True,data/extracted/train/source/0710_민속악_판소리/0710_민속악_판소리_아쟁.wav,48000,2,4424727,92.182,PCM_24,train
0710_민속악_판소리,0710,판소리,피리,피리,피리,관악,True,data/extracted/train/source/0710_민속악_판소리/0710_민속악_판소리_피리.wav,48000,2,4424727,92.182,PCM_24,train
0710_민속악_판소리,0710,판소리,해금,해금,해금,찰현,True,data/extracted/train/source/0710_민속악_판소리/0710_민속악_판소리_해금.wav,48000,2,4424727,92.182,PCM_24,train
0711_민속악_판소리,0711,판소리,가야금,가야금,가야금,발현,True,data/extracted/train/source/0711_민속악_판소리/0711_민속악_판소리_가야금.wav,48000,2,5059637,105.409,PCM_24,test
0711_민속악_판소리,0711,판소리,거문고,거문고,거문고,발현,True,data/extracted/train/source/0711_민속악_판소리/0711_민속악_판소리_거문고.wav,48000,2,5059637,105.409,PCM_24,test
0711_민속악_판소리,0711,판소리,대금,대금,대금,관악,True,data/extracted/train/source/0711_민속악_판소리/0711_민속악_판소리_대금.wav,48000,2,5059637,105.409,PCM_24,test
0711_민속악_판소리,0711,판소리,소리북,소리북,타악기,타악,True,data/extracted/train/source/0711_민속악_판소리/0711_민속악_판소리_소리북.wav,48000,2,5059637,105.409,PCM_24,test
0711_민속악_판소리,0711,판소리,아쟁,아쟁,아쟁,찰현,True,data/extracted/train/source/0711_민속악_판소리/0711_민속악_판소리_아쟁.wav,48000,2,5059637,105.409,PCM_24,test
0711_민속악_판소리,0711,판소리,피리,피리,피리,관악,True,data/extracted/train/source/0711_민속악_판소리/0711_민속악_판소리_피리.wav,48000,2,5059637,105.409,PCM_24,test
0711_민속악_판소리,0711,판소리,해금,해금,해금,찰현,True,data/extracted/train/source/0711_민속악_판소리/0711_민속악_판소리_해금.wav,48000,2,5059637,105.409,PCM_24,test
0712_민속악_판소리,0712,판소리,가야금,가야금,가야금,발현,True,data/extracted/train/source/0712_민속악_판소리/0712_민속악_판소리_가야금.wav,48000,2,15552000,324.0,PCM_24,test
0712_민속악_판소리,0712,판소리,거문고,거문고,거문고,발현,True,data/extracted/train/source/0712_민속악_판소리/0712_민속악_판소리_거문고.wav,48000,2,15552000,324.0,PCM_24,test
0712_민속악_판소리,0712,판소리,대금,대금,대금,관악,True,data/extracted/train/source/0712_민속악_판소리/0712_민속악_판소리_대금.wav,48000,2,15552000,324.0,PCM_24,test
0712_민속악_판소리,0712,판소리,소리북,소리북,타악기,타악,True,data/extracted/train/source/0712_민속악_판소리/0712_민속악_판소리_소리북.wav,48000,2,15552000,324.0,PCM_24,test
0712_민속악_판소리,0712,판소리,아쟁,아쟁,아쟁,찰현,True,data/extracted/train/source/0712_민속악_판소리/0712_민속악_판소리_아쟁.wav,48000,2,15552000,324.0,PCM_24,test
0712_민속악_판소리,0712,판소리,피리,피리,피리,관악,True,data/extracted/train/source/0712_민속악_판소리/0712_민속악_판소리_피리.wav,48000,2,15552000,324.0,PCM_24,test
0712_민속악_판소리,0712,판소리,해금,해금,해금,찰현,True,data/extracted/train/source/0712_민속악_판소리/0712_민속악_판소리_해금.wav,48000,2,15552000,324.0,PCM_24,test
0713_민속악_민요,0713,민요,가야금,가야금,가야금,발현,False,data/extracted/train/source/0713_민속악_민요/0713_민속악_민요_가야금.wav,48000,2,14110976,293.979,PCM_24,test
0713_민속악_민요,0713,민요,거문고,거문고,거문고,발현,False,data/extracted/train/source/0713_민속악_민요/0713_민속악_민요_거문고.wav,48000,2,14110976,293.979,PCM_24,test
0713_민속악_민요,0713,민요,대금,대금,대금,관악,False,data/extracted/train/source/0713_민속악_민요/0713_민속악_민요_대금.wav,48000,2,14110976,293.979,PCM_24,test
0713_민속악_민요,0713,민요,아쟁,아쟁,아쟁,찰현,False,data/extracted/train/source/0713_민속악_민요/0713_민속악_민요_아쟁.wav,48000,2,14110976,293.979,PCM_24,test
0713_민속악_민요,0713,민요,장구,장구,타악기,타악,False,data/extracted/train/source/0713_민속악_민요/0713_민속악_민요_장구.wav,48000,2,14110976,293.979,PCM_24,test
0713_민속악_민요,0713,민요,피리,피리,피리,관악,False,data/extracted/train/source/0713_민속악_민요/0713_민속악_민요_피리.wav,48000,2,14110976,293.979,PCM_24,test
0713_민속악_민요,0713,민요,해금,해금,해금,찰현,False,data/extracted/train/source/0713_민속악_민요/0713_민속악_민요_해금.wav,48000,2,14110976,293.979,PCM_24,test
0714_민속악_민요,0714,민요,가야금,가야금,가야금,발현,False,data/extracted/train/source/0714_민속악_민요/0714_민속악_민요_가야금.wav,48000,2,15552000,324.0,PCM_24,val
0714_민속악_민요,0714,민요,거문고,거문고,거문고,발현,False,data/extracted/train/source/0714_민속악_민요/0714_민속악_민요_거문고.wav,48000,2,15552000,324.0,PCM_24,val
0714_민속악_민요,0714,민요,대금,대금,대금,관악,False,data/extracted/train/source/0714_민속악_민요/0714_민속악_민요_대금.wav,48000,2,15552000,324.0,PCM_24,val
0714_민속악_민요,0714,민요,아쟁,아쟁,아쟁,찰현,False,data/extracted/train/source/0714_민속악_민요/0714_민속악_민요_아쟁.wav,48000,2,15552000,324.0,PCM_24,val
0714_민속악_민요,0714,민요,장구,장구,타악기,타악,False,data/extracted/train/source/0714_민속악_민요/0714_민속악_민요_장구.wav,48000,2,15552000,324.0,PCM_24,val
0714_민속악_민요,0714,민요,피리,피리,피리,관악,False,data/extracted/train/source/0714_민속악_민요/0714_민속악_민요_피리.wav,48000,2,15552000,324.0,PCM_24,val
0714_민속악_민요,0714,민요,해금,해금,해금,찰현,False,data/extracted/train/source/0714_민속악_민요/0714_민속악_민요_해금.wav,48000,2,15552000,324.0,PCM_24,val
0716_민속악_민요,0716,민요,가야금,가야금,가야금,발현,False,data/extracted/train/source/0716_민속악_민요/0716_민속악_민요_가야금.wav,48000,2,10368000,216.0,PCM_24,train
0716_민속악_민요,0716,민요,거문고,거문고,거문고,발현,False,data/extracted/train/source/0716_민속악_민요/0716_민속악_민요_거문고.wav,48000,2,10368000,216.0,PCM_24,train
0716_민속악_민요,0716,민요,대금,대금,대금,관악,False,data/extracted/train/source/0716_민속악_민요/0716_민속악_민요_대금.wav,48000,2,10368000,216.0,PCM_24,train
0716_민속악_민요,0716,민요,아쟁,아쟁,아쟁,찰현,False,data/extracted/train/source/0716_민속악_민요/0716_민속악_민요_아쟁.wav,48000,2,10368000,216.0,PCM_24,train
0716_민속악_민요,0716,민요,장구,장구,타악기,타악,False,data/extracted/train/source/0716_민속악_민요/0716_민속악_민요_장구.wav,48000,2,10368000,216.0,PCM_24,train
0716_민속악_민요,0716,민요,피리,피리,피리,관악,False,data/extracted/train/source/0716_민속악_민요/0716_민속악_민요_피리.wav,48000,2,10368000,216.0,PCM_24,train
0716_민속악_민요,0716,민요,해금,해금,해금,찰현,False,data/extracted/train/source/0716_민속악_민요/0716_민속악_민요_해금.wav,48000,2,10368000,216.0,PCM_24,train
0717_민속악_민요,0717,민요,가야금,가야금,가야금,발현,False,data/extracted/train/source/0717_민속악_민요/0717_민속악_민요_가야금.wav,48000,2,13998004,291.625,PCM_24,train
0717_민속악_민요,0717,민요,거문고,거문고,거문고,발현,False,data/extracted/train/source/0717_민속악_민요/0717_민속악_민요_거문고.wav,48000,2,13998004,291.625,PCM_24,train
0717_민속악_민요,0717,민요,대금,대금,대금,관악,False,data/extracted/train/source/0717_민속악_민요/0717_민속악_민요_대금.wav,48000,2,13998004,291.625,PCM_24,train
0717_민속악_민요,0717,민요,아쟁,아쟁,아쟁,찰현,False,data/extracted/train/source/0717_민속악_민요/0717_민속악_민요_아쟁.wav,48000,2,13998004,291.625,PCM_24,train
0717_민속악_민요,0717,민요,장구,장구,타악기,타악,False,data/extracted/train/source/0717_민속악_민요/0717_민속악_민요_장구.wav,48000,2,13998004,291.625,PCM_24,train
0717_민속악_민요,0717,민요,피리,피리,피리,관악,False,data/extracted/train/source/0717_민속악_민요/0717_민속악_민요_피리.wav,48000,2,13998004,291.625,PCM_24,train
0717_민속악_민요,0717,민요,해금,해금,해금,찰현,False,data/extracted/train/source/0717_민속악_민요/0717_민속악_민요_해금.wav,48000,2,13998004,291.625,PCM_24,train
0718_민속악_민요,0718,민요,가야금,가야금,가야금,발현,False,data/extracted/train/source/0718_민속악_민요/0718_민속악_민요_가야금.wav,48000,2,10726047,223.459,PCM_24,train
0718_민속악_민요,0718,민요,거문고,거문고,거문고,발현,False,data/extracted/train/source/0718_민속악_민요/0718_민속악_민요_거문고.wav,48000,2,10726047,223.459,PCM_24,train
0718_민속악_민요,0718,민요,대금,대금,대금,관악,False,data/extracted/train/source/0718_민속악_민요/0718_민속악_민요_대금.wav,48000,2,10726047,223.459,PCM_24,train
0718_민속악_민요,0718,민요,아쟁,아쟁,아쟁,찰현,False,data/extracted/train/source/0718_민속악_민요/0718_민속악_민요_아쟁.wav,48000,2,10726047,223.459,PCM_24,train
0718_민속악_민요,0718,민요,장구,장구,타악기,타악,False,data/extracted/train/source/0718_민속악_민요/0718_민속악_민요_장구.wav,48000,2,10726047,223.459,PCM_24,train
0718_민속악_민요,0718,민요,피리,피리,피리,관악,False,data/extracted/train/source/0718_민속악_민요/0718_민속악_민요_피리.wav,48000,2,10726047,223.459,PCM_24,train
0718_민속악_민요,0718,민요,해금,해금,해금,찰현,False,data/extracted/train/source/0718_민속악_민요/0718_민속악_민요_해금.wav,48000,2,10726047,223.459,PCM_24,train
0720_민속악_민요,0720,민요,가야금,가야금,가야금,발현,False,data/extracted/train/source/0720_민속악_민요/0720_민속악_민요_가야금.wav,48000,2,16934400,352.8,PCM_24,test
0720_민속악_민요,0720,민요,거문고,거문고,거문고,발현,False,data/extracted/train/source/0720_민속악_민요/0720_민속악_민요_거문고.wav,48000,2,16934400,352.8,PCM_24,test
0720_민속악_민요,0720,민요,대금,대금,대금,관악,False,data/extracted/train/source/0720_민속악_민요/0720_민속악_민요_대금.wav,48000,2,16934400,352.8,PCM_24,test
0720_민속악_민요,0720,민요,아쟁,아쟁,아쟁,찰현,False,data/extracted/train/source/0720_민속악_민요/0720_민속악_민요_아쟁.wav,48000,2,16934400,352.8,PCM_24,test
0720_민속악_민요,0720,민요,장구,장구,타악기,타악,False,data/extracted/train/source/0720_민속악_민요/0720_민속악_민요_장구.wav,48000,2,16934400,352.8,PCM_24,test
0720_민속악_민요,0720,민요,피리,피리,피리,관악,False,data/extracted/train/source/0720_민속악_민요/0720_민속악_민요_피리.wav,48000,2,16934400,352.8,PCM_24,test
0720_민속악_민요,0720,민요,해금,해금,해금,찰현,False,data/extracted/train/source/0720_민속악_민요/0720_민속악_민요_해금.wav,48000,2,16934400,352.8,PCM_24,test
0721_민속악_민요,0721,민요,가야금,가야금,가야금,발현,False,data/extracted/train/source/0721_민속악_민요/0721_민속악_민요_가야금.wav,48000,2,11059200,230.4,PCM_24,val
0721_민속악_민요,0721,민요,거문고,거문고,거문고,발현,False,data/extracted/train/source/0721_민속악_민요/0721_민속악_민요_거문고.wav,48000,2,11059200,230.4,PCM_24,val
0721_민속악_민요,0721,민요,대금,대금,대금,관악,False,data/extracted/train/source/0721_민속악_민요/0721_민속악_민요_대금.wav,48000,2,11059200,230.4,PCM_24,val
0721_민속악_민요,0721,민요,아쟁,아쟁,아쟁,찰현,False,data/extracted/train/source/0721_민속악_민요/0721_민속악_민요_아쟁.wav,48000,2,11059200,230.4,PCM_24,val
0721_민속악_민요,0721,민요,장구,장구,타악기,타악,False,data/extracted/train/source/0721_민속악_민요/0721_민속악_민요_장구.wav,48000,2,11059200,230.4,PCM_24,val
0721_민속악_민요,0721,민요,피리,피리,피리,관악,False,data/extracted/train/source/0721_민속악_민요/0721_민속악_민요_피리.wav,48000,2,11059200,230.4,PCM_24,val
0721_민속악_민요,0721,민요,해금,해금,해금,찰현,False,data/extracted/train/source/0721_민속악_민요/0721_민속악_민요_해금.wav,48000,2,11059200,230.4,PCM_24,val
0723_민속악_민요,0723,민요,가야금,가야금,가야금,발현,False,data/extracted/train/source/0723_민속악_민요/0723_민속악_민요_가야금.wav,48000,2,12433920,259.04,PCM_24,train
0723_민속악_민요,0723,민요,거문고,거문고,거문고,발현,False,data/extracted/train/source/0723_민속악_민요/0723_민속악_민요_거문고.wav,48000,2,12433920,259.04,PCM_24,train
0723_민속악_민요,0723,민요,대금,대금,대금,관악,False,data/extracted/train/source/0723_민속악_민요/0723_민속악_민요_대금.wav,48000,2,12433920,259.04,PCM_24,train
0723_민속악_민요,0723,민요,아쟁,아쟁,아쟁,찰현,False,data/extracted/train/source/0723_민속악_민요/0723_민속악_민요_아쟁.wav,48000,2,12433920,259.04,PCM_24,train
0723_민속악_민요,0723,민요,장구,장구,타악기,타악,False,data/extracted/train/source/0723_민속악_민요/0723_민속악_민요_장구.wav,48000,2,12433920,259.04,PCM_24,train
0723_민속악_민요,0723,민요,피리,피리,피리,관악,False,data/extracted/train/source/0723_민속악_민요/0723_민속악_민요_피리.wav,48000,2,12433920,259.04,PCM_24,train
0723_민속악_민요,0723,민요,해금,해금,해금,찰현,False,data/extracted/train/source/0723_민속악_민요/0723_민속악_민요_해금.wav,48000,2,12433920,259.04,PCM_24,train
0724_민속악_민요,0724,민요,가야금,가야금,가야금,발현,False,data/extracted/train/source/0724_민속악_민요/0724_민속악_민요_가야금.wav,48000,2,10368000,216.0,PCM_24,train
0724_민속악_민요,0724,민요,거문고,거문고,거문고,발현,False,data/extracted/train/source/0724_민속악_민요/0724_민속악_민요_거문고.wav,48000,2,10368000,216.0,PCM_24,train
0724_민속악_민요,0724,민요,대금,대금,대금,관악,False,data/extracted/train/source/0724_민속악_민요/0724_민속악_민요_대금.wav,48000,2,10368000,216.0,PCM_24,train
0724_민속악_민요,0724,민요,아쟁,아쟁,아쟁,찰현,False,data/extracted/train/source/0724_민속악_민요/0724_민속악_민요_아쟁.wav,48000,2,10368000,216.0,PCM_24,train
0724_민속악_민요,0724,민요,장구,장구,타악기,타악,False,data/extracted/train/source/0724_민속악_민요/0724_민속악_민요_장구.wav,48000,2,10368000,216.0,PCM_24,train
0724_민속악_민요,0724,민요,피리,피리,피리,관악,False,data/extracted/train/source/0724_민속악_민요/0724_민속악_민요_피리.wav,48000,2,10368000,216.0,PCM_24,train
0724_민속악_민요,0724,민요,해금,해금,해금,찰현,False,data/extracted/train/source/0724_민속악_민요/0724_민속악_민요_해금.wav,48000,2,10368000,216.0,PCM_24,train
0725_민속악_민요,0725,민요,가야금,가야금,가야금,발현,False,data/extracted/train/source/0725_민속악_민요/0725_민속악_민요_가야금.wav,48000,2,14543872,302.997,PCM_24,train
0725_민속악_민요,0725,민요,거문고,거문고,거문고,발현,False,data/extracted/train/source/0725_민속악_민요/0725_민속악_민요_거문고.wav,48000,2,14543872,302.997,PCM_24,train
0725_민속악_민요,0725,민요,대금,대금,대금,관악,False,data/extracted/train/source/0725_민속악_민요/0725_민속악_민요_대금.wav,48000,2,14543872,302.997,PCM_24,train
0725_민속악_민요,0725,민요,아쟁,아쟁,아쟁,찰현,False,data/extracted/train/source/0725_민속악_민요/0725_민속악_민요_아쟁.wav,48000,2,14543872,302.997,PCM_24,train
0725_민속악_민요,0725,민요,장구,장구,타악기,타악,False,data/extracted/train/source/0725_민속악_민요/0725_민속악_민요_장구.wav,48000,2,14543872,302.997,PCM_24,train
0725_민속악_민요,0725,민요,피리,피리,피리,관악,False,data/extracted/train/source/0725_민속악_민요/0725_민속악_민요_피리.wav,48000,2,14543872,302.997,PCM_24,train
0725_민속악_민요,0725,민요,해금,해금,해금,찰현,False,data/extracted/train/source/0725_민속악_민요/0725_민속악_민요_해금.wav,48000,2,14543872,302.997,PCM_24,train
0726_민속악_민요,0726,민요,가야금,가야금,가야금,발현,False,data/extracted/train/source/0726_민속악_민요/0726_민속악_민요_가야금.wav,48000,2,11310545,235.636,PCM_24,train
0726_민속악_민요,0726,민요,거문고,거문고,거문고,발현,False,data/extracted/train/source/0726_민속악_민요/0726_민속악_민요_거문고.wav,48000,2,11310545,235.636,PCM_24,train
0726_민속악_민요,0726,민요,대금,대금,대금,관악,False,data/extracted/train/source/0726_민속악_민요/0726_민속악_민요_대금.wav,48000,2,11310545,235.636,PCM_24,train
0726_민속악_민요,0726,민요,아쟁,아쟁,아쟁,찰현,False,data/extracted/train/source/0726_민속악_민요/0726_민속악_민요_아쟁.wav,48000,2,11310545,235.636,PCM_24,train
0726_민속악_민요,0726,민요,장구,장구,타악기,타악,False,data/extracted/train/source/0726_민속악_민요/0726_민속악_민요_장구.wav,48000,2,11310545,235.636,PCM_24,train
0726_민속악_민요,0726,민요,피리,피리,피리,관악,False,data/extracted/train/source/0726_민속악_민요/0726_민속악_민요_피리.wav,48000,2,11310545,235.636,PCM_24,train
0726_민속악_민요,0726,민요,해금,해금,해금,찰현,False,data/extracted/train/source/0726_민속악_민요/0726_민속악_민요_해금.wav,48000,2,11310545,235.636,PCM_24,train
0727_민속악_민요,0727,민요,가야금,가야금,가야금,발현,False,data/extracted/train/source/0727_민속악_민요/0727_민속악_민요_가야금.wav,48000,2,11938909,248.727,PCM_24,train
0727_민속악_민요,0727,민요,거문고,거문고,거문고,발현,False,data/extracted/train/source/0727_민속악_민요/0727_민속악_민요_거문고.wav,48000,2,11938909,248.727,PCM_24,train
0727_민속악_민요,0727,민요,대금,대금,대금,관악,False,data/extracted/train/source/0727_민속악_민요/0727_민속악_민요_대금.wav,48000,2,11938909,248.727,PCM_24,train
0727_민속악_민요,0727,민요,아쟁,아쟁,아쟁,찰현,False,data/extracted/train/source/0727_민속악_민요/0727_민속악_민요_아쟁.wav,48000,2,11938909,248.727,PCM_24,train
0727_민속악_민요,0727,민요,장구,장구,타악기,타악,False,data/extracted/train/source/0727_민속악_민요/0727_민속악_민요_장구.wav,48000,2,11938909,248.727,PCM_24,train
0727_민속악_민요,0727,민요,피리,피리,피리,관악,False,data/extracted/train/source/0727_민속악_민요/0727_민속악_민요_피리.wav,48000,2,11938909,248.727,PCM_24,train
0727_민속악_민요,0727,민요,해금,해금,해금,찰현,False,data/extracted/train/source/0727_민속악_민요/0727_민속악_민요_해금.wav,48000,2,11938909,248.727,PCM_24,train
0728_민속악_민요,0728,민요,가야금,가야금,가야금,발현,False,data/extracted/train/source/0728_민속악_민요/0728_민속악_민요_가야금.wav,48000,2,14766545,307.636,PCM_24,train
0728_민속악_민요,0728,민요,거문고,거문고,거문고,발현,False,data/extracted/train/source/0728_민속악_민요/0728_민속악_민요_거문고.wav,48000,2,14766545,307.636,PCM_24,train
0728_민속악_민요,0728,민요,대금,대금,대금,관악,False,data/extracted/train/source/0728_민속악_민요/0728_민속악_민요_대금.wav,48000,2,14766545,307.636,PCM_24,train
0728_민속악_민요,0728,민요,아쟁,아쟁,아쟁,찰현,False,data/extracted/train/source/0728_민속악_민요/0728_민속악_민요_아쟁.wav,48000,2,14766545,307.636,PCM_24,train
0728_민속악_민요,0728,민요,장구,장구,타악기,타악,False,data/extracted/train/source/0728_민속악_민요/0728_민속악_민요_장구.wav,48000,2,14766545,307.636,PCM_24,train
0728_민속악_민요,0728,민요,피리,피리,피리,관악,False,data/extracted/train/source/0728_민속악_민요/0728_민속악_민요_피리.wav,48000,2,14766545,307.636,PCM_24,train
0728_민속악_민요,0728,민요,해금,해금,해금,찰현,False,data/extracted/train/source/0728_민속악_민요/0728_민속악_민요_해금.wav,48000,2,14766545,307.636,PCM_24,train
0729_민속악_민요,0729,민요,가야금,가야금,가야금,발현,False,data/extracted/train/source/0729_민속악_민요/0729_민속악_민요_가야금.wav,48000,2,14452363,301.091,PCM_24,train
0729_민속악_민요,0729,민요,거문고,거문고,거문고,발현,False,data/extracted/train/source/0729_민속악_민요/0729_민속악_민요_거문고.wav,48000,2,14452363,301.091,PCM_24,train
0729_민속악_민요,0729,민요,대금,대금,대금,관악,False,data/extracted/train/source/0729_민속악_민요/0729_민속악_민요_대금.wav,48000,2,14452363,301.091,PCM_24,train
0729_민속악_민요,0729,민요,아쟁,아쟁,아쟁,찰현,False,data/extracted/train/source/0729_민속악_민요/0729_민속악_민요_아쟁.wav,48000,2,14452363,301.091,PCM_24,train
0729_민속악_민요,0729,민요,장구,장구,타악기,타악,False,data/extracted/train/source/0729_민속악_민요/0729_민속악_민요_장구.wav,48000,2,14452363,301.091,PCM_24,train
0729_민속악_민요,0729,민요,피리,피리,피리,관악,False,data/extracted/train/source/0729_민속악_민요/0729_민속악_민요_피리.wav,48000,2,14452363,301.091,PCM_24,train
0729_민속악_민요,0729,민요,해금,해금,해금,찰현,False,data/extracted/train/source/0729_민속악_민요/0729_민속악_민요_해금.wav,48000,2,14452363,301.091,PCM_24,train
0730_민속악_민요,0730,민요,가야금,가야금,가야금,발현,False,data/extracted/train/source/0730_민속악_민요/0730_민속악_민요_가야금.wav,48000,2,13292265,276.922,PCM_24,train
0730_민속악_민요,0730,민요,거문고,거문고,거문고,발현,False,data/extracted/train/source/0730_민속악_민요/0730_민속악_민요_거문고.wav,48000,2,13292265,276.922,PCM_24,train
0730_민속악_민요,0730,민요,대금,대금,대금,관악,False,data/extracted/train/source/0730_민속악_민요/0730_민속악_민요_대금.wav,48000,2,13292265,276.922,PCM_24,train
0730_민속악_민요,0730,민요,아쟁,아쟁,아쟁,찰현,False,data/extracted/train/source/0730_민속악_민요/0730_민속악_민요_아쟁.wav,48000,2,13292265,276.922,PCM_24,train
0730_민속악_민요,0730,민요,장구,장구,타악기,타악,False,data/extracted/train/source/0730_민속악_민요/0730_민속악_민요_장구.wav,48000,2,13292265,276.922,PCM_24,train
0730_민속악_민요,0730,민요,피리,피리,피리,관악,False,data/extracted/train/source/0730_민속악_민요/0730_민속악_민요_피리.wav,48000,2,13292265,276.922,PCM_24,train
0730_민속악_민요,0730,민요,해금,해금,해금,찰현,False,data/extracted/train/source/0730_민속악_민요/0730_민속악_민요_해금.wav,48000,2,13292265,276.922,PCM_24,train
0731_민속악_민요,0731,민요,가야금,가야금,가야금,발현,False,data/extracted/train/source/0731_민속악_민요/0731_민속악_민요_가야금.wav,48000,2,9896727,206.182,PCM_24,train
0731_민속악_민요,0731,민요,거문고,거문고,거문고,발현,False,data/extracted/train/source/0731_민속악_민요/0731_민속악_민요_거문고.wav,48000,2,9896727,206.182,PCM_24,train
0731_민속악_민요,0731,민요,대금,대금,대금,관악,False,data/extracted/train/source/0731_민속악_민요/0731_민속악_민요_대금.wav,48000,2,9896727,206.182,PCM_24,train
0731_민속악_민요,0731,민요,아쟁,아쟁,아쟁,찰현,False,data/extracted/train/source/0731_민속악_민요/0731_민속악_민요_아쟁.wav,48000,2,9896727,206.182,PCM_24,train
0731_민속악_민요,0731,민요,장구,장구,타악기,타악,False,data/extracted/train/source/0731_민속악_민요/0731_민속악_민요_장구.wav,48000,2,9896727,206.182,PCM_24,train
0731_민속악_민요,0731,민요,피리,피리,피리,관악,False,data/extracted/train/source/0731_민속악_민요/0731_민속악_민요_피리.wav,48000,2,9896727,206.182,PCM_24,train
0731_민속악_민요,0731,민요,해금,해금,해금,찰현,False,data/extracted/train/source/0731_민속악_민요/0731_민속악_민요_해금.wav,48000,2,9896727,206.182,PCM_24,train
0732_민속악_민요,0732,민요,가야금,가야금,가야금,발현,False,data/extracted/train/source/0732_민속악_민요/0732_민속악_민요_가야금.wav,48000,2,8812800,183.6,PCM_24,train
0732_민속악_민요,0732,민요,거문고,거문고,거문고,발현,False,data/extracted/train/source/0732_민속악_민요/0732_민속악_민요_거문고.wav,48000,2,8812800,183.6,PCM_24,train
0732_민속악_민요,0732,민요,대금,대금,대금,관악,False,data/extracted/train/source/0732_민속악_민요/0732_민속악_민요_대금.wav,48000,2,8812800,183.6,PCM_24,train
0732_민속악_민요,0732,민요,아쟁,아쟁,아쟁,찰현,False,data/extracted/train/source/0732_민속악_민요/0732_민속악_민요_아쟁.wav,48000,2,8812800,183.6,PCM_24,train
0732_민속악_민요,0732,민요,장구,장구,타악기,타악,False,data/extracted/train/source/0732_민속악_민요/0732_민속악_민요_장구.wav,48000,2,8812800,183.6,PCM_24,train
0732_민속악_민요,0732,민요,피리,피리,피리,관악,False,data/extracted/train/source/0732_민속악_민요/0732_민속악_민요_피리.wav,48000,2,8812800,183.6,PCM_24,train
0732_민속악_민요,0732,민요,해금,해금,해금,찰현,False,data/extracted/train/source/0732_민속악_민요/0732_민속악_민요_해금.wav,48000,2,8812800,183.6,PCM_24,train
0733_민속악_민요,0733,민요,가야금,가야금,가야금,발현,False,data/extracted/train/source/0733_민속악_민요/0733_민속악_민요_가야금.wav,48000,2,11059200,230.4,PCM_24,train
0733_민속악_민요,0733,민요,거문고,거문고,거문고,발현,False,data/extracted/train/source/0733_민속악_민요/0733_민속악_민요_거문고.wav,48000,2,11059200,230.4,PCM_24,train
0733_민속악_민요,0733,민요,대금,대금,대금,관악,False,data/extracted/train/source/0733_민속악_민요/0733_민속악_민요_대금.wav,48000,2,11059200,230.4,PCM_24,train
0733_민속악_민요,0733,민요,아쟁,아쟁,아쟁,찰현,False,data/extracted/train/source/0733_민속악_민요/0733_민속악_민요_아쟁.wav,48000,2,11059200,230.4,PCM_24,train
0733_민속악_민요,0733,민요,장구,장구,타악기,타악,False,data/extracted/train/source/0733_민속악_민요/0733_민속악_민요_장구.wav,48000,2,11059200,230.4,PCM_24,train
0733_민속악_민요,0733,민요,피리,피리,피리,관악,False,data/extracted/train/source/0733_민속악_민요/0733_민속악_민요_피리.wav,48000,2,11059200,230.4,PCM_24,train
0733_민속악_민요,0733,민요,해금,해금,해금,찰현,False,data/extracted/train/source/0733_민속악_민요/0733_민속악_민요_해금.wav,48000,2,11059200,230.4,PCM_24,train
0735_민속악_민요,0735,민요,가야금,가야금,가야금,발현,False,data/extracted/train/source/0735_민속악_민요/0735_민속악_민요_가야금.wav,48000,2,10368000,216.0,PCM_24,train
0735_민속악_민요,0735,민요,거문고,거문고,거문고,발현,False,data/extracted/train/source/0735_민속악_민요/0735_민속악_민요_거문고.wav,48000,2,10368000,216.0,PCM_24,train
0735_민속악_민요,0735,민요,대금,대금,대금,관악,False,data/extracted/train/source/0735_민속악_민요/0735_민속악_민요_대금.wav,48000,2,10368000,216.0,PCM_24,train
0735_민속악_민요,0735,민요,아쟁,아쟁,아쟁,찰현,False,data/extracted/train/source/0735_민속악_민요/0735_민속악_민요_아쟁.wav,48000,2,10368000,216.0,PCM_24,train
0735_민속악_민요,0735,민요,장구,장구,타악기,타악,False,data/extracted/train/source/0735_민속악_민요/0735_민속악_민요_장구.wav,48000,2,10368000,216.0,PCM_24,train
0735_민속악_민요,0735,민요,피리,피리,피리,관악,False,data/extracted/train/source/0735_민속악_민요/0735_민속악_민요_피리.wav,48000,2,10368000,216.0,PCM_24,train
0735_민속악_민요,0735,민요,해금,해금,해금,찰현,False,data/extracted/train/source/0735_민속악_민요/0735_민속악_민요_해금.wav,48000,2,10368000,216.0,PCM_24,train
0736_민속악_민요,0736,민요,가야금,가야금,가야금,발현,False,data/extracted/val/source/0736_민속악_민요/0736_민속악_민요_가야금.wav,48000,2,10968576,228.512,PCM_24,test
0736_민속악_민요,0736,민요,거문고,거문고,거문고,발현,False,data/extracted/val/source/0736_민속악_민요/0736_민속악_민요_거문고.wav,48000,2,10968576,228.512,PCM_24,test
0736_민속악_민요,0736,민요,대금,대금,대금,관악,False,data/extracted/val/source/0736_민속악_민요/0736_민속악_민요_대금.wav,48000,2,10968576,228.512,PCM_24,test
0736_민속악_민요,0736,민요,아쟁,아쟁,아쟁,찰현,False,data/extracted/val/source/0736_민속악_민요/0736_민속악_민요_아쟁.wav,48000,2,10968576,228.512,PCM_24,test
0736_민속악_민요,0736,민요,장구,장구,타악기,타악,False,data/extracted/val/source/0736_민속악_민요/0736_민속악_민요_장구.wav,48000,2,10968576,228.512,PCM_24,test
0736_민속악_민요,0736,민요,피리,피리,피리,관악,False,data/extracted/val/source/0736_민속악_민요/0736_민속악_민요_피리.wav,48000,2,10968576,228.512,PCM_24,test
0736_민속악_민요,0736,민요,해금,해금,해금,찰현,False,data/extracted/val/source/0736_민속악_민요/0736_민속악_민요_해금.wav,48000,2,10968576,228.512,PCM_24,test
0737_민속악_민요,0737,민요,가야금,가야금,가야금,발현,False,data/extracted/val/source/0737_민속악_민요/0737_민속악_민요_가야금.wav,48000,2,10238400,213.3,PCM_24,train
0737_민속악_민요,0737,민요,거문고,거문고,거문고,발현,False,data/extracted/val/source/0737_민속악_민요/0737_민속악_민요_거문고.wav,48000,2,10238400,213.3,PCM_24,train
0737_민속악_민요,0737,민요,대금,대금,대금,관악,False,data/extracted/val/source/0737_민속악_민요/0737_민속악_민요_대금.wav,48000,2,10238400,213.3,PCM_24,train
0737_민속악_민요,0737,민요,아쟁,아쟁,아쟁,찰현,False,data/extracted/val/source/0737_민속악_민요/0737_민속악_민요_아쟁.wav,48000,2,10238400,213.3,PCM_24,train
0737_민속악_민요,0737,민요,장구,장구,타악기,타악,False,data/extracted/val/source/0737_민속악_민요/0737_민속악_민요_장구.wav,48000,2,10238400,213.3,PCM_24,train
0737_민속악_민요,0737,민요,피리,피리,피리,관악,False,data/extracted/val/source/0737_민속악_민요/0737_민속악_민요_피리.wav,48000,2,10238400,213.3,PCM_24,train
0737_민속악_민요,0737,민요,해금,해금,해금,찰현,False,data/extracted/val/source/0737_민속악_민요/0737_민속악_민요_해금.wav,48000,2,10238400,213.3,PCM_24,train
0738_민속악_민요,0738,민요,가야금,가야금,가야금,발현,False,data/extracted/train/source/0738_민속악_민요/0738_민속악_민요_가야금.wav,48000,2,14515200,302.4,PCM_24,train
0738_민속악_민요,0738,민요,거문고,거문고,거문고,발현,False,data/extracted/train/source/0738_민속악_민요/0738_민속악_민요_거문고.wav,48000,2,14515200,302.4,PCM_24,train
0738_민속악_민요,0738,민요,대금,대금,대금,관악,False,data/extracted/train/source/0738_민속악_민요/0738_민속악_민요_대금.wav,48000,2,14515200,302.4,PCM_24,train
0738_민속악_민요,0738,민요,아쟁,아쟁,아쟁,찰현,False,data/extracted/train/source/0738_민속악_민요/0738_민속악_민요_아쟁.wav,48000,2,14515200,302.4,PCM_24,train
0738_민속악_민요,0738,민요,장구,장구,타악기,타악,False,data/extracted/train/source/0738_민속악_민요/0738_민속악_민요_장구.wav,48000,2,14515200,302.4,PCM_24,train
0738_민속악_민요,0738,민요,피리,피리,피리,관악,False,data/extracted/train/source/0738_민속악_민요/0738_민속악_민요_피리.wav,48000,2,14515200,302.4,PCM_24,train
0738_민속악_민요,0738,민요,해금,해금,해금,찰현,False,data/extracted/train/source/0738_민속악_민요/0738_민속악_민요_해금.wav,48000,2,14515200,302.4,PCM_24,train
0739_민속악_민요,0739,민요,가야금,가야금,가야금,발현,False,data/extracted/val/source/0739_민속악_민요/0739_민속악_민요_가야금.wav,48000,2,10368000,216.0,PCM_24,val
0739_민속악_민요,0739,민요,거문고,거문고,거문고,발현,False,data/extracted/val/source/0739_민속악_민요/0739_민속악_민요_거문고.wav,48000,2,10368000,216.0,PCM_24,val
0739_민속악_민요,0739,민요,대금,대금,대금,관악,False,data/extracted/val/source/0739_민속악_민요/0739_민속악_민요_대금.wav,48000,2,10368000,216.0,PCM_24,val
0739_민속악_민요,0739,민요,아쟁,아쟁,아쟁,찰현,False,data/extracted/val/source/0739_민속악_민요/0739_민속악_민요_아쟁.wav,48000,2,10368000,216.0,PCM_24,val
0739_민속악_민요,0739,민요,장구,장구,타악기,타악,False,data/extracted/val/source/0739_민속악_민요/0739_민속악_민요_장구.wav,48000,2,10368000,216.0,PCM_24,val
0739_민속악_민요,0739,민요,피리,피리,피리,관악,False,data/extracted/val/source/0739_민속악_민요/0739_민속악_민요_피리.wav,48000,2,10368000,216.0,PCM_24,val
0739_민속악_민요,0739,민요,해금,해금,해금,찰현,False,data/extracted/val/source/0739_민속악_민요/0739_민속악_민요_해금.wav,48000,2,10368000,216.0,PCM_24,val
0740_민속악_민요,0740,민요,가야금,가야금,가야금,발현,False,data/extracted/val/source/0740_민속악_민요/0740_민속악_민요_가야금.wav,48000,2,10627200,221.4,PCM_24,train
0740_민속악_민요,0740,민요,거문고,거문고,거문고,발현,False,data/extracted/val/source/0740_민속악_민요/0740_민속악_민요_거문고.wav,48000,2,10627200,221.4,PCM_24,train
0740_민속악_민요,0740,민요,대금,대금,대금,관악,False,data/extracted/val/source/0740_민속악_민요/0740_민속악_민요_대금.wav,48000,2,10627200,221.4,PCM_24,train
0740_민속악_민요,0740,민요,아쟁,아쟁,아쟁,찰현,False,data/extracted/val/source/0740_민속악_민요/0740_민속악_민요_아쟁.wav,48000,2,10627200,221.4,PCM_24,train
0740_민속악_민요,0740,민요,장구,장구,타악기,타악,False,data/extracted/val/source/0740_민속악_민요/0740_민속악_민요_장구.wav,48000,2,10627200,221.4,PCM_24,train
0740_민속악_민요,0740,민요,피리,피리,피리,관악,False,data/extracted/val/source/0740_민속악_민요/0740_민속악_민요_피리.wav,48000,2,10627200,221.4,PCM_24,train
0740_민속악_민요,0740,민요,해금,해금,해금,찰현,False,data/extracted/val/source/0740_민속악_민요/0740_민속악_민요_해금.wav,48000,2,10627200,221.4,PCM_24,train
0741_민속악_민요,0741,민요,가야금,가야금,가야금,발현,False,data/extracted/train/source/0741_민속악_민요/0741_민속악_민요_가야금.wav,48000,2,14500800,302.1,PCM_24,train
0741_민속악_민요,0741,민요,거문고,거문고,거문고,발현,False,data/extracted/train/source/0741_민속악_민요/0741_민속악_민요_거문고.wav,48000,2,14500800,302.1,PCM_24,train
0741_민속악_민요,0741,민요,대금,대금,대금,관악,False,data/extracted/train/source/0741_민속악_민요/0741_민속악_민요_대금.wav,48000,2,14500800,302.1,PCM_24,train
0741_민속악_민요,0741,민요,아쟁,아쟁,아쟁,찰현,False,data/extracted/train/source/0741_민속악_민요/0741_민속악_민요_아쟁.wav,48000,2,14500800,302.1,PCM_24,train
0741_민속악_민요,0741,민요,장구,장구,타악기,타악,False,data/extracted/train/source/0741_민속악_민요/0741_민속악_민요_장구.wav,48000,2,14500800,302.1,PCM_24,train
0741_민속악_민요,0741,민요,피리,피리,피리,관악,False,data/extracted/train/source/0741_민속악_민요/0741_민속악_민요_피리.wav,48000,2,14500800,302.1,PCM_24,train
0741_민속악_민요,0741,민요,해금,해금,해금,찰현,False,data/extracted/train/source/0741_민속악_민요/0741_민속악_민요_해금.wav,48000,2,14500800,302.1,PCM_24,train
0742_민속악_민요,0742,민요,가야금,가야금,가야금,발현,False,data/extracted/train/source/0742_민속악_민요/0742_민속악_민요_가야금.wav,48000,2,12078000,251.625,PCM_24,train
0742_민속악_민요,0742,민요,거문고,거문고,거문고,발현,False,data/extracted/train/source/0742_민속악_민요/0742_민속악_민요_거문고.wav,48000,2,12078000,251.625,PCM_24,train
0742_민속악_민요,0742,민요,대금,대금,대금,관악,False,data/extracted/train/source/0742_민속악_민요/0742_민속악_민요_대금.wav,48000,2,12078000,251.625,PCM_24,train
0742_민속악_민요,0742,민요,아쟁,아쟁,아쟁,찰현,False,data/extracted/train/source/0742_민속악_민요/0742_민속악_민요_아쟁.wav,48000,2,12078000,251.625,PCM_24,train
0742_민속악_민요,0742,민요,장구,장구,타악기,타악,False,data/extracted/train/source/0742_민속악_민요/0742_민속악_민요_장구.wav,48000,2,12078000,251.625,PCM_24,train
0742_민속악_민요,0742,민요,피리,피리,피리,관악,False,data/extracted/train/source/0742_민속악_민요/0742_민속악_민요_피리.wav,48000,2,12078000,251.625,PCM_24,train
0742_민속악_민요,0742,민요,해금,해금,해금,찰현,False,data/extracted/train/source/0742_민속악_민요/0742_민속악_민요_해금.wav,48000,2,12078000,251.625,PCM_24,train
0743_민속악_민요,0743,민요,가야금,가야금,가야금,발현,False,data/extracted/train/source/0743_민속악_민요/0743_민속악_민요_가야금.wav,48000,2,12104720,252.182,PCM_24,train
0743_민속악_민요,0743,민요,거문고,거문고,거문고,발현,False,data/extracted/train/source/0743_민속악_민요/0743_민속악_민요_거문고.wav,48000,2,12104720,252.182,PCM_24,train
0743_민속악_민요,0743,민요,대금,대금,대금,관악,False,data/extracted/train/source/0743_민속악_민요/0743_민속악_민요_대금.wav,48000,2,12104720,252.182,PCM_24,train
0743_민속악_민요,0743,민요,아쟁,아쟁,아쟁,찰현,False,data/extracted/train/source/0743_민속악_민요/0743_민속악_민요_아쟁.wav,48000,2,12104720,252.182,PCM_24,train
0743_민속악_민요,0743,민요,장구,장구,타악기,타악,False,data/extracted/train/source/0743_민속악_민요/0743_민속악_민요_장구.wav,48000,2,12104720,252.182,PCM_24,train
0743_민속악_민요,0743,민요,피리,피리,피리,관악,False,data/extracted/train/source/0743_민속악_민요/0743_민속악_민요_피리.wav,48000,2,12104720,252.182,PCM_24,train
0743_민속악_민요,0743,민요,해금,해금,해금,찰현,False,data/extracted/train/source/0743_민속악_민요/0743_민속악_민요_해금.wav,48000,2,12104720,252.182,PCM_24,train
0744_민속악_민요,0744,민요,가야금,가야금,가야금,발현,False,data/extracted/train/source/0744_민속악_민요/0744_민속악_민요_가야금.wav,48000,2,11849143,246.857,PCM_24,test
0744_민속악_민요,0744,민요,거문고,거문고,거문고,발현,False,data/extracted/train/source/0744_민속악_민요/0744_민속악_민요_거문고.wav,48000,2,11849143,246.857,PCM_24,test
0744_민속악_민요,0744,민요,대금,대금,대금,관악,False,data/extracted/train/source/0744_민속악_민요/0744_민속악_민요_대금.wav,48000,2,11849143,246.857,PCM_24,test
0744_민속악_민요,0744,민요,아쟁,아쟁,아쟁,찰현,False,data/extracted/train/source/0744_민속악_민요/0744_민속악_민요_아쟁.wav,48000,2,11849143,246.857,PCM_24,test
0744_민속악_민요,0744,민요,장구,장구,타악기,타악,False,data/extracted/train/source/0744_민속악_민요/0744_민속악_민요_장구.wav,48000,2,11849143,246.857,PCM_24,test
0744_민속악_민요,0744,민요,피리,피리,피리,관악,False,data/extracted/train/source/0744_민속악_민요/0744_민속악_민요_피리.wav,48000,2,11849143,246.857,PCM_24,test
0744_민속악_민요,0744,민요,해금,해금,해금,찰현,False,data/extracted/train/source/0744_민속악_민요/0744_민속악_민요_해금.wav,48000,2,11849143,246.857,PCM_24,test
0745_민속악_민요,0745,민요,가야금,가야금,가야금,발현,False,data/extracted/train/source/0745_민속악_민요/0745_민속악_민요_가야금.wav,48000,2,11849143,246.857,PCM_24,val
0745_민속악_민요,0745,민요,거문고,거문고,거문고,발현,False,data/extracted/train/source/0745_민속악_민요/0745_민속악_민요_거문고.wav,48000,2,11849143,246.857,PCM_24,val
0745_민속악_민요,0745,민요,대금,대금,대금,관악,False,data/extracted/train/source/0745_민속악_민요/0745_민속악_민요_대금.wav,48000,2,11849143,246.857,PCM_24,val
0745_민속악_민요,0745,민요,아쟁,아쟁,아쟁,찰현,False,data/extracted/train/source/0745_민속악_민요/0745_민속악_민요_아쟁.wav,48000,2,11849143,246.857,PCM_24,val
0745_민속악_민요,0745,민요,장구,장구,타악기,타악,False,data/extracted/train/source/0745_민속악_민요/0745_민속악_민요_장구.wav,48000,2,11849143,246.857,PCM_24,val
0745_민속악_민요,0745,민요,피리,피리,피리,관악,False,data/extracted/train/source/0745_민속악_민요/0745_민속악_민요_피리.wav,48000,2,11849143,246.857,PCM_24,val
0745_민속악_민요,0745,민요,해금,해금,해금,찰현,False,data/extracted/train/source/0745_민속악_민요/0745_민속악_민요_해금.wav,48000,2,11849143,246.857,PCM_24,val
0746_민속악_민요,0746,민요,가야금,가야금,가야금,발현,False,data/extracted/train/source/0746_민속악_민요/0746_민속악_민요_가야금.wav,48000,2,9874286,205.714,PCM_24,train
0746_민속악_민요,0746,민요,거문고,거문고,거문고,발현,False,data/extracted/train/source/0746_민속악_민요/0746_민속악_민요_거문고.wav,48000,2,9874286,205.714,PCM_24,train
0746_민속악_민요,0746,민요,대금,대금,대금,관악,False,data/extracted/train/source/0746_민속악_민요/0746_민속악_민요_대금.wav,48000,2,9874286,205.714,PCM_24,train
0746_민속악_민요,0746,민요,아쟁,아쟁,아쟁,찰현,False,data/extracted/train/source/0746_민속악_민요/0746_민속악_민요_아쟁.wav,48000,2,9874286,205.714,PCM_24,train
0746_민속악_민요,0746,민요,장구,장구,타악기,타악,False,data/extracted/train/source/0746_민속악_민요/0746_민속악_민요_장구.wav,48000,2,9874286,205.714,PCM_24,train
0746_민속악_민요,0746,민요,피리,피리,피리,관악,False,data/extracted/train/source/0746_민속악_민요/0746_민속악_민요_피리.wav,48000,2,9874286,205.714,PCM_24,train
0746_민속악_민요,0746,민요,해금,해금,해금,찰현,False,data/extracted/train/source/0746_민속악_민요/0746_민속악_민요_해금.wav,48000,2,9874286,205.714,PCM_24,train
0747_민속악_민요,0747,민요,가야금,가야금,가야금,발현,False,data/extracted/val/source/0747_민속악_민요/0747_민속악_민요_가야금.wav,48000,2,9874286,205.714,PCM_24,train
0747_민속악_민요,0747,민요,거문고,거문고,거문고,발현,False,data/extracted/val/source/0747_민속악_민요/0747_민속악_민요_거문고.wav,48000,2,9874286,205.714,PCM_24,train
0747_민속악_민요,0747,민요,대금,대금,대금,관악,False,data/extracted/val/source/0747_민속악_민요/0747_민속악_민요_대금.wav,48000,2,9874286,205.714,PCM_24,train
0747_민속악_민요,0747,민요,아쟁,아쟁,아쟁,찰현,False,data/extracted/val/source/0747_민속악_민요/0747_민속악_민요_아쟁.wav,48000,2,9874286,205.714,PCM_24,train
0747_민속악_민요,0747,민요,장구,장구,타악기,타악,False,data/extracted/val/source/0747_민속악_민요/0747_민속악_민요_장구.wav,48000,2,9874286,205.714,PCM_24,train
0747_민속악_민요,0747,민요,피리,피리,피리,관악,False,data/extracted/val/source/0747_민속악_민요/0747_민속악_민요_피리.wav,48000,2,9874286,205.714,PCM_24,train
0747_민속악_민요,0747,민요,해금,해금,해금,찰현,False,data/extracted/val/source/0747_민속악_민요/0747_민속악_민요_해금.wav,48000,2,9874286,205.714,PCM_24,train
0749_민속악_민요,0749,민요,가야금,가야금,가야금,발현,False,data/extracted/train/source/0749_민속악_민요/0749_민속악_민요_가야금.wav,48000,2,13824000,288.0,PCM_24,train
0749_민속악_민요,0749,민요,거문고,거문고,거문고,발현,False,data/extracted/train/source/0749_민속악_민요/0749_민속악_민요_거문고.wav,48000,2,13824000,288.0,PCM_24,train
0749_민속악_민요,0749,민요,대금,대금,대금,관악,False,data/extracted/train/source/0749_민속악_민요/0749_민속악_민요_대금.wav,48000,2,13824000,288.0,PCM_24,train
0749_민속악_민요,0749,민요,아쟁,아쟁,아쟁,찰현,False,data/extracted/train/source/0749_민속악_민요/0749_민속악_민요_아쟁.wav,48000,2,13824000,288.0,PCM_24,train
0749_민속악_민요,0749,민요,장구,장구,타악기,타악,False,data/extracted/train/source/0749_민속악_민요/0749_민속악_민요_장구.wav,48000,2,13824000,288.0,PCM_24,train
0749_민속악_민요,0749,민요,피리,피리,피리,관악,False,data/extracted/train/source/0749_민속악_민요/0749_민속악_민요_피리.wav,48000,2,13824000,288.0,PCM_24,train
0749_민속악_민요,0749,민요,해금,해금,해금,찰현,False,data/extracted/train/source/0749_민속악_민요/0749_민속악_민요_해금.wav,48000,2,13824000,288.0,PCM_24,train
0750_민속악_민요,0750,민요,가야금,가야금,가야금,발현,False,data/extracted/train/source/0750_민속악_민요/0750_민속악_민요_가야금.wav,48000,2,14515200,302.4,PCM_24,train
0750_민속악_민요,0750,민요,거문고,거문고,거문고,발현,False,data/extracted/train/source/0750_민속악_민요/0750_민속악_민요_거문고.wav,48000,2,14515200,302.4,PCM_24,train
0750_민속악_민요,0750,민요,대금,대금,대금,관악,False,data/extracted/train/source/0750_민속악_민요/0750_민속악_민요_대금.wav,48000,2,14515200,302.4,PCM_24,train
0750_민속악_민요,0750,민요,아쟁,아쟁,아쟁,찰현,False,data/extracted/train/source/0750_민속악_민요/0750_민속악_민요_아쟁.wav,48000,2,14515200,302.4,PCM_24,train
0750_민속악_민요,0750,민요,장구,장구,타악기,타악,False,data/extracted/train/source/0750_민속악_민요/0750_민속악_민요_장구.wav,48000,2,14515200,302.4,PCM_24,train
0750_민속악_민요,0750,민요,피리,피리,피리,관악,False,data/extracted/train/source/0750_민속악_민요/0750_민속악_민요_피리.wav,48000,2,14515200,302.4,PCM_24,train
0750_민속악_민요,0750,민요,해금,해금,해금,찰현,False,data/extracted/train/source/0750_민속악_민요/0750_민속악_민요_해금.wav,48000,2,14515200,302.4,PCM_24,train
0751_민속악_민요,0751,민요,가야금,가야금,가야금,발현,False,data/extracted/train/source/0751_민속악_민요/0751_민속악_민요_가야금.wav,48000,2,9853715,205.286,PCM_24,train
0751_민속악_민요,0751,민요,거문고,거문고,거문고,발현,False,data/extracted/train/source/0751_민속악_민요/0751_민속악_민요_거문고.wav,48000,2,9853715,205.286,PCM_24,train
0751_민속악_민요,0751,민요,대금,대금,대금,관악,False,data/extracted/train/source/0751_민속악_민요/0751_민속악_민요_대금.wav,48000,2,9853715,205.286,PCM_24,train
0751_민속악_민요,0751,민요,아쟁,아쟁,아쟁,찰현,False,data/extracted/train/source/0751_민속악_민요/0751_민속악_민요_아쟁.wav,48000,2,9853715,205.286,PCM_24,train
0751_민속악_민요,0751,민요,장구,장구,타악기,타악,False,data/extracted/train/source/0751_민속악_민요/0751_민속악_민요_장구.wav,48000,2,9853715,205.286,PCM_24,train
0751_민속악_민요,0751,민요,피리,피리,피리,관악,False,data/extracted/train/source/0751_민속악_민요/0751_민속악_민요_피리.wav,48000,2,9853715,205.286,PCM_24,train
0751_민속악_민요,0751,민요,해금,해금,해금,찰현,False,data/extracted/train/source/0751_민속악_민요/0751_민속악_민요_해금.wav,48000,2,9853715,205.286,PCM_24,train
0752_민속악_민요,0752,민요,가야금,가야금,가야금,발현,False,data/extracted/train/source/0752_민속악_민요/0752_민속악_민요_가야금.wav,48000,2,8640000,180.0,PCM_24,train
0752_민속악_민요,0752,민요,거문고,거문고,거문고,발현,False,data/extracted/train/source/0752_민속악_민요/0752_민속악_민요_거문고.wav,48000,2,8640000,180.0,PCM_24,train
0752_민속악_민요,0752,민요,대금,대금,대금,관악,False,data/extracted/train/source/0752_민속악_민요/0752_민속악_민요_대금.wav,48000,2,8640000,180.0,PCM_24,train
0752_민속악_민요,0752,민요,아쟁,아쟁,아쟁,찰현,False,data/extracted/train/source/0752_민속악_민요/0752_민속악_민요_아쟁.wav,48000,2,8640000,180.0,PCM_24,train
0752_민속악_민요,0752,민요,장구,장구,타악기,타악,False,data/extracted/train/source/0752_민속악_민요/0752_민속악_민요_장구.wav,48000,2,8640000,180.0,PCM_24,train
0752_민속악_민요,0752,민요,피리,피리,피리,관악,False,data/extracted/train/source/0752_민속악_민요/0752_민속악_민요_피리.wav,48000,2,8640000,180.0,PCM_24,train
0752_민속악_민요,0752,민요,해금,해금,해금,찰현,False,data/extracted/train/source/0752_민속악_민요/0752_민속악_민요_해금.wav,48000,2,8640000,180.0,PCM_24,train
0753_민속악_민요,0753,민요,가야금,가야금,가야금,발현,False,data/extracted/train/source/0753_민속악_민요/0753_민속악_민요_가야금.wav,48000,2,16128000,336.0,PCM_24,train
0753_민속악_민요,0753,민요,거문고,거문고,거문고,발현,False,data/extracted/train/source/0753_민속악_민요/0753_민속악_민요_거문고.wav,48000,2,16128000,336.0,PCM_24,train
0753_민속악_민요,0753,민요,대금,대금,대금,관악,False,data/extracted/train/source/0753_민속악_민요/0753_민속악_민요_대금.wav,48000,2,16128000,336.0,PCM_24,train
0753_민속악_민요,0753,민요,아쟁,아쟁,아쟁,찰현,False,data/extracted/train/source/0753_민속악_민요/0753_민속악_민요_아쟁.wav,48000,2,16128000,336.0,PCM_24,train
0753_민속악_민요,0753,민요,장구,장구,타악기,타악,False,data/extracted/train/source/0753_민속악_민요/0753_민속악_민요_장구.wav,48000,2,16128000,336.0,PCM_24,train
0753_민속악_민요,0753,민요,피리,피리,피리,관악,False,data/extracted/train/source/0753_민속악_민요/0753_민속악_민요_피리.wav,48000,2,16128000,336.0,PCM_24,train
0753_민속악_민요,0753,민요,해금,해금,해금,찰현,False,data/extracted/train/source/0753_민속악_민요/0753_민속악_민요_해금.wav,48000,2,16128000,336.0,PCM_24,train
0754_민속악_민요,0754,민요,가야금,가야금,가야금,발현,False,data/extracted/train/source/0754_민속악_민요/0754_민속악_민요_가야금.wav,48000,2,12096000,252.0,PCM_24,train
0754_민속악_민요,0754,민요,거문고,거문고,거문고,발현,False,data/extracted/train/source/0754_민속악_민요/0754_민속악_민요_거문고.wav,48000,2,12096000,252.0,PCM_24,train
0754_민속악_민요,0754,민요,대금,대금,대금,관악,False,data/extracted/train/source/0754_민속악_민요/0754_민속악_민요_대금.wav,48000,2,12096000,252.0,PCM_24,train
0754_민속악_민요,0754,민요,아쟁,아쟁,아쟁,찰현,False,data/extracted/train/source/0754_민속악_민요/0754_민속악_민요_아쟁.wav,48000,2,12096000,252.0,PCM_24,train
0754_민속악_민요,0754,민요,장구,장구,타악기,타악,False,data/extracted/train/source/0754_민속악_민요/0754_민속악_민요_장구.wav,48000,2,12096000,252.0,PCM_24,train
0754_민속악_민요,0754,민요,피리,피리,피리,관악,False,data/extracted/train/source/0754_민속악_민요/0754_민속악_민요_피리.wav,48000,2,12096000,252.0,PCM_24,train
0754_민속악_민요,0754,민요,해금,해금,해금,찰현,False,data/extracted/train/source/0754_민속악_민요/0754_민속악_민요_해금.wav,48000,2,12096000,252.0,PCM_24,train
0756_민속악_민요,0756,민요,가야금,가야금,가야금,발현,False,data/extracted/train/source/0756_민속악_민요/0756_민속악_민요_가야금.wav,48000,2,12096000,252.0,PCM_24,train
0756_민속악_민요,0756,민요,거문고,거문고,거문고,발현,False,data/extracted/train/source/0756_민속악_민요/0756_민속악_민요_거문고.wav,48000,2,12096000,252.0,PCM_24,train
0756_민속악_민요,0756,민요,대금,대금,대금,관악,False,data/extracted/train/source/0756_민속악_민요/0756_민속악_민요_대금.wav,48000,2,12096000,252.0,PCM_24,train
0756_민속악_민요,0756,민요,아쟁,아쟁,아쟁,찰현,False,data/extracted/train/source/0756_민속악_민요/0756_민속악_민요_아쟁.wav,48000,2,12096000,252.0,PCM_24,train
0756_민속악_민요,0756,민요,장구,장구,타악기,타악,False,data/extracted/train/source/0756_민속악_민요/0756_민속악_민요_장구.wav,48000,2,12096000,252.0,PCM_24,train
0756_민속악_민요,0756,민요,피리,피리,피리,관악,False,data/extracted/train/source/0756_민속악_민요/0756_민속악_민요_피리.wav,48000,2,12096000,252.0,PCM_24,train
0756_민속악_민요,0756,민요,해금,해금,해금,찰현,False,data/extracted/train/source/0756_민속악_민요/0756_민속악_민요_해금.wav,48000,2,12096000,252.0,PCM_24,train
0757_민속악_민요,0757,민요,가야금,가야금,가야금,발현,False,data/extracted/train/source/0757_민속악_민요/0757_민속악_민요_가야금.wav,48000,2,11520000,240.0,PCM_24,train
0757_민속악_민요,0757,민요,거문고,거문고,거문고,발현,False,data/extracted/train/source/0757_민속악_민요/0757_민속악_민요_거문고.wav,48000,2,11520000,240.0,PCM_24,train
0757_민속악_민요,0757,민요,대금,대금,대금,관악,False,data/extracted/train/source/0757_민속악_민요/0757_민속악_민요_대금.wav,48000,2,11520000,240.0,PCM_24,train
0757_민속악_민요,0757,민요,아쟁,아쟁,아쟁,찰현,False,data/extracted/train/source/0757_민속악_민요/0757_민속악_민요_아쟁.wav,48000,2,11520000,240.0,PCM_24,train
0757_민속악_민요,0757,민요,장구,장구,타악기,타악,False,data/extracted/train/source/0757_민속악_민요/0757_민속악_민요_장구.wav,48000,2,11520000,240.0,PCM_24,train
0757_민속악_민요,0757,민요,피리,피리,피리,관악,False,data/extracted/train/source/0757_민속악_민요/0757_민속악_민요_피리.wav,48000,2,11520000,240.0,PCM_24,train
0757_민속악_민요,0757,민요,해금,해금,해금,찰현,False,data/extracted/train/source/0757_민속악_민요/0757_민속악_민요_해금.wav,48000,2,11520000,240.0,PCM_24,train
0758_민속악_민요,0758,민요,가야금,가야금,가야금,발현,False,data/extracted/train/source/0758_민속악_민요/0758_민속악_민요_가야금.wav,48000,2,11232000,234.0,PCM_24,test
0758_민속악_민요,0758,민요,거문고,거문고,거문고,발현,False,data/extracted/train/source/0758_민속악_민요/0758_민속악_민요_거문고.wav,48000,2,11232000,234.0,PCM_24,test
0758_민속악_민요,0758,민요,대금,대금,대금,관악,False,data/extracted/train/source/0758_민속악_민요/0758_민속악_민요_대금.wav,48000,2,11232000,234.0,PCM_24,test
0758_민속악_민요,0758,민요,아쟁,아쟁,아쟁,찰현,False,data/extracted/train/source/0758_민속악_민요/0758_민속악_민요_아쟁.wav,48000,2,11232000,234.0,PCM_24,test
0758_민속악_민요,0758,민요,장구,장구,타악기,타악,False,data/extracted/train/source/0758_민속악_민요/0758_민속악_민요_장구.wav,48000,2,11232000,234.0,PCM_24,test
0758_민속악_민요,0758,민요,피리,피리,피리,관악,False,data/extracted/train/source/0758_민속악_민요/0758_민속악_민요_피리.wav,48000,2,11232000,234.0,PCM_24,test
0758_민속악_민요,0758,민요,해금,해금,해금,찰현,False,data/extracted/train/source/0758_민속악_민요/0758_민속악_민요_해금.wav,48000,2,11232000,234.0,PCM_24,test
0761_민속악_민요,0761,민요,가야금,가야금,가야금,발현,False,data/extracted/train/source/0761_민속악_민요/0761_민속악_민요_가야금.wav,48000,2,11520000,240.0,PCM_24,train
0761_민속악_민요,0761,민요,거문고,거문고,거문고,발현,False,data/extracted/train/source/0761_민속악_민요/0761_민속악_민요_거문고.wav,48000,2,11520000,240.0,PCM_24,train
0761_민속악_민요,0761,민요,대금,대금,대금,관악,False,data/extracted/train/source/0761_민속악_민요/0761_민속악_민요_대금.wav,48000,2,11520000,240.0,PCM_24,train
0761_민속악_민요,0761,민요,아쟁,아쟁,아쟁,찰현,False,data/extracted/train/source/0761_민속악_민요/0761_민속악_민요_아쟁.wav,48000,2,11520000,240.0,PCM_24,train
0761_민속악_민요,0761,민요,장구,장구,타악기,타악,False,data/extracted/train/source/0761_민속악_민요/0761_민속악_민요_장구.wav,48000,2,11520000,240.0,PCM_24,train
0761_민속악_민요,0761,민요,피리,피리,피리,관악,False,data/extracted/train/source/0761_민속악_민요/0761_민속악_민요_피리.wav,48000,2,11520000,240.0,PCM_24,train
0761_민속악_민요,0761,민요,해금,해금,해금,찰현,False,data/extracted/train/source/0761_민속악_민요/0761_민속악_민요_해금.wav,48000,2,11520000,240.0,PCM_24,train
0762_민속악_민요,0762,민요,가야금,가야금,가야금,발현,False,data/extracted/train/source/0762_민속악_민요/0762_민속악_민요_가야금.wav,48000,2,12960000,270.0,PCM_24,train
0762_민속악_민요,0762,민요,거문고,거문고,거문고,발현,False,data/extracted/train/source/0762_민속악_민요/0762_민속악_민요_거문고.wav,48000,2,12960000,270.0,PCM_24,train
0762_민속악_민요,0762,민요,대금,대금,대금,관악,False,data/extracted/train/source/0762_민속악_민요/0762_민속악_민요_대금.wav,48000,2,12960000,270.0,PCM_24,train
0762_민속악_민요,0762,민요,아쟁,아쟁,아쟁,찰현,False,data/extracted/train/source/0762_민속악_민요/0762_민속악_민요_아쟁.wav,48000,2,12960000,270.0,PCM_24,train
0762_민속악_민요,0762,민요,장구,장구,타악기,타악,False,data/extracted/train/source/0762_민속악_민요/0762_민속악_민요_장구.wav,48000,2,12960000,270.0,PCM_24,train
0762_민속악_민요,0762,민요,피리,피리,피리,관악,False,data/extracted/train/source/0762_민속악_민요/0762_민속악_민요_피리.wav,48000,2,12960000,270.0,PCM_24,train
0762_민속악_민요,0762,민요,해금,해금,해금,찰현,False,data/extracted/train/source/0762_민속악_민요/0762_민속악_민요_해금.wav,48000,2,12960000,270.0,PCM_24,train
0763_민속악_민요,0763,민요,가야금,가야금,가야금,발현,False,data/extracted/val/source/0763_민속악_민요/0763_민속악_민요_가야금.wav,48000,2,9676800,201.6,PCM_24,train
0763_민속악_민요,0763,민요,거문고,거문고,거문고,발현,False,data/extracted/val/source/0763_민속악_민요/0763_민속악_민요_거문고.wav,48000,2,9676800,201.6,PCM_24,train
0763_민속악_민요,0763,민요,대금,대금,대금,관악,False,data/extracted/val/source/0763_민속악_민요/0763_민속악_민요_대금.wav,48000,2,9676800,201.6,PCM_24,train
0763_민속악_민요,0763,민요,아쟁,아쟁,아쟁,찰현,False,data/extracted/val/source/0763_민속악_민요/0763_민속악_민요_아쟁.wav,48000,2,9676800,201.6,PCM_24,train
0763_민속악_민요,0763,민요,장구,장구,타악기,타악,False,data/extracted/val/source/0763_민속악_민요/0763_민속악_민요_장구.wav,48000,2,9676800,201.6,PCM_24,train
0763_민속악_민요,0763,민요,피리,피리,피리,관악,False,data/extracted/val/source/0763_민속악_민요/0763_민속악_민요_피리.wav,48000,2,9676800,201.6,PCM_24,train
0763_민속악_민요,0763,민요,해금,해금,해금,찰현,False,data/extracted/val/source/0763_민속악_민요/0763_민속악_민요_해금.wav,48000,2,9676800,201.6,PCM_24,train
0764_민속악_민요,0764,민요,가야금,가야금,가야금,발현,False,data/extracted/train/source/0764_민속악_민요/0764_민속악_민요_가야금.wav,48000,2,9676800,201.6,PCM_24,train
0764_민속악_민요,0764,민요,거문고,거문고,거문고,발현,False,data/extracted/train/source/0764_민속악_민요/0764_민속악_민요_거문고.wav,48000,2,9676800,201.6,PCM_24,train
0764_민속악_민요,0764,민요,대금,대금,대금,관악,False,data/extracted/train/source/0764_민속악_민요/0764_민속악_민요_대금.wav,48000,2,9676800,201.6,PCM_24,train
0764_민속악_민요,0764,민요,아쟁,아쟁,아쟁,찰현,False,data/extracted/train/source/0764_민속악_민요/0764_민속악_민요_아쟁.wav,48000,2,9676800,201.6,PCM_24,train
0764_민속악_민요,0764,민요,장구,장구,타악기,타악,False,data/extracted/train/source/0764_민속악_민요/0764_민속악_민요_장구.wav,48000,2,9676800,201.6,PCM_24,train
0764_민속악_민요,0764,민요,피리,피리,피리,관악,False,data/extracted/train/source/0764_민속악_민요/0764_민속악_민요_피리.wav,48000,2,9676800,201.6,PCM_24,train
0764_민속악_민요,0764,민요,해금,해금,해금,찰현,False,data/extracted/train/source/0764_민속악_민요/0764_민속악_민요_해금.wav,48000,2,9676800,201.6,PCM_24,train
0765_민속악_민요,0765,민요,가야금,가야금,가야금,발현,False,data/extracted/val/source/0765_민속악_민요/0765_민속악_민요_가야금.wav,48000,2,9676800,201.6,PCM_24,train
0765_민속악_민요,0765,민요,거문고,거문고,거문고,발현,False,data/extracted/val/source/0765_민속악_민요/0765_민속악_민요_거문고.wav,48000,2,9676800,201.6,PCM_24,train
0765_민속악_민요,0765,민요,대금,대금,대금,관악,False,data/extracted/val/source/0765_민속악_민요/0765_민속악_민요_대금.wav,48000,2,9676800,201.6,PCM_24,train
0765_민속악_민요,0765,민요,아쟁,아쟁,아쟁,찰현,False,data/extracted/val/source/0765_민속악_민요/0765_민속악_민요_아쟁.wav,48000,2,9676800,201.6,PCM_24,train
0765_민속악_민요,0765,민요,장구,장구,타악기,타악,False,data/extracted/val/source/0765_민속악_민요/0765_민속악_민요_장구.wav,48000,2,9676800,201.6,PCM_24,train
0765_민속악_민요,0765,민요,피리,피리,피리,관악,False,data/extracted/val/source/0765_민속악_민요/0765_민속악_민요_피리.wav,48000,2,9676800,201.6,PCM_24,train
0765_민속악_민요,0765,민요,해금,해금,해금,찰현,False,data/extracted/val/source/0765_민속악_민요/0765_민속악_민요_해금.wav,48000,2,9676800,201.6,PCM_24,train
0766_민속악_민요,0766,민요,가야금,가야금,가야금,발현,False,data/extracted/train/source/0766_민속악_민요/0766_민속악_민요_가야금.wav,48000,2,8441856,175.872,PCM_24,train
0766_민속악_민요,0766,민요,거문고,거문고,거문고,발현,False,data/extracted/train/source/0766_민속악_민요/0766_민속악_민요_거문고.wav,48000,2,8441856,175.872,PCM_24,train
0766_민속악_민요,0766,민요,대금,대금,대금,관악,False,data/extracted/train/source/0766_민속악_민요/0766_민속악_민요_대금.wav,48000,2,8441856,175.872,PCM_24,train
0766_민속악_민요,0766,민요,아쟁,아쟁,아쟁,찰현,False,data/extracted/train/source/0766_민속악_민요/0766_민속악_민요_아쟁.wav,48000,2,8441856,175.872,PCM_24,train
0766_민속악_민요,0766,민요,장구,장구,타악기,타악,False,data/extracted/train/source/0766_민속악_민요/0766_민속악_민요_장구.wav,48000,2,8441856,175.872,PCM_24,train
0766_민속악_민요,0766,민요,피리,피리,피리,관악,False,data/extracted/train/source/0766_민속악_민요/0766_민속악_민요_피리.wav,48000,2,8441856,175.872,PCM_24,train
0766_민속악_민요,0766,민요,해금,해금,해금,찰현,False,data/extracted/train/source/0766_민속악_민요/0766_민속악_민요_해금.wav,48000,2,8441856,175.872,PCM_24,train
0767_민속악_민요,0767,민요,가야금,가야금,가야금,발현,False,data/extracted/train/source/0767_민속악_민요/0767_민속악_민요_가야금.wav,48000,2,11059200,230.4,PCM_24,train
0767_민속악_민요,0767,민요,거문고,거문고,거문고,발현,False,data/extracted/train/source/0767_민속악_민요/0767_민속악_민요_거문고.wav,48000,2,11059200,230.4,PCM_24,train
0767_민속악_민요,0767,민요,대금,대금,대금,관악,False,data/extracted/train/source/0767_민속악_민요/0767_민속악_민요_대금.wav,48000,2,11059200,230.4,PCM_24,train
0767_민속악_민요,0767,민요,아쟁,아쟁,아쟁,찰현,False,data/extracted/train/source/0767_민속악_민요/0767_민속악_민요_아쟁.wav,48000,2,11059200,230.4,PCM_24,train
0767_민속악_민요,0767,민요,장구,장구,타악기,타악,False,data/extracted/train/source/0767_민속악_민요/0767_민속악_민요_장구.wav,48000,2,11059200,230.4,PCM_24,train
0767_민속악_민요,0767,민요,피리,피리,피리,관악,False,data/extracted/train/source/0767_민속악_민요/0767_민속악_민요_피리.wav,48000,2,11059200,230.4,PCM_24,train
0767_민속악_민요,0767,민요,해금,해금,해금,찰현,False,data/extracted/train/source/0767_민속악_민요/0767_민속악_민요_해금.wav,48000,2,11059200,230.4,PCM_24,train
0768_민속악_민요,0768,민요,가야금,가야금,가야금,발현,False,data/extracted/train/source/0768_민속악_민요/0768_민속악_민요_가야금.wav,48000,2,12441600,259.2,PCM_24,train
0768_민속악_민요,0768,민요,거문고,거문고,거문고,발현,False,data/extracted/train/source/0768_민속악_민요/0768_민속악_민요_거문고.wav,48000,2,12441600,259.2,PCM_24,train
0768_민속악_민요,0768,민요,대금,대금,대금,관악,False,data/extracted/train/source/0768_민속악_민요/0768_민속악_민요_대금.wav,48000,2,12441600,259.2,PCM_24,train
0768_민속악_민요,0768,민요,아쟁,아쟁,아쟁,찰현,False,data/extracted/train/source/0768_민속악_민요/0768_민속악_민요_아쟁.wav,48000,2,12441600,259.2,PCM_24,train
0768_민속악_민요,0768,민요,장구,장구,타악기,타악,False,data/extracted/train/source/0768_민속악_민요/0768_민속악_민요_장구.wav,48000,2,12441600,259.2,PCM_24,train
0768_민속악_민요,0768,민요,피리,피리,피리,관악,False,data/extracted/train/source/0768_민속악_민요/0768_민속악_민요_피리.wav,48000,2,12441600,259.2,PCM_24,train
0768_민속악_민요,0768,민요,해금,해금,해금,찰현,False,data/extracted/train/source/0768_민속악_민요/0768_민속악_민요_해금.wav,48000,2,12441600,259.2,PCM_24,train
0769_민속악_민요,0769,민요,가야금,가야금,가야금,발현,False,data/extracted/val/source/0769_민속악_민요/0769_민속악_민요_가야금.wav,48000,2,11059200,230.4,PCM_24,train
0769_민속악_민요,0769,민요,거문고,거문고,거문고,발현,False,data/extracted/val/source/0769_민속악_민요/0769_민속악_민요_거문고.wav,48000,2,11059200,230.4,PCM_24,train
0769_민속악_민요,0769,민요,대금,대금,대금,관악,False,data/extracted/val/source/0769_민속악_민요/0769_민속악_민요_대금.wav,48000,2,11059200,230.4,PCM_24,train
0769_민속악_민요,0769,민요,아쟁,아쟁,아쟁,찰현,False,data/extracted/val/source/0769_민속악_민요/0769_민속악_민요_아쟁.wav,48000,2,11059200,230.4,PCM_24,train
0769_민속악_민요,0769,민요,장구,장구,타악기,타악,False,data/extracted/val/source/0769_민속악_민요/0769_민속악_민요_장구.wav,48000,2,11059200,230.4,PCM_24,train
0769_민속악_민요,0769,민요,피리,피리,피리,관악,False,data/extracted/val/source/0769_민속악_민요/0769_민속악_민요_피리.wav,48000,2,11059200,230.4,PCM_24,train
0769_민속악_민요,0769,민요,해금,해금,해금,찰현,False,data/extracted/val/source/0769_민속악_민요/0769_민속악_민요_해금.wav,48000,2,11059200,230.4,PCM_24,train
0770_민속악_민요,0770,민요,가야금,가야금,가야금,발현,False,data/extracted/train/source/0770_민속악_민요/0770_민속악_민요_가야금.wav,48000,2,9072000,189.0,PCM_24,train
0770_민속악_민요,0770,민요,거문고,거문고,거문고,발현,False,data/extracted/train/source/0770_민속악_민요/0770_민속악_민요_거문고.wav,48000,2,9072000,189.0,PCM_24,train
0770_민속악_민요,0770,민요,대금,대금,대금,관악,False,data/extracted/train/source/0770_민속악_민요/0770_민속악_민요_대금.wav,48000,2,9072000,189.0,PCM_24,train
0770_민속악_민요,0770,민요,아쟁,아쟁,아쟁,찰현,False,data/extracted/train/source/0770_민속악_민요/0770_민속악_민요_아쟁.wav,48000,2,9072000,189.0,PCM_24,train
0770_민속악_민요,0770,민요,장구,장구,타악기,타악,False,data/extracted/train/source/0770_민속악_민요/0770_민속악_민요_장구.wav,48000,2,9072000,189.0,PCM_24,train
0770_민속악_민요,0770,민요,피리,피리,피리,관악,False,data/extracted/train/source/0770_민속악_민요/0770_민속악_민요_피리.wav,48000,2,9072000,189.0,PCM_24,train
0770_민속악_민요,0770,민요,해금,해금,해금,찰현,False,data/extracted/train/source/0770_민속악_민요/0770_민속악_민요_해금.wav,48000,2,9072000,189.0,PCM_24,train
0771_민속악_민요,0771,민요,가야금,가야금,가야금,발현,False,data/extracted/train/source/0771_민속악_민요/0771_민속악_민요_가야금.wav,48000,2,10368000,216.0,PCM_24,train
0771_민속악_민요,0771,민요,거문고,거문고,거문고,발현,False,data/extracted/train/source/0771_민속악_민요/0771_민속악_민요_거문고.wav,48000,2,10368000,216.0,PCM_24,train
0771_민속악_민요,0771,민요,대금,대금,대금,관악,False,data/extracted/train/source/0771_민속악_민요/0771_민속악_민요_대금.wav,48000,2,10368000,216.0,PCM_24,train
0771_민속악_민요,0771,민요,아쟁,아쟁,아쟁,찰현,False,data/extracted/train/source/0771_민속악_민요/0771_민속악_민요_아쟁.wav,48000,2,10368000,216.0,PCM_24,train
0771_민속악_민요,0771,민요,장구,장구,타악기,타악,False,data/extracted/train/source/0771_민속악_민요/0771_민속악_민요_장구.wav,48000,2,10368000,216.0,PCM_24,train
0771_민속악_민요,0771,민요,피리,피리,피리,관악,False,data/extracted/train/source/0771_민속악_민요/0771_민속악_민요_피리.wav,48000,2,10368000,216.0,PCM_24,train
0771_민속악_민요,0771,민요,해금,해금,해금,찰현,False,data/extracted/train/source/0771_민속악_민요/0771_민속악_민요_해금.wav,48000,2,10368000,216.0,PCM_24,train
0772_민속악_민요,0772,민요,가야금,가야금,가야금,발현,False,data/extracted/train/source/0772_민속악_민요/0772_민속악_민요_가야금.wav,48000,2,12960000,270.0,PCM_24,train
0772_민속악_민요,0772,민요,거문고,거문고,거문고,발현,False,data/extracted/train/source/0772_민속악_민요/0772_민속악_민요_거문고.wav,48000,2,12960000,270.0,PCM_24,train
0772_민속악_민요,0772,민요,대금,대금,대금,관악,False,data/extracted/train/source/0772_민속악_민요/0772_민속악_민요_대금.wav,48000,2,12960000,270.0,PCM_24,train
0772_민속악_민요,0772,민요,아쟁,아쟁,아쟁,찰현,False,data/extracted/train/source/0772_민속악_민요/0772_민속악_민요_아쟁.wav,48000,2,12960000,270.0,PCM_24,train
0772_민속악_민요,0772,민요,장구,장구,타악기,타악,False,data/extracted/train/source/0772_민속악_민요/0772_민속악_민요_장구.wav,48000,2,12960000,270.0,PCM_24,train
0772_민속악_민요,0772,민요,피리,피리,피리,관악,False,data/extracted/train/source/0772_민속악_민요/0772_민속악_민요_피리.wav,48000,2,12960000,270.0,PCM_24,train
0772_민속악_민요,0772,민요,해금,해금,해금,찰현,False,data/extracted/train/source/0772_민속악_민요/0772_민속악_민요_해금.wav,48000,2,12960000,270.0,PCM_24,train
0773_민속악_민요,0773,민요,가야금,가야금,가야금,발현,False,data/extracted/train/source/0773_민속악_민요/0773_민속악_민요_가야금.wav,48000,2,10368000,216.0,PCM_24,train
0773_민속악_민요,0773,민요,거문고,거문고,거문고,발현,False,data/extracted/train/source/0773_민속악_민요/0773_민속악_민요_거문고.wav,48000,2,10368000,216.0,PCM_24,train
0773_민속악_민요,0773,민요,대금,대금,대금,관악,False,data/extracted/train/source/0773_민속악_민요/0773_민속악_민요_대금.wav,48000,2,10368000,216.0,PCM_24,train
0773_민속악_민요,0773,민요,아쟁,아쟁,아쟁,찰현,False,data/extracted/train/source/0773_민속악_민요/0773_민속악_민요_아쟁.wav,48000,2,10368000,216.0,PCM_24,train
0773_민속악_민요,0773,민요,장구,장구,타악기,타악,False,data/extracted/train/source/0773_민속악_민요/0773_민속악_민요_장구.wav,48000,2,10368000,216.0,PCM_24,train
0773_민속악_민요,0773,민요,피리,피리,피리,관악,False,data/extracted/train/source/0773_민속악_민요/0773_민속악_민요_피리.wav,48000,2,10368000,216.0,PCM_24,train
0773_민속악_민요,0773,민요,해금,해금,해금,찰현,False,data/extracted/train/source/0773_민속악_민요/0773_민속악_민요_해금.wav,48000,2,10368000,216.0,PCM_24,train
0774_민속악_민요,0774,민요,가야금,가야금,가야금,발현,False,data/extracted/val/source/0774_민속악_민요/0774_민속악_민요_가야금.wav,48000,2,8424000,175.5,PCM_24,train
0774_민속악_민요,0774,민요,거문고,거문고,거문고,발현,False,data/extracted/val/source/0774_민속악_민요/0774_민속악_민요_거문고.wav,48000,2,8424000,175.5,PCM_24,train
0774_민속악_민요,0774,민요,대금,대금,대금,관악,False,data/extracted/val/source/0774_민속악_민요/0774_민속악_민요_대금.wav,48000,2,8424000,175.5,PCM_24,train
0774_민속악_민요,0774,민요,아쟁,아쟁,아쟁,찰현,False,data/extracted/val/source/0774_민속악_민요/0774_민속악_민요_아쟁.wav,48000,2,8424000,175.5,PCM_24,train
0774_민속악_민요,0774,민요,장구,장구,타악기,타악,False,data/extracted/val/source/0774_민속악_민요/0774_민속악_민요_장구.wav,48000,2,8424000,175.5,PCM_24,train
0774_민속악_민요,0774,민요,피리,피리,피리,관악,False,data/extracted/val/source/0774_민속악_민요/0774_민속악_민요_피리.wav,48000,2,8424000,175.5,PCM_24,train
0774_민속악_민요,0774,민요,해금,해금,해금,찰현,False,data/extracted/val/source/0774_민속악_민요/0774_민속악_민요_해금.wav,48000,2,8424000,175.5,PCM_24,train
0775_민속악_민요,0775,민요,가야금,가야금,가야금,발현,False,data/extracted/train/source/0775_민속악_민요/0775_민속악_민요_가야금.wav,48000,2,9425455,196.364,PCM_24,train
0775_민속악_민요,0775,민요,거문고,거문고,거문고,발현,False,data/extracted/train/source/0775_민속악_민요/0775_민속악_민요_거문고.wav,48000,2,9425455,196.364,PCM_24,train
0775_민속악_민요,0775,민요,대금,대금,대금,관악,False,data/extracted/train/source/0775_민속악_민요/0775_민속악_민요_대금.wav,48000,2,9425455,196.364,PCM_24,train
0775_민속악_민요,0775,민요,아쟁,아쟁,아쟁,찰현,False,data/extracted/train/source/0775_민속악_민요/0775_민속악_민요_아쟁.wav,48000,2,9425455,196.364,PCM_24,train
0775_민속악_민요,0775,민요,장구,장구,타악기,타악,False,data/extracted/train/source/0775_민속악_민요/0775_민속악_민요_장구.wav,48000,2,9425455,196.364,PCM_24,train
0775_민속악_민요,0775,민요,피리,피리,피리,관악,False,data/extracted/train/source/0775_민속악_민요/0775_민속악_민요_피리.wav,48000,2,9425455,196.364,PCM_24,train
0775_민속악_민요,0775,민요,해금,해금,해금,찰현,False,data/extracted/train/source/0775_민속악_민요/0775_민속악_민요_해금.wav,48000,2,9425455,196.364,PCM_24,train
0776_민속악_민요,0776,민요,가야금,가야금,가야금,발현,False,data/extracted/train/source/0776_민속악_민요/0776_민속악_민요_가야금.wav,48000,2,8294400,172.8,PCM_24,train
0776_민속악_민요,0776,민요,거문고,거문고,거문고,발현,False,data/extracted/train/source/0776_민속악_민요/0776_민속악_민요_거문고.wav,48000,2,8294400,172.8,PCM_24,train
0776_민속악_민요,0776,민요,대금,대금,대금,관악,False,data/extracted/train/source/0776_민속악_민요/0776_민속악_민요_대금.wav,48000,2,8294400,172.8,PCM_24,train
0776_민속악_민요,0776,민요,아쟁,아쟁,아쟁,찰현,False,data/extracted/train/source/0776_민속악_민요/0776_민속악_민요_아쟁.wav,48000,2,8294400,172.8,PCM_24,train
0776_민속악_민요,0776,민요,장구,장구,타악기,타악,False,data/extracted/train/source/0776_민속악_민요/0776_민속악_민요_장구.wav,48000,2,8294400,172.8,PCM_24,train
0776_민속악_민요,0776,민요,피리,피리,피리,관악,False,data/extracted/train/source/0776_민속악_민요/0776_민속악_민요_피리.wav,48000,2,8294400,172.8,PCM_24,train
0776_민속악_민요,0776,민요,해금,해금,해금,찰현,False,data/extracted/train/source/0776_민속악_민요/0776_민속악_민요_해금.wav,48000,2,8294400,172.8,PCM_24,train
0777_민속악_민요,0777,민요,가야금,가야금,가야금,발현,False,data/extracted/train/source/0777_민속악_민요/0777_민속악_민요_가야금.wav,48000,2,8294400,172.8,PCM_24,train
0777_민속악_민요,0777,민요,거문고,거문고,거문고,발현,False,data/extracted/train/source/0777_민속악_민요/0777_민속악_민요_거문고.wav,48000,2,8294400,172.8,PCM_24,train
0777_민속악_민요,0777,민요,대금,대금,대금,관악,False,data/extracted/train/source/0777_민속악_민요/0777_민속악_민요_대금.wav,48000,2,8294400,172.8,PCM_24,train
0777_민속악_민요,0777,민요,아쟁,아쟁,아쟁,찰현,False,data/extracted/train/source/0777_민속악_민요/0777_민속악_민요_아쟁.wav,48000,2,8294400,172.8,PCM_24,train
0777_민속악_민요,0777,민요,장구,장구,타악기,타악,False,data/extracted/train/source/0777_민속악_민요/0777_민속악_민요_장구.wav,48000,2,8294400,172.8,PCM_24,train
0777_민속악_민요,0777,민요,피리,피리,피리,관악,False,data/extracted/train/source/0777_민속악_민요/0777_민속악_민요_피리.wav,48000,2,8294400,172.8,PCM_24,train
0777_민속악_민요,0777,민요,해금,해금,해금,찰현,False,data/extracted/train/source/0777_민속악_민요/0777_민속악_민요_해금.wav,48000,2,8294400,172.8,PCM_24,train
0779_민속악_민요,0779,민요,가야금,가야금,가야금,발현,False,data/extracted/train/source/0779_민속악_민요/0779_민속악_민요_가야금.wav,48000,2,10972800,228.6,PCM_24,val
0779_민속악_민요,0779,민요,거문고,거문고,거문고,발현,False,data/extracted/train/source/0779_민속악_민요/0779_민속악_민요_거문고.wav,48000,2,10972800,228.6,PCM_24,val
0779_민속악_민요,0779,민요,대금,대금,대금,관악,False,data/extracted/train/source/0779_민속악_민요/0779_민속악_민요_대금.wav,48000,2,10972800,228.6,PCM_24,val
0779_민속악_민요,0779,민요,아쟁,아쟁,아쟁,찰현,False,data/extracted/train/source/0779_민속악_민요/0779_민속악_민요_아쟁.wav,48000,2,10972800,228.6,PCM_24,val
0779_민속악_민요,0779,민요,장구,장구,타악기,타악,False,data/extracted/train/source/0779_민속악_민요/0779_민속악_민요_장구.wav,48000,2,10972800,228.6,PCM_24,val
0779_민속악_민요,0779,민요,피리,피리,피리,관악,False,data/extracted/train/source/0779_민속악_민요/0779_민속악_민요_피리.wav,48000,2,10972800,228.6,PCM_24,val
0779_민속악_민요,0779,민요,해금,해금,해금,찰현,False,data/extracted/train/source/0779_민속악_민요/0779_민속악_민요_해금.wav,48000,2,10972800,228.6,PCM_24,val
0780_민속악_민요,0780,민요,가야금,가야금,가야금,발현,False,data/extracted/train/source/0780_민속악_민요/0780_민속악_민요_가야금.wav,48000,2,12096000,252.0,PCM_24,train
0780_민속악_민요,0780,민요,거문고,거문고,거문고,발현,False,data/extracted/train/source/0780_민속악_민요/0780_민속악_민요_거문고.wav,48000,2,12096000,252.0,PCM_24,train
0780_민속악_민요,0780,민요,대금,대금,대금,관악,False,data/extracted/train/source/0780_민속악_민요/0780_민속악_민요_대금.wav,48000,2,12096000,252.0,PCM_24,train
0780_민속악_민요,0780,민요,아쟁,아쟁,아쟁,찰현,False,data/extracted/train/source/0780_민속악_민요/0780_민속악_민요_아쟁.wav,48000,2,12096000,252.0,PCM_24,train
0780_민속악_민요,0780,민요,장구,장구,타악기,타악,False,data/extracted/train/source/0780_민속악_민요/0780_민속악_민요_장구.wav,48000,2,12096000,252.0,PCM_24,train
0780_민속악_민요,0780,민요,피리,피리,피리,관악,False,data/extracted/train/source/0780_민속악_민요/0780_민속악_민요_피리.wav,48000,2,12096000,252.0,PCM_24,train
0780_민속악_민요,0780,민요,해금,해금,해금,찰현,False,data/extracted/train/source/0780_민속악_민요/0780_민속악_민요_해금.wav,48000,2,12096000,252.0,PCM_24,train
0781_민속악_민요,0781,민요,가야금,가야금,가야금,발현,False,data/extracted/train/source/0781_민속악_민요/0781_민속악_민요_가야금.wav,48000,2,9425455,196.364,PCM_24,val
0781_민속악_민요,0781,민요,거문고,거문고,거문고,발현,False,data/extracted/train/source/0781_민속악_민요/0781_민속악_민요_거문고.wav,48000,2,9425455,196.364,PCM_24,val
0781_민속악_민요,0781,민요,대금,대금,대금,관악,False,data/extracted/train/source/0781_민속악_민요/0781_민속악_민요_대금.wav,48000,2,9425455,196.364,PCM_24,val
0781_민속악_민요,0781,민요,아쟁,아쟁,아쟁,찰현,False,data/extracted/train/source/0781_민속악_민요/0781_민속악_민요_아쟁.wav,48000,2,9425455,196.364,PCM_24,val
0781_민속악_민요,0781,민요,장구,장구,타악기,타악,False,data/extracted/train/source/0781_민속악_민요/0781_민속악_민요_장구.wav,48000,2,9425455,196.364,PCM_24,val
0781_민속악_민요,0781,민요,피리,피리,피리,관악,False,data/extracted/train/source/0781_민속악_민요/0781_민속악_민요_피리.wav,48000,2,9425455,196.364,PCM_24,val
0781_민속악_민요,0781,민요,해금,해금,해금,찰현,False,data/extracted/train/source/0781_민속악_민요/0781_민속악_민요_해금.wav,48000,2,9425455,196.364,PCM_24,val
0783_민속악_민요,0783,민요,가야금,가야금,가야금,발현,False,data/extracted/train/source/0783_민속악_민요/0783_민속악_민요_가야금.wav,48000,2,11849143,246.857,PCM_24,train
0783_민속악_민요,0783,민요,거문고,거문고,거문고,발현,False,data/extracted/train/source/0783_민속악_민요/0783_민속악_민요_거문고.wav,48000,2,11849143,246.857,PCM_24,train
0783_민속악_민요,0783,민요,대금,대금,대금,관악,False,data/extracted/train/source/0783_민속악_민요/0783_민속악_민요_대금.wav,48000,2,11849143,246.857,PCM_24,train
0783_민속악_민요,0783,민요,아쟁,아쟁,아쟁,찰현,False,data/extracted/train/source/0783_민속악_민요/0783_민속악_민요_아쟁.wav,48000,2,11849143,246.857,PCM_24,train
0783_민속악_민요,0783,민요,장구,장구,타악기,타악,False,data/extracted/train/source/0783_민속악_민요/0783_민속악_민요_장구.wav,48000,2,11849143,246.857,PCM_24,train
0783_민속악_민요,0783,민요,피리,피리,피리,관악,False,data/extracted/train/source/0783_민속악_민요/0783_민속악_민요_피리.wav,48000,2,11849143,246.857,PCM_24,train
0783_민속악_민요,0783,민요,해금,해금,해금,찰현,False,data/extracted/train/source/0783_민속악_민요/0783_민속악_민요_해금.wav,48000,2,11849143,246.857,PCM_24,train
0784_민속악_민요,0784,민요,가야금,가야금,가야금,발현,False,data/extracted/train/source/0784_민속악_민요/0784_민속악_민요_가야금.wav,48000,2,8208000,171.0,PCM_24,train
0784_민속악_민요,0784,민요,거문고,거문고,거문고,발현,False,data/extracted/train/source/0784_민속악_민요/0784_민속악_민요_거문고.wav,48000,2,8208000,171.0,PCM_24,train
0784_민속악_민요,0784,민요,대금,대금,대금,관악,False,data/extracted/train/source/0784_민속악_민요/0784_민속악_민요_대금.wav,48000,2,8208000,171.0,PCM_24,train
0784_민속악_민요,0784,민요,아쟁,아쟁,아쟁,찰현,False,data/extracted/train/source/0784_민속악_민요/0784_민속악_민요_아쟁.wav,48000,2,8208000,171.0,PCM_24,train
0784_민속악_민요,0784,민요,장구,장구,타악기,타악,False,data/extracted/train/source/0784_민속악_민요/0784_민속악_민요_장구.wav,48000,2,8208000,171.0,PCM_24,train
0784_민속악_민요,0784,민요,피리,피리,피리,관악,False,data/extracted/train/source/0784_민속악_민요/0784_민속악_민요_피리.wav,48000,2,8208000,171.0,PCM_24,train
0784_민속악_민요,0784,민요,해금,해금,해금,찰현,False,data/extracted/train/source/0784_민속악_민요/0784_민속악_민요_해금.wav,48000,2,8208000,171.0,PCM_24,train
0785_민속악_민요,0785,민요,가야금,가야금,가야금,발현,False,data/extracted/train/source/0785_민속악_민요/0785_민속악_민요_가야금.wav,48000,2,8294400,172.8,PCM_24,test
0785_민속악_민요,0785,민요,거문고,거문고,거문고,발현,False,data/extracted/train/source/0785_민속악_민요/0785_민속악_민요_거문고.wav,48000,2,8294400,172.8,PCM_24,test
0785_민속악_민요,0785,민요,대금,대금,대금,관악,False,data/extracted/train/source/0785_민속악_민요/0785_민속악_민요_대금.wav,48000,2,8294400,172.8,PCM_24,test
0785_민속악_민요,0785,민요,아쟁,아쟁,아쟁,찰현,False,data/extracted/train/source/0785_민속악_민요/0785_민속악_민요_아쟁.wav,48000,2,8294400,172.8,PCM_24,test
0785_민속악_민요,0785,민요,장구,장구,타악기,타악,False,data/extracted/train/source/0785_민속악_민요/0785_민속악_민요_장구.wav,48000,2,8294400,172.8,PCM_24,test
0785_민속악_민요,0785,민요,피리,피리,피리,관악,False,data/extracted/train/source/0785_민속악_민요/0785_민속악_민요_피리.wav,48000,2,8294400,172.8,PCM_24,test
0785_민속악_민요,0785,민요,해금,해금,해금,찰현,False,data/extracted/train/source/0785_민속악_민요/0785_민속악_민요_해금.wav,48000,2,8294400,172.8,PCM_24,test
0786_민속악_민요,0786,민요,가야금,가야금,가야금,발현,False,data/extracted/train/source/0786_민속악_민요/0786_민속악_민요_가야금.wav,48000,2,14317714,298.286,PCM_24,test
0786_민속악_민요,0786,민요,거문고,거문고,거문고,발현,False,data/extracted/train/source/0786_민속악_민요/0786_민속악_민요_거문고.wav,48000,2,14317714,298.286,PCM_24,test
0786_민속악_민요,0786,민요,대금,대금,대금,관악,False,data/extracted/train/source/0786_민속악_민요/0786_민속악_민요_대금.wav,48000,2,14317714,298.286,PCM_24,test
0786_민속악_민요,0786,민요,아쟁,아쟁,아쟁,찰현,False,data/extracted/train/source/0786_민속악_민요/0786_민속악_민요_아쟁.wav,48000,2,14317714,298.286,PCM_24,test
0786_민속악_민요,0786,민요,장구,장구,타악기,타악,False,data/extracted/train/source/0786_민속악_민요/0786_민속악_민요_장구.wav,48000,2,14317714,298.286,PCM_24,test
0786_민속악_민요,0786,민요,피리,피리,피리,관악,False,data/extracted/train/source/0786_민속악_민요/0786_민속악_민요_피리.wav,48000,2,14317714,298.286,PCM_24,test
0786_민속악_민요,0786,민요,해금,해금,해금,찰현,False,data/extracted/train/source/0786_민속악_민요/0786_민속악_민요_해금.wav,48000,2,14317714,298.286,PCM_24,test
0787_민속악_민요,0787,민요,가야금,가야금,가야금,발현,False,data/extracted/val/source/0787_민속악_민요/0787_민속악_민요_가야금.wav,48000,2,10368000,216.0,PCM_24,train
0787_민속악_민요,0787,민요,거문고,거문고,거문고,발현,False,data/extracted/val/source/0787_민속악_민요/0787_민속악_민요_거문고.wav,48000,2,10368000,216.0,PCM_24,train
0787_민속악_민요,0787,민요,대금,대금,대금,관악,False,data/extracted/val/source/0787_민속악_민요/0787_민속악_민요_대금.wav,48000,2,10368000,216.0,PCM_24,train
0787_민속악_민요,0787,민요,아쟁,아쟁,아쟁,찰현,False,data/extracted/val/source/0787_민속악_민요/0787_민속악_민요_아쟁.wav,48000,2,10368000,216.0,PCM_24,train
0787_민속악_민요,0787,민요,장구,장구,타악기,타악,False,data/extracted/val/source/0787_민속악_민요/0787_민속악_민요_장구.wav,48000,2,10368000,216.0,PCM_24,train
0787_민속악_민요,0787,민요,피리,피리,피리,관악,False,data/extracted/val/source/0787_민속악_민요/0787_민속악_민요_피리.wav,48000,2,10368000,216.0,PCM_24,train
0787_민속악_민요,0787,민요,해금,해금,해금,찰현,False,data/extracted/val/source/0787_민속악_민요/0787_민속악_민요_해금.wav,48000,2,10368000,216.0,PCM_24,train
0788_민속악_민요,0788,민요,가야금,가야금,가야금,발현,False,data/extracted/val/source/0788_민속악_민요/0788_민속악_민요_가야금.wav,48000,2,13248000,276.0,PCM_24,train
0788_민속악_민요,0788,민요,거문고,거문고,거문고,발현,False,data/extracted/val/source/0788_민속악_민요/0788_민속악_민요_거문고.wav,48000,2,13248000,276.0,PCM_24,train
0788_민속악_민요,0788,민요,대금,대금,대금,관악,False,data/extracted/val/source/0788_민속악_민요/0788_민속악_민요_대금.wav,48000,2,13248000,276.0,PCM_24,train
0788_민속악_민요,0788,민요,아쟁,아쟁,아쟁,찰현,False,data/extracted/val/source/0788_민속악_민요/0788_민속악_민요_아쟁.wav,48000,2,13248000,276.0,PCM_24,train
0788_민속악_민요,0788,민요,장구,장구,타악기,타악,False,data/extracted/val/source/0788_민속악_민요/0788_민속악_민요_장구.wav,48000,2,13248000,276.0,PCM_24,train
0788_민속악_민요,0788,민요,피리,피리,피리,관악,False,data/extracted/val/source/0788_민속악_민요/0788_민속악_민요_피리.wav,48000,2,13248000,276.0,PCM_24,train
0788_민속악_민요,0788,민요,해금,해금,해금,찰현,False,data/extracted/val/source/0788_민속악_민요/0788_민속악_민요_해금.wav,48000,2,13248000,276.0,PCM_24,train
0789_민속악_민요,0789,민요,가야금,가야금,가야금,발현,False,data/extracted/train/source/0789_민속악_민요/0789_민속악_민요_가야금.wav,48000,2,16200000,337.5,PCM_24,val
0789_민속악_민요,0789,민요,거문고,거문고,거문고,발현,False,data/extracted/train/source/0789_민속악_민요/0789_민속악_민요_거문고.wav,48000,2,16200000,337.5,PCM_24,val
0789_민속악_민요,0789,민요,대금,대금,대금,관악,False,data/extracted/train/source/0789_민속악_민요/0789_민속악_민요_대금.wav,48000,2,16200000,337.5,PCM_24,val
0789_민속악_민요,0789,민요,아쟁,아쟁,아쟁,찰현,False,data/extracted/train/source/0789_민속악_민요/0789_민속악_민요_아쟁.wav,48000,2,16200000,337.5,PCM_24,val
0789_민속악_민요,0789,민요,장구,장구,타악기,타악,False,data/extracted/train/source/0789_민속악_민요/0789_민속악_민요_장구.wav,48000,2,16200000,337.5,PCM_24,val
0789_민속악_민요,0789,민요,피리,피리,피리,관악,False,data/extracted/train/source/0789_민속악_민요/0789_민속악_민요_피리.wav,48000,2,16200000,337.5,PCM_24,val
0789_민속악_민요,0789,민요,해금,해금,해금,찰현,False,data/extracted/train/source/0789_민속악_민요/0789_민속악_민요_해금.wav,48000,2,16200000,337.5,PCM_24,val
0790_민속악_민요,0790,민요,가야금,가야금,가야금,발현,False,data/extracted/train/source/0790_민속악_민요/0790_민속악_민요_가야금.wav,48000,2,13145143,273.857,PCM_24,train
0790_민속악_민요,0790,민요,거문고,거문고,거문고,발현,False,data/extracted/train/source/0790_민속악_민요/0790_민속악_민요_거문고.wav,48000,2,13145143,273.857,PCM_24,train
0790_민속악_민요,0790,민요,대금,대금,대금,관악,False,data/extracted/train/source/0790_민속악_민요/0790_민속악_민요_대금.wav,48000,2,13145143,273.857,PCM_24,train
0790_민속악_민요,0790,민요,아쟁,아쟁,아쟁,찰현,False,data/extracted/train/source/0790_민속악_민요/0790_민속악_민요_아쟁.wav,48000,2,13145143,273.857,PCM_24,train
0790_민속악_민요,0790,민요,장구,장구,타악기,타악,False,data/extracted/train/source/0790_민속악_민요/0790_민속악_민요_장구.wav,48000,2,13145143,273.857,PCM_24,train
0790_민속악_민요,0790,민요,피리,피리,피리,관악,False,data/extracted/train/source/0790_민속악_민요/0790_민속악_민요_피리.wav,48000,2,13145143,273.857,PCM_24,train
0790_민속악_민요,0790,민요,해금,해금,해금,찰현,False,data/extracted/train/source/0790_민속악_민요/0790_민속악_민요_해금.wav,48000,2,13145143,273.857,PCM_24,train
0791_민속악_민요,0791,민요,가야금,가야금,가야금,발현,False,data/extracted/train/source/0791_민속악_민요/0791_민속악_민요_가야금.wav,48000,2,9979136,207.899,PCM_24,val
0791_민속악_민요,0791,민요,거문고,거문고,거문고,발현,False,data/extracted/train/source/0791_민속악_민요/0791_민속악_민요_거문고.wav,48000,2,9979136,207.899,PCM_24,val
0791_민속악_민요,0791,민요,대금,대금,대금,관악,False,data/extracted/train/source/0791_민속악_민요/0791_민속악_민요_대금.wav,48000,2,9979136,207.899,PCM_24,val
0791_민속악_민요,0791,민요,아쟁,아쟁,아쟁,찰현,False,data/extracted/train/source/0791_민속악_민요/0791_민속악_민요_아쟁.wav,48000,2,9979136,207.899,PCM_24,val
0791_민속악_민요,0791,민요,장구,장구,타악기,타악,False,data/extracted/train/source/0791_민속악_민요/0791_민속악_민요_장구.wav,48000,2,9979136,207.899,PCM_24,val
0791_민속악_민요,0791,민요,피리,피리,피리,관악,False,data/extracted/train/source/0791_민속악_민요/0791_민속악_민요_피리.wav,48000,2,9979136,207.899,PCM_24,val
0791_민속악_민요,0791,민요,해금,해금,해금,찰현,False,data/extracted/train/source/0791_민속악_민요/0791_민속악_민요_해금.wav,48000,2,9979136,207.899,PCM_24,val
0793_민속악_민요,0793,민요,가야금,가야금,가야금,발현,False,data/extracted/train/source/0793_민속악_민요/0793_민속악_민요_가야금.wav,48000,2,9612000,200.25,PCM_24,train
0793_민속악_민요,0793,민요,거문고,거문고,거문고,발현,False,data/extracted/train/source/0793_민속악_민요/0793_민속악_민요_거문고.wav,48000,2,9612000,200.25,PCM_24,train
0793_민속악_민요,0793,민요,대금,대금,대금,관악,False,data/extracted/train/source/0793_민속악_민요/0793_민속악_민요_대금.wav,48000,2,9612000,200.25,PCM_24,train
0793_민속악_민요,0793,민요,아쟁,아쟁,아쟁,찰현,False,data/extracted/train/source/0793_민속악_민요/0793_민속악_민요_아쟁.wav,48000,2,9612000,200.25,PCM_24,train
0793_민속악_민요,0793,민요,장구,장구,타악기,타악,False,data/extracted/train/source/0793_민속악_민요/0793_민속악_민요_장구.wav,48000,2,9612000,200.25,PCM_24,train
0793_민속악_민요,0793,민요,피리,피리,피리,관악,False,data/extracted/train/source/0793_민속악_민요/0793_민속악_민요_피리.wav,48000,2,9612000,200.25,PCM_24,train
0793_민속악_민요,0793,민요,해금,해금,해금,찰현,False,data/extracted/train/source/0793_민속악_민요/0793_민속악_민요_해금.wav,48000,2,9612000,200.25,PCM_24,train
0794_민속악_민요,0794,민요,가야금,가야금,가야금,발현,False,data/extracted/train/source/0794_민속악_민요/0794_민속악_민요_가야금.wav,48000,2,13121871,273.372,PCM_24,train
0794_민속악_민요,0794,민요,거문고,거문고,거문고,발현,False,data/extracted/train/source/0794_민속악_민요/0794_민속악_민요_거문고.wav,48000,2,13121871,273.372,PCM_24,train
0794_민속악_민요,0794,민요,대금,대금,대금,관악,False,data/extracted/train/source/0794_민속악_민요/0794_민속악_민요_대금.wav,48000,2,13121871,273.372,PCM_24,train
0794_민속악_민요,0794,민요,아쟁,아쟁,아쟁,찰현,False,data/extracted/train/source/0794_민속악_민요/0794_민속악_민요_아쟁.wav,48000,2,13121871,273.372,PCM_24,train
0794_민속악_민요,0794,민요,장구,장구,타악기,타악,False,data/extracted/train/source/0794_민속악_민요/0794_민속악_민요_장구.wav,48000,2,13121871,273.372,PCM_24,train
0794_민속악_민요,0794,민요,피리,피리,피리,관악,False,data/extracted/train/source/0794_민속악_민요/0794_민속악_민요_피리.wav,48000,2,13121871,273.372,PCM_24,train
0794_민속악_민요,0794,민요,해금,해금,해금,찰현,False,data/extracted/train/source/0794_민속악_민요/0794_민속악_민요_해금.wav,48000,2,13121871,273.372,PCM_24,train
0795_민속악_민요,0795,민요,가야금,가야금,가야금,발현,False,data/extracted/val/source/0795_민속악_민요/0795_민속악_민요_가야금.wav,48000,2,7435636,154.909,PCM_24,train
0795_민속악_민요,0795,민요,거문고,거문고,거문고,발현,False,data/extracted/val/source/0795_민속악_민요/0795_민속악_민요_거문고.wav,48000,2,7435636,154.909,PCM_24,train
0795_민속악_민요,0795,민요,대금,대금,대금,관악,False,data/extracted/val/source/0795_민속악_민요/0795_민속악_민요_대금.wav,48000,2,7435636,154.909,PCM_24,train
0795_민속악_민요,0795,민요,아쟁,아쟁,아쟁,찰현,False,data/extracted/val/source/0795_민속악_민요/0795_민속악_민요_아쟁.wav,48000,2,7435636,154.909,PCM_24,train
0795_민속악_민요,0795,민요,장구,장구,타악기,타악,False,data/extracted/val/source/0795_민속악_민요/0795_민속악_민요_장구.wav,48000,2,7435636,154.909,PCM_24,train
0795_민속악_민요,0795,민요,피리,피리,피리,관악,False,data/extracted/val/source/0795_민속악_민요/0795_민속악_민요_피리.wav,48000,2,7435636,154.909,PCM_24,train
0795_민속악_민요,0795,민요,해금,해금,해금,찰현,False,data/extracted/val/source/0795_민속악_민요/0795_민속악_민요_해금.wav,48000,2,7435636,154.909,PCM_24,train
0796_민속악_민요,0796,민요,가야금,가야금,가야금,발현,False,data/extracted/train/source/0796_민속악_민요/0796_민속악_민요_가야금.wav,48000,2,7553455,157.364,PCM_24,train
0796_민속악_민요,0796,민요,거문고,거문고,거문고,발현,False,data/extracted/train/source/0796_민속악_민요/0796_민속악_민요_거문고.wav,48000,2,7553455,157.364,PCM_24,train
0796_민속악_민요,0796,민요,대금,대금,대금,관악,False,data/extracted/train/source/0796_민속악_민요/0796_민속악_민요_대금.wav,48000,2,7553455,157.364,PCM_24,train
0796_민속악_민요,0796,민요,아쟁,아쟁,아쟁,찰현,False,data/extracted/train/source/0796_민속악_민요/0796_민속악_민요_아쟁.wav,48000,2,7553455,157.364,PCM_24,train
0796_민속악_민요,0796,민요,장구,장구,타악기,타악,False,data/extracted/train/source/0796_민속악_민요/0796_민속악_민요_장구.wav,48000,2,7553455,157.364,PCM_24,train
0796_민속악_민요,0796,민요,피리,피리,피리,관악,False,data/extracted/train/source/0796_민속악_민요/0796_민속악_민요_피리.wav,48000,2,7553455,157.364,PCM_24,train
0796_민속악_민요,0796,민요,해금,해금,해금,찰현,False,data/extracted/train/source/0796_민속악_민요/0796_민속악_민요_해금.wav,48000,2,7553455,157.364,PCM_24,train
0797_민속악_민요,0797,민요,가야금,가야금,가야금,발현,False,data/extracted/train/source/0797_민속악_민요/0797_민속악_민요_가야금.wav,48000,2,13219200,275.4,PCM_24,test
0797_민속악_민요,0797,민요,거문고,거문고,거문고,발현,False,data/extracted/train/source/0797_민속악_민요/0797_민속악_민요_거문고.wav,48000,2,13219200,275.4,PCM_24,test
0797_민속악_민요,0797,민요,대금,대금,대금,관악,False,data/extracted/train/source/0797_민속악_민요/0797_민속악_민요_대금.wav,48000,2,13219200,275.4,PCM_24,test
0797_민속악_민요,0797,민요,아쟁,아쟁,아쟁,찰현,False,data/extracted/train/source/0797_민속악_민요/0797_민속악_민요_아쟁.wav,48000,2,13219200,275.4,PCM_24,test
0797_민속악_민요,0797,민요,장구,장구,타악기,타악,False,data/extracted/train/source/0797_민속악_민요/0797_민속악_민요_장구.wav,48000,2,13219200,275.4,PCM_24,test
0797_민속악_민요,0797,민요,피리,피리,피리,관악,False,data/extracted/train/source/0797_민속악_민요/0797_민속악_민요_피리.wav,48000,2,13219200,275.4,PCM_24,test
0797_민속악_민요,0797,민요,해금,해금,해금,찰현,False,data/extracted/train/source/0797_민속악_민요/0797_민속악_민요_해금.wav,48000,2,13219200,275.4,PCM_24,test
0798_민속악_민요,0798,민요,가야금,가야금,가야금,발현,False,data/extracted/train/source/0798_민속악_민요/0798_민속악_민요_가야금.wav,48000,2,8294400,172.8,PCM_24,train
0798_민속악_민요,0798,민요,거문고,거문고,거문고,발현,False,data/extracted/train/source/0798_민속악_민요/0798_민속악_민요_거문고.wav,48000,2,8294400,172.8,PCM_24,train
0798_민속악_민요,0798,민요,대금,대금,대금,관악,False,data/extracted/train/source/0798_민속악_민요/0798_민속악_민요_대금.wav,48000,2,8294400,172.8,PCM_24,train
0798_민속악_민요,0798,민요,아쟁,아쟁,아쟁,찰현,False,data/extracted/train/source/0798_민속악_민요/0798_민속악_민요_아쟁.wav,48000,2,8294400,172.8,PCM_24,train
0798_민속악_민요,0798,민요,장구,장구,타악기,타악,False,data/extracted/train/source/0798_민속악_민요/0798_민속악_민요_장구.wav,48000,2,8294400,172.8,PCM_24,train
0798_민속악_민요,0798,민요,피리,피리,피리,관악,False,data/extracted/train/source/0798_민속악_민요/0798_민속악_민요_피리.wav,48000,2,8294400,172.8,PCM_24,train
0798_민속악_민요,0798,민요,해금,해금,해금,찰현,False,data/extracted/train/source/0798_민속악_민요/0798_민속악_민요_해금.wav,48000,2,8294400,172.8,PCM_24,train
0799_창작국악_창작국악,0799,창작국악,가야금,가야금,가야금,발현,False,data/extracted/train/source/0799_창작국악_창작국악/0799_창작국악_창작국악_가야금.wav,96000,2,31104000,324.0,PCM_24,train
0799_창작국악_창작국악,0799,창작국악,가야금2,가야금,가야금,발현,False,data/extracted/train/source/0799_창작국악_창작국악/0799_창작국악_창작국악_가야금2.wav,96000,2,31104000,324.0,PCM_24,train
0799_창작국악_창작국악,0799,창작국악,거문고,거문고,거문고,발현,False,data/extracted/train/source/0799_창작국악_창작국악/0799_창작국악_창작국악_거문고.wav,96000,2,31104000,324.0,PCM_24,train
0799_창작국악_창작국악,0799,창작국악,대고,대고,타악기,타악,False,data/extracted/train/source/0799_창작국악_창작국악/0799_창작국악_창작국악_대고.wav,96000,2,31104000,324.0,PCM_24,train
0799_창작국악_창작국악,0799,창작국악,대금,대금,대금,관악,False,data/extracted/train/source/0799_창작국악_창작국악/0799_창작국악_창작국악_대금.wav,96000,2,31104000,324.0,PCM_24,train
0799_창작국악_창작국악,0799,창작국악,북,북,타악기,타악,False,data/extracted/train/source/0799_창작국악_창작국악/0799_창작국악_창작국악_북.wav,96000,2,31104000,324.0,PCM_24,train
0799_창작국악_창작국악,0799,창작국악,소금,소금,기타,관악,False,data/extracted/train/source/0799_창작국악_창작국악/0799_창작국악_창작국악_소금.wav,96000,2,31104000,324.0,PCM_24,train
0799_창작국악_창작국악,0799,창작국악,아쟁,아쟁,아쟁,찰현,False,data/extracted/train/source/0799_창작국악_창작국악/0799_창작국악_창작국악_아쟁.wav,96000,2,31104000,324.0,PCM_24,train
0799_창작국악_창작국악,0799,창작국악,양금,양금,양금,발현,False,data/extracted/train/source/0799_창작국악_창작국악/0799_창작국악_창작국악_양금.wav,96000,2,31104000,324.0,PCM_24,train
0799_창작국악_창작국악,0799,창작국악,장구,장구,타악기,타악,False,data/extracted/train/source/0799_창작국악_창작국악/0799_창작국악_창작국악_장구.wav,96000,2,31104000,324.0,PCM_24,train
0799_창작국악_창작국악,0799,창작국악,피리,피리,피리,관악,False,data/extracted/train/source/0799_창작국악_창작국악/0799_창작국악_창작국악_피리.wav,96000,2,31104000,324.0,PCM_24,train
0799_창작국악_창작국악,0799,창작국악,해금,해금,해금,찰현,False,data/extracted/train/source/0799_창작국악_창작국악/0799_창작국악_창작국악_해금.wav,96000,2,31104000,324.0,PCM_24,train
0800_창작국악_창작국악,0800,창작국악,가야금,가야금,가야금,발현,False,data/extracted/train/source/0800_창작국악_창작국악/0800_창작국악_창작국악_가야금.wav,48000,2,3190154,66.462,PCM_24,train
0800_창작국악_창작국악,0800,창작국악,장구,장구,타악기,타악,False,data/extracted/train/source/0800_창작국악_창작국악/0800_창작국악_창작국악_장구.wav,48000,2,3190154,66.462,PCM_24,train
0801_창작국악_창작국악,0801,창작국악,가야금,가야금,가야금,발현,False,data/extracted/train/source/0801_창작국악_창작국악/0801_창작국악_창작국악_가야금.wav,48000,2,5846400,121.8,PCM_24,train
0801_창작국악_창작국악,0801,창작국악,장구,장구,타악기,타악,False,data/extracted/train/source/0801_창작국악_창작국악/0801_창작국악_창작국악_장구.wav,48000,2,5846400,121.8,PCM_24,train
0802_창작국악_창작국악,0802,창작국악,가야금,가야금,가야금,발현,False,data/extracted/train/source/0802_창작국악_창작국악/0802_창작국악_창작국악_가야금.wav,48000,2,7536000,157.0,PCM_24,train
0802_창작국악_창작국악,0802,창작국악,장구,장구,타악기,타악,False,data/extracted/train/source/0802_창작국악_창작국악/0802_창작국악_창작국악_장구.wav,48000,2,7536000,157.0,PCM_24,train
0803_창작국악_창작국악,0803,창작국악,가야금,가야금,가야금,발현,False,data/extracted/train/source/0803_창작국악_창작국악/0803_창작국악_창작국악_가야금.wav,48000,2,3196800,66.6,PCM_24,train
0803_창작국악_창작국악,0803,창작국악,장구,장구,타악기,타악,False,data/extracted/train/source/0803_창작국악_창작국악/0803_창작국악_창작국악_장구.wav,48000,2,3196800,66.6,PCM_24,train
0804_창작국악_창작국악,0804,창작국악,가야금,가야금,가야금,발현,False,data/extracted/train/source/0804_창작국악_창작국악/0804_창작국악_창작국악_가야금.wav,48000,2,7948800,165.6,PCM_24,train
0804_창작국악_창작국악,0804,창작국악,대금,대금,대금,관악,False,data/extracted/train/source/0804_창작국악_창작국악/0804_창작국악_창작국악_대금.wav,48000,2,7948800,165.6,PCM_24,train
0805_창작국악_창작국악,0805,창작국악,가야금,가야금,가야금,발현,False,data/extracted/train/source/0805_창작국악_창작국악/0805_창작국악_창작국악_가야금.wav,48000,2,8640000,180.0,PCM_24,train
0805_창작국악_창작국악,0805,창작국악,대금,대금,대금,관악,False,data/extracted/train/source/0805_창작국악_창작국악/0805_창작국악_창작국악_대금.wav,48000,2,8640000,180.0,PCM_24,train
0806_창작국악_창작국악,0806,창작국악,가야금,가야금,가야금,발현,False,data/extracted/train/source/0806_창작국악_창작국악/0806_창작국악_창작국악_가야금.wav,48000,2,3168000,66.0,PCM_24,train
0806_창작국악_창작국악,0806,창작국악,장구,장구,타악기,타악,False,data/extracted/train/source/0806_창작국악_창작국악/0806_창작국악_창작국악_장구.wav,48000,2,3168000,66.0,PCM_24,train
0807_창작국악_창작국악,0807,창작국악,가야금,가야금,가야금,발현,False,data/extracted/train/source/0807_창작국악_창작국악/0807_창작국악_창작국악_가야금.wav,48000,2,5760000,120.0,PCM_24,test
0807_창작국악_창작국악,0807,창작국악,장구,장구,타악기,타악,False,data/extracted/train/source/0807_창작국악_창작국악/0807_창작국악_창작국악_장구.wav,48000,2,5760000,120.0,PCM_24,test
0808_창작국악_창작국악,0808,창작국악,가야금,가야금,가야금,발현,False,data/extracted/train/source/0808_창작국악_창작국악/0808_창작국악_창작국악_가야금.wav,48000,2,6048000,126.0,PCM_24,train
0808_창작국악_창작국악,0808,창작국악,거문고,거문고,거문고,발현,False,data/extracted/train/source/0808_창작국악_창작국악/0808_창작국악_창작국악_거문고.wav,48000,2,6048000,126.0,PCM_24,train
0808_창작국악_창작국악,0808,창작국악,대금,대금,대금,관악,False,data/extracted/train/source/0808_창작국악_창작국악/0808_창작국악_창작국악_대금.wav,48000,2,6048000,126.0,PCM_24,train
0808_창작국악_창작국악,0808,창작국악,북,북,타악기,타악,False,data/extracted/train/source/0808_창작국악_창작국악/0808_창작국악_창작국악_북.wav,48000,2,6048000,126.0,PCM_24,train
0808_창작국악_창작국악,0808,창작국악,소금,소금,기타,관악,False,data/extracted/train/source/0808_창작국악_창작국악/0808_창작국악_창작국악_소금.wav,48000,2,6048000,126.0,PCM_24,train
0808_창작국악_창작국악,0808,창작국악,아쟁,아쟁,아쟁,찰현,False,data/extracted/train/source/0808_창작국악_창작국악/0808_창작국악_창작국악_아쟁.wav,48000,2,6048000,126.0,PCM_24,train
0808_창작국악_창작국악,0808,창작국악,장구,장구,타악기,타악,False,data/extracted/train/source/0808_창작국악_창작국악/0808_창작국악_창작국악_장구.wav,48000,2,6048000,126.0,PCM_24,train
0808_창작국악_창작국악,0808,창작국악,피리,피리,피리,관악,False,data/extracted/train/source/0808_창작국악_창작국악/0808_창작국악_창작국악_피리.wav,48000,2,6048000,126.0,PCM_24,train
0808_창작국악_창작국악,0808,창작국악,피리2,피리,피리,관악,False,data/extracted/train/source/0808_창작국악_창작국악/0808_창작국악_창작국악_피리2.wav,48000,2,6048000,126.0,PCM_24,train
0808_창작국악_창작국악,0808,창작국악,해금,해금,해금,찰현,False,data/extracted/train/source/0808_창작국악_창작국악/0808_창작국악_창작국악_해금.wav,48000,2,6048000,126.0,PCM_24,train
0809_창작국악_창작국악,0809,창작국악,가야금,가야금,가야금,발현,False,data/extracted/train/source/0809_창작국악_창작국악/0809_창작국악_창작국악_가야금.wav,48000,2,5376000,112.0,PCM_24,test
0809_창작국악_창작국악,0809,창작국악,거문고,거문고,거문고,발현,False,data/extracted/train/source/0809_창작국악_창작국악/0809_창작국악_창작국악_거문고.wav,48000,2,5376000,112.0,PCM_24,test
0809_창작국악_창작국악,0809,창작국악,대금,대금,대금,관악,False,data/extracted/train/source/0809_창작국악_창작국악/0809_창작국악_창작국악_대금.wav,48000,2,5376000,112.0,PCM_24,test
0809_창작국악_창작국악,0809,창작국악,북,북,타악기,타악,False,data/extracted/train/source/0809_창작국악_창작국악/0809_창작국악_창작국악_북.wav,48000,2,5376000,112.0,PCM_24,test
0809_창작국악_창작국악,0809,창작국악,소금,소금,기타,관악,False,data/extracted/train/source/0809_창작국악_창작국악/0809_창작국악_창작국악_소금.wav,48000,2,5376000,112.0,PCM_24,test
0809_창작국악_창작국악,0809,창작국악,아쟁,아쟁,아쟁,찰현,False,data/extracted/train/source/0809_창작국악_창작국악/0809_창작국악_창작국악_아쟁.wav,48000,2,5376000,112.0,PCM_24,test
0809_창작국악_창작국악,0809,창작국악,장구,장구,타악기,타악,False,data/extracted/train/source/0809_창작국악_창작국악/0809_창작국악_창작국악_장구.wav,48000,2,5376000,112.0,PCM_24,test
0809_창작국악_창작국악,0809,창작국악,피리,피리,피리,관악,False,data/extracted/train/source/0809_창작국악_창작국악/0809_창작국악_창작국악_피리.wav,48000,2,5376000,112.0,PCM_24,test
0809_창작국악_창작국악,0809,창작국악,피리2,피리,피리,관악,False,data/extracted/train/source/0809_창작국악_창작국악/0809_창작국악_창작국악_피리2.wav,48000,2,5376000,112.0,PCM_24,test
0809_창작국악_창작국악,0809,창작국악,해금,해금,해금,찰현,False,data/extracted/train/source/0809_창작국악_창작국악/0809_창작국악_창작국악_해금.wav,48000,2,5376000,112.0,PCM_24,test
0810_창작국악_창작국악,0810,창작국악,가야금,가야금,가야금,발현,False,data/extracted/train/source/0810_창작국악_창작국악/0810_창작국악_창작국악_가야금.wav,96000,2,31853870,331.811,PCM_24,train
0810_창작국악_창작국악,0810,창작국악,거문고,거문고,거문고,발현,False,data/extracted/train/source/0810_창작국악_창작국악/0810_창작국악_창작국악_거문고.wav,96000,2,31853870,331.811,PCM_24,train
0810_창작국악_창작국악,0810,창작국악,대금,대금,대금,관악,False,data/extracted/train/source/0810_창작국악_창작국악/0810_창작국악_창작국악_대금.wav,96000,2,31853870,331.811,PCM_24,train
0810_창작국악_창작국악,0810,창작국악,북,북,타악기,타악,False,data/extracted/train/source/0810_창작국악_창작국악/0810_창작국악_창작국악_북.wav,96000,2,31853870,331.811,PCM_24,train
0810_창작국악_창작국악,0810,창작국악,소금,소금,기타,관악,False,data/extracted/train/source/0810_창작국악_창작국악/0810_창작국악_창작국악_소금.wav,96000,2,31853870,331.811,PCM_24,train
0810_창작국악_창작국악,0810,창작국악,아쟁,아쟁,아쟁,찰현,False,data/extracted/train/source/0810_창작국악_창작국악/0810_창작국악_창작국악_아쟁.wav,96000,2,31853870,331.811,PCM_24,train
0810_창작국악_창작국악,0810,창작국악,장구,장구,타악기,타악,False,data/extracted/train/source/0810_창작국악_창작국악/0810_창작국악_창작국악_장구.wav,96000,2,31853870,331.811,PCM_24,train
0810_창작국악_창작국악,0810,창작국악,피리,피리,피리,관악,False,data/extracted/train/source/0810_창작국악_창작국악/0810_창작국악_창작국악_피리.wav,96000,2,31853870,331.811,PCM_24,train
0810_창작국악_창작국악,0810,창작국악,피리2,피리,피리,관악,False,data/extracted/train/source/0810_창작국악_창작국악/0810_창작국악_창작국악_피리2.wav,96000,2,31853870,331.811,PCM_24,train
0810_창작국악_창작국악,0810,창작국악,해금,해금,해금,찰현,False,data/extracted/train/source/0810_창작국악_창작국악/0810_창작국악_창작국악_해금.wav,96000,2,31853870,331.811,PCM_24,train
0811_창작국악_창작국악,0811,창작국악,가야금,가야금,가야금,발현,False,data/extracted/train/source/0811_창작국악_창작국악/0811_창작국악_창작국악_가야금.wav,96000,2,32256000,336.0,PCM_24,val
0811_창작국악_창작국악,0811,창작국악,거문고,거문고,거문고,발현,False,data/extracted/train/source/0811_창작국악_창작국악/0811_창작국악_창작국악_거문고.wav,96000,2,32256000,336.0,PCM_24,val
0811_창작국악_창작국악,0811,창작국악,대금,대금,대금,관악,False,data/extracted/train/source/0811_창작국악_창작국악/0811_창작국악_창작국악_대금.wav,96000,2,32256000,336.0,PCM_24,val
0811_창작국악_창작국악,0811,창작국악,북,북,타악기,타악,False,data/extracted/train/source/0811_창작국악_창작국악/0811_창작국악_창작국악_북.wav,96000,2,32256000,336.0,PCM_24,val
0811_창작국악_창작국악,0811,창작국악,소금,소금,기타,관악,False,data/extracted/train/source/0811_창작국악_창작국악/0811_창작국악_창작국악_소금.wav,96000,2,32256000,336.0,PCM_24,val
0811_창작국악_창작국악,0811,창작국악,아쟁,아쟁,아쟁,찰현,False,data/extracted/train/source/0811_창작국악_창작국악/0811_창작국악_창작국악_아쟁.wav,96000,2,32256000,336.0,PCM_24,val
0811_창작국악_창작국악,0811,창작국악,장구,장구,타악기,타악,False,data/extracted/train/source/0811_창작국악_창작국악/0811_창작국악_창작국악_장구.wav,96000,2,32256000,336.0,PCM_24,val
0811_창작국악_창작국악,0811,창작국악,피리,피리,피리,관악,False,data/extracted/train/source/0811_창작국악_창작국악/0811_창작국악_창작국악_피리.wav,96000,2,32256000,336.0,PCM_24,val
0811_창작국악_창작국악,0811,창작국악,피리2,피리,피리,관악,False,data/extracted/train/source/0811_창작국악_창작국악/0811_창작국악_창작국악_피리2.wav,96000,2,32256000,336.0,PCM_24,val
0811_창작국악_창작국악,0811,창작국악,해금,해금,해금,찰현,False,data/extracted/train/source/0811_창작국악_창작국악/0811_창작국악_창작국악_해금.wav,96000,2,32256000,336.0,PCM_24,val
0812_창작국악_창작국악,0812,창작국악,가야금,가야금,가야금,발현,False,data/extracted/val/source/0812_창작국악_창작국악/0812_창작국악_창작국악_가야금.wav,48000,2,9648000,201.0,PCM_24,train
0812_창작국악_창작국악,0812,창작국악,거문고,거문고,거문고,발현,False,data/extracted/val/source/0812_창작국악_창작국악/0812_창작국악_창작국악_거문고.wav,48000,2,9648000,201.0,PCM_24,train
0812_창작국악_창작국악,0812,창작국악,대고,대고,타악기,타악,False,data/extracted/val/source/0812_창작국악_창작국악/0812_창작국악_창작국악_대고.wav,48000,2,9648000,201.0,PCM_24,train
0812_창작국악_창작국악,0812,창작국악,대금,대금,대금,관악,False,data/extracted/val/source/0812_창작국악_창작국악/0812_창작국악_창작국악_대금.wav,48000,2,9648000,201.0,PCM_24,train
0812_창작국악_창작국악,0812,창작국악,목탁,목탁,타악기,타악,False,data/extracted/val/source/0812_창작국악_창작국악/0812_창작국악_창작국악_목탁.wav,48000,2,9648000,201.0,PCM_24,train
0812_창작국악_창작국악,0812,창작국악,바라,바라,타악기,타악,False,data/extracted/val/source/0812_창작국악_창작국악/0812_창작국악_창작국악_바라.wav,48000,2,9648000,201.0,PCM_24,train
0812_창작국악_창작국악,0812,창작국악,소금,소금,기타,관악,False,data/extracted/val/source/0812_창작국악_창작국악/0812_창작국악_창작국악_소금.wav,48000,2,9648000,201.0,PCM_24,train
0812_창작국악_창작국악,0812,창작국악,아쟁,아쟁,아쟁,찰현,False,data/extracted/val/source/0812_창작국악_창작국악/0812_창작국악_창작국악_아쟁.wav,48000,2,9648000,201.0,PCM_24,train
0812_창작국악_창작국악,0812,창작국악,아쟁2,아쟁,아쟁,찰현,False,data/extracted/val/source/0812_창작국악_창작국악/0812_창작국악_창작국악_아쟁2.wav,48000,2,9648000,201.0,PCM_24,train
0812_창작국악_창작국악,0812,창작국악,양금,양금,양금,발현,False,data/extracted/val/source/0812_창작국악_창작국악/0812_창작국악_창작국악_양금.wav,48000,2,9648000,201.0,PCM_24,train
0812_창작국악_창작국악,0812,창작국악,장구,장구,타악기,타악,False,data/extracted/val/source/0812_창작국악_창작국악/0812_창작국악_창작국악_장구.wav,48000,2,9648000,201.0,PCM_24,train
0812_창작국악_창작국악,0812,창작국악,피리,피리,피리,관악,False,data/extracted/val/source/0812_창작국악_창작국악/0812_창작국악_창작국악_피리.wav,48000,2,9648000,201.0,PCM_24,train
0812_창작국악_창작국악,0812,창작국악,해금,해금,해금,찰현,False,data/extracted/val/source/0812_창작국악_창작국악/0812_창작국악_창작국악_해금.wav,48000,2,9648000,201.0,PCM_24,train
0813_창작국악_창작국악,0813,창작국악,가야금,가야금,가야금,발현,False,data/extracted/train/source/0813_창작국악_창작국악/0813_창작국악_창작국악_가야금.wav,48000,2,4377600,91.2,PCM_24,train
0813_창작국악_창작국악,0813,창작국악,거문고,거문고,거문고,발현,False,data/extracted/train/source/0813_창작국악_창작국악/0813_창작국악_창작국악_거문고.wav,48000,2,4377600,91.2,PCM_24,train
0813_창작국악_창작국악,0813,창작국악,대고,대고,타악기,타악,False,data/extracted/train/source/0813_창작국악_창작국악/0813_창작국악_창작국악_대고.wav,48000,2,4377600,91.2,PCM_24,train
0813_창작국악_창작국악,0813,창작국악,대금,대금,대금,관악,False,data/extracted/train/source/0813_창작국악_창작국악/0813_창작국악_창작국악_대금.wav,48000,2,4377600,91.2,PCM_24,train
0813_창작국악_창작국악,0813,창작국악,목탁,목탁,타악기,타악,False,data/extracted/train/source/0813_창작국악_창작국악/0813_창작국악_창작국악_목탁.wav,48000,2,4377600,91.2,PCM_24,train
0813_창작국악_창작국악,0813,창작국악,바라,바라,타악기,타악,False,data/extracted/train/source/0813_창작국악_창작국악/0813_창작국악_창작국악_바라.wav,48000,2,4377600,91.2,PCM_24,train
0813_창작국악_창작국악,0813,창작국악,소금,소금,기타,관악,False,data/extracted/train/source/0813_창작국악_창작국악/0813_창작국악_창작국악_소금.wav,48000,2,4377600,91.2,PCM_24,train
0813_창작국악_창작국악,0813,창작국악,아쟁,아쟁,아쟁,찰현,False,data/extracted/train/source/0813_창작국악_창작국악/0813_창작국악_창작국악_아쟁.wav,48000,2,4377600,91.2,PCM_24,train
0813_창작국악_창작국악,0813,창작국악,아쟁2,아쟁,아쟁,찰현,False,data/extracted/train/source/0813_창작국악_창작국악/0813_창작국악_창작국악_아쟁2.wav,48000,2,4377600,91.2,PCM_24,train
0813_창작국악_창작국악,0813,창작국악,양금,양금,양금,발현,False,data/extracted/train/source/0813_창작국악_창작국악/0813_창작국악_창작국악_양금.wav,48000,2,4377600,91.2,PCM_24,train
0813_창작국악_창작국악,0813,창작국악,장구,장구,타악기,타악,False,data/extracted/train/source/0813_창작국악_창작국악/0813_창작국악_창작국악_장구.wav,48000,2,4377600,91.2,PCM_24,train
0813_창작국악_창작국악,0813,창작국악,피리,피리,피리,관악,False,data/extracted/train/source/0813_창작국악_창작국악/0813_창작국악_창작국악_피리.wav,48000,2,4377600,91.2,PCM_24,train
0813_창작국악_창작국악,0813,창작국악,해금,해금,해금,찰현,False,data/extracted/train/source/0813_창작국악_창작국악/0813_창작국악_창작국악_해금.wav,48000,2,4377600,91.2,PCM_24,train
0814_창작국악_창작국악,0814,창작국악,가야금,가야금,가야금,발현,False,data/extracted/train/source/0814_창작국악_창작국악/0814_창작국악_창작국악_가야금.wav,48000,2,7056000,147.0,PCM_24,test
0814_창작국악_창작국악,0814,창작국악,거문고,거문고,거문고,발현,False,data/extracted/train/source/0814_창작국악_창작국악/0814_창작국악_창작국악_거문고.wav,48000,2,7056000,147.0,PCM_24,test
0814_창작국악_창작국악,0814,창작국악,대고,대고,타악기,타악,False,data/extracted/train/source/0814_창작국악_창작국악/0814_창작국악_창작국악_대고.wav,48000,2,7056000,147.0,PCM_24,test
0814_창작국악_창작국악,0814,창작국악,대금,대금,대금,관악,False,data/extracted/train/source/0814_창작국악_창작국악/0814_창작국악_창작국악_대금.wav,48000,2,7056000,147.0,PCM_24,test
0814_창작국악_창작국악,0814,창작국악,목탁,목탁,타악기,타악,False,data/extracted/train/source/0814_창작국악_창작국악/0814_창작국악_창작국악_목탁.wav,48000,2,7056000,147.0,PCM_24,test
0814_창작국악_창작국악,0814,창작국악,바라,바라,타악기,타악,False,data/extracted/train/source/0814_창작국악_창작국악/0814_창작국악_창작국악_바라.wav,48000,2,7056000,147.0,PCM_24,test
0814_창작국악_창작국악,0814,창작국악,소금,소금,기타,관악,False,data/extracted/train/source/0814_창작국악_창작국악/0814_창작국악_창작국악_소금.wav,48000,2,7056000,147.0,PCM_24,test
0814_창작국악_창작국악,0814,창작국악,아쟁,아쟁,아쟁,찰현,False,data/extracted/train/source/0814_창작국악_창작국악/0814_창작국악_창작국악_아쟁.wav,48000,2,7056000,147.0,PCM_24,test
0814_창작국악_창작국악,0814,창작국악,아쟁2,아쟁,아쟁,찰현,False,data/extracted/train/source/0814_창작국악_창작국악/0814_창작국악_창작국악_아쟁2.wav,48000,2,7056000,147.0,PCM_24,test
0814_창작국악_창작국악,0814,창작국악,양금,양금,양금,발현,False,data/extracted/train/source/0814_창작국악_창작국악/0814_창작국악_창작국악_양금.wav,48000,2,7056000,147.0,PCM_24,test
0814_창작국악_창작국악,0814,창작국악,장구,장구,타악기,타악,False,data/extracted/train/source/0814_창작국악_창작국악/0814_창작국악_창작국악_장구.wav,48000,2,7056000,147.0,PCM_24,test
0814_창작국악_창작국악,0814,창작국악,피리,피리,피리,관악,False,data/extracted/train/source/0814_창작국악_창작국악/0814_창작국악_창작국악_피리.wav,48000,2,7056000,147.0,PCM_24,test
0814_창작국악_창작국악,0814,창작국악,해금,해금,해금,찰현,False,data/extracted/train/source/0814_창작국악_창작국악/0814_창작국악_창작국악_해금.wav,48000,2,7056000,147.0,PCM_24,test
0815_창작국악_창작국악,0815,창작국악,가야금,가야금,가야금,발현,False,data/extracted/train/source/0815_창작국악_창작국악/0815_창작국악_창작국악_가야금.wav,96000,2,28876800,300.8,PCM_24,train
0815_창작국악_창작국악,0815,창작국악,거문고,거문고,거문고,발현,False,data/extracted/train/source/0815_창작국악_창작국악/0815_창작국악_창작국악_거문고.wav,96000,2,28876800,300.8,PCM_24,train
0815_창작국악_창작국악,0815,창작국악,대고,대고,타악기,타악,False,data/extracted/train/source/0815_창작국악_창작국악/0815_창작국악_창작국악_대고.wav,96000,2,28876800,300.8,PCM_24,train
0815_창작국악_창작국악,0815,창작국악,대금,대금,대금,관악,False,data/extracted/train/source/0815_창작국악_창작국악/0815_창작국악_창작국악_대금.wav,96000,2,28876800,300.8,PCM_24,train
0815_창작국악_창작국악,0815,창작국악,목탁,목탁,타악기,타악,False,data/extracted/train/source/0815_창작국악_창작국악/0815_창작국악_창작국악_목탁.wav,96000,2,28876800,300.8,PCM_24,train
0815_창작국악_창작국악,0815,창작국악,소금,소금,기타,관악,False,data/extracted/train/source/0815_창작국악_창작국악/0815_창작국악_창작국악_소금.wav,96000,2,28876800,300.8,PCM_24,train
0815_창작국악_창작국악,0815,창작국악,아쟁,아쟁,아쟁,찰현,False,data/extracted/train/source/0815_창작국악_창작국악/0815_창작국악_창작국악_아쟁.wav,96000,2,28876800,300.8,PCM_24,train
0815_창작국악_창작국악,0815,창작국악,아쟁2,아쟁,아쟁,찰현,False,data/extracted/train/source/0815_창작국악_창작국악/0815_창작국악_창작국악_아쟁2.wav,96000,2,28876800,300.8,PCM_24,train
0815_창작국악_창작국악,0815,창작국악,양금,양금,양금,발현,False,data/extracted/train/source/0815_창작국악_창작국악/0815_창작국악_창작국악_양금.wav,96000,2,28876800,300.8,PCM_24,train
0815_창작국악_창작국악,0815,창작국악,장구,장구,타악기,타악,False,data/extracted/train/source/0815_창작국악_창작국악/0815_창작국악_창작국악_장구.wav,96000,2,28876800,300.8,PCM_24,train
0815_창작국악_창작국악,0815,창작국악,피리,피리,피리,관악,False,data/extracted/train/source/0815_창작국악_창작국악/0815_창작국악_창작국악_피리.wav,96000,2,28876800,300.8,PCM_24,train
0815_창작국악_창작국악,0815,창작국악,해금,해금,해금,찰현,False,data/extracted/train/source/0815_창작국악_창작국악/0815_창작국악_창작국악_해금.wav,96000,2,28876800,300.8,PCM_24,train
0816_창작국악_창작국악,0816,창작국악,가야금,가야금,가야금,발현,False,data/extracted/train/source/0816_창작국악_창작국악/0816_창작국악_창작국악_가야금.wav,96000,2,30960000,322.5,PCM_24,train
0816_창작국악_창작국악,0816,창작국악,거문고,거문고,거문고,발현,False,data/extracted/train/source/0816_창작국악_창작국악/0816_창작국악_창작국악_거문고.wav,96000,2,30960000,322.5,PCM_24,train
0816_창작국악_창작국악,0816,창작국악,대고,대고,타악기,타악,False,data/extracted/train/source/0816_창작국악_창작국악/0816_창작국악_창작국악_대고.wav,96000,2,30960000,322.5,PCM_24,train
0816_창작국악_창작국악,0816,창작국악,대금,대금,대금,관악,False,data/extracted/train/source/0816_창작국악_창작국악/0816_창작국악_창작국악_대금.wav,96000,2,30960000,322.5,PCM_24,train
0816_창작국악_창작국악,0816,창작국악,목탁,목탁,타악기,타악,False,data/extracted/train/source/0816_창작국악_창작국악/0816_창작국악_창작국악_목탁.wav,96000,2,30960000,322.5,PCM_24,train
0816_창작국악_창작국악,0816,창작국악,바라,바라,타악기,타악,False,data/extracted/train/source/0816_창작국악_창작국악/0816_창작국악_창작국악_바라.wav,96000,2,30960000,322.5,PCM_24,train
0816_창작국악_창작국악,0816,창작국악,소금,소금,기타,관악,False,data/extracted/train/source/0816_창작국악_창작국악/0816_창작국악_창작국악_소금.wav,96000,2,30960000,322.5,PCM_24,train
0816_창작국악_창작국악,0816,창작국악,아쟁,아쟁,아쟁,찰현,False,data/extracted/train/source/0816_창작국악_창작국악/0816_창작국악_창작국악_아쟁.wav,96000,2,30960000,322.5,PCM_24,train
0816_창작국악_창작국악,0816,창작국악,아쟁2,아쟁,아쟁,찰현,False,data/extracted/train/source/0816_창작국악_창작국악/0816_창작국악_창작국악_아쟁2.wav,96000,2,30960000,322.5,PCM_24,train
0816_창작국악_창작국악,0816,창작국악,양금,양금,양금,발현,False,data/extracted/train/source/0816_창작국악_창작국악/0816_창작국악_창작국악_양금.wav,96000,2,30960000,322.5,PCM_24,train
0816_창작국악_창작국악,0816,창작국악,장구,장구,타악기,타악,False,data/extracted/train/source/0816_창작국악_창작국악/0816_창작국악_창작국악_장구.wav,96000,2,30960000,322.5,PCM_24,train
0816_창작국악_창작국악,0816,창작국악,피리,피리,피리,관악,False,data/extracted/train/source/0816_창작국악_창작국악/0816_창작국악_창작국악_피리.wav,96000,2,30960000,322.5,PCM_24,train
0816_창작국악_창작국악,0816,창작국악,해금,해금,해금,찰현,False,data/extracted/train/source/0816_창작국악_창작국악/0816_창작국악_창작국악_해금.wav,96000,2,30960000,322.5,PCM_24,train
0817_창작국악_창작국악,0817,창작국악,가야금,가야금,가야금,발현,False,data/extracted/train/source/0817_창작국악_창작국악/0817_창작국악_창작국악_가야금.wav,96000,2,29568000,308.0,PCM_24,train
0817_창작국악_창작국악,0817,창작국악,가야금2,가야금,가야금,발현,False,data/extracted/train/source/0817_창작국악_창작국악/0817_창작국악_창작국악_가야금2.wav,96000,2,29568000,308.0,PCM_24,train
0817_창작국악_창작국악,0817,창작국악,거문고,거문고,거문고,발현,False,data/extracted/train/source/0817_창작국악_창작국악/0817_창작국악_창작국악_거문고.wav,96000,2,29568000,308.0,PCM_24,train
0817_창작국악_창작국악,0817,창작국악,대금,대금,대금,관악,False,data/extracted/train/source/0817_창작국악_창작국악/0817_창작국악_창작국악_대금.wav,96000,2,29568000,308.0,PCM_24,train
0817_창작국악_창작국악,0817,창작국악,소금,소금,기타,관악,False,data/extracted/train/source/0817_창작국악_창작국악/0817_창작국악_창작국악_소금.wav,96000,2,29568000,308.0,PCM_24,train
0817_창작국악_창작국악,0817,창작국악,아쟁,아쟁,아쟁,찰현,False,data/extracted/train/source/0817_창작국악_창작국악/0817_창작국악_창작국악_아쟁.wav,96000,2,29568000,308.0,PCM_24,train
0817_창작국악_창작국악,0817,창작국악,아쟁2,아쟁,아쟁,찰현,False,data/extracted/train/source/0817_창작국악_창작국악/0817_창작국악_창작국악_아쟁2.wav,96000,2,29568000,308.0,PCM_24,train
0817_창작국악_창작국악,0817,창작국악,피리,피리,피리,관악,False,data/extracted/train/source/0817_창작국악_창작국악/0817_창작국악_창작국악_피리.wav,96000,2,29568000,308.0,PCM_24,train
0817_창작국악_창작국악,0817,창작국악,피리2,피리,피리,관악,False,data/extracted/train/source/0817_창작국악_창작국악/0817_창작국악_창작국악_피리2.wav,96000,2,29568000,308.0,PCM_24,train
0817_창작국악_창작국악,0817,창작국악,피리3,피리,피리,관악,False,data/extracted/train/source/0817_창작국악_창작국악/0817_창작국악_창작국악_피리3.wav,96000,2,29568000,308.0,PCM_24,train
0817_창작국악_창작국악,0817,창작국악,해금,해금,해금,찰현,False,data/extracted/train/source/0817_창작국악_창작국악/0817_창작국악_창작국악_해금.wav,96000,2,29568000,308.0,PCM_24,train
0817_창작국악_창작국악,0817,창작국악,해금2,해금,해금,찰현,False,data/extracted/train/source/0817_창작국악_창작국악/0817_창작국악_창작국악_해금2.wav,96000,2,29568000,308.0,PCM_24,train
0818_창작국악_창작국악,0818,창작국악,가야금,가야금,가야금,발현,False,data/extracted/train/source/0818_창작국악_창작국악/0818_창작국악_창작국악_가야금.wav,48000,2,4608000,96.0,PCM_24,train
0818_창작국악_창작국악,0818,창작국악,가야금2,가야금,가야금,발현,False,data/extracted/train/source/0818_창작국악_창작국악/0818_창작국악_창작국악_가야금2.wav,48000,2,4608000,96.0,PCM_24,train
0818_창작국악_창작국악,0818,창작국악,거문고,거문고,거문고,발현,False,data/extracted/train/source/0818_창작국악_창작국악/0818_창작국악_창작국악_거문고.wav,48000,2,4608000,96.0,PCM_24,train
0818_창작국악_창작국악,0818,창작국악,대금,대금,대금,관악,False,data/extracted/train/source/0818_창작국악_창작국악/0818_창작국악_창작국악_대금.wav,48000,2,4608000,96.0,PCM_24,train
0818_창작국악_창작국악,0818,창작국악,대금2,대금,대금,관악,False,data/extracted/train/source/0818_창작국악_창작국악/0818_창작국악_창작국악_대금2.wav,48000,2,4608000,96.0,PCM_24,train
0818_창작국악_창작국악,0818,창작국악,소금,소금,기타,관악,False,data/extracted/train/source/0818_창작국악_창작국악/0818_창작국악_창작국악_소금.wav,48000,2,4608000,96.0,PCM_24,train
0818_창작국악_창작국악,0818,창작국악,아쟁,아쟁,아쟁,찰현,False,data/extracted/train/source/0818_창작국악_창작국악/0818_창작국악_창작국악_아쟁.wav,48000,2,4608000,96.0,PCM_24,train
0818_창작국악_창작국악,0818,창작국악,아쟁2,아쟁,아쟁,찰현,False,data/extracted/train/source/0818_창작국악_창작국악/0818_창작국악_창작국악_아쟁2.wav,48000,2,4608000,96.0,PCM_24,train
0818_창작국악_창작국악,0818,창작국악,피리,피리,피리,관악,False,data/extracted/train/source/0818_창작국악_창작국악/0818_창작국악_창작국악_피리.wav,48000,2,4608000,96.0,PCM_24,train
0818_창작국악_창작국악,0818,창작국악,피리2,피리,피리,관악,False,data/extracted/train/source/0818_창작국악_창작국악/0818_창작국악_창작국악_피리2.wav,48000,2,4608000,96.0,PCM_24,train
0818_창작국악_창작국악,0818,창작국악,피리3,피리,피리,관악,False,data/extracted/train/source/0818_창작국악_창작국악/0818_창작국악_창작국악_피리3.wav,48000,2,4608000,96.0,PCM_24,train
0818_창작국악_창작국악,0818,창작국악,해금,해금,해금,찰현,False,data/extracted/train/source/0818_창작국악_창작국악/0818_창작국악_창작국악_해금.wav,48000,2,4608000,96.0,PCM_24,train
0818_창작국악_창작국악,0818,창작국악,해금2,해금,해금,찰현,False,data/extracted/train/source/0818_창작국악_창작국악/0818_창작국악_창작국악_해금2.wav,48000,2,4608000,96.0,PCM_24,train
0819_창작국악_창작국악,0819,창작국악,가야금,가야금,가야금,발현,False,data/extracted/train/source/0819_창작국악_창작국악/0819_창작국악_창작국악_가야금.wav,96000,2,31795200,331.2,PCM_24,train
0819_창작국악_창작국악,0819,창작국악,가야금2,가야금,가야금,발현,False,data/extracted/train/source/0819_창작국악_창작국악/0819_창작국악_창작국악_가야금2.wav,96000,2,31795200,331.2,PCM_24,train
0819_창작국악_창작국악,0819,창작국악,거문고,거문고,거문고,발현,False,data/extracted/train/source/0819_창작국악_창작국악/0819_창작국악_창작국악_거문고.wav,96000,2,31795200,331.2,PCM_24,train
0819_창작국악_창작국악,0819,창작국악,대고,대고,타악기,타악,False,data/extracted/train/source/0819_창작국악_창작국악/0819_창작국악_창작국악_대고.wav,96000,2,31795200,331.2,PCM_24,train
0819_창작국악_창작국악,0819,창작국악,대금,대금,대금,관악,False,data/extracted/train/source/0819_창작국악_창작국악/0819_창작국악_창작국악_대금.wav,96000,2,31795200,331.2,PCM_24,train
0819_창작국악_창작국악,0819,창작국악,대금2,대금,대금,관악,False,data/extracted/train/source/0819_창작국악_창작국악/0819_창작국악_창작국악_대금2.wav,96000,2,31795200,331.2,PCM_24,train
0819_창작국악_창작국악,0819,창작국악,소금,소금,기타,관악,False,data/extracted/train/source/0819_창작국악_창작국악/0819_창작국악_창작국악_소금.wav,96000,2,31795200,331.2,PCM_24,train
0819_창작국악_창작국악,0819,창작국악,아쟁,아쟁,아쟁,찰현,False,data/extracted/train/source/0819_창작국악_창작국악/0819_창작국악_창작국악_아쟁.wav,96000,2,31795200,331.2,PCM_24,train
0819_창작국악_창작국악,0819,창작국악,장구,장구,타악기,타악,False,data/extracted/train/source/0819_창작국악_창작국악/0819_창작국악_창작국악_장구.wav,96000,2,31795200,331.2,PCM_24,train
0819_창작국악_창작국악,0819,창작국악,피리,피리,피리,관악,False,data/extracted/train/source/0819_창작국악_창작국악/0819_창작국악_창작국악_피리.wav,96000,2,31795200,331.2,PCM_24,train
0819_창작국악_창작국악,0819,창작국악,피리2,피리,피리,관악,False,data/extracted/train/source/0819_창작국악_창작국악/0819_창작국악_창작국악_피리2.wav,96000,2,31795200,331.2,PCM_24,train
0819_창작국악_창작국악,0819,창작국악,피리3,피리,피리,관악,False,data/extracted/train/source/0819_창작국악_창작국악/0819_창작국악_창작국악_피리3.wav,96000,2,31795200,331.2,PCM_24,train
0819_창작국악_창작국악,0819,창작국악,해금,해금,해금,찰현,False,data/extracted/train/source/0819_창작국악_창작국악/0819_창작국악_창작국악_해금.wav,96000,2,31795200,331.2,PCM_24,train
0819_창작국악_창작국악,0819,창작국악,해금2,해금,해금,찰현,False,data/extracted/train/source/0819_창작국악_창작국악/0819_창작국악_창작국악_해금2.wav,96000,2,31795200,331.2,PCM_24,train
0820_창작국악_창작국악,0820,창작국악,가야금,가야금,가야금,발현,False,data/extracted/train/source/0820_창작국악_창작국악/0820_창작국악_창작국악_가야금.wav,96000,2,27648000,288.0,PCM_24,train
0820_창작국악_창작국악,0820,창작국악,가야금2,가야금,가야금,발현,False,data/extracted/train/source/0820_창작국악_창작국악/0820_창작국악_창작국악_가야금2.wav,96000,2,27648000,288.0,PCM_24,train
0820_창작국악_창작국악,0820,창작국악,거문고,거문고,거문고,발현,False,data/extracted/train/source/0820_창작국악_창작국악/0820_창작국악_창작국악_거문고.wav,96000,2,27648000,288.0,PCM_24,train
0820_창작국악_창작국악,0820,창작국악,대고,대고,타악기,타악,False,data/extracted/train/source/0820_창작국악_창작국악/0820_창작국악_창작국악_대고.wav,96000,2,27648000,288.0,PCM_24,train
0820_창작국악_창작국악,0820,창작국악,대금,대금,대금,관악,False,data/extracted/train/source/0820_창작국악_창작국악/0820_창작국악_창작국악_대금.wav,96000,2,27648000,288.0,PCM_24,train
0820_창작국악_창작국악,0820,창작국악,소금,소금,기타,관악,False,data/extracted/train/source/0820_창작국악_창작국악/0820_창작국악_창작국악_소금.wav,96000,2,27648000,288.0,PCM_24,train
0820_창작국악_창작국악,0820,창작국악,아쟁,아쟁,아쟁,찰현,False,data/extracted/train/source/0820_창작국악_창작국악/0820_창작국악_창작국악_아쟁.wav,96000,2,27648000,288.0,PCM_24,train
0820_창작국악_창작국악,0820,창작국악,장구,장구,타악기,타악,False,data/extracted/train/source/0820_창작국악_창작국악/0820_창작국악_창작국악_장구.wav,96000,2,27648000,288.0,PCM_24,train
0820_창작국악_창작국악,0820,창작국악,피리,피리,피리,관악,False,data/extracted/train/source/0820_창작국악_창작국악/0820_창작국악_창작국악_피리.wav,96000,2,27648000,288.0,PCM_24,train
0820_창작국악_창작국악,0820,창작국악,피리2,피리,피리,관악,False,data/extracted/train/source/0820_창작국악_창작국악/0820_창작국악_창작국악_피리2.wav,96000,2,27648000,288.0,PCM_24,train
0820_창작국악_창작국악,0820,창작국악,피리3,피리,피리,관악,False,data/extracted/train/source/0820_창작국악_창작국악/0820_창작국악_창작국악_피리3.wav,96000,2,27648000,288.0,PCM_24,train
0820_창작국악_창작국악,0820,창작국악,해금,해금,해금,찰현,False,data/extracted/train/source/0820_창작국악_창작국악/0820_창작국악_창작국악_해금.wav,96000,2,27648000,288.0,PCM_24,train
0820_창작국악_창작국악,0820,창작국악,해금2,해금,해금,찰현,False,data/extracted/train/source/0820_창작국악_창작국악/0820_창작국악_창작국악_해금2.wav,96000,2,27648000,288.0,PCM_24,train
0821_창작국악_창작국악,0821,창작국악,가야금,가야금,가야금,발현,False,data/extracted/train/source/0821_창작국악_창작국악/0821_창작국악_창작국악_가야금.wav,96000,2,32256000,336.0,PCM_24,train
0821_창작국악_창작국악,0821,창작국악,가야금2,가야금,가야금,발현,False,data/extracted/train/source/0821_창작국악_창작국악/0821_창작국악_창작국악_가야금2.wav,96000,2,32256000,336.0,PCM_24,train
0821_창작국악_창작국악,0821,창작국악,거문고,거문고,거문고,발현,False,data/extracted/train/source/0821_창작국악_창작국악/0821_창작국악_창작국악_거문고.wav,96000,2,32256000,336.0,PCM_24,train
0821_창작국악_창작국악,0821,창작국악,대고,대고,타악기,타악,False,data/extracted/train/source/0821_창작국악_창작국악/0821_창작국악_창작국악_대고.wav,96000,2,32256000,336.0,PCM_24,train
0821_창작국악_창작국악,0821,창작국악,대금,대금,대금,관악,False,data/extracted/train/source/0821_창작국악_창작국악/0821_창작국악_창작국악_대금.wav,96000,2,32256000,336.0,PCM_24,train
0821_창작국악_창작국악,0821,창작국악,소금,소금,기타,관악,False,data/extracted/train/source/0821_창작국악_창작국악/0821_창작국악_창작국악_소금.wav,96000,2,32256000,336.0,PCM_24,train
0821_창작국악_창작국악,0821,창작국악,아쟁,아쟁,아쟁,찰현,False,data/extracted/train/source/0821_창작국악_창작국악/0821_창작국악_창작국악_아쟁.wav,96000,2,32256000,336.0,PCM_24,train
0821_창작국악_창작국악,0821,창작국악,장구,장구,타악기,타악,False,data/extracted/train/source/0821_창작국악_창작국악/0821_창작국악_창작국악_장구.wav,96000,2,32256000,336.0,PCM_24,train
0821_창작국악_창작국악,0821,창작국악,피리,피리,피리,관악,False,data/extracted/train/source/0821_창작국악_창작국악/0821_창작국악_창작국악_피리.wav,96000,2,32256000,336.0,PCM_24,train
0821_창작국악_창작국악,0821,창작국악,피리2,피리,피리,관악,False,data/extracted/train/source/0821_창작국악_창작국악/0821_창작국악_창작국악_피리2.wav,96000,2,32256000,336.0,PCM_24,train
0821_창작국악_창작국악,0821,창작국악,피리3,피리,피리,관악,False,data/extracted/train/source/0821_창작국악_창작국악/0821_창작국악_창작국악_피리3.wav,96000,2,32256000,336.0,PCM_24,train
0821_창작국악_창작국악,0821,창작국악,해금,해금,해금,찰현,False,data/extracted/train/source/0821_창작국악_창작국악/0821_창작국악_창작국악_해금.wav,96000,2,32256000,336.0,PCM_24,train
0821_창작국악_창작국악,0821,창작국악,해금2,해금,해금,찰현,False,data/extracted/train/source/0821_창작국악_창작국악/0821_창작국악_창작국악_해금2.wav,96000,2,32256000,336.0,PCM_24,train
0822_창작국악_창작국악,0822,창작국악,가야금,가야금,가야금,발현,False,data/extracted/train/source/0822_창작국악_창작국악/0822_창작국악_창작국악_가야금.wav,96000,2,31795200,331.2,PCM_24,train
0822_창작국악_창작국악,0822,창작국악,가야금2,가야금,가야금,발현,False,data/extracted/train/source/0822_창작국악_창작국악/0822_창작국악_창작국악_가야금2.wav,96000,2,31795200,331.2,PCM_24,train
0822_창작국악_창작국악,0822,창작국악,거문고,거문고,거문고,발현,False,data/extracted/train/source/0822_창작국악_창작국악/0822_창작국악_창작국악_거문고.wav,96000,2,31795200,331.2,PCM_24,train
0822_창작국악_창작국악,0822,창작국악,대고,대고,타악기,타악,False,data/extracted/train/source/0822_창작국악_창작국악/0822_창작국악_창작국악_대고.wav,96000,2,31795200,331.2,PCM_24,train
0822_창작국악_창작국악,0822,창작국악,대금,대금,대금,관악,False,data/extracted/train/source/0822_창작국악_창작국악/0822_창작국악_창작국악_대금.wav,96000,2,31795200,331.2,PCM_24,train
0822_창작국악_창작국악,0822,창작국악,소금,소금,기타,관악,False,data/extracted/train/source/0822_창작국악_창작국악/0822_창작국악_창작국악_소금.wav,96000,2,31795200,331.2,PCM_24,train
0822_창작국악_창작국악,0822,창작국악,아쟁,아쟁,아쟁,찰현,False,data/extracted/train/source/0822_창작국악_창작국악/0822_창작국악_창작국악_아쟁.wav,96000,2,31795200,331.2,PCM_24,train
0822_창작국악_창작국악,0822,창작국악,장구,장구,타악기,타악,False,data/extracted/train/source/0822_창작국악_창작국악/0822_창작국악_창작국악_장구.wav,96000,2,31795200,331.2,PCM_24,train
0822_창작국악_창작국악,0822,창작국악,피리,피리,피리,관악,False,data/extracted/train/source/0822_창작국악_창작국악/0822_창작국악_창작국악_피리.wav,96000,2,31795200,331.2,PCM_24,train
0822_창작국악_창작국악,0822,창작국악,피리2,피리,피리,관악,False,data/extracted/train/source/0822_창작국악_창작국악/0822_창작국악_창작국악_피리2.wav,96000,2,31795200,331.2,PCM_24,train
0822_창작국악_창작국악,0822,창작국악,해금,해금,해금,찰현,False,data/extracted/train/source/0822_창작국악_창작국악/0822_창작국악_창작국악_해금.wav,96000,2,31795200,331.2,PCM_24,train
0823_창작국악_창작국악,0823,창작국악,가야금,가야금,가야금,발현,False,data/extracted/train/source/0823_창작국악_창작국악/0823_창작국악_창작국악_가야금.wav,48000,2,1152000,24.0,PCM_24,train
0823_창작국악_창작국악,0823,창작국악,가야금2,가야금,가야금,발현,False,data/extracted/train/source/0823_창작국악_창작국악/0823_창작국악_창작국악_가야금2.wav,48000,2,1152000,24.0,PCM_24,train
0823_창작국악_창작국악,0823,창작국악,거문고,거문고,거문고,발현,False,data/extracted/train/source/0823_창작국악_창작국악/0823_창작국악_창작국악_거문고.wav,48000,2,1152000,24.0,PCM_24,train
0823_창작국악_창작국악,0823,창작국악,대고,대고,타악기,타악,False,data/extracted/train/source/0823_창작국악_창작국악/0823_창작국악_창작국악_대고.wav,48000,2,1152000,24.0,PCM_24,train
0823_창작국악_창작국악,0823,창작국악,대금,대금,대금,관악,False,data/extracted/train/source/0823_창작국악_창작국악/0823_창작국악_창작국악_대금.wav,48000,2,1152000,24.0,PCM_24,train
0823_창작국악_창작국악,0823,창작국악,소금,소금,기타,관악,False,data/extracted/train/source/0823_창작국악_창작국악/0823_창작국악_창작국악_소금.wav,48000,2,1152000,24.0,PCM_24,train
0823_창작국악_창작국악,0823,창작국악,아쟁,아쟁,아쟁,찰현,False,data/extracted/train/source/0823_창작국악_창작국악/0823_창작국악_창작국악_아쟁.wav,48000,2,1152000,24.0,PCM_24,train
0823_창작국악_창작국악,0823,창작국악,장구,장구,타악기,타악,False,data/extracted/train/source/0823_창작국악_창작국악/0823_창작국악_창작국악_장구.wav,48000,2,1152000,24.0,PCM_24,train
0823_창작국악_창작국악,0823,창작국악,피리,피리,피리,관악,False,data/extracted/train/source/0823_창작국악_창작국악/0823_창작국악_창작국악_피리.wav,48000,2,1152000,24.0,PCM_24,train
0823_창작국악_창작국악,0823,창작국악,피리2,피리,피리,관악,False,data/extracted/train/source/0823_창작국악_창작국악/0823_창작국악_창작국악_피리2.wav,48000,2,1152000,24.0,PCM_24,train
0823_창작국악_창작국악,0823,창작국악,피리3,피리,피리,관악,False,data/extracted/train/source/0823_창작국악_창작국악/0823_창작국악_창작국악_피리3.wav,48000,2,1152000,24.0,PCM_24,train
0823_창작국악_창작국악,0823,창작국악,해금,해금,해금,찰현,False,data/extracted/train/source/0823_창작국악_창작국악/0823_창작국악_창작국악_해금.wav,48000,2,1152000,24.0,PCM_24,train
0823_창작국악_창작국악,0823,창작국악,해금2,해금,해금,찰현,False,data/extracted/train/source/0823_창작국악_창작국악/0823_창작국악_창작국악_해금2.wav,48000,2,1152000,24.0,PCM_24,train
0824_창작국악_창작국악,0824,창작국악,가야금,가야금,가야금,발현,False,data/extracted/train/source/0824_창작국악_창작국악/0824_창작국악_창작국악_가야금.wav,48000,2,7104000,148.0,PCM_24,train
0824_창작국악_창작국악,0824,창작국악,거문고,거문고,거문고,발현,False,data/extracted/train/source/0824_창작국악_창작국악/0824_창작국악_창작국악_거문고.wav,48000,2,7104000,148.0,PCM_24,train
0824_창작국악_창작국악,0824,창작국악,대고,대고,타악기,타악,False,data/extracted/train/source/0824_창작국악_창작국악/0824_창작국악_창작국악_대고.wav,48000,2,7104000,148.0,PCM_24,train
0824_창작국악_창작국악,0824,창작국악,대금,대금,대금,관악,False,data/extracted/train/source/0824_창작국악_창작국악/0824_창작국악_창작국악_대금.wav,48000,2,7104000,148.0,PCM_24,train
0824_창작국악_창작국악,0824,창작국악,소금,소금,기타,관악,False,data/extracted/train/source/0824_창작국악_창작국악/0824_창작국악_창작국악_소금.wav,48000,2,7104000,148.0,PCM_24,train
0824_창작국악_창작국악,0824,창작국악,아쟁,아쟁,아쟁,찰현,False,data/extracted/train/source/0824_창작국악_창작국악/0824_창작국악_창작국악_아쟁.wav,48000,2,7104000,148.0,PCM_24,train
0824_창작국악_창작국악,0824,창작국악,장구,장구,타악기,타악,False,data/extracted/train/source/0824_창작국악_창작국악/0824_창작국악_창작국악_장구.wav,48000,2,7104000,148.0,PCM_24,train
0824_창작국악_창작국악,0824,창작국악,피리,피리,피리,관악,False,data/extracted/train/source/0824_창작국악_창작국악/0824_창작국악_창작국악_피리.wav,48000,2,7104000,148.0,PCM_24,train
0824_창작국악_창작국악,0824,창작국악,해금,해금,해금,찰현,False,data/extracted/train/source/0824_창작국악_창작국악/0824_창작국악_창작국악_해금.wav,48000,2,7104000,148.0,PCM_24,train
0825_창작국악_창작국악,0825,창작국악,가야금,가야금,가야금,발현,False,data/extracted/val/source/0825_창작국악_창작국악/0825_창작국악_창작국악_가야금.wav,48000,2,5472000,114.0,PCM_24,train
0825_창작국악_창작국악,0825,창작국악,거문고,거문고,거문고,발현,False,data/extracted/val/source/0825_창작국악_창작국악/0825_창작국악_창작국악_거문고.wav,48000,2,5472000,114.0,PCM_24,train
0825_창작국악_창작국악,0825,창작국악,대고,대고,타악기,타악,False,data/extracted/val/source/0825_창작국악_창작국악/0825_창작국악_창작국악_대고.wav,48000,2,5472000,114.0,PCM_24,train
0825_창작국악_창작국악,0825,창작국악,대금,대금,대금,관악,False,data/extracted/val/source/0825_창작국악_창작국악/0825_창작국악_창작국악_대금.wav,48000,2,5472000,114.0,PCM_24,train
0825_창작국악_창작국악,0825,창작국악,소금,소금,기타,관악,False,data/extracted/val/source/0825_창작국악_창작국악/0825_창작국악_창작국악_소금.wav,48000,2,5472000,114.0,PCM_24,train
0825_창작국악_창작국악,0825,창작국악,아쟁,아쟁,아쟁,찰현,False,data/extracted/val/source/0825_창작국악_창작국악/0825_창작국악_창작국악_아쟁.wav,48000,2,5472000,114.0,PCM_24,train
0825_창작국악_창작국악,0825,창작국악,장구,장구,타악기,타악,False,data/extracted/val/source/0825_창작국악_창작국악/0825_창작국악_창작국악_장구.wav,48000,2,5472000,114.0,PCM_24,train
0825_창작국악_창작국악,0825,창작국악,피리,피리,피리,관악,False,data/extracted/val/source/0825_창작국악_창작국악/0825_창작국악_창작국악_피리.wav,48000,2,5472000,114.0,PCM_24,train
0825_창작국악_창작국악,0825,창작국악,피리2,피리,피리,관악,False,data/extracted/val/source/0825_창작국악_창작국악/0825_창작국악_창작국악_피리2.wav,48000,2,5472000,114.0,PCM_24,train
0825_창작국악_창작국악,0825,창작국악,해금,해금,해금,찰현,False,data/extracted/val/source/0825_창작국악_창작국악/0825_창작국악_창작국악_해금.wav,48000,2,5472000,114.0,PCM_24,train
0828_창작국악_창작국악,0828,창작국악,가야금,가야금,가야금,발현,False,data/extracted/train/source/0828_창작국악_창작국악/0828_창작국악_창작국악_가야금.wav,48000,2,10368000,216.0,PCM_24,train
0828_창작국악_창작국악,0828,창작국악,아쟁,아쟁,아쟁,찰현,False,data/extracted/train/source/0828_창작국악_창작국악/0828_창작국악_창작국악_아쟁.wav,48000,2,10368000,216.0,PCM_24,train
0828_창작국악_창작국악,0828,창작국악,해금,해금,해금,찰현,False,data/extracted/train/source/0828_창작국악_창작국악/0828_창작국악_창작국악_해금.wav,48000,2,10368000,216.0,PCM_24,train
0830_창작국악_창작국악,0830,창작국악,가야금,가야금,가야금,발현,False,data/extracted/train/source/0830_창작국악_창작국악/0830_창작국악_창작국악_가야금.wav,48000,2,5924571,123.429,PCM_24,train
0830_창작국악_창작국악,0830,창작국악,거문고,거문고,거문고,발현,False,data/extracted/train/source/0830_창작국악_창작국악/0830_창작국악_창작국악_거문고.wav,48000,2,5924571,123.429,PCM_24,train
0830_창작국악_창작국악,0830,창작국악,대금,대금,대금,관악,False,data/extracted/train/source/0830_창작국악_창작국악/0830_창작국악_창작국악_대금.wav,48000,2,5924571,123.429,PCM_24,train
0830_창작국악_창작국악,0830,창작국악,소금,소금,기타,관악,False,data/extracted/train/source/0830_창작국악_창작국악/0830_창작국악_창작국악_소금.wav,48000,2,5924571,123.429,PCM_24,train
0830_창작국악_창작국악,0830,창작국악,아쟁,아쟁,아쟁,찰현,False,data/extracted/train/source/0830_창작국악_창작국악/0830_창작국악_창작국악_아쟁.wav,48000,2,5924571,123.429,PCM_24,train
0830_창작국악_창작국악,0830,창작국악,해금,해금,해금,찰현,False,data/extracted/train/source/0830_창작국악_창작국악/0830_창작국악_창작국악_해금.wav,48000,2,5924571,123.429,PCM_24,train
0831_창작국악_창작국악,0831,창작국악,가야금,가야금,가야금,발현,False,data/extracted/train/source/0831_창작국악_창작국악/0831_창작국악_창작국악_가야금.wav,48000,2,14256000,297.0,PCM_24,train
0831_창작국악_창작국악,0831,창작국악,대금,대금,대금,관악,False,data/extracted/train/source/0831_창작국악_창작국악/0831_창작국악_창작국악_대금.wav,48000,2,14256000,297.0,PCM_24,train
0831_창작국악_창작국악,0831,창작국악,장구,장구,타악기,타악,False,data/extracted/train/source/0831_창작국악_창작국악/0831_창작국악_창작국악_장구.wav,48000,2,14256000,297.0,PCM_24,train
0831_창작국악_창작국악,0831,창작국악,피리,피리,피리,관악,False,data/extracted/train/source/0831_창작국악_창작국악/0831_창작국악_창작국악_피리.wav,48000,2,14256000,297.0,PCM_24,train
0831_창작국악_창작국악,0831,창작국악,해금,해금,해금,찰현,False,data/extracted/train/source/0831_창작국악_창작국악/0831_창작국악_창작국악_해금.wav,48000,2,14256000,297.0,PCM_24,train
0832_창작국악_창작국악,0832,창작국악,가야금,가야금,가야금,발현,False,data/extracted/train/source/0832_창작국악_창작국악/0832_창작국악_창작국악_가야금.wav,48000,2,5040000,105.0,PCM_24,train
0832_창작국악_창작국악,0832,창작국악,대금,대금,대금,관악,False,data/extracted/train/source/0832_창작국악_창작국악/0832_창작국악_창작국악_대금.wav,48000,2,5040000,105.0,PCM_24,train
0832_창작국악_창작국악,0832,창작국악,장구,장구,타악기,타악,False,data/extracted/train/source/0832_창작국악_창작국악/0832_창작국악_창작국악_장구.wav,48000,2,5040000,105.0,PCM_24,train
0832_창작국악_창작국악,0832,창작국악,피리,피리,피리,관악,False,data/extracted/train/source/0832_창작국악_창작국악/0832_창작국악_창작국악_피리.wav,48000,2,5040000,105.0,PCM_24,train
0832_창작국악_창작국악,0832,창작국악,해금,해금,해금,찰현,False,data/extracted/train/source/0832_창작국악_창작국악/0832_창작국악_창작국악_해금.wav,48000,2,5040000,105.0,PCM_24,train
0833_창작국악_창작국악,0833,창작국악,가야금,가야금,가야금,발현,False,data/extracted/val/source/0833_창작국악_창작국악/0833_창작국악_창작국악_가야금.wav,48000,2,7488000,156.0,PCM_24,train
0833_창작국악_창작국악,0833,창작국악,대금,대금,대금,관악,False,data/extracted/val/source/0833_창작국악_창작국악/0833_창작국악_창작국악_대금.wav,48000,2,7488000,156.0,PCM_24,train
0833_창작국악_창작국악,0833,창작국악,장구,장구,타악기,타악,False,data/extracted/val/source/0833_창작국악_창작국악/0833_창작국악_창작국악_장구.wav,48000,2,7488000,156.0,PCM_24,train
0833_창작국악_창작국악,0833,창작국악,피리,피리,피리,관악,False,data/extracted/val/source/0833_창작국악_창작국악/0833_창작국악_창작국악_피리.wav,48000,2,7488000,156.0,PCM_24,train
0833_창작국악_창작국악,0833,창작국악,해금,해금,해금,찰현,False,data/extracted/val/source/0833_창작국악_창작국악/0833_창작국악_창작국악_해금.wav,48000,2,7488000,156.0,PCM_24,train
0834_창작국악_창작국악,0834,창작국악,가야금,가야금,가야금,발현,False,data/extracted/train/source/0834_창작국악_창작국악/0834_창작국악_창작국악_가야금.wav,48000,2,10121142,210.857,PCM_24,train
0834_창작국악_창작국악,0834,창작국악,가야금2,가야금,가야금,발현,False,data/extracted/train/source/0834_창작국악_창작국악/0834_창작국악_창작국악_가야금2.wav,48000,2,10121142,210.857,PCM_24,train
0834_창작국악_창작국악,0834,창작국악,대금,대금,대금,관악,False,data/extracted/train/source/0834_창작국악_창작국악/0834_창작국악_창작국악_대금.wav,48000,2,10121142,210.857,PCM_24,train
0834_창작국악_창작국악,0834,창작국악,소금,소금,기타,관악,False,data/extracted/train/source/0834_창작국악_창작국악/0834_창작국악_창작국악_소금.wav,48000,2,10121142,210.857,PCM_24,train
0834_창작국악_창작국악,0834,창작국악,아쟁,아쟁,아쟁,찰현,False,data/extracted/train/source/0834_창작국악_창작국악/0834_창작국악_창작국악_아쟁.wav,48000,2,10121142,210.857,PCM_24,train
0834_창작국악_창작국악,0834,창작국악,피리,피리,피리,관악,False,data/extracted/train/source/0834_창작국악_창작국악/0834_창작국악_창작국악_피리.wav,48000,2,10121142,210.857,PCM_24,train
0834_창작국악_창작국악,0834,창작국악,해금,해금,해금,찰현,False,data/extracted/train/source/0834_창작국악_창작국악/0834_창작국악_창작국악_해금.wav,48000,2,10121142,210.857,PCM_24,train
0835_창작국악_창작국악,0835,창작국악,가야금,가야금,가야금,발현,False,data/extracted/val/source/0835_창작국악_창작국악/0835_창작국악_창작국악_가야금.wav,48000,2,6624000,138.0,PCM_24,train
0835_창작국악_창작국악,0835,창작국악,가야금2,가야금,가야금,발현,False,data/extracted/val/source/0835_창작국악_창작국악/0835_창작국악_창작국악_가야금2.wav,48000,2,6624000,138.0,PCM_24,train
0835_창작국악_창작국악,0835,창작국악,거문고,거문고,거문고,발현,False,data/extracted/val/source/0835_창작국악_창작국악/0835_창작국악_창작국악_거문고.wav,48000,2,6624000,138.0,PCM_24,train
0835_창작국악_창작국악,0835,창작국악,대금,대금,대금,관악,False,data/extracted/val/source/0835_창작국악_창작국악/0835_창작국악_창작국악_대금.wav,48000,2,6624000,138.0,PCM_24,train
0835_창작국악_창작국악,0835,창작국악,소금,소금,기타,관악,False,data/extracted/val/source/0835_창작국악_창작국악/0835_창작국악_창작국악_소금.wav,48000,2,6624000,138.0,PCM_24,train
0835_창작국악_창작국악,0835,창작국악,피리,피리,피리,관악,False,data/extracted/val/source/0835_창작국악_창작국악/0835_창작국악_창작국악_피리.wav,48000,2,6624000,138.0,PCM_24,train
0835_창작국악_창작국악,0835,창작국악,해금,해금,해금,찰현,False,data/extracted/val/source/0835_창작국악_창작국악/0835_창작국악_창작국악_해금.wav,48000,2,6624000,138.0,PCM_24,train
0836_창작국악_창작국악,0836,창작국악,가야금,가야금,가야금,발현,False,data/extracted/train/source/0836_창작국악_창작국악/0836_창작국악_창작국악_가야금.wav,48000,2,7540363,157.091,PCM_24,train
0836_창작국악_창작국악,0836,창작국악,거문고,거문고,거문고,발현,False,data/extracted/train/source/0836_창작국악_창작국악/0836_창작국악_창작국악_거문고.wav,48000,2,7540363,157.091,PCM_24,train
0836_창작국악_창작국악,0836,창작국악,대금,대금,대금,관악,False,data/extracted/train/source/0836_창작국악_창작국악/0836_창작국악_창작국악_대금.wav,48000,2,7540363,157.091,PCM_24,train
0836_창작국악_창작국악,0836,창작국악,소금,소금,기타,관악,False,data/extracted/train/source/0836_창작국악_창작국악/0836_창작국악_창작국악_소금.wav,48000,2,7540363,157.091,PCM_24,train
0836_창작국악_창작국악,0836,창작국악,피리,피리,피리,관악,False,data/extracted/train/source/0836_창작국악_창작국악/0836_창작국악_창작국악_피리.wav,48000,2,7540363,157.091,PCM_24,train
0836_창작국악_창작국악,0836,창작국악,해금,해금,해금,찰현,False,data/extracted/train/source/0836_창작국악_창작국악/0836_창작국악_창작국악_해금.wav,48000,2,7540363,157.091,PCM_24,train
0837_창작국악_창작국악,0837,창작국악,가야금,가야금,가야금,발현,False,data/extracted/train/source/0837_창작국악_창작국악/0837_창작국악_창작국악_가야금.wav,48000,2,7488000,156.0,PCM_24,test
0837_창작국악_창작국악,0837,창작국악,대금,대금,대금,관악,False,data/extracted/train/source/0837_창작국악_창작국악/0837_창작국악_창작국악_대금.wav,48000,2,7488000,156.0,PCM_24,test
0837_창작국악_창작국악,0837,창작국악,아쟁,아쟁,아쟁,찰현,False,data/extracted/train/source/0837_창작국악_창작국악/0837_창작국악_창작국악_아쟁.wav,48000,2,7488000,156.0,PCM_24,test
0837_창작국악_창작국악,0837,창작국악,양금,양금,양금,발현,False,data/extracted/train/source/0837_창작국악_창작국악/0837_창작국악_창작국악_양금.wav,48000,2,7488000,156.0,PCM_24,test
0837_창작국악_창작국악,0837,창작국악,장구,장구,타악기,타악,False,data/extracted/train/source/0837_창작국악_창작국악/0837_창작국악_창작국악_장구.wav,48000,2,7488000,156.0,PCM_24,test
0837_창작국악_창작국악,0837,창작국악,피리,피리,피리,관악,False,data/extracted/train/source/0837_창작국악_창작국악/0837_창작국악_창작국악_피리.wav,48000,2,7488000,156.0,PCM_24,test
0837_창작국악_창작국악,0837,창작국악,해금,해금,해금,찰현,False,data/extracted/train/source/0837_창작국악_창작국악/0837_창작국악_창작국악_해금.wav,48000,2,7488000,156.0,PCM_24,test
0838_창작국악_창작국악,0838,창작국악,가야금,가야금,가야금,발현,False,data/extracted/train/source/0838_창작국악_창작국악/0838_창작국악_창작국악_가야금.wav,48000,2,4416000,92.0,PCM_24,test
0838_창작국악_창작국악,0838,창작국악,대금,대금,대금,관악,False,data/extracted/train/source/0838_창작국악_창작국악/0838_창작국악_창작국악_대금.wav,48000,2,4416000,92.0,PCM_24,test
0838_창작국악_창작국악,0838,창작국악,아쟁,아쟁,아쟁,찰현,False,data/extracted/train/source/0838_창작국악_창작국악/0838_창작국악_창작국악_아쟁.wav,48000,2,4416000,92.0,PCM_24,test
0838_창작국악_창작국악,0838,창작국악,양금,양금,양금,발현,False,data/extracted/train/source/0838_창작국악_창작국악/0838_창작국악_창작국악_양금.wav,48000,2,4416000,92.0,PCM_24,test
0838_창작국악_창작국악,0838,창작국악,장구,장구,타악기,타악,False,data/extracted/train/source/0838_창작국악_창작국악/0838_창작국악_창작국악_장구.wav,48000,2,4416000,92.0,PCM_24,test
0838_창작국악_창작국악,0838,창작국악,피리,피리,피리,관악,False,data/extracted/train/source/0838_창작국악_창작국악/0838_창작국악_창작국악_피리.wav,48000,2,4416000,92.0,PCM_24,test
0838_창작국악_창작국악,0838,창작국악,해금,해금,해금,찰현,False,data/extracted/train/source/0838_창작국악_창작국악/0838_창작국악_창작국악_해금.wav,48000,2,4416000,92.0,PCM_24,test
0839_창작국악_창작국악,0839,창작국악,가야금,가야금,가야금,발현,False,data/extracted/train/source/0839_창작국악_창작국악/0839_창작국악_창작국악_가야금.wav,48000,2,5760000,120.0,PCM_24,train
0839_창작국악_창작국악,0839,창작국악,거문고,거문고,거문고,발현,False,data/extracted/train/source/0839_창작국악_창작국악/0839_창작국악_창작국악_거문고.wav,48000,2,5760000,120.0,PCM_24,train
0839_창작국악_창작국악,0839,창작국악,꽹과리,꽹과리,타악기,타악,False,data/extracted/train/source/0839_창작국악_창작국악/0839_창작국악_창작국악_꽹과리.wav,48000,2,5760000,120.0,PCM_24,train
0839_창작국악_창작국악,0839,창작국악,대고,대고,타악기,타악,False,data/extracted/train/source/0839_창작국악_창작국악/0839_창작국악_창작국악_대고.wav,48000,2,5760000,120.0,PCM_24,train
0839_창작국악_창작국악,0839,창작국악,대금,대금,대금,관악,False,data/extracted/train/source/0839_창작국악_창작국악/0839_창작국악_창작국악_대금.wav,48000,2,5760000,120.0,PCM_24,train
0839_창작국악_창작국악,0839,창작국악,대금2,대금,대금,관악,False,data/extracted/train/source/0839_창작국악_창작국악/0839_창작국악_창작국악_대금2.wav,48000,2,5760000,120.0,PCM_24,train
0839_창작국악_창작국악,0839,창작국악,바라,바라,타악기,타악,False,data/extracted/train/source/0839_창작국악_창작국악/0839_창작국악_창작국악_바라.wav,48000,2,5760000,120.0,PCM_24,train
0839_창작국악_창작국악,0839,창작국악,북,북,타악기,타악,False,data/extracted/train/source/0839_창작국악_창작국악/0839_창작국악_창작국악_북.wav,48000,2,5760000,120.0,PCM_24,train
0839_창작국악_창작국악,0839,창작국악,소금,소금,기타,관악,False,data/extracted/train/source/0839_창작국악_창작국악/0839_창작국악_창작국악_소금.wav,48000,2,5760000,120.0,PCM_24,train
0839_창작국악_창작국악,0839,창작국악,아쟁,아쟁,아쟁,찰현,False,data/extracted/train/source/0839_창작국악_창작국악/0839_창작국악_창작국악_아쟁.wav,48000,2,5760000,120.0,PCM_24,train
0839_창작국악_창작국악,0839,창작국악,아쟁2,아쟁,아쟁,찰현,False,data/extracted/train/source/0839_창작국악_창작국악/0839_창작국악_창작국악_아쟁2.wav,48000,2,5760000,120.0,PCM_24,train
0839_창작국악_창작국악,0839,창작국악,장구,장구,타악기,타악,False,data/extracted/train/source/0839_창작국악_창작국악/0839_창작국악_창작국악_장구.wav,48000,2,5760000,120.0,PCM_24,train
0839_창작국악_창작국악,0839,창작국악,태평소,태평소,기타,관악,False,data/extracted/train/source/0839_창작국악_창작국악/0839_창작국악_창작국악_태평소.wav,48000,2,5760000,120.0,PCM_24,train
0839_창작국악_창작국악,0839,창작국악,피리,피리,피리,관악,False,data/extracted/train/source/0839_창작국악_창작국악/0839_창작국악_창작국악_피리.wav,48000,2,5760000,120.0,PCM_24,train
0839_창작국악_창작국악,0839,창작국악,피리2,피리,피리,관악,False,data/extracted/train/source/0839_창작국악_창작국악/0839_창작국악_창작국악_피리2.wav,48000,2,5760000,120.0,PCM_24,train
0839_창작국악_창작국악,0839,창작국악,해금,해금,해금,찰현,False,data/extracted/train/source/0839_창작국악_창작국악/0839_창작국악_창작국악_해금.wav,48000,2,5760000,120.0,PCM_24,train
0839_창작국악_창작국악,0839,창작국악,해금2,해금,해금,찰현,False,data/extracted/train/source/0839_창작국악_창작국악/0839_창작국악_창작국악_해금2.wav,48000,2,5760000,120.0,PCM_24,train
0840_창작국악_창작국악,0840,창작국악,가야금,가야금,가야금,발현,False,data/extracted/train/source/0840_창작국악_창작국악/0840_창작국악_창작국악_가야금.wav,48000,2,7027200,146.4,PCM_24,train
0840_창작국악_창작국악,0840,창작국악,가야금2,가야금,가야금,발현,False,data/extracted/train/source/0840_창작국악_창작국악/0840_창작국악_창작국악_가야금2.wav,48000,2,7027200,146.4,PCM_24,train
0840_창작국악_창작국악,0840,창작국악,거문고,거문고,거문고,발현,False,data/extracted/train/source/0840_창작국악_창작국악/0840_창작국악_창작국악_거문고.wav,48000,2,7027200,146.4,PCM_24,train
0840_창작국악_창작국악,0840,창작국악,꽹과리,꽹과리,타악기,타악,False,data/extracted/train/source/0840_창작국악_창작국악/0840_창작국악_창작국악_꽹과리.wav,48000,2,7027200,146.4,PCM_24,train
0840_창작국악_창작국악,0840,창작국악,대고,대고,타악기,타악,False,data/extracted/train/source/0840_창작국악_창작국악/0840_창작국악_창작국악_대고.wav,48000,2,7027200,146.4,PCM_24,train
0840_창작국악_창작국악,0840,창작국악,대금,대금,대금,관악,False,data/extracted/train/source/0840_창작국악_창작국악/0840_창작국악_창작국악_대금.wav,48000,2,7027200,146.4,PCM_24,train
0840_창작국악_창작국악,0840,창작국악,바라,바라,타악기,타악,False,data/extracted/train/source/0840_창작국악_창작국악/0840_창작국악_창작국악_바라.wav,48000,2,7027200,146.4,PCM_24,train
0840_창작국악_창작국악,0840,창작국악,북,북,타악기,타악,False,data/extracted/train/source/0840_창작국악_창작국악/0840_창작국악_창작국악_북.wav,48000,2,7027200,146.4,PCM_24,train
0840_창작국악_창작국악,0840,창작국악,소금,소금,기타,관악,False,data/extracted/train/source/0840_창작국악_창작국악/0840_창작국악_창작국악_소금.wav,48000,2,7027200,146.4,PCM_24,train
0840_창작국악_창작국악,0840,창작국악,아쟁,아쟁,아쟁,찰현,False,data/extracted/train/source/0840_창작국악_창작국악/0840_창작국악_창작국악_아쟁.wav,48000,2,7027200,146.4,PCM_24,train
0840_창작국악_창작국악,0840,창작국악,아쟁2,아쟁,아쟁,찰현,False,data/extracted/train/source/0840_창작국악_창작국악/0840_창작국악_창작국악_아쟁2.wav,48000,2,7027200,146.4,PCM_24,train
0840_창작국악_창작국악,0840,창작국악,장구,장구,타악기,타악,False,data/extracted/train/source/0840_창작국악_창작국악/0840_창작국악_창작국악_장구.wav,48000,2,7027200,146.4,PCM_24,train
0840_창작국악_창작국악,0840,창작국악,피리,피리,피리,관악,False,data/extracted/train/source/0840_창작국악_창작국악/0840_창작국악_창작국악_피리.wav,48000,2,7027200,146.4,PCM_24,train
0840_창작국악_창작국악,0840,창작국악,해금,해금,해금,찰현,False,data/extracted/train/source/0840_창작국악_창작국악/0840_창작국악_창작국악_해금.wav,48000,2,7027200,146.4,PCM_24,train
0841_창작국악_창작국악,0841,창작국악,가야금,가야금,가야금,발현,False,data/extracted/train/source/0841_창작국악_창작국악/0841_창작국악_창작국악_가야금.wav,48000,2,14515200,302.4,PCM_24,train
0841_창작국악_창작국악,0841,창작국악,거문고,거문고,거문고,발현,False,data/extracted/train/source/0841_창작국악_창작국악/0841_창작국악_창작국악_거문고.wav,48000,2,14515200,302.4,PCM_24,train
0841_창작국악_창작국악,0841,창작국악,꽹과리,꽹과리,타악기,타악,False,data/extracted/train/source/0841_창작국악_창작국악/0841_창작국악_창작국악_꽹과리.wav,48000,2,14515200,302.4,PCM_24,train
0841_창작국악_창작국악,0841,창작국악,대금,대금,대금,관악,False,data/extracted/train/source/0841_창작국악_창작국악/0841_창작국악_창작국악_대금.wav,48000,2,14515200,302.4,PCM_24,train
0841_창작국악_창작국악,0841,창작국악,바라,바라,타악기,타악,False,data/extracted/train/source/0841_창작국악_창작국악/0841_창작국악_창작국악_바라.wav,48000,2,14515200,302.4,PCM_24,train
0841_창작국악_창작국악,0841,창작국악,북,북,타악기,타악,False,data/extracted/train/source/0841_창작국악_창작국악/0841_창작국악_창작국악_북.wav,48000,2,14515200,302.4,PCM_24,train
0841_창작국악_창작국악,0841,창작국악,소금,소금,기타,관악,False,data/extracted/train/source/0841_창작국악_창작국악/0841_창작국악_창작국악_소금.wav,48000,2,14515200,302.4,PCM_24,train
0841_창작국악_창작국악,0841,창작국악,아쟁,아쟁,아쟁,찰현,False,data/extracted/train/source/0841_창작국악_창작국악/0841_창작국악_창작국악_아쟁.wav,48000,2,14515200,302.4,PCM_24,train
0841_창작국악_창작국악,0841,창작국악,아쟁2,아쟁,아쟁,찰현,False,data/extracted/train/source/0841_창작국악_창작국악/0841_창작국악_창작국악_아쟁2.wav,48000,2,14515200,302.4,PCM_24,train
0841_창작국악_창작국악,0841,창작국악,장구,장구,타악기,타악,False,data/extracted/train/source/0841_창작국악_창작국악/0841_창작국악_창작국악_장구.wav,48000,2,14515200,302.4,PCM_24,train
0841_창작국악_창작국악,0841,창작국악,피리,피리,피리,관악,False,data/extracted/train/source/0841_창작국악_창작국악/0841_창작국악_창작국악_피리.wav,48000,2,14515200,302.4,PCM_24,train
0841_창작국악_창작국악,0841,창작국악,피리2,피리,피리,관악,False,data/extracted/train/source/0841_창작국악_창작국악/0841_창작국악_창작국악_피리2.wav,48000,2,14515200,302.4,PCM_24,train
0841_창작국악_창작국악,0841,창작국악,해금,해금,해금,찰현,False,data/extracted/train/source/0841_창작국악_창작국악/0841_창작국악_창작국악_해금.wav,48000,2,14515200,302.4,PCM_24,train
0841_창작국악_창작국악,0841,창작국악,해금2,해금,해금,찰현,False,data/extracted/train/source/0841_창작국악_창작국악/0841_창작국악_창작국악_해금2.wav,48000,2,14515200,302.4,PCM_24,train
0842_창작국악_창작국악,0842,창작국악,가야금,가야금,가야금,발현,False,data/extracted/val/source/0842_창작국악_창작국악/0842_창작국악_창작국악_가야금.wav,48000,2,4924800,102.6,PCM_24,train
0842_창작국악_창작국악,0842,창작국악,거문고,거문고,거문고,발현,False,data/extracted/val/source/0842_창작국악_창작국악/0842_창작국악_창작국악_거문고.wav,48000,2,4924800,102.6,PCM_24,train
0842_창작국악_창작국악,0842,창작국악,대금,대금,대금,관악,False,data/extracted/val/source/0842_창작국악_창작국악/0842_창작국악_창작국악_대금.wav,48000,2,4924800,102.6,PCM_24,train
0842_창작국악_창작국악,0842,창작국악,북,북,타악기,타악,False,data/extracted/val/source/0842_창작국악_창작국악/0842_창작국악_창작국악_북.wav,48000,2,4924800,102.6,PCM_24,train
0842_창작국악_창작국악,0842,창작국악,소금,소금,기타,관악,False,data/extracted/val/source/0842_창작국악_창작국악/0842_창작국악_창작국악_소금.wav,48000,2,4924800,102.6,PCM_24,train
0842_창작국악_창작국악,0842,창작국악,아쟁,아쟁,아쟁,찰현,False,data/extracted/val/source/0842_창작국악_창작국악/0842_창작국악_창작국악_아쟁.wav,48000,2,4924800,102.6,PCM_24,train
0842_창작국악_창작국악,0842,창작국악,장구,장구,타악기,타악,False,data/extracted/val/source/0842_창작국악_창작국악/0842_창작국악_창작국악_장구.wav,48000,2,4924800,102.6,PCM_24,train
0842_창작국악_창작국악,0842,창작국악,피리,피리,피리,관악,False,data/extracted/val/source/0842_창작국악_창작국악/0842_창작국악_창작국악_피리.wav,48000,2,4924800,102.6,PCM_24,train
0842_창작국악_창작국악,0842,창작국악,해금,해금,해금,찰현,False,data/extracted/val/source/0842_창작국악_창작국악/0842_창작국악_창작국악_해금.wav,48000,2,4924800,102.6,PCM_24,train
0842_창작국악_창작국악,0842,창작국악,해금2,해금,해금,찰현,False,data/extracted/val/source/0842_창작국악_창작국악/0842_창작국악_창작국악_해금2.wav,48000,2,4924800,102.6,PCM_24,train
0843_창작국악_창작국악,0843,창작국악,가야금,가야금,가야금,발현,False,data/extracted/train/source/0843_창작국악_창작국악/0843_창작국악_창작국악_가야금.wav,48000,2,10627200,221.4,PCM_24,train
0843_창작국악_창작국악,0843,창작국악,거문고,거문고,거문고,발현,False,data/extracted/train/source/0843_창작국악_창작국악/0843_창작국악_창작국악_거문고.wav,48000,2,10627200,221.4,PCM_24,train
0843_창작국악_창작국악,0843,창작국악,대금,대금,대금,관악,False,data/extracted/train/source/0843_창작국악_창작국악/0843_창작국악_창작국악_대금.wav,48000,2,10627200,221.4,PCM_24,train
0843_창작국악_창작국악,0843,창작국악,북,북,타악기,타악,False,data/extracted/train/source/0843_창작국악_창작국악/0843_창작국악_창작국악_북.wav,48000,2,10627200,221.4,PCM_24,train
0843_창작국악_창작국악,0843,창작국악,소금,소금,기타,관악,False,data/extracted/train/source/0843_창작국악_창작국악/0843_창작국악_창작국악_소금.wav,48000,2,10627200,221.4,PCM_24,train
0843_창작국악_창작국악,0843,창작국악,아쟁,아쟁,아쟁,찰현,False,data/extracted/train/source/0843_창작국악_창작국악/0843_창작국악_창작국악_아쟁.wav,48000,2,10627200,221.4,PCM_24,train
0843_창작국악_창작국악,0843,창작국악,장구,장구,타악기,타악,False,data/extracted/train/source/0843_창작국악_창작국악/0843_창작국악_창작국악_장구.wav,48000,2,10627200,221.4,PCM_24,train
0843_창작국악_창작국악,0843,창작국악,피리,피리,피리,관악,False,data/extracted/train/source/0843_창작국악_창작국악/0843_창작국악_창작국악_피리.wav,48000,2,10627200,221.4,PCM_24,train
0843_창작국악_창작국악,0843,창작국악,해금,해금,해금,찰현,False,data/extracted/train/source/0843_창작국악_창작국악/0843_창작국악_창작국악_해금.wav,48000,2,10627200,221.4,PCM_24,train
0843_창작국악_창작국악,0843,창작국악,해금2,해금,해금,찰현,False,data/extracted/train/source/0843_창작국악_창작국악/0843_창작국악_창작국악_해금2.wav,48000,2,10627200,221.4,PCM_24,train
0844_창작국악_창작국악,0844,창작국악,가야금,가야금,가야금,발현,False,data/extracted/train/source/0844_창작국악_창작국악/0844_창작국악_창작국악_가야금.wav,48000,2,14976000,312.0,PCM_24,train
0844_창작국악_창작국악,0844,창작국악,거문고,거문고,거문고,발현,False,data/extracted/train/source/0844_창작국악_창작국악/0844_창작국악_창작국악_거문고.wav,48000,2,14976000,312.0,PCM_24,train
0844_창작국악_창작국악,0844,창작국악,대금,대금,대금,관악,False,data/extracted/train/source/0844_창작국악_창작국악/0844_창작국악_창작국악_대금.wav,48000,2,14976000,312.0,PCM_24,train
0844_창작국악_창작국악,0844,창작국악,대금2,대금,대금,관악,False,data/extracted/train/source/0844_창작국악_창작국악/0844_창작국악_창작국악_대금2.wav,48000,2,14976000,312.0,PCM_24,train
0844_창작국악_창작국악,0844,창작국악,북,북,타악기,타악,False,data/extracted/train/source/0844_창작국악_창작국악/0844_창작국악_창작국악_북.wav,48000,2,14976000,312.0,PCM_24,train
0844_창작국악_창작국악,0844,창작국악,소금,소금,기타,관악,False,data/extracted/train/source/0844_창작국악_창작국악/0844_창작국악_창작국악_소금.wav,48000,2,14976000,312.0,PCM_24,train
0844_창작국악_창작국악,0844,창작국악,아쟁,아쟁,아쟁,찰현,False,data/extracted/train/source/0844_창작국악_창작국악/0844_창작국악_창작국악_아쟁.wav,48000,2,14976000,312.0,PCM_24,train
0844_창작국악_창작국악,0844,창작국악,아쟁2,아쟁,아쟁,찰현,False,data/extracted/train/source/0844_창작국악_창작국악/0844_창작국악_창작국악_아쟁2.wav,48000,2,14976000,312.0,PCM_24,train
0844_창작국악_창작국악,0844,창작국악,장구,장구,타악기,타악,False,data/extracted/train/source/0844_창작국악_창작국악/0844_창작국악_창작국악_장구.wav,48000,2,14976000,312.0,PCM_24,train
0844_창작국악_창작국악,0844,창작국악,피리,피리,피리,관악,False,data/extracted/train/source/0844_창작국악_창작국악/0844_창작국악_창작국악_피리.wav,48000,2,14976000,312.0,PCM_24,train
0844_창작국악_창작국악,0844,창작국악,피리2,피리,피리,관악,False,data/extracted/train/source/0844_창작국악_창작국악/0844_창작국악_창작국악_피리2.wav,48000,2,14976000,312.0,PCM_24,train
0844_창작국악_창작국악,0844,창작국악,해금,해금,해금,찰현,False,data/extracted/train/source/0844_창작국악_창작국악/0844_창작국악_창작국악_해금.wav,48000,2,14976000,312.0,PCM_24,train
0844_창작국악_창작국악,0844,창작국악,해금2,해금,해금,찰현,False,data/extracted/train/source/0844_창작국악_창작국악/0844_창작국악_창작국악_해금2.wav,48000,2,14976000,312.0,PCM_24,train
0845_창작국악_창작국악,0845,창작국악,가야금,가야금,가야금,발현,False,data/extracted/train/source/0845_창작국악_창작국악/0845_창작국악_창작국악_가야금.wav,48000,2,10656000,222.0,PCM_24,train
0845_창작국악_창작국악,0845,창작국악,거문고,거문고,거문고,발현,False,data/extracted/train/source/0845_창작국악_창작국악/0845_창작국악_창작국악_거문고.wav,48000,2,10656000,222.0,PCM_24,train
0845_창작국악_창작국악,0845,창작국악,대금,대금,대금,관악,False,data/extracted/train/source/0845_창작국악_창작국악/0845_창작국악_창작국악_대금.wav,48000,2,10656000,222.0,PCM_24,train
0845_창작국악_창작국악,0845,창작국악,대금2,대금,대금,관악,False,data/extracted/train/source/0845_창작국악_창작국악/0845_창작국악_창작국악_대금2.wav,48000,2,10656000,222.0,PCM_24,train
0845_창작국악_창작국악,0845,창작국악,북,북,타악기,타악,False,data/extracted/train/source/0845_창작국악_창작국악/0845_창작국악_창작국악_북.wav,48000,2,10656000,222.0,PCM_24,train
0845_창작국악_창작국악,0845,창작국악,소금,소금,기타,관악,False,data/extracted/train/source/0845_창작국악_창작국악/0845_창작국악_창작국악_소금.wav,48000,2,10656000,222.0,PCM_24,train
0845_창작국악_창작국악,0845,창작국악,아쟁,아쟁,아쟁,찰현,False,data/extracted/train/source/0845_창작국악_창작국악/0845_창작국악_창작국악_아쟁.wav,48000,2,10656000,222.0,PCM_24,train
0845_창작국악_창작국악,0845,창작국악,아쟁2,아쟁,아쟁,찰현,False,data/extracted/train/source/0845_창작국악_창작국악/0845_창작국악_창작국악_아쟁2.wav,48000,2,10656000,222.0,PCM_24,train
0845_창작국악_창작국악,0845,창작국악,장구,장구,타악기,타악,False,data/extracted/train/source/0845_창작국악_창작국악/0845_창작국악_창작국악_장구.wav,48000,2,10656000,222.0,PCM_24,train
0845_창작국악_창작국악,0845,창작국악,피리,피리,피리,관악,False,data/extracted/train/source/0845_창작국악_창작국악/0845_창작국악_창작국악_피리.wav,48000,2,10656000,222.0,PCM_24,train
0845_창작국악_창작국악,0845,창작국악,피리2,피리,피리,관악,False,data/extracted/train/source/0845_창작국악_창작국악/0845_창작국악_창작국악_피리2.wav,48000,2,10656000,222.0,PCM_24,train
0845_창작국악_창작국악,0845,창작국악,해금,해금,해금,찰현,False,data/extracted/train/source/0845_창작국악_창작국악/0845_창작국악_창작국악_해금.wav,48000,2,10656000,222.0,PCM_24,train
0846_창작국악_창작국악,0846,창작국악,가야금,가야금,가야금,발현,False,data/extracted/train/source/0846_창작국악_창작국악/0846_창작국악_창작국악_가야금.wav,48000,2,8763428,182.571,PCM_24,train
0846_창작국악_창작국악,0846,창작국악,거문고,거문고,거문고,발현,False,data/extracted/train/source/0846_창작국악_창작국악/0846_창작국악_창작국악_거문고.wav,48000,2,8763428,182.571,PCM_24,train
0846_창작국악_창작국악,0846,창작국악,대금,대금,대금,관악,False,data/extracted/train/source/0846_창작국악_창작국악/0846_창작국악_창작국악_대금.wav,48000,2,8763428,182.571,PCM_24,train
0846_창작국악_창작국악,0846,창작국악,대금2,대금,대금,관악,False,data/extracted/train/source/0846_창작국악_창작국악/0846_창작국악_창작국악_대금2.wav,48000,2,8763428,182.571,PCM_24,train
0846_창작국악_창작국악,0846,창작국악,북,북,타악기,타악,False,data/extracted/train/source/0846_창작국악_창작국악/0846_창작국악_창작국악_북.wav,48000,2,8763428,182.571,PCM_24,train
0846_창작국악_창작국악,0846,창작국악,소금,소금,기타,관악,False,data/extracted/train/source/0846_창작국악_창작국악/0846_창작국악_창작국악_소금.wav,48000,2,8763428,182.571,PCM_24,train
0846_창작국악_창작국악,0846,창작국악,아쟁,아쟁,아쟁,찰현,False,data/extracted/train/source/0846_창작국악_창작국악/0846_창작국악_창작국악_아쟁.wav,48000,2,8763428,182.571,PCM_24,train
0846_창작국악_창작국악,0846,창작국악,아쟁2,아쟁,아쟁,찰현,False,data/extracted/train/source/0846_창작국악_창작국악/0846_창작국악_창작국악_아쟁2.wav,48000,2,8763428,182.571,PCM_24,train
0846_창작국악_창작국악,0846,창작국악,장구,장구,타악기,타악,False,data/extracted/train/source/0846_창작국악_창작국악/0846_창작국악_창작국악_장구.wav,48000,2,8763428,182.571,PCM_24,train
0846_창작국악_창작국악,0846,창작국악,피리,피리,피리,관악,False,data/extracted/train/source/0846_창작국악_창작국악/0846_창작국악_창작국악_피리.wav,48000,2,8763428,182.571,PCM_24,train
0846_창작국악_창작국악,0846,창작국악,피리2,피리,피리,관악,False,data/extracted/train/source/0846_창작국악_창작국악/0846_창작국악_창작국악_피리2.wav,48000,2,8763428,182.571,PCM_24,train
0846_창작국악_창작국악,0846,창작국악,해금,해금,해금,찰현,False,data/extracted/train/source/0846_창작국악_창작국악/0846_창작국악_창작국악_해금.wav,48000,2,8763428,182.571,PCM_24,train
0847_창작국악_창작국악,0847,창작국악,가야금,가야금,가야금,발현,False,data/extracted/train/source/0847_창작국악_창작국악/0847_창작국악_창작국악_가야금.wav,48000,2,2838857,59.143,PCM_24,train
0847_창작국악_창작국악,0847,창작국악,거문고,거문고,거문고,발현,False,data/extracted/train/source/0847_창작국악_창작국악/0847_창작국악_창작국악_거문고.wav,48000,2,2838857,59.143,PCM_24,train
0847_창작국악_창작국악,0847,창작국악,대금,대금,대금,관악,False,data/extracted/train/source/0847_창작국악_창작국악/0847_창작국악_창작국악_대금.wav,48000,2,2838857,59.143,PCM_24,train
0847_창작국악_창작국악,0847,창작국악,대금2,대금,대금,관악,False,data/extracted/train/source/0847_창작국악_창작국악/0847_창작국악_창작국악_대금2.wav,48000,2,2838857,59.143,PCM_24,train
0847_창작국악_창작국악,0847,창작국악,북,북,타악기,타악,False,data/extracted/train/source/0847_창작국악_창작국악/0847_창작국악_창작국악_북.wav,48000,2,2838857,59.143,PCM_24,train
0847_창작국악_창작국악,0847,창작국악,소금,소금,기타,관악,False,data/extracted/train/source/0847_창작국악_창작국악/0847_창작국악_창작국악_소금.wav,48000,2,2838857,59.143,PCM_24,train
0847_창작국악_창작국악,0847,창작국악,아쟁,아쟁,아쟁,찰현,False,data/extracted/train/source/0847_창작국악_창작국악/0847_창작국악_창작국악_아쟁.wav,48000,2,2838857,59.143,PCM_24,train
0847_창작국악_창작국악,0847,창작국악,아쟁2,아쟁,아쟁,찰현,False,data/extracted/train/source/0847_창작국악_창작국악/0847_창작국악_창작국악_아쟁2.wav,48000,2,2838857,59.143,PCM_24,train
0847_창작국악_창작국악,0847,창작국악,장구,장구,타악기,타악,False,data/extracted/train/source/0847_창작국악_창작국악/0847_창작국악_창작국악_장구.wav,48000,2,2838857,59.143,PCM_24,train
0847_창작국악_창작국악,0847,창작국악,피리,피리,피리,관악,False,data/extracted/train/source/0847_창작국악_창작국악/0847_창작국악_창작국악_피리.wav,48000,2,2838857,59.143,PCM_24,train
0847_창작국악_창작국악,0847,창작국악,피리2,피리,피리,관악,False,data/extracted/train/source/0847_창작국악_창작국악/0847_창작국악_창작국악_피리2.wav,48000,2,2838857,59.143,PCM_24,train
0847_창작국악_창작국악,0847,창작국악,해금,해금,해금,찰현,False,data/extracted/train/source/0847_창작국악_창작국악/0847_창작국악_창작국악_해금.wav,48000,2,2838857,59.143,PCM_24,train
0848_창작국악_창작국악,0848,창작국악,가야금,가야금,가야금,발현,False,data/extracted/train/source/0848_창작국악_창작국악/0848_창작국악_창작국악_가야금.wav,48000,2,3702857,77.143,PCM_24,train
0848_창작국악_창작국악,0848,창작국악,가야금2,가야금,가야금,발현,False,data/extracted/train/source/0848_창작국악_창작국악/0848_창작국악_창작국악_가야금2.wav,48000,2,3702857,77.143,PCM_24,train
0848_창작국악_창작국악,0848,창작국악,거문고,거문고,거문고,발현,False,data/extracted/train/source/0848_창작국악_창작국악/0848_창작국악_창작국악_거문고.wav,48000,2,3702857,77.143,PCM_24,train
0848_창작국악_창작국악,0848,창작국악,꽹과리,꽹과리,타악기,타악,False,data/extracted/train/source/0848_창작국악_창작국악/0848_창작국악_창작국악_꽹과리.wav,48000,2,3702857,77.143,PCM_24,train
0848_창작국악_창작국악,0848,창작국악,대금,대금,대금,관악,False,data/extracted/train/source/0848_창작국악_창작국악/0848_창작국악_창작국악_대금.wav,48000,2,3702857,77.143,PCM_24,train
0848_창작국악_창작국악,0848,창작국악,북,북,타악기,타악,False,data/extracted/train/source/0848_창작국악_창작국악/0848_창작국악_창작국악_북.wav,48000,2,3702857,77.143,PCM_24,train
0848_창작국악_창작국악,0848,창작국악,소금,소금,기타,관악,False,data/extracted/train/source/0848_창작국악_창작국악/0848_창작국악_창작국악_소금.wav,48000,2,3702857,77.143,PCM_24,train
0848_창작국악_창작국악,0848,창작국악,아쟁,아쟁,아쟁,찰현,False,data/extracted/train/source/0848_창작국악_창작국악/0848_창작국악_창작국악_아쟁.wav,48000,2,3702857,77.143,PCM_24,train
0848_창작국악_창작국악,0848,창작국악,아쟁2,아쟁,아쟁,찰현,False,data/extracted/train/source/0848_창작국악_창작국악/0848_창작국악_창작국악_아쟁2.wav,48000,2,3702857,77.143,PCM_24,train
0848_창작국악_창작국악,0848,창작국악,장구,장구,타악기,타악,False,data/extracted/train/source/0848_창작국악_창작국악/0848_창작국악_창작국악_장구.wav,48000,2,3702857,77.143,PCM_24,train
0848_창작국악_창작국악,0848,창작국악,피리,피리,피리,관악,False,data/extracted/train/source/0848_창작국악_창작국악/0848_창작국악_창작국악_피리.wav,48000,2,3702857,77.143,PCM_24,train
0848_창작국악_창작국악,0848,창작국악,피리2,피리,피리,관악,False,data/extracted/train/source/0848_창작국악_창작국악/0848_창작국악_창작국악_피리2.wav,48000,2,3702857,77.143,PCM_24,train
0848_창작국악_창작국악,0848,창작국악,해금,해금,해금,찰현,False,data/extracted/train/source/0848_창작국악_창작국악/0848_창작국악_창작국악_해금.wav,48000,2,3702857,77.143,PCM_24,train
0849_창작국악_창작국악,0849,창작국악,가야금,가야금,가야금,발현,False,data/extracted/train/source/0849_창작국악_창작국악/0849_창작국악_창작국악_가야금.wav,48000,2,3949714,82.286,PCM_24,train
0849_창작국악_창작국악,0849,창작국악,가야금2,가야금,가야금,발현,False,data/extracted/train/source/0849_창작국악_창작국악/0849_창작국악_창작국악_가야금2.wav,48000,2,3949714,82.286,PCM_24,train
0849_창작국악_창작국악,0849,창작국악,거문고,거문고,거문고,발현,False,data/extracted/train/source/0849_창작국악_창작국악/0849_창작국악_창작국악_거문고.wav,48000,2,3949714,82.286,PCM_24,train
0849_창작국악_창작국악,0849,창작국악,꽹과리,꽹과리,타악기,타악,False,data/extracted/train/source/0849_창작국악_창작국악/0849_창작국악_창작국악_꽹과리.wav,48000,2,3949714,82.286,PCM_24,train
0849_창작국악_창작국악,0849,창작국악,대금,대금,대금,관악,False,data/extracted/train/source/0849_창작국악_창작국악/0849_창작국악_창작국악_대금.wav,48000,2,3949714,82.286,PCM_24,train
0849_창작국악_창작국악,0849,창작국악,북,북,타악기,타악,False,data/extracted/train/source/0849_창작국악_창작국악/0849_창작국악_창작국악_북.wav,48000,2,3949714,82.286,PCM_24,train
0849_창작국악_창작국악,0849,창작국악,소금,소금,기타,관악,False,data/extracted/train/source/0849_창작국악_창작국악/0849_창작국악_창작국악_소금.wav,48000,2,3949714,82.286,PCM_24,train
0849_창작국악_창작국악,0849,창작국악,아쟁,아쟁,아쟁,찰현,False,data/extracted/train/source/0849_창작국악_창작국악/0849_창작국악_창작국악_아쟁.wav,48000,2,3949714,82.286,PCM_24,train
0849_창작국악_창작국악,0849,창작국악,장구,장구,타악기,타악,False,data/extracted/train/source/0849_창작국악_창작국악/0849_창작국악_창작국악_장구.wav,48000,2,3949714,82.286,PCM_24,train
0849_창작국악_창작국악,0849,창작국악,피리,피리,피리,관악,False,data/extracted/train/source/0849_창작국악_창작국악/0849_창작국악_창작국악_피리.wav,48000,2,3949714,82.286,PCM_24,train
0849_창작국악_창작국악,0849,창작국악,피리2,피리,피리,관악,False,data/extracted/train/source/0849_창작국악_창작국악/0849_창작국악_창작국악_피리2.wav,48000,2,3949714,82.286,PCM_24,train
0849_창작국악_창작국악,0849,창작국악,해금,해금,해금,찰현,False,data/extracted/train/source/0849_창작국악_창작국악/0849_창작국악_창작국악_해금.wav,48000,2,3949714,82.286,PCM_24,train
0851_창작국악_창작국악,0851,창작국악,가야금,가야금,가야금,발현,False,data/extracted/train/source/0851_창작국악_창작국악/0851_창작국악_창작국악_가야금.wav,48000,2,16128000,336.0,PCM_24,train
0851_창작국악_창작국악,0851,창작국악,거문고,거문고,거문고,발현,False,data/extracted/train/source/0851_창작국악_창작국악/0851_창작국악_창작국악_거문고.wav,48000,2,16128000,336.0,PCM_24,train
0851_창작국악_창작국악,0851,창작국악,꽹과리,꽹과리,타악기,타악,False,data/extracted/train/source/0851_창작국악_창작국악/0851_창작국악_창작국악_꽹과리.wav,48000,2,16128000,336.0,PCM_24,train
0851_창작국악_창작국악,0851,창작국악,대금,대금,대금,관악,False,data/extracted/train/source/0851_창작국악_창작국악/0851_창작국악_창작국악_대금.wav,48000,2,16128000,336.0,PCM_24,train
0851_창작국악_창작국악,0851,창작국악,북,북,타악기,타악,False,data/extracted/train/source/0851_창작국악_창작국악/0851_창작국악_창작국악_북.wav,48000,2,16128000,336.0,PCM_24,train
0851_창작국악_창작국악,0851,창작국악,소금,소금,기타,관악,False,data/extracted/train/source/0851_창작국악_창작국악/0851_창작국악_창작국악_소금.wav,48000,2,16128000,336.0,PCM_24,train
0851_창작국악_창작국악,0851,창작국악,아쟁,아쟁,아쟁,찰현,False,data/extracted/train/source/0851_창작국악_창작국악/0851_창작국악_창작국악_아쟁.wav,48000,2,16128000,336.0,PCM_24,train
0851_창작국악_창작국악,0851,창작국악,아쟁2,아쟁,아쟁,찰현,False,data/extracted/train/source/0851_창작국악_창작국악/0851_창작국악_창작국악_아쟁2.wav,48000,2,16128000,336.0,PCM_24,train
0851_창작국악_창작국악,0851,창작국악,아쟁3,아쟁,아쟁,찰현,False,data/extracted/train/source/0851_창작국악_창작국악/0851_창작국악_창작국악_아쟁3.wav,48000,2,16128000,336.0,PCM_24,train
0851_창작국악_창작국악,0851,창작국악,양금,양금,양금,발현,False,data/extracted/train/source/0851_창작국악_창작국악/0851_창작국악_창작국악_양금.wav,48000,2,16128000,336.0,PCM_24,train
0851_창작국악_창작국악,0851,창작국악,장구,장구,타악기,타악,False,data/extracted/train/source/0851_창작국악_창작국악/0851_창작국악_창작국악_장구.wav,48000,2,16128000,336.0,PCM_24,train
0851_창작국악_창작국악,0851,창작국악,해금,해금,해금,찰현,False,data/extracted/train/source/0851_창작국악_창작국악/0851_창작국악_창작국악_해금.wav,48000,2,16128000,336.0,PCM_24,train
0851_창작국악_창작국악,0851,창작국악,해금2,해금,해금,찰현,False,data/extracted/train/source/0851_창작국악_창작국악/0851_창작국악_창작국악_해금2.wav,48000,2,16128000,336.0,PCM_24,train
0852_창작국악_창작국악,0852,창작국악,가야금,가야금,가야금,발현,False,data/extracted/train/source/0852_창작국악_창작국악/0852_창작국악_창작국악_가야금.wav,48000,2,4608000,96.0,PCM_24,train
0852_창작국악_창작국악,0852,창작국악,거문고,거문고,거문고,발현,False,data/extracted/train/source/0852_창작국악_창작국악/0852_창작국악_창작국악_거문고.wav,48000,2,4608000,96.0,PCM_24,train
0852_창작국악_창작국악,0852,창작국악,꽹과리,꽹과리,타악기,타악,False,data/extracted/train/source/0852_창작국악_창작국악/0852_창작국악_창작국악_꽹과리.wav,48000,2,4608000,96.0,PCM_24,train
0852_창작국악_창작국악,0852,창작국악,대금,대금,대금,관악,False,data/extracted/train/source/0852_창작국악_창작국악/0852_창작국악_창작국악_대금.wav,48000,2,4608000,96.0,PCM_24,train
0852_창작국악_창작국악,0852,창작국악,대금2,대금,대금,관악,False,data/extracted/train/source/0852_창작국악_창작국악/0852_창작국악_창작국악_대금2.wav,48000,2,4608000,96.0,PCM_24,train
0852_창작국악_창작국악,0852,창작국악,북,북,타악기,타악,False,data/extracted/train/source/0852_창작국악_창작국악/0852_창작국악_창작국악_북.wav,48000,2,4608000,96.0,PCM_24,train
0852_창작국악_창작국악,0852,창작국악,소금,소금,기타,관악,False,data/extracted/train/source/0852_창작국악_창작국악/0852_창작국악_창작국악_소금.wav,48000,2,4608000,96.0,PCM_24,train
0852_창작국악_창작국악,0852,창작국악,아쟁,아쟁,아쟁,찰현,False,data/extracted/train/source/0852_창작국악_창작국악/0852_창작국악_창작국악_아쟁.wav,48000,2,4608000,96.0,PCM_24,train
0852_창작국악_창작국악,0852,창작국악,아쟁2,아쟁,아쟁,찰현,False,data/extracted/train/source/0852_창작국악_창작국악/0852_창작국악_창작국악_아쟁2.wav,48000,2,4608000,96.0,PCM_24,train
0852_창작국악_창작국악,0852,창작국악,아쟁3,아쟁,아쟁,찰현,False,data/extracted/train/source/0852_창작국악_창작국악/0852_창작국악_창작국악_아쟁3.wav,48000,2,4608000,96.0,PCM_24,train
0852_창작국악_창작국악,0852,창작국악,양금,양금,양금,발현,False,data/extracted/train/source/0852_창작국악_창작국악/0852_창작국악_창작국악_양금.wav,48000,2,4608000,96.0,PCM_24,train
0852_창작국악_창작국악,0852,창작국악,장구,장구,타악기,타악,False,data/extracted/train/source/0852_창작국악_창작국악/0852_창작국악_창작국악_장구.wav,48000,2,4608000,96.0,PCM_24,train
0852_창작국악_창작국악,0852,창작국악,피리,피리,피리,관악,False,data/extracted/train/source/0852_창작국악_창작국악/0852_창작국악_창작국악_피리.wav,48000,2,4608000,96.0,PCM_24,train
0852_창작국악_창작국악,0852,창작국악,피리2,피리,피리,관악,False,data/extracted/train/source/0852_창작국악_창작국악/0852_창작국악_창작국악_피리2.wav,48000,2,4608000,96.0,PCM_24,train
0852_창작국악_창작국악,0852,창작국악,해금,해금,해금,찰현,False,data/extracted/train/source/0852_창작국악_창작국악/0852_창작국악_창작국악_해금.wav,48000,2,4608000,96.0,PCM_24,train
0853_창작국악_창작국악,0853,창작국악,가야금,가야금,가야금,발현,False,data/extracted/train/source/0853_창작국악_창작국악/0853_창작국악_창작국악_가야금.wav,48000,2,14661822,305.455,PCM_24,test
0853_창작국악_창작국악,0853,창작국악,거문고,거문고,거문고,발현,False,data/extracted/train/source/0853_창작국악_창작국악/0853_창작국악_창작국악_거문고.wav,48000,2,14661822,305.455,PCM_24,test
0853_창작국악_창작국악,0853,창작국악,꽹과리,꽹과리,타악기,타악,False,data/extracted/train/source/0853_창작국악_창작국악/0853_창작국악_창작국악_꽹과리.wav,48000,2,14661822,305.455,PCM_24,test
0853_창작국악_창작국악,0853,창작국악,대금,대금,대금,관악,False,data/extracted/train/source/0853_창작국악_창작국악/0853_창작국악_창작국악_대금.wav,48000,2,14661822,305.455,PCM_24,test
0853_창작국악_창작국악,0853,창작국악,대금2,대금,대금,관악,False,data/extracted/train/source/0853_창작국악_창작국악/0853_창작국악_창작국악_대금2.wav,48000,2,14661822,305.455,PCM_24,test
0853_창작국악_창작국악,0853,창작국악,북,북,타악기,타악,False,data/extracted/train/source/0853_창작국악_창작국악/0853_창작국악_창작국악_북.wav,48000,2,14661822,305.455,PCM_24,test
0853_창작국악_창작국악,0853,창작국악,소금,소금,기타,관악,False,data/extracted/train/source/0853_창작국악_창작국악/0853_창작국악_창작국악_소금.wav,48000,2,14661822,305.455,PCM_24,test
0853_창작국악_창작국악,0853,창작국악,아쟁,아쟁,아쟁,찰현,False,data/extracted/train/source/0853_창작국악_창작국악/0853_창작국악_창작국악_아쟁.wav,48000,2,14661822,305.455,PCM_24,test
0853_창작국악_창작국악,0853,창작국악,아쟁2,아쟁,아쟁,찰현,False,data/extracted/train/source/0853_창작국악_창작국악/0853_창작국악_창작국악_아쟁2.wav,48000,2,14661822,305.455,PCM_24,test
0853_창작국악_창작국악,0853,창작국악,아쟁3,아쟁,아쟁,찰현,False,data/extracted/train/source/0853_창작국악_창작국악/0853_창작국악_창작국악_아쟁3.wav,48000,2,14661822,305.455,PCM_24,test
0853_창작국악_창작국악,0853,창작국악,양금,양금,양금,발현,False,data/extracted/train/source/0853_창작국악_창작국악/0853_창작국악_창작국악_양금.wav,48000,2,14661822,305.455,PCM_24,test
0853_창작국악_창작국악,0853,창작국악,장구,장구,타악기,타악,False,data/extracted/train/source/0853_창작국악_창작국악/0853_창작국악_창작국악_장구.wav,48000,2,14661822,305.455,PCM_24,test
0853_창작국악_창작국악,0853,창작국악,피리,피리,피리,관악,False,data/extracted/train/source/0853_창작국악_창작국악/0853_창작국악_창작국악_피리.wav,48000,2,14661822,305.455,PCM_24,test
0853_창작국악_창작국악,0853,창작국악,피리2,피리,피리,관악,False,data/extracted/train/source/0853_창작국악_창작국악/0853_창작국악_창작국악_피리2.wav,48000,2,14661822,305.455,PCM_24,test
0853_창작국악_창작국악,0853,창작국악,해금,해금,해금,찰현,False,data/extracted/train/source/0853_창작국악_창작국악/0853_창작국악_창작국악_해금.wav,48000,2,14661822,305.455,PCM_24,test
0853_창작국악_창작국악,0853,창작국악,해금2,해금,해금,찰현,False,data/extracted/train/source/0853_창작국악_창작국악/0853_창작국악_창작국악_해금2.wav,48000,2,14661822,305.455,PCM_24,test
0854_창작국악_창작국악,0854,창작국악,가야금,가야금,가야금,발현,False,data/extracted/val/source/0854_창작국악_창작국악/0854_창작국악_창작국악_가야금.wav,48000,2,15360000,320.0,PCM_24,val
0854_창작국악_창작국악,0854,창작국악,가야금2,가야금,가야금,발현,False,data/extracted/val/source/0854_창작국악_창작국악/0854_창작국악_창작국악_가야금2.wav,48000,2,15360000,320.0,PCM_24,val
0854_창작국악_창작국악,0854,창작국악,거문고,거문고,거문고,발현,False,data/extracted/val/source/0854_창작국악_창작국악/0854_창작국악_창작국악_거문고.wav,48000,2,15360000,320.0,PCM_24,val
0854_창작국악_창작국악,0854,창작국악,대금,대금,대금,관악,False,data/extracted/val/source/0854_창작국악_창작국악/0854_창작국악_창작국악_대금.wav,48000,2,15360000,320.0,PCM_24,val
0854_창작국악_창작국악,0854,창작국악,바라,바라,타악기,타악,False,data/extracted/val/source/0854_창작국악_창작국악/0854_창작국악_창작국악_바라.wav,48000,2,15360000,320.0,PCM_24,val
0854_창작국악_창작국악,0854,창작국악,북,북,타악기,타악,False,data/extracted/val/source/0854_창작국악_창작국악/0854_창작국악_창작국악_북.wav,48000,2,15360000,320.0,PCM_24,val
0854_창작국악_창작국악,0854,창작국악,소금,소금,기타,관악,False,data/extracted/val/source/0854_창작국악_창작국악/0854_창작국악_창작국악_소금.wav,48000,2,15360000,320.0,PCM_24,val
0854_창작국악_창작국악,0854,창작국악,아쟁,아쟁,아쟁,찰현,False,data/extracted/val/source/0854_창작국악_창작국악/0854_창작국악_창작국악_아쟁.wav,48000,2,15360000,320.0,PCM_24,val
0854_창작국악_창작국악,0854,창작국악,아쟁2,아쟁,아쟁,찰현,False,data/extracted/val/source/0854_창작국악_창작국악/0854_창작국악_창작국악_아쟁2.wav,48000,2,15360000,320.0,PCM_24,val
0854_창작국악_창작국악,0854,창작국악,아쟁3,아쟁,아쟁,찰현,False,data/extracted/val/source/0854_창작국악_창작국악/0854_창작국악_창작국악_아쟁3.wav,48000,2,15360000,320.0,PCM_24,val
0854_창작국악_창작국악,0854,창작국악,장구,장구,타악기,타악,False,data/extracted/val/source/0854_창작국악_창작국악/0854_창작국악_창작국악_장구.wav,48000,2,15360000,320.0,PCM_24,val
0854_창작국악_창작국악,0854,창작국악,피리,피리,피리,관악,False,data/extracted/val/source/0854_창작국악_창작국악/0854_창작국악_창작국악_피리.wav,48000,2,15360000,320.0,PCM_24,val
0854_창작국악_창작국악,0854,창작국악,피리2,피리,피리,관악,False,data/extracted/val/source/0854_창작국악_창작국악/0854_창작국악_창작국악_피리2.wav,48000,2,15360000,320.0,PCM_24,val
0854_창작국악_창작국악,0854,창작국악,해금,해금,해금,찰현,False,data/extracted/val/source/0854_창작국악_창작국악/0854_창작국악_창작국악_해금.wav,48000,2,15360000,320.0,PCM_24,val
0854_창작국악_창작국악,0854,창작국악,해금2,해금,해금,찰현,False,data/extracted/val/source/0854_창작국악_창작국악/0854_창작국악_창작국악_해금2.wav,48000,2,15360000,320.0,PCM_24,val
0856_창작국악_창작국악,0856,창작국악,가야금,가야금,가야금,발현,False,data/extracted/train/source/0856_창작국악_창작국악/0856_창작국악_창작국악_가야금.wav,48000,2,4560000,95.0,PCM_24,train
0856_창작국악_창작국악,0856,창작국악,가야금2,가야금,가야금,발현,False,data/extracted/train/source/0856_창작국악_창작국악/0856_창작국악_창작국악_가야금2.wav,48000,2,4560000,95.0,PCM_24,train
0856_창작국악_창작국악,0856,창작국악,거문고,거문고,거문고,발현,False,data/extracted/train/source/0856_창작국악_창작국악/0856_창작국악_창작국악_거문고.wav,48000,2,4560000,95.0,PCM_24,train
0856_창작국악_창작국악,0856,창작국악,대금,대금,대금,관악,False,data/extracted/train/source/0856_창작국악_창작국악/0856_창작국악_창작국악_대금.wav,48000,2,4560000,95.0,PCM_24,train
0856_창작국악_창작국악,0856,창작국악,대금2,대금,대금,관악,False,data/extracted/train/source/0856_창작국악_창작국악/0856_창작국악_창작국악_대금2.wav,48000,2,4560000,95.0,PCM_24,train
0856_창작국악_창작국악,0856,창작국악,바라,바라,타악기,타악,False,data/extracted/train/source/0856_창작국악_창작국악/0856_창작국악_창작국악_바라.wav,48000,2,4560000,95.0,PCM_24,train
0856_창작국악_창작국악,0856,창작국악,방울,방울,타악기,타악,False,data/extracted/train/source/0856_창작국악_창작국악/0856_창작국악_창작국악_방울.wav,48000,2,4560000,95.0,PCM_24,train
0856_창작국악_창작국악,0856,창작국악,북,북,타악기,타악,False,data/extracted/train/source/0856_창작국악_창작국악/0856_창작국악_창작국악_북.wav,48000,2,4560000,95.0,PCM_24,train
0856_창작국악_창작국악,0856,창작국악,소금,소금,기타,관악,False,data/extracted/train/source/0856_창작국악_창작국악/0856_창작국악_창작국악_소금.wav,48000,2,4560000,95.0,PCM_24,train
0856_창작국악_창작국악,0856,창작국악,아쟁,아쟁,아쟁,찰현,False,data/extracted/train/source/0856_창작국악_창작국악/0856_창작국악_창작국악_아쟁.wav,48000,2,4560000,95.0,PCM_24,train
0856_창작국악_창작국악,0856,창작국악,아쟁2,아쟁,아쟁,찰현,False,data/extracted/train/source/0856_창작국악_창작국악/0856_창작국악_창작국악_아쟁2.wav,48000,2,4560000,95.0,PCM_24,train
0856_창작국악_창작국악,0856,창작국악,아쟁3,아쟁,아쟁,찰현,False,data/extracted/train/source/0856_창작국악_창작국악/0856_창작국악_창작국악_아쟁3.wav,48000,2,4560000,95.0,PCM_24,train
0856_창작국악_창작국악,0856,창작국악,장구,장구,타악기,타악,False,data/extracted/train/source/0856_창작국악_창작국악/0856_창작국악_창작국악_장구.wav,48000,2,4560000,95.0,PCM_24,train
0856_창작국악_창작국악,0856,창작국악,피리,피리,피리,관악,False,data/extracted/train/source/0856_창작국악_창작국악/0856_창작국악_창작국악_피리.wav,48000,2,4560000,95.0,PCM_24,train
0856_창작국악_창작국악,0856,창작국악,피리2,피리,피리,관악,False,data/extracted/train/source/0856_창작국악_창작국악/0856_창작국악_창작국악_피리2.wav,48000,2,4560000,95.0,PCM_24,train
0856_창작국악_창작국악,0856,창작국악,해금,해금,해금,찰현,False,data/extracted/train/source/0856_창작국악_창작국악/0856_창작국악_창작국악_해금.wav,48000,2,4560000,95.0,PCM_24,train
0856_창작국악_창작국악,0856,창작국악,해금2,해금,해금,찰현,False,data/extracted/train/source/0856_창작국악_창작국악/0856_창작국악_창작국악_해금2.wav,48000,2,4560000,95.0,PCM_24,train
0857_창작국악_창작국악,0857,창작국악,가야금,가야금,가야금,발현,False,data/extracted/train/source/0857_창작국악_창작국악/0857_창작국악_창작국악_가야금.wav,48000,2,15552000,324.0,PCM_24,train
0857_창작국악_창작국악,0857,창작국악,거문고,거문고,거문고,발현,False,data/extracted/train/source/0857_창작국악_창작국악/0857_창작국악_창작국악_거문고.wav,48000,2,15552000,324.0,PCM_24,train
0857_창작국악_창작국악,0857,창작국악,꽹과리,꽹과리,타악기,타악,False,data/extracted/train/source/0857_창작국악_창작국악/0857_창작국악_창작국악_꽹과리.wav,48000,2,15552000,324.0,PCM_24,train
0857_창작국악_창작국악,0857,창작국악,대금,대금,대금,관악,False,data/extracted/train/source/0857_창작국악_창작국악/0857_창작국악_창작국악_대금.wav,48000,2,15552000,324.0,PCM_24,train
0857_창작국악_창작국악,0857,창작국악,대금2,대금,대금,관악,False,data/extracted/train/source/0857_창작국악_창작국악/0857_창작국악_창작국악_대금2.wav,48000,2,15552000,324.0,PCM_24,train
0857_창작국악_창작국악,0857,창작국악,바라,바라,타악기,타악,False,data/extracted/train/source/0857_창작국악_창작국악/0857_창작국악_창작국악_바라.wav,48000,2,15552000,324.0,PCM_24,train
0857_창작국악_창작국악,0857,창작국악,북,북,타악기,타악,False,data/extracted/train/source/0857_창작국악_창작국악/0857_창작국악_창작국악_북.wav,48000,2,15552000,324.0,PCM_24,train
0857_창작국악_창작국악,0857,창작국악,소금,소금,기타,관악,False,data/extracted/train/source/0857_창작국악_창작국악/0857_창작국악_창작국악_소금.wav,48000,2,15552000,324.0,PCM_24,train
0857_창작국악_창작국악,0857,창작국악,아쟁,아쟁,아쟁,찰현,False,data/extracted/train/source/0857_창작국악_창작국악/0857_창작국악_창작국악_아쟁.wav,48000,2,15552000,324.0,PCM_24,train
0857_창작국악_창작국악,0857,창작국악,아쟁2,아쟁,아쟁,찰현,False,data/extracted/train/source/0857_창작국악_창작국악/0857_창작국악_창작국악_아쟁2.wav,48000,2,15552000,324.0,PCM_24,train
0857_창작국악_창작국악,0857,창작국악,아쟁3,아쟁,아쟁,찰현,False,data/extracted/train/source/0857_창작국악_창작국악/0857_창작국악_창작국악_아쟁3.wav,48000,2,15552000,324.0,PCM_24,train
0857_창작국악_창작국악,0857,창작국악,피리,피리,피리,관악,False,data/extracted/train/source/0857_창작국악_창작국악/0857_창작국악_창작국악_피리.wav,48000,2,15552000,324.0,PCM_24,train
0857_창작국악_창작국악,0857,창작국악,피리2,피리,피리,관악,False,data/extracted/train/source/0857_창작국악_창작국악/0857_창작국악_창작국악_피리2.wav,48000,2,15552000,324.0,PCM_24,train
0857_창작국악_창작국악,0857,창작국악,해금,해금,해금,찰현,False,data/extracted/train/source/0857_창작국악_창작국악/0857_창작국악_창작국악_해금.wav,48000,2,15552000,324.0,PCM_24,train
0858_창작국악_창작국악,0858,창작국악,가야금,가야금,가야금,발현,False,data/extracted/train/source/0858_창작국악_창작국악/0858_창작국악_창작국악_가야금.wav,48000,2,6156000,128.25,PCM_24,train
0858_창작국악_창작국악,0858,창작국악,거문고,거문고,거문고,발현,False,data/extracted/train/source/0858_창작국악_창작국악/0858_창작국악_창작국악_거문고.wav,48000,2,6156000,128.25,PCM_24,train
0858_창작국악_창작국악,0858,창작국악,꽹과리,꽹과리,타악기,타악,False,data/extracted/train/source/0858_창작국악_창작국악/0858_창작국악_창작국악_꽹과리.wav,48000,2,6156000,128.25,PCM_24,train
0858_창작국악_창작국악,0858,창작국악,대금,대금,대금,관악,False,data/extracted/train/source/0858_창작국악_창작국악/0858_창작국악_창작국악_대금.wav,48000,2,6156000,128.25,PCM_24,train
0858_창작국악_창작국악,0858,창작국악,대금2,대금,대금,관악,False,data/extracted/train/source/0858_창작국악_창작국악/0858_창작국악_창작국악_대금2.wav,48000,2,6156000,128.25,PCM_24,train
0858_창작국악_창작국악,0858,창작국악,바라,바라,타악기,타악,False,data/extracted/train/source/0858_창작국악_창작국악/0858_창작국악_창작국악_바라.wav,48000,2,6156000,128.25,PCM_24,train
0858_창작국악_창작국악,0858,창작국악,북,북,타악기,타악,False,data/extracted/train/source/0858_창작국악_창작국악/0858_창작국악_창작국악_북.wav,48000,2,6156000,128.25,PCM_24,train
0858_창작국악_창작국악,0858,창작국악,소금,소금,기타,관악,False,data/extracted/train/source/0858_창작국악_창작국악/0858_창작국악_창작국악_소금.wav,48000,2,6156000,128.25,PCM_24,train
0858_창작국악_창작국악,0858,창작국악,아쟁,아쟁,아쟁,찰현,False,data/extracted/train/source/0858_창작국악_창작국악/0858_창작국악_창작국악_아쟁.wav,48000,2,6156000,128.25,PCM_24,train
0858_창작국악_창작국악,0858,창작국악,아쟁2,아쟁,아쟁,찰현,False,data/extracted/train/source/0858_창작국악_창작국악/0858_창작국악_창작국악_아쟁2.wav,48000,2,6156000,128.25,PCM_24,train
0858_창작국악_창작국악,0858,창작국악,아쟁3,아쟁,아쟁,찰현,False,data/extracted/train/source/0858_창작국악_창작국악/0858_창작국악_창작국악_아쟁3.wav,48000,2,6156000,128.25,PCM_24,train
0858_창작국악_창작국악,0858,창작국악,아쟁4,아쟁,아쟁,찰현,False,data/extracted/train/source/0858_창작국악_창작국악/0858_창작국악_창작국악_아쟁4.wav,48000,2,6156000,128.25,PCM_24,train
0858_창작국악_창작국악,0858,창작국악,장구,장구,타악기,타악,False,data/extracted/train/source/0858_창작국악_창작국악/0858_창작국악_창작국악_장구.wav,48000,2,6156000,128.25,PCM_24,train
0858_창작국악_창작국악,0858,창작국악,태평소,태평소,기타,관악,False,data/extracted/train/source/0858_창작국악_창작국악/0858_창작국악_창작국악_태평소.wav,48000,2,6156000,128.25,PCM_24,train
0858_창작국악_창작국악,0858,창작국악,피리,피리,피리,관악,False,data/extracted/train/source/0858_창작국악_창작국악/0858_창작국악_창작국악_피리.wav,48000,2,6156000,128.25,PCM_24,train
0858_창작국악_창작국악,0858,창작국악,피리2,피리,피리,관악,False,data/extracted/train/source/0858_창작국악_창작국악/0858_창작국악_창작국악_피리2.wav,48000,2,6156000,128.25,PCM_24,train
0858_창작국악_창작국악,0858,창작국악,해금,해금,해금,찰현,False,data/extracted/train/source/0858_창작국악_창작국악/0858_창작국악_창작국악_해금.wav,48000,2,6156000,128.25,PCM_24,train
0859_창작국악_창작국악,0859,창작국악,가야금,가야금,가야금,발현,False,data/extracted/train/source/0859_창작국악_창작국악/0859_창작국악_창작국악_가야금.wav,48000,2,14904000,310.5,PCM_24,train
0859_창작국악_창작국악,0859,창작국악,가야금2,가야금,가야금,발현,False,data/extracted/train/source/0859_창작국악_창작국악/0859_창작국악_창작국악_가야금2.wav,48000,2,14904000,310.5,PCM_24,train
0859_창작국악_창작국악,0859,창작국악,거문고,거문고,거문고,발현,False,data/extracted/train/source/0859_창작국악_창작국악/0859_창작국악_창작국악_거문고.wav,48000,2,14904000,310.5,PCM_24,train
0859_창작국악_창작국악,0859,창작국악,꽹과리,꽹과리,타악기,타악,False,data/extracted/train/source/0859_창작국악_창작국악/0859_창작국악_창작국악_꽹과리.wav,48000,2,14904000,310.5,PCM_24,train
0859_창작국악_창작국악,0859,창작국악,대금,대금,대금,관악,False,data/extracted/train/source/0859_창작국악_창작국악/0859_창작국악_창작국악_대금.wav,48000,2,14904000,310.5,PCM_24,train
0859_창작국악_창작국악,0859,창작국악,대금2,대금,대금,관악,False,data/extracted/train/source/0859_창작국악_창작국악/0859_창작국악_창작국악_대금2.wav,48000,2,14904000,310.5,PCM_24,train
0859_창작국악_창작국악,0859,창작국악,바라,바라,타악기,타악,False,data/extracted/train/source/0859_창작국악_창작국악/0859_창작국악_창작국악_바라.wav,48000,2,14904000,310.5,PCM_24,train
0859_창작국악_창작국악,0859,창작국악,북,북,타악기,타악,False,data/extracted/train/source/0859_창작국악_창작국악/0859_창작국악_창작국악_북.wav,48000,2,14904000,310.5,PCM_24,train
0859_창작국악_창작국악,0859,창작국악,소금,소금,기타,관악,False,data/extracted/train/source/0859_창작국악_창작국악/0859_창작국악_창작국악_소금.wav,48000,2,14904000,310.5,PCM_24,train
0859_창작국악_창작국악,0859,창작국악,아쟁,아쟁,아쟁,찰현,False,data/extracted/train/source/0859_창작국악_창작국악/0859_창작국악_창작국악_아쟁.wav,48000,2,14904000,310.5,PCM_24,train
0859_창작국악_창작국악,0859,창작국악,아쟁2,아쟁,아쟁,찰현,False,data/extracted/train/source/0859_창작국악_창작국악/0859_창작국악_창작국악_아쟁2.wav,48000,2,14904000,310.5,PCM_24,train
0859_창작국악_창작국악,0859,창작국악,아쟁3,아쟁,아쟁,찰현,False,data/extracted/train/source/0859_창작국악_창작국악/0859_창작국악_창작국악_아쟁3.wav,48000,2,14904000,310.5,PCM_24,train
0859_창작국악_창작국악,0859,창작국악,피리,피리,피리,관악,False,data/extracted/train/source/0859_창작국악_창작국악/0859_창작국악_창작국악_피리.wav,48000,2,14904000,310.5,PCM_24,train
0859_창작국악_창작국악,0859,창작국악,피리2,피리,피리,관악,False,data/extracted/train/source/0859_창작국악_창작국악/0859_창작국악_창작국악_피리2.wav,48000,2,14904000,310.5,PCM_24,train
0859_창작국악_창작국악,0859,창작국악,해금,해금,해금,찰현,False,data/extracted/train/source/0859_창작국악_창작국악/0859_창작국악_창작국악_해금.wav,48000,2,14904000,310.5,PCM_24,train
0860_창작국악_창작국악,0860,창작국악,가야금,가야금,가야금,발현,False,data/extracted/train/source/0860_창작국악_창작국악/0860_창작국악_창작국악_가야금.wav,48000,2,1224000,25.5,PCM_24,train
0860_창작국악_창작국악,0860,창작국악,가야금2,가야금,가야금,발현,False,data/extracted/train/source/0860_창작국악_창작국악/0860_창작국악_창작국악_가야금2.wav,48000,2,1224000,25.5,PCM_24,train
0860_창작국악_창작국악,0860,창작국악,거문고,거문고,거문고,발현,False,data/extracted/train/source/0860_창작국악_창작국악/0860_창작국악_창작국악_거문고.wav,48000,2,1224000,25.5,PCM_24,train
0860_창작국악_창작국악,0860,창작국악,꽹과리,꽹과리,타악기,타악,False,data/extracted/train/source/0860_창작국악_창작국악/0860_창작국악_창작국악_꽹과리.wav,48000,2,1224000,25.5,PCM_24,train
0860_창작국악_창작국악,0860,창작국악,대금,대금,대금,관악,False,data/extracted/train/source/0860_창작국악_창작국악/0860_창작국악_창작국악_대금.wav,48000,2,1224000,25.5,PCM_24,train
0860_창작국악_창작국악,0860,창작국악,대금2,대금,대금,관악,False,data/extracted/train/source/0860_창작국악_창작국악/0860_창작국악_창작국악_대금2.wav,48000,2,1224000,25.5,PCM_24,train
0860_창작국악_창작국악,0860,창작국악,바라,바라,타악기,타악,False,data/extracted/train/source/0860_창작국악_창작국악/0860_창작국악_창작국악_바라.wav,48000,2,1224000,25.5,PCM_24,train
0860_창작국악_창작국악,0860,창작국악,북,북,타악기,타악,False,data/extracted/train/source/0860_창작국악_창작국악/0860_창작국악_창작국악_북.wav,48000,2,1224000,25.5,PCM_24,train
0860_창작국악_창작국악,0860,창작국악,소금,소금,기타,관악,False,data/extracted/train/source/0860_창작국악_창작국악/0860_창작국악_창작국악_소금.wav,48000,2,1224000,25.5,PCM_24,train
0860_창작국악_창작국악,0860,창작국악,아쟁,아쟁,아쟁,찰현,False,data/extracted/train/source/0860_창작국악_창작국악/0860_창작국악_창작국악_아쟁.wav,48000,2,1224000,25.5,PCM_24,train
0860_창작국악_창작국악,0860,창작국악,아쟁2,아쟁,아쟁,찰현,False,data/extracted/train/source/0860_창작국악_창작국악/0860_창작국악_창작국악_아쟁2.wav,48000,2,1224000,25.5,PCM_24,train
0860_창작국악_창작국악,0860,창작국악,아쟁3,아쟁,아쟁,찰현,False,data/extracted/train/source/0860_창작국악_창작국악/0860_창작국악_창작국악_아쟁3.wav,48000,2,1224000,25.5,PCM_24,train
0860_창작국악_창작국악,0860,창작국악,아쟁4,아쟁,아쟁,찰현,False,data/extracted/train/source/0860_창작국악_창작국악/0860_창작국악_창작국악_아쟁4.wav,48000,2,1224000,25.5,PCM_24,train
0860_창작국악_창작국악,0860,창작국악,장구,장구,타악기,타악,False,data/extracted/train/source/0860_창작국악_창작국악/0860_창작국악_창작국악_장구.wav,48000,2,1224000,25.5,PCM_24,train
0860_창작국악_창작국악,0860,창작국악,피리,피리,피리,관악,False,data/extracted/train/source/0860_창작국악_창작국악/0860_창작국악_창작국악_피리.wav,48000,2,1224000,25.5,PCM_24,train
0860_창작국악_창작국악,0860,창작국악,피리2,피리,피리,관악,False,data/extracted/train/source/0860_창작국악_창작국악/0860_창작국악_창작국악_피리2.wav,48000,2,1224000,25.5,PCM_24,train
0860_창작국악_창작국악,0860,창작국악,해금,해금,해금,찰현,False,data/extracted/train/source/0860_창작국악_창작국악/0860_창작국악_창작국악_해금.wav,48000,2,1224000,25.5,PCM_24,train
0860_창작국악_창작국악,0860,창작국악,해금2,해금,해금,찰현,False,data/extracted/train/source/0860_창작국악_창작국악/0860_창작국악_창작국악_해금2.wav,48000,2,1224000,25.5,PCM_24,train
0861_창작국악_창작국악,0861,창작국악,가야금,가야금,가야금,발현,False,data/extracted/train/source/0861_창작국악_창작국악/0861_창작국악_창작국악_가야금.wav,48000,2,16200000,337.5,PCM_24,val
0861_창작국악_창작국악,0861,창작국악,가야금2,가야금,가야금,발현,False,data/extracted/train/source/0861_창작국악_창작국악/0861_창작국악_창작국악_가야금2.wav,48000,2,16200000,337.5,PCM_24,val
0861_창작국악_창작국악,0861,창작국악,거문고,거문고,거문고,발현,False,data/extracted/train/source/0861_창작국악_창작국악/0861_창작국악_창작국악_거문고.wav,48000,2,16200000,337.5,PCM_24,val
0861_창작국악_창작국악,0861,창작국악,대고,대고,타악기,타악,False,data/extracted/train/source/0861_창작국악_창작국악/0861_창작국악_창작국악_대고.wav,48000,2,16200000,337.5,PCM_24,val
0861_창작국악_창작국악,0861,창작국악,대금,대금,대금,관악,False,data/extracted/train/source/0861_창작국악_창작국악/0861_창작국악_창작국악_대금.wav,48000,2,16200000,337.5,PCM_24,val
0861_창작국악_창작국악,0861,창작국악,대금2,대금,대금,관악,False,data/extracted/train/source/0861_창작국악_창작국악/0861_창작국악_창작국악_대금2.wav,48000,2,16200000,337.5,PCM_24,val
0861_창작국악_창작국악,0861,창작국악,바라,바라,타악기,타악,False,data/extracted/train/source/0861_창작국악_창작국악/0861_창작국악_창작국악_바라.wav,48000,2,16200000,337.5,PCM_24,val
0861_창작국악_창작국악,0861,창작국악,소금,소금,기타,관악,False,data/extracted/train/source/0861_창작국악_창작국악/0861_창작국악_창작국악_소금.wav,48000,2,16200000,337.5,PCM_24,val
0861_창작국악_창작국악,0861,창작국악,아쟁,아쟁,아쟁,찰현,False,data/extracted/train/source/0861_창작국악_창작국악/0861_창작국악_창작국악_아쟁.wav,48000,2,16200000,337.5,PCM_24,val
0861_창작국악_창작국악,0861,창작국악,아쟁2,아쟁,아쟁,찰현,False,data/extracted/train/source/0861_창작국악_창작국악/0861_창작국악_창작국악_아쟁2.wav,48000,2,16200000,337.5,PCM_24,val
0861_창작국악_창작국악,0861,창작국악,장구,장구,타악기,타악,False,data/extracted/train/source/0861_창작국악_창작국악/0861_창작국악_창작국악_장구.wav,48000,2,16200000,337.5,PCM_24,val
0861_창작국악_창작국악,0861,창작국악,피리,피리,피리,관악,False,data/extracted/train/source/0861_창작국악_창작국악/0861_창작국악_창작국악_피리.wav,48000,2,16200000,337.5,PCM_24,val
0861_창작국악_창작국악,0861,창작국악,피리2,피리,피리,관악,False,data/extracted/train/source/0861_창작국악_창작국악/0861_창작국악_창작국악_피리2.wav,48000,2,16200000,337.5,PCM_24,val
0861_창작국악_창작국악,0861,창작국악,해금,해금,해금,찰현,False,data/extracted/train/source/0861_창작국악_창작국악/0861_창작국악_창작국악_해금.wav,48000,2,16200000,337.5,PCM_24,val
0862_창작국악_창작국악,0862,창작국악,가야금,가야금,가야금,발현,False,data/extracted/train/source/0862_창작국악_창작국악/0862_창작국악_창작국악_가야금.wav,48000,2,7128000,148.5,PCM_24,train
0862_창작국악_창작국악,0862,창작국악,가야금2,가야금,가야금,발현,False,data/extracted/train/source/0862_창작국악_창작국악/0862_창작국악_창작국악_가야금2.wav,48000,2,7128000,148.5,PCM_24,train
0862_창작국악_창작국악,0862,창작국악,거문고,거문고,거문고,발현,False,data/extracted/train/source/0862_창작국악_창작국악/0862_창작국악_창작국악_거문고.wav,48000,2,7128000,148.5,PCM_24,train
0862_창작국악_창작국악,0862,창작국악,대고,대고,타악기,타악,False,data/extracted/train/source/0862_창작국악_창작국악/0862_창작국악_창작국악_대고.wav,48000,2,7128000,148.5,PCM_24,train
0862_창작국악_창작국악,0862,창작국악,대금,대금,대금,관악,False,data/extracted/train/source/0862_창작국악_창작국악/0862_창작국악_창작국악_대금.wav,48000,2,7128000,148.5,PCM_24,train
0862_창작국악_창작국악,0862,창작국악,대금2,대금,대금,관악,False,data/extracted/train/source/0862_창작국악_창작국악/0862_창작국악_창작국악_대금2.wav,48000,2,7128000,148.5,PCM_24,train
0862_창작국악_창작국악,0862,창작국악,바라,바라,타악기,타악,False,data/extracted/train/source/0862_창작국악_창작국악/0862_창작국악_창작국악_바라.wav,48000,2,7128000,148.5,PCM_24,train
0862_창작국악_창작국악,0862,창작국악,소금,소금,기타,관악,False,data/extracted/train/source/0862_창작국악_창작국악/0862_창작국악_창작국악_소금.wav,48000,2,7128000,148.5,PCM_24,train
0862_창작국악_창작국악,0862,창작국악,아쟁,아쟁,아쟁,찰현,False,data/extracted/train/source/0862_창작국악_창작국악/0862_창작국악_창작국악_아쟁.wav,48000,2,7128000,148.5,PCM_24,train
0862_창작국악_창작국악,0862,창작국악,아쟁2,아쟁,아쟁,찰현,False,data/extracted/train/source/0862_창작국악_창작국악/0862_창작국악_창작국악_아쟁2.wav,48000,2,7128000,148.5,PCM_24,train
0862_창작국악_창작국악,0862,창작국악,장구,장구,타악기,타악,False,data/extracted/train/source/0862_창작국악_창작국악/0862_창작국악_창작국악_장구.wav,48000,2,7128000,148.5,PCM_24,train
0862_창작국악_창작국악,0862,창작국악,피리,피리,피리,관악,False,data/extracted/train/source/0862_창작국악_창작국악/0862_창작국악_창작국악_피리.wav,48000,2,7128000,148.5,PCM_24,train
0862_창작국악_창작국악,0862,창작국악,피리2,피리,피리,관악,False,data/extracted/train/source/0862_창작국악_창작국악/0862_창작국악_창작국악_피리2.wav,48000,2,7128000,148.5,PCM_24,train
0862_창작국악_창작국악,0862,창작국악,해금,해금,해금,찰현,False,data/extracted/train/source/0862_창작국악_창작국악/0862_창작국악_창작국악_해금.wav,48000,2,7128000,148.5,PCM_24,train
0863_창작국악_창작국악,0863,창작국악,가야금,가야금,가야금,발현,False,data/extracted/train/source/0863_창작국악_창작국악/0863_창작국악_창작국악_가야금.wav,48000,2,3456000,72.0,PCM_24,train
0863_창작국악_창작국악,0863,창작국악,가야금2,가야금,가야금,발현,False,data/extracted/train/source/0863_창작국악_창작국악/0863_창작국악_창작국악_가야금2.wav,48000,2,3456000,72.0,PCM_24,train
0863_창작국악_창작국악,0863,창작국악,거문고,거문고,거문고,발현,False,data/extracted/train/source/0863_창작국악_창작국악/0863_창작국악_창작국악_거문고.wav,48000,2,3456000,72.0,PCM_24,train
0863_창작국악_창작국악,0863,창작국악,대고,대고,타악기,타악,False,data/extracted/train/source/0863_창작국악_창작국악/0863_창작국악_창작국악_대고.wav,48000,2,3456000,72.0,PCM_24,train
0863_창작국악_창작국악,0863,창작국악,대금,대금,대금,관악,False,data/extracted/train/source/0863_창작국악_창작국악/0863_창작국악_창작국악_대금.wav,48000,2,3456000,72.0,PCM_24,train
0863_창작국악_창작국악,0863,창작국악,대금2,대금,대금,관악,False,data/extracted/train/source/0863_창작국악_창작국악/0863_창작국악_창작국악_대금2.wav,48000,2,3456000,72.0,PCM_24,train
0863_창작국악_창작국악,0863,창작국악,바라,바라,타악기,타악,False,data/extracted/train/source/0863_창작국악_창작국악/0863_창작국악_창작국악_바라.wav,48000,2,3456000,72.0,PCM_24,train
0863_창작국악_창작국악,0863,창작국악,소금,소금,기타,관악,False,data/extracted/train/source/0863_창작국악_창작국악/0863_창작국악_창작국악_소금.wav,48000,2,3456000,72.0,PCM_24,train
0863_창작국악_창작국악,0863,창작국악,아쟁,아쟁,아쟁,찰현,False,data/extracted/train/source/0863_창작국악_창작국악/0863_창작국악_창작국악_아쟁.wav,48000,2,3456000,72.0,PCM_24,train
0863_창작국악_창작국악,0863,창작국악,아쟁2,아쟁,아쟁,찰현,False,data/extracted/train/source/0863_창작국악_창작국악/0863_창작국악_창작국악_아쟁2.wav,48000,2,3456000,72.0,PCM_24,train
0863_창작국악_창작국악,0863,창작국악,장구,장구,타악기,타악,False,data/extracted/train/source/0863_창작국악_창작국악/0863_창작국악_창작국악_장구.wav,48000,2,3456000,72.0,PCM_24,train
0863_창작국악_창작국악,0863,창작국악,피리,피리,피리,관악,False,data/extracted/train/source/0863_창작국악_창작국악/0863_창작국악_창작국악_피리.wav,48000,2,3456000,72.0,PCM_24,train
0863_창작국악_창작국악,0863,창작국악,피리2,피리,피리,관악,False,data/extracted/train/source/0863_창작국악_창작국악/0863_창작국악_창작국악_피리2.wav,48000,2,3456000,72.0,PCM_24,train
0863_창작국악_창작국악,0863,창작국악,해금,해금,해금,찰현,False,data/extracted/train/source/0863_창작국악_창작국악/0863_창작국악_창작국악_해금.wav,48000,2,3456000,72.0,PCM_24,train
0864_창작국악_창작국악,0864,창작국악,가야금,가야금,가야금,발현,False,data/extracted/val/source/0864_창작국악_창작국악/0864_창작국악_창작국악_가야금.wav,48000,2,6048000,126.0,PCM_24,train
0864_창작국악_창작국악,0864,창작국악,거문고,거문고,거문고,발현,False,data/extracted/val/source/0864_창작국악_창작국악/0864_창작국악_창작국악_거문고.wav,48000,2,6048000,126.0,PCM_24,train
0864_창작국악_창작국악,0864,창작국악,대금,대금,대금,관악,False,data/extracted/val/source/0864_창작국악_창작국악/0864_창작국악_창작국악_대금.wav,48000,2,6048000,126.0,PCM_24,train
0864_창작국악_창작국악,0864,창작국악,대금2,대금,대금,관악,False,data/extracted/val/source/0864_창작국악_창작국악/0864_창작국악_창작국악_대금2.wav,48000,2,6048000,126.0,PCM_24,train
0864_창작국악_창작국악,0864,창작국악,북,북,타악기,타악,False,data/extracted/val/source/0864_창작국악_창작국악/0864_창작국악_창작국악_북.wav,48000,2,6048000,126.0,PCM_24,train
0864_창작국악_창작국악,0864,창작국악,소금,소금,기타,관악,False,data/extracted/val/source/0864_창작국악_창작국악/0864_창작국악_창작국악_소금.wav,48000,2,6048000,126.0,PCM_24,train
0864_창작국악_창작국악,0864,창작국악,아쟁,아쟁,아쟁,찰현,False,data/extracted/val/source/0864_창작국악_창작국악/0864_창작국악_창작국악_아쟁.wav,48000,2,6048000,126.0,PCM_24,train
0864_창작국악_창작국악,0864,창작국악,아쟁2,아쟁,아쟁,찰현,False,data/extracted/val/source/0864_창작국악_창작국악/0864_창작국악_창작국악_아쟁2.wav,48000,2,6048000,126.0,PCM_24,train
0864_창작국악_창작국악,0864,창작국악,양금,양금,양금,발현,False,data/extracted/val/source/0864_창작국악_창작국악/0864_창작국악_창작국악_양금.wav,48000,2,6048000,126.0,PCM_24,train
0864_창작국악_창작국악,0864,창작국악,장구,장구,타악기,타악,False,data/extracted/val/source/0864_창작국악_창작국악/0864_창작국악_창작국악_장구.wav,48000,2,6048000,126.0,PCM_24,train
0864_창작국악_창작국악,0864,창작국악,피리,피리,피리,관악,False,data/extracted/val/source/0864_창작국악_창작국악/0864_창작국악_창작국악_피리.wav,48000,2,6048000,126.0,PCM_24,train
0864_창작국악_창작국악,0864,창작국악,피리2,피리,피리,관악,False,data/extracted/val/source/0864_창작국악_창작국악/0864_창작국악_창작국악_피리2.wav,48000,2,6048000,126.0,PCM_24,train
0864_창작국악_창작국악,0864,창작국악,해금,해금,해금,찰현,False,data/extracted/val/source/0864_창작국악_창작국악/0864_창작국악_창작국악_해금.wav,48000,2,6048000,126.0,PCM_24,train
0865_창작국악_창작국악,0865,창작국악,가야금,가야금,가야금,발현,False,data/extracted/train/source/0865_창작국악_창작국악/0865_창작국악_창작국악_가야금.wav,48000,2,15653652,326.118,PCM_24,train
0865_창작국악_창작국악,0865,창작국악,거문고,거문고,거문고,발현,False,data/extracted/train/source/0865_창작국악_창작국악/0865_창작국악_창작국악_거문고.wav,48000,2,15653652,326.118,PCM_24,train
0865_창작국악_창작국악,0865,창작국악,대금,대금,대금,관악,False,data/extracted/train/source/0865_창작국악_창작국악/0865_창작국악_창작국악_대금.wav,48000,2,15653652,326.118,PCM_24,train
0865_창작국악_창작국악,0865,창작국악,대금2,대금,대금,관악,False,data/extracted/train/source/0865_창작국악_창작국악/0865_창작국악_창작국악_대금2.wav,48000,2,15653652,326.118,PCM_24,train
0865_창작국악_창작국악,0865,창작국악,북,북,타악기,타악,False,data/extracted/train/source/0865_창작국악_창작국악/0865_창작국악_창작국악_북.wav,48000,2,15653652,326.118,PCM_24,train
0865_창작국악_창작국악,0865,창작국악,소금,소금,기타,관악,False,data/extracted/train/source/0865_창작국악_창작국악/0865_창작국악_창작국악_소금.wav,48000,2,15653652,326.118,PCM_24,train
0865_창작국악_창작국악,0865,창작국악,아쟁,아쟁,아쟁,찰현,False,data/extracted/train/source/0865_창작국악_창작국악/0865_창작국악_창작국악_아쟁.wav,48000,2,15653652,326.118,PCM_24,train
0865_창작국악_창작국악,0865,창작국악,아쟁2,아쟁,아쟁,찰현,False,data/extracted/train/source/0865_창작국악_창작국악/0865_창작국악_창작국악_아쟁2.wav,48000,2,15653652,326.118,PCM_24,train
0865_창작국악_창작국악,0865,창작국악,양금,양금,양금,발현,False,data/extracted/train/source/0865_창작국악_창작국악/0865_창작국악_창작국악_양금.wav,48000,2,15653652,326.118,PCM_24,train
0865_창작국악_창작국악,0865,창작국악,장구,장구,타악기,타악,False,data/extracted/train/source/0865_창작국악_창작국악/0865_창작국악_창작국악_장구.wav,48000,2,15653652,326.118,PCM_24,train
0865_창작국악_창작국악,0865,창작국악,피리,피리,피리,관악,False,data/extracted/train/source/0865_창작국악_창작국악/0865_창작국악_창작국악_피리.wav,48000,2,15653652,326.118,PCM_24,train
0865_창작국악_창작국악,0865,창작국악,피리2,피리,피리,관악,False,data/extracted/train/source/0865_창작국악_창작국악/0865_창작국악_창작국악_피리2.wav,48000,2,15653652,326.118,PCM_24,train
0865_창작국악_창작국악,0865,창작국악,해금,해금,해금,찰현,False,data/extracted/train/source/0865_창작국악_창작국악/0865_창작국악_창작국악_해금.wav,48000,2,15653652,326.118,PCM_24,train
0865_창작국악_창작국악,0865,창작국악,해금2,해금,해금,찰현,False,data/extracted/train/source/0865_창작국악_창작국악/0865_창작국악_창작국악_해금2.wav,48000,2,15653652,326.118,PCM_24,train
0866_창작국악_창작국악,0866,창작국악,가야금,가야금,가야금,발현,False,data/extracted/train/source/0866_창작국악_창작국악/0866_창작국악_창작국악_가야금.wav,48000,2,16263530,338.824,PCM_24,train
0866_창작국악_창작국악,0866,창작국악,거문고,거문고,거문고,발현,False,data/extracted/train/source/0866_창작국악_창작국악/0866_창작국악_창작국악_거문고.wav,48000,2,16263530,338.824,PCM_24,train
0866_창작국악_창작국악,0866,창작국악,대금,대금,대금,관악,False,data/extracted/train/source/0866_창작국악_창작국악/0866_창작국악_창작국악_대금.wav,48000,2,16263530,338.824,PCM_24,train
0866_창작국악_창작국악,0866,창작국악,대금2,대금,대금,관악,False,data/extracted/train/source/0866_창작국악_창작국악/0866_창작국악_창작국악_대금2.wav,48000,2,16263530,338.824,PCM_24,train
0866_창작국악_창작국악,0866,창작국악,북,북,타악기,타악,False,data/extracted/train/source/0866_창작국악_창작국악/0866_창작국악_창작국악_북.wav,48000,2,16263530,338.824,PCM_24,train
0866_창작국악_창작국악,0866,창작국악,소금,소금,기타,관악,False,data/extracted/train/source/0866_창작국악_창작국악/0866_창작국악_창작국악_소금.wav,48000,2,16263530,338.824,PCM_24,train
0866_창작국악_창작국악,0866,창작국악,아쟁,아쟁,아쟁,찰현,False,data/extracted/train/source/0866_창작국악_창작국악/0866_창작국악_창작국악_아쟁.wav,48000,2,16263530,338.824,PCM_24,train
0866_창작국악_창작국악,0866,창작국악,아쟁2,아쟁,아쟁,찰현,False,data/extracted/train/source/0866_창작국악_창작국악/0866_창작국악_창작국악_아쟁2.wav,48000,2,16263530,338.824,PCM_24,train
0866_창작국악_창작국악,0866,창작국악,아쟁3,아쟁,아쟁,찰현,False,data/extracted/train/source/0866_창작국악_창작국악/0866_창작국악_창작국악_아쟁3.wav,48000,2,16263530,338.824,PCM_24,train
0866_창작국악_창작국악,0866,창작국악,양금,양금,양금,발현,False,data/extracted/train/source/0866_창작국악_창작국악/0866_창작국악_창작국악_양금.wav,48000,2,16263530,338.824,PCM_24,train
0866_창작국악_창작국악,0866,창작국악,장구,장구,타악기,타악,False,data/extracted/train/source/0866_창작국악_창작국악/0866_창작국악_창작국악_장구.wav,48000,2,16263530,338.824,PCM_24,train
0866_창작국악_창작국악,0866,창작국악,피리,피리,피리,관악,False,data/extracted/train/source/0866_창작국악_창작국악/0866_창작국악_창작국악_피리.wav,48000,2,16263530,338.824,PCM_24,train
0866_창작국악_창작국악,0866,창작국악,피리2,피리,피리,관악,False,data/extracted/train/source/0866_창작국악_창작국악/0866_창작국악_창작국악_피리2.wav,48000,2,16263530,338.824,PCM_24,train
0866_창작국악_창작국악,0866,창작국악,해금,해금,해금,찰현,False,data/extracted/train/source/0866_창작국악_창작국악/0866_창작국악_창작국악_해금.wav,48000,2,16263530,338.824,PCM_24,train
0866_창작국악_창작국악,0866,창작국악,해금2,해금,해금,찰현,False,data/extracted/train/source/0866_창작국악_창작국악/0866_창작국악_창작국악_해금2.wav,48000,2,16263530,338.824,PCM_24,train
0867_창작국악_창작국악,0867,창작국악,가야금,가야금,가야금,발현,False,data/extracted/train/source/0867_창작국악_창작국악/0867_창작국악_창작국악_가야금.wav,48000,2,2880000,60.0,PCM_24,val
0867_창작국악_창작국악,0867,창작국악,거문고,거문고,거문고,발현,False,data/extracted/train/source/0867_창작국악_창작국악/0867_창작국악_창작국악_거문고.wav,48000,2,2880000,60.0,PCM_24,val
0867_창작국악_창작국악,0867,창작국악,대금,대금,대금,관악,False,data/extracted/train/source/0867_창작국악_창작국악/0867_창작국악_창작국악_대금.wav,48000,2,2880000,60.0,PCM_24,val
0867_창작국악_창작국악,0867,창작국악,대금2,대금,대금,관악,False,data/extracted/train/source/0867_창작국악_창작국악/0867_창작국악_창작국악_대금2.wav,48000,2,2880000,60.0,PCM_24,val
0867_창작국악_창작국악,0867,창작국악,북,북,타악기,타악,False,data/extracted/train/source/0867_창작국악_창작국악/0867_창작국악_창작국악_북.wav,48000,2,2880000,60.0,PCM_24,val
0867_창작국악_창작국악,0867,창작국악,소금,소금,기타,관악,False,data/extracted/train/source/0867_창작국악_창작국악/0867_창작국악_창작국악_소금.wav,48000,2,2880000,60.0,PCM_24,val
0867_창작국악_창작국악,0867,창작국악,소금2,소금,기타,관악,False,data/extracted/train/source/0867_창작국악_창작국악/0867_창작국악_창작국악_소금2.wav,48000,2,2880000,60.0,PCM_24,val
0867_창작국악_창작국악,0867,창작국악,아쟁,아쟁,아쟁,찰현,False,data/extracted/train/source/0867_창작국악_창작국악/0867_창작국악_창작국악_아쟁.wav,48000,2,2880000,60.0,PCM_24,val
0867_창작국악_창작국악,0867,창작국악,아쟁2,아쟁,아쟁,찰현,False,data/extracted/train/source/0867_창작국악_창작국악/0867_창작국악_창작국악_아쟁2.wav,48000,2,2880000,60.0,PCM_24,val
0867_창작국악_창작국악,0867,창작국악,장구,장구,타악기,타악,False,data/extracted/train/source/0867_창작국악_창작국악/0867_창작국악_창작국악_장구.wav,48000,2,2880000,60.0,PCM_24,val
0867_창작국악_창작국악,0867,창작국악,태평소,태평소,기타,관악,False,data/extracted/train/source/0867_창작국악_창작국악/0867_창작국악_창작국악_태평소.wav,48000,2,2880000,60.0,PCM_24,val
0867_창작국악_창작국악,0867,창작국악,피리,피리,피리,관악,False,data/extracted/train/source/0867_창작국악_창작국악/0867_창작국악_창작국악_피리.wav,48000,2,2880000,60.0,PCM_24,val
0867_창작국악_창작국악,0867,창작국악,해금,해금,해금,찰현,False,data/extracted/train/source/0867_창작국악_창작국악/0867_창작국악_창작국악_해금.wav,48000,2,2880000,60.0,PCM_24,val
0867_창작국악_창작국악,0867,창작국악,해금2,해금,해금,찰현,False,data/extracted/train/source/0867_창작국악_창작국악/0867_창작국악_창작국악_해금2.wav,48000,2,2880000,60.0,PCM_24,val
0869_창작국악_창작국악,0869,창작국악,가야금,가야금,가야금,발현,False,data/extracted/train/source/0869_창작국악_창작국악/0869_창작국악_창작국악_가야금.wav,48000,2,4992000,104.0,PCM_24,train
0869_창작국악_창작국악,0869,창작국악,거문고,거문고,거문고,발현,False,data/extracted/train/source/0869_창작국악_창작국악/0869_창작국악_창작국악_거문고.wav,48000,2,4992000,104.0,PCM_24,train
0869_창작국악_창작국악,0869,창작국악,대고,대고,타악기,타악,False,data/extracted/train/source/0869_창작국악_창작국악/0869_창작국악_창작국악_대고.wav,48000,2,4992000,104.0,PCM_24,train
0869_창작국악_창작국악,0869,창작국악,대금,대금,대금,관악,False,data/extracted/train/source/0869_창작국악_창작국악/0869_창작국악_창작국악_대금.wav,48000,2,4992000,104.0,PCM_24,train
0869_창작국악_창작국악,0869,창작국악,대금2,대금,대금,관악,False,data/extracted/train/source/0869_창작국악_창작국악/0869_창작국악_창작국악_대금2.wav,48000,2,4992000,104.0,PCM_24,train
0869_창작국악_창작국악,0869,창작국악,소금,소금,기타,관악,False,data/extracted/train/source/0869_창작국악_창작국악/0869_창작국악_창작국악_소금.wav,48000,2,4992000,104.0,PCM_24,train
0869_창작국악_창작국악,0869,창작국악,소금2,소금,기타,관악,False,data/extracted/train/source/0869_창작국악_창작국악/0869_창작국악_창작국악_소금2.wav,48000,2,4992000,104.0,PCM_24,train
0869_창작국악_창작국악,0869,창작국악,아쟁,아쟁,아쟁,찰현,False,data/extracted/train/source/0869_창작국악_창작국악/0869_창작국악_창작국악_아쟁.wav,48000,2,4992000,104.0,PCM_24,train
0869_창작국악_창작국악,0869,창작국악,아쟁2,아쟁,아쟁,찰현,False,data/extracted/train/source/0869_창작국악_창작국악/0869_창작국악_창작국악_아쟁2.wav,48000,2,4992000,104.0,PCM_24,train
0869_창작국악_창작국악,0869,창작국악,아쟁3,아쟁,아쟁,찰현,False,data/extracted/train/source/0869_창작국악_창작국악/0869_창작국악_창작국악_아쟁3.wav,48000,2,4992000,104.0,PCM_24,train
0869_창작국악_창작국악,0869,창작국악,양금,양금,양금,발현,False,data/extracted/train/source/0869_창작국악_창작국악/0869_창작국악_창작국악_양금.wav,48000,2,4992000,104.0,PCM_24,train
0869_창작국악_창작국악,0869,창작국악,장구,장구,타악기,타악,False,data/extracted/train/source/0869_창작국악_창작국악/0869_창작국악_창작국악_장구.wav,48000,2,4992000,104.0,PCM_24,train
0869_창작국악_창작국악,0869,창작국악,태평소,태평소,기타,관악,False,data/extracted/train/source/0869_창작국악_창작국악/0869_창작국악_창작국악_태평소.wav,48000,2,4992000,104.0,PCM_24,train
0869_창작국악_창작국악,0869,창작국악,피리,피리,피리,관악,False,data/extracted/train/source/0869_창작국악_창작국악/0869_창작국악_창작국악_피리.wav,48000,2,4992000,104.0,PCM_24,train
0869_창작국악_창작국악,0869,창작국악,피리2,피리,피리,관악,False,data/extracted/train/source/0869_창작국악_창작국악/0869_창작국악_창작국악_피리2.wav,48000,2,4992000,104.0,PCM_24,train
0869_창작국악_창작국악,0869,창작국악,해금,해금,해금,찰현,False,data/extracted/train/source/0869_창작국악_창작국악/0869_창작국악_창작국악_해금.wav,48000,2,4992000,104.0,PCM_24,train
0869_창작국악_창작국악,0869,창작국악,해금2,해금,해금,찰현,False,data/extracted/train/source/0869_창작국악_창작국악/0869_창작국악_창작국악_해금2.wav,48000,2,4992000,104.0,PCM_24,train
0870_창작국악_창작국악,0870,창작국악,가야금,가야금,가야금,발현,False,data/extracted/train/source/0870_창작국악_창작국악/0870_창작국악_창작국악_가야금.wav,48000,2,9849600,205.2,PCM_24,val
0870_창작국악_창작국악,0870,창작국악,대금,대금,대금,관악,False,data/extracted/train/source/0870_창작국악_창작국악/0870_창작국악_창작국악_대금.wav,48000,2,9849600,205.2,PCM_24,val
0870_창작국악_창작국악,0870,창작국악,아쟁,아쟁,아쟁,찰현,False,data/extracted/train/source/0870_창작국악_창작국악/0870_창작국악_창작국악_아쟁.wav,48000,2,9849600,205.2,PCM_24,val
0870_창작국악_창작국악,0870,창작국악,장구,장구,타악기,타악,False,data/extracted/train/source/0870_창작국악_창작국악/0870_창작국악_창작국악_장구.wav,48000,2,9849600,205.2,PCM_24,val
0870_창작국악_창작국악,0870,창작국악,피리,피리,피리,관악,False,data/extracted/train/source/0870_창작국악_창작국악/0870_창작국악_창작국악_피리.wav,48000,2,9849600,205.2,PCM_24,val
0870_창작국악_창작국악,0870,창작국악,해금,해금,해금,찰현,False,data/extracted/train/source/0870_창작국악_창작국악/0870_창작국악_창작국악_해금.wav,48000,2,9849600,205.2,PCM_24,val
0871_창작국악_창작국악,0871,창작국악,가야금,가야금,가야금,발현,False,data/extracted/train/source/0871_창작국악_창작국악/0871_창작국악_창작국악_가야금.wav,48000,2,9158400,190.8,PCM_24,test
0871_창작국악_창작국악,0871,창작국악,가야금2,가야금,가야금,발현,False,data/extracted/train/source/0871_창작국악_창작국악/0871_창작국악_창작국악_가야금2.wav,48000,2,9158400,190.8,PCM_24,test
0871_창작국악_창작국악,0871,창작국악,대금,대금,대금,관악,False,data/extracted/train/source/0871_창작국악_창작국악/0871_창작국악_창작국악_대금.wav,48000,2,9158400,190.8,PCM_24,test
0871_창작국악_창작국악,0871,창작국악,아쟁,아쟁,아쟁,찰현,False,data/extracted/train/source/0871_창작국악_창작국악/0871_창작국악_창작국악_아쟁.wav,48000,2,9158400,190.8,PCM_24,test
0871_창작국악_창작국악,0871,창작국악,장구,장구,타악기,타악,False,data/extracted/train/source/0871_창작국악_창작국악/0871_창작국악_창작국악_장구.wav,48000,2,9158400,190.8,PCM_24,test
0871_창작국악_창작국악,0871,창작국악,피리,피리,피리,관악,False,data/extracted/train/source/0871_창작국악_창작국악/0871_창작국악_창작국악_피리.wav,48000,2,9158400,190.8,PCM_24,test
0871_창작국악_창작국악,0871,창작국악,해금,해금,해금,찰현,False,data/extracted/train/source/0871_창작국악_창작국악/0871_창작국악_창작국악_해금.wav,48000,2,9158400,190.8,PCM_24,test
0872_창작국악_창작국악,0872,창작국악,가야금,가야금,가야금,발현,False,data/extracted/train/source/0872_창작국악_창작국악/0872_창작국악_창작국악_가야금.wav,48000,2,12960000,270.0,PCM_24,train
0872_창작국악_창작국악,0872,창작국악,거문고,거문고,거문고,발현,False,data/extracted/train/source/0872_창작국악_창작국악/0872_창작국악_창작국악_거문고.wav,48000,2,12960000,270.0,PCM_24,train
0872_창작국악_창작국악,0872,창작국악,대금,대금,대금,관악,False,data/extracted/train/source/0872_창작국악_창작국악/0872_창작국악_창작국악_대금.wav,48000,2,12960000,270.0,PCM_24,train
0872_창작국악_창작국악,0872,창작국악,소금,소금,기타,관악,False,data/extracted/train/source/0872_창작국악_창작국악/0872_창작국악_창작국악_소금.wav,48000,2,12960000,270.0,PCM_24,train
0872_창작국악_창작국악,0872,창작국악,아쟁,아쟁,아쟁,찰현,False,data/extracted/train/source/0872_창작국악_창작국악/0872_창작국악_창작국악_아쟁.wav,48000,2,12960000,270.0,PCM_24,train
0872_창작국악_창작국악,0872,창작국악,장구,장구,타악기,타악,False,data/extracted/train/source/0872_창작국악_창작국악/0872_창작국악_창작국악_장구.wav,48000,2,12960000,270.0,PCM_24,train
0872_창작국악_창작국악,0872,창작국악,좌고,좌고,타악기,타악,False,data/extracted/train/source/0872_창작국악_창작국악/0872_창작국악_창작국악_좌고.wav,48000,2,12960000,270.0,PCM_24,train
0872_창작국악_창작국악,0872,창작국악,피리,피리,피리,관악,False,data/extracted/train/source/0872_창작국악_창작국악/0872_창작국악_창작국악_피리.wav,48000,2,12960000,270.0,PCM_24,train
0872_창작국악_창작국악,0872,창작국악,해금,해금,해금,찰현,False,data/extracted/train/source/0872_창작국악_창작국악/0872_창작국악_창작국악_해금.wav,48000,2,12960000,270.0,PCM_24,train
0873_창작국악_창작국악,0873,창작국악,가야금,가야금,가야금,발현,False,data/extracted/train/source/0873_창작국악_창작국악/0873_창작국악_창작국악_가야금.wav,48000,2,8928000,186.0,PCM_24,test
0873_창작국악_창작국악,0873,창작국악,거문고,거문고,거문고,발현,False,data/extracted/train/source/0873_창작국악_창작국악/0873_창작국악_창작국악_거문고.wav,48000,2,8928000,186.0,PCM_24,test
0873_창작국악_창작국악,0873,창작국악,대금,대금,대금,관악,False,data/extracted/train/source/0873_창작국악_창작국악/0873_창작국악_창작국악_대금.wav,48000,2,8928000,186.0,PCM_24,test
0873_창작국악_창작국악,0873,창작국악,소금,소금,기타,관악,False,data/extracted/train/source/0873_창작국악_창작국악/0873_창작국악_창작국악_소금.wav,48000,2,8928000,186.0,PCM_24,test
0873_창작국악_창작국악,0873,창작국악,아쟁,아쟁,아쟁,찰현,False,data/extracted/train/source/0873_창작국악_창작국악/0873_창작국악_창작국악_아쟁.wav,48000,2,8928000,186.0,PCM_24,test
0873_창작국악_창작국악,0873,창작국악,아쟁2,아쟁,아쟁,찰현,False,data/extracted/train/source/0873_창작국악_창작국악/0873_창작국악_창작국악_아쟁2.wav,48000,2,8928000,186.0,PCM_24,test
0873_창작국악_창작국악,0873,창작국악,장구,장구,타악기,타악,False,data/extracted/train/source/0873_창작국악_창작국악/0873_창작국악_창작국악_장구.wav,48000,2,8928000,186.0,PCM_24,test
0873_창작국악_창작국악,0873,창작국악,좌고,좌고,타악기,타악,False,data/extracted/train/source/0873_창작국악_창작국악/0873_창작국악_창작국악_좌고.wav,48000,2,8928000,186.0,PCM_24,test
0873_창작국악_창작국악,0873,창작국악,피리,피리,피리,관악,False,data/extracted/train/source/0873_창작국악_창작국악/0873_창작국악_창작국악_피리.wav,48000,2,8928000,186.0,PCM_24,test
0873_창작국악_창작국악,0873,창작국악,해금,해금,해금,찰현,False,data/extracted/train/source/0873_창작국악_창작국악/0873_창작국악_창작국악_해금.wav,48000,2,8928000,186.0,PCM_24,test
0874_창작국악_창작국악,0874,창작국악,가야금,가야금,가야금,발현,False,data/extracted/train/source/0874_창작국악_창작국악/0874_창작국악_창작국악_가야금.wav,48000,2,7603200,158.4,PCM_24,train
0874_창작국악_창작국악,0874,창작국악,거문고,거문고,거문고,발현,False,data/extracted/train/source/0874_창작국악_창작국악/0874_창작국악_창작국악_거문고.wav,48000,2,7603200,158.4,PCM_24,train
0874_창작국악_창작국악,0874,창작국악,대금,대금,대금,관악,False,data/extracted/train/source/0874_창작국악_창작국악/0874_창작국악_창작국악_대금.wav,48000,2,7603200,158.4,PCM_24,train
0874_창작국악_창작국악,0874,창작국악,소금,소금,기타,관악,False,data/extracted/train/source/0874_창작국악_창작국악/0874_창작국악_창작국악_소금.wav,48000,2,7603200,158.4,PCM_24,train
0874_창작국악_창작국악,0874,창작국악,아쟁,아쟁,아쟁,찰현,False,data/extracted/train/source/0874_창작국악_창작국악/0874_창작국악_창작국악_아쟁.wav,48000,2,7603200,158.4,PCM_24,train
0874_창작국악_창작국악,0874,창작국악,아쟁2,아쟁,아쟁,찰현,False,data/extracted/train/source/0874_창작국악_창작국악/0874_창작국악_창작국악_아쟁2.wav,48000,2,7603200,158.4,PCM_24,train
0874_창작국악_창작국악,0874,창작국악,장구,장구,타악기,타악,False,data/extracted/train/source/0874_창작국악_창작국악/0874_창작국악_창작국악_장구.wav,48000,2,7603200,158.4,PCM_24,train
0874_창작국악_창작국악,0874,창작국악,좌고,좌고,타악기,타악,False,data/extracted/train/source/0874_창작국악_창작국악/0874_창작국악_창작국악_좌고.wav,48000,2,7603200,158.4,PCM_24,train
0874_창작국악_창작국악,0874,창작국악,피리,피리,피리,관악,False,data/extracted/train/source/0874_창작국악_창작국악/0874_창작국악_창작국악_피리.wav,48000,2,7603200,158.4,PCM_24,train
0874_창작국악_창작국악,0874,창작국악,해금,해금,해금,찰현,False,data/extracted/train/source/0874_창작국악_창작국악/0874_창작국악_창작국악_해금.wav,48000,2,7603200,158.4,PCM_24,train
0875_창작국악_창작국악,0875,창작국악,가야금,가야금,가야금,발현,False,data/extracted/train/source/0875_창작국악_창작국악/0875_창작국악_창작국악_가야금.wav,48000,2,6400000,133.333,PCM_24,train
0875_창작국악_창작국악,0875,창작국악,거문고,거문고,거문고,발현,False,data/extracted/train/source/0875_창작국악_창작국악/0875_창작국악_창작국악_거문고.wav,48000,2,6400000,133.333,PCM_24,train
0875_창작국악_창작국악,0875,창작국악,대금,대금,대금,관악,False,data/extracted/train/source/0875_창작국악_창작국악/0875_창작국악_창작국악_대금.wav,48000,2,6400000,133.333,PCM_24,train
0875_창작국악_창작국악,0875,창작국악,소금,소금,기타,관악,False,data/extracted/train/source/0875_창작국악_창작국악/0875_창작국악_창작국악_소금.wav,48000,2,6400000,133.333,PCM_24,train
0875_창작국악_창작국악,0875,창작국악,아쟁,아쟁,아쟁,찰현,False,data/extracted/train/source/0875_창작국악_창작국악/0875_창작국악_창작국악_아쟁.wav,48000,2,6400000,133.333,PCM_24,train
0875_창작국악_창작국악,0875,창작국악,아쟁2,아쟁,아쟁,찰현,False,data/extracted/train/source/0875_창작국악_창작국악/0875_창작국악_창작국악_아쟁2.wav,48000,2,6400000,133.333,PCM_24,train
0875_창작국악_창작국악,0875,창작국악,장구,장구,타악기,타악,False,data/extracted/train/source/0875_창작국악_창작국악/0875_창작국악_창작국악_장구.wav,48000,2,6400000,133.333,PCM_24,train
0875_창작국악_창작국악,0875,창작국악,좌고,좌고,타악기,타악,False,data/extracted/train/source/0875_창작국악_창작국악/0875_창작국악_창작국악_좌고.wav,48000,2,6400000,133.333,PCM_24,train
0875_창작국악_창작국악,0875,창작국악,피리,피리,피리,관악,False,data/extracted/train/source/0875_창작국악_창작국악/0875_창작국악_창작국악_피리.wav,48000,2,6400000,133.333,PCM_24,train
0875_창작국악_창작국악,0875,창작국악,해금,해금,해금,찰현,False,data/extracted/train/source/0875_창작국악_창작국악/0875_창작국악_창작국악_해금.wav,48000,2,6400000,133.333,PCM_24,train
0877_창작국악_창작국악,0877,창작국악,가야금,가야금,가야금,발현,False,data/extracted/train/source/0877_창작국악_창작국악/0877_창작국악_창작국악_가야금.wav,48000,2,3168000,66.0,PCM_24,train
0877_창작국악_창작국악,0877,창작국악,거문고,거문고,거문고,발현,False,data/extracted/train/source/0877_창작국악_창작국악/0877_창작국악_창작국악_거문고.wav,48000,2,3168000,66.0,PCM_24,train
0877_창작국악_창작국악,0877,창작국악,대금,대금,대금,관악,False,data/extracted/train/source/0877_창작국악_창작국악/0877_창작국악_창작국악_대금.wav,48000,2,3168000,66.0,PCM_24,train
0877_창작국악_창작국악,0877,창작국악,소금,소금,기타,관악,False,data/extracted/train/source/0877_창작국악_창작국악/0877_창작국악_창작국악_소금.wav,48000,2,3168000,66.0,PCM_24,train
0877_창작국악_창작국악,0877,창작국악,아쟁,아쟁,아쟁,찰현,False,data/extracted/train/source/0877_창작국악_창작국악/0877_창작국악_창작국악_아쟁.wav,48000,2,3168000,66.0,PCM_24,train
0877_창작국악_창작국악,0877,창작국악,아쟁2,아쟁,아쟁,찰현,False,data/extracted/train/source/0877_창작국악_창작국악/0877_창작국악_창작국악_아쟁2.wav,48000,2,3168000,66.0,PCM_24,train
0877_창작국악_창작국악,0877,창작국악,장구,장구,타악기,타악,False,data/extracted/train/source/0877_창작국악_창작국악/0877_창작국악_창작국악_장구.wav,48000,2,3168000,66.0,PCM_24,train
0877_창작국악_창작국악,0877,창작국악,좌고,좌고,타악기,타악,False,data/extracted/train/source/0877_창작국악_창작국악/0877_창작국악_창작국악_좌고.wav,48000,2,3168000,66.0,PCM_24,train
0877_창작국악_창작국악,0877,창작국악,피리,피리,피리,관악,False,data/extracted/train/source/0877_창작국악_창작국악/0877_창작국악_창작국악_피리.wav,48000,2,3168000,66.0,PCM_24,train
0877_창작국악_창작국악,0877,창작국악,피리2,피리,피리,관악,False,data/extracted/train/source/0877_창작국악_창작국악/0877_창작국악_창작국악_피리2.wav,48000,2,3168000,66.0,PCM_24,train
0877_창작국악_창작국악,0877,창작국악,해금,해금,해금,찰현,False,data/extracted/train/source/0877_창작국악_창작국악/0877_창작국악_창작국악_해금.wav,48000,2,3168000,66.0,PCM_24,train
0878_창작국악_창작국악,0878,창작국악,가야금,가야금,가야금,발현,False,data/extracted/train/source/0878_창작국악_창작국악/0878_창작국악_창작국악_가야금.wav,48000,2,16457140,342.857,PCM_24,train
0878_창작국악_창작국악,0878,창작국악,거문고,거문고,거문고,발현,False,data/extracted/train/source/0878_창작국악_창작국악/0878_창작국악_창작국악_거문고.wav,48000,2,16457140,342.857,PCM_24,train
0878_창작국악_창작국악,0878,창작국악,대고,대고,타악기,타악,False,data/extracted/train/source/0878_창작국악_창작국악/0878_창작국악_창작국악_대고.wav,48000,2,16457140,342.857,PCM_24,train
0878_창작국악_창작국악,0878,창작국악,대금,대금,대금,관악,False,data/extracted/train/source/0878_창작국악_창작국악/0878_창작국악_창작국악_대금.wav,48000,2,16457140,342.857,PCM_24,train
0878_창작국악_창작국악,0878,창작국악,소금,소금,기타,관악,False,data/extracted/train/source/0878_창작국악_창작국악/0878_창작국악_창작국악_소금.wav,48000,2,16457140,342.857,PCM_24,train
0878_창작국악_창작국악,0878,창작국악,아쟁,아쟁,아쟁,찰현,False,data/extracted/train/source/0878_창작국악_창작국악/0878_창작국악_창작국악_아쟁.wav,48000,2,16457140,342.857,PCM_24,train
0878_창작국악_창작국악,0878,창작국악,아쟁2,아쟁,아쟁,찰현,False,data/extracted/train/source/0878_창작국악_창작국악/0878_창작국악_창작국악_아쟁2.wav,48000,2,16457140,342.857,PCM_24,train
0878_창작국악_창작국악,0878,창작국악,장구,장구,타악기,타악,False,data/extracted/train/source/0878_창작국악_창작국악/0878_창작국악_창작국악_장구.wav,48000,2,16457140,342.857,PCM_24,train
0878_창작국악_창작국악,0878,창작국악,피리,피리,피리,관악,False,data/extracted/train/source/0878_창작국악_창작국악/0878_창작국악_창작국악_피리.wav,48000,2,16457140,342.857,PCM_24,train
0878_창작국악_창작국악,0878,창작국악,피리2,피리,피리,관악,False,data/extracted/train/source/0878_창작국악_창작국악/0878_창작국악_창작국악_피리2.wav,48000,2,16457140,342.857,PCM_24,train
0878_창작국악_창작국악,0878,창작국악,해금,해금,해금,찰현,False,data/extracted/train/source/0878_창작국악_창작국악/0878_창작국악_창작국악_해금.wav,48000,2,16457140,342.857,PCM_24,train
0879_창작국악_창작국악,0879,창작국악,가야금,가야금,가야금,발현,False,data/extracted/train/source/0879_창작국악_창작국악/0879_창작국악_창작국악_가야금.wav,48000,2,16128000,336.0,PCM_24,train
0879_창작국악_창작국악,0879,창작국악,거문고,거문고,거문고,발현,False,data/extracted/train/source/0879_창작국악_창작국악/0879_창작국악_창작국악_거문고.wav,48000,2,16128000,336.0,PCM_24,train
0879_창작국악_창작국악,0879,창작국악,대고,대고,타악기,타악,False,data/extracted/train/source/0879_창작국악_창작국악/0879_창작국악_창작국악_대고.wav,48000,2,16128000,336.0,PCM_24,train
0879_창작국악_창작국악,0879,창작국악,대금,대금,대금,관악,False,data/extracted/train/source/0879_창작국악_창작국악/0879_창작국악_창작국악_대금.wav,48000,2,16128000,336.0,PCM_24,train
0879_창작국악_창작국악,0879,창작국악,소금,소금,기타,관악,False,data/extracted/train/source/0879_창작국악_창작국악/0879_창작국악_창작국악_소금.wav,48000,2,16128000,336.0,PCM_24,train
0879_창작국악_창작국악,0879,창작국악,아쟁,아쟁,아쟁,찰현,False,data/extracted/train/source/0879_창작국악_창작국악/0879_창작국악_창작국악_아쟁.wav,48000,2,16128000,336.0,PCM_24,train
0879_창작국악_창작국악,0879,창작국악,아쟁2,아쟁,아쟁,찰현,False,data/extracted/train/source/0879_창작국악_창작국악/0879_창작국악_창작국악_아쟁2.wav,48000,2,16128000,336.0,PCM_24,train
0879_창작국악_창작국악,0879,창작국악,장구,장구,타악기,타악,False,data/extracted/train/source/0879_창작국악_창작국악/0879_창작국악_창작국악_장구.wav,48000,2,16128000,336.0,PCM_24,train
0879_창작국악_창작국악,0879,창작국악,피리,피리,피리,관악,False,data/extracted/train/source/0879_창작국악_창작국악/0879_창작국악_창작국악_피리.wav,48000,2,16128000,336.0,PCM_24,train
0879_창작국악_창작국악,0879,창작국악,피리2,피리,피리,관악,False,data/extracted/train/source/0879_창작국악_창작국악/0879_창작국악_창작국악_피리2.wav,48000,2,16128000,336.0,PCM_24,train
0879_창작국악_창작국악,0879,창작국악,해금,해금,해금,찰현,False,data/extracted/train/source/0879_창작국악_창작국악/0879_창작국악_창작국악_해금.wav,48000,2,16128000,336.0,PCM_24,train
0880_창작국악_창작국악,0880,창작국악,가야금,가야금,가야금,발현,False,data/extracted/train/source/0880_창작국악_창작국악/0880_창작국악_창작국악_가야금.wav,48000,2,17742860,369.643,PCM_24,train
0880_창작국악_창작국악,0880,창작국악,거문고,거문고,거문고,발현,False,data/extracted/train/source/0880_창작국악_창작국악/0880_창작국악_창작국악_거문고.wav,48000,2,17742860,369.643,PCM_24,train
0880_창작국악_창작국악,0880,창작국악,대고,대고,타악기,타악,False,data/extracted/train/source/0880_창작국악_창작국악/0880_창작국악_창작국악_대고.wav,48000,2,17742860,369.643,PCM_24,train
0880_창작국악_창작국악,0880,창작국악,대금,대금,대금,관악,False,data/extracted/train/source/0880_창작국악_창작국악/0880_창작국악_창작국악_대금.wav,48000,2,17742860,369.643,PCM_24,train
0880_창작국악_창작국악,0880,창작국악,생황,생황,기타,관악,False,data/extracted/train/source/0880_창작국악_창작국악/0880_창작국악_창작국악_생황.wav,48000,2,17742860,369.643,PCM_24,train
0880_창작국악_창작국악,0880,창작국악,소금,소금,기타,관악,False,data/extracted/train/source/0880_창작국악_창작국악/0880_창작국악_창작국악_소금.wav,48000,2,17742860,369.643,PCM_24,train
0880_창작국악_창작국악,0880,창작국악,아쟁,아쟁,아쟁,찰현,False,data/extracted/train/source/0880_창작국악_창작국악/0880_창작국악_창작국악_아쟁.wav,48000,2,17742860,369.643,PCM_24,train
0880_창작국악_창작국악,0880,창작국악,아쟁2,아쟁,아쟁,찰현,False,data/extracted/train/source/0880_창작국악_창작국악/0880_창작국악_창작국악_아쟁2.wav,48000,2,17742860,369.643,PCM_24,train
0880_창작국악_창작국악,0880,창작국악,아쟁3,아쟁,아쟁,찰현,False,data/extracted/train/source/0880_창작국악_창작국악/0880_창작국악_창작국악_아쟁3.wav,48000,2,17742860,369.643,PCM_24,train
0880_창작국악_창작국악,0880,창작국악,피리,피리,피리,관악,False,data/extracted/train/source/0880_창작국악_창작국악/0880_창작국악_창작국악_피리.wav,48000,2,17742860,369.643,PCM_24,train
0880_창작국악_창작국악,0880,창작국악,피리2,피리,피리,관악,False,data/extracted/train/source/0880_창작국악_창작국악/0880_창작국악_창작국악_피리2.wav,48000,2,17742860,369.643,PCM_24,train
0880_창작국악_창작국악,0880,창작국악,해금,해금,해금,찰현,False,data/extracted/train/source/0880_창작국악_창작국악/0880_창작국악_창작국악_해금.wav,48000,2,17742860,369.643,PCM_24,train
0881_창작국악_창작국악,0881,창작국악,가야금,가야금,가야금,발현,False,data/extracted/train/source/0881_창작국악_창작국악/0881_창작국악_창작국악_가야금.wav,48000,2,15120000,315.0,PCM_24,val
0881_창작국악_창작국악,0881,창작국악,거문고,거문고,거문고,발현,False,data/extracted/train/source/0881_창작국악_창작국악/0881_창작국악_창작국악_거문고.wav,48000,2,15120000,315.0,PCM_24,val
0881_창작국악_창작국악,0881,창작국악,대고,대고,타악기,타악,False,data/extracted/train/source/0881_창작국악_창작국악/0881_창작국악_창작국악_대고.wav,48000,2,15120000,315.0,PCM_24,val
0881_창작국악_창작국악,0881,창작국악,대금,대금,대금,관악,False,data/extracted/train/source/0881_창작국악_창작국악/0881_창작국악_창작국악_대금.wav,48000,2,15120000,315.0,PCM_24,val
0881_창작국악_창작국악,0881,창작국악,생황,생황,기타,관악,False,data/extracted/train/source/0881_창작국악_창작국악/0881_창작국악_창작국악_생황.wav,48000,2,15120000,315.0,PCM_24,val
0881_창작국악_창작국악,0881,창작국악,아쟁,아쟁,아쟁,찰현,False,data/extracted/train/source/0881_창작국악_창작국악/0881_창작국악_창작국악_아쟁.wav,48000,2,15120000,315.0,PCM_24,val
0881_창작국악_창작국악,0881,창작국악,장구,장구,타악기,타악,False,data/extracted/train/source/0881_창작국악_창작국악/0881_창작국악_창작국악_장구.wav,48000,2,15120000,315.0,PCM_24,val
0881_창작국악_창작국악,0881,창작국악,피리,피리,피리,관악,False,data/extracted/train/source/0881_창작국악_창작국악/0881_창작국악_창작국악_피리.wav,48000,2,15120000,315.0,PCM_24,val
0881_창작국악_창작국악,0881,창작국악,피리2,피리,피리,관악,False,data/extracted/train/source/0881_창작국악_창작국악/0881_창작국악_창작국악_피리2.wav,48000,2,15120000,315.0,PCM_24,val
0881_창작국악_창작국악,0881,창작국악,해금,해금,해금,찰현,False,data/extracted/train/source/0881_창작국악_창작국악/0881_창작국악_창작국악_해금.wav,48000,2,15120000,315.0,PCM_24,val
0882_창작국악_창작국악,0882,창작국악,가야금,가야금,가야금,발현,False,data/extracted/train/source/0882_창작국악_창작국악/0882_창작국악_창작국악_가야금.wav,48000,2,5971765,124.412,PCM_24,train
0882_창작국악_창작국악,0882,창작국악,가야금2,가야금,가야금,발현,False,data/extracted/train/source/0882_창작국악_창작국악/0882_창작국악_창작국악_가야금2.wav,48000,2,5971765,124.412,PCM_24,train
0882_창작국악_창작국악,0882,창작국악,거문고,거문고,거문고,발현,False,data/extracted/train/source/0882_창작국악_창작국악/0882_창작국악_창작국악_거문고.wav,48000,2,5971765,124.412,PCM_24,train
0882_창작국악_창작국악,0882,창작국악,꽹과리,꽹과리,타악기,타악,False,data/extracted/train/source/0882_창작국악_창작국악/0882_창작국악_창작국악_꽹과리.wav,48000,2,5971765,124.412,PCM_24,train
0882_창작국악_창작국악,0882,창작국악,대고,대고,타악기,타악,False,data/extracted/train/source/0882_창작국악_창작국악/0882_창작국악_창작국악_대고.wav,48000,2,5971765,124.412,PCM_24,train
0882_창작국악_창작국악,0882,창작국악,대금,대금,대금,관악,False,data/extracted/train/source/0882_창작국악_창작국악/0882_창작국악_창작국악_대금.wav,48000,2,5971765,124.412,PCM_24,train
0882_창작국악_창작국악,0882,창작국악,바라,바라,타악기,타악,False,data/extracted/train/source/0882_창작국악_창작국악/0882_창작국악_창작국악_바라.wav,48000,2,5971765,124.412,PCM_24,train
0882_창작국악_창작국악,0882,창작국악,생황,생황,기타,관악,False,data/extracted/train/source/0882_창작국악_창작국악/0882_창작국악_창작국악_생황.wav,48000,2,5971765,124.412,PCM_24,train
0882_창작국악_창작국악,0882,창작국악,소금,소금,기타,관악,False,data/extracted/train/source/0882_창작국악_창작국악/0882_창작국악_창작국악_소금.wav,48000,2,5971765,124.412,PCM_24,train
0882_창작국악_창작국악,0882,창작국악,아쟁,아쟁,아쟁,찰현,False,data/extracted/train/source/0882_창작국악_창작국악/0882_창작국악_창작국악_아쟁.wav,48000,2,5971765,124.412,PCM_24,train
0882_창작국악_창작국악,0882,창작국악,아쟁2,아쟁,아쟁,찰현,False,data/extracted/train/source/0882_창작국악_창작국악/0882_창작국악_창작국악_아쟁2.wav,48000,2,5971765,124.412,PCM_24,train
0882_창작국악_창작국악,0882,창작국악,장구,장구,타악기,타악,False,data/extracted/train/source/0882_창작국악_창작국악/0882_창작국악_창작국악_장구.wav,48000,2,5971765,124.412,PCM_24,train
0882_창작국악_창작국악,0882,창작국악,피리,피리,피리,관악,False,data/extracted/train/source/0882_창작국악_창작국악/0882_창작국악_창작국악_피리.wav,48000,2,5971765,124.412,PCM_24,train
0882_창작국악_창작국악,0882,창작국악,피리2,피리,피리,관악,False,data/extracted/train/source/0882_창작국악_창작국악/0882_창작국악_창작국악_피리2.wav,48000,2,5971765,124.412,PCM_24,train
0882_창작국악_창작국악,0882,창작국악,해금,해금,해금,찰현,False,data/extracted/train/source/0882_창작국악_창작국악/0882_창작국악_창작국악_해금.wav,48000,2,5971765,124.412,PCM_24,train
0884_창작국악_창작국악,0884,창작국악,가야금,가야금,가야금,발현,False,data/extracted/train/source/0884_창작국악_창작국악/0884_창작국악_창작국악_가야금.wav,48000,2,7158857,149.143,PCM_24,train
0884_창작국악_창작국악,0884,창작국악,가야금2,가야금,가야금,발현,False,data/extracted/train/source/0884_창작국악_창작국악/0884_창작국악_창작국악_가야금2.wav,48000,2,7158857,149.143,PCM_24,train
0884_창작국악_창작국악,0884,창작국악,거문고,거문고,거문고,발현,False,data/extracted/train/source/0884_창작국악_창작국악/0884_창작국악_창작국악_거문고.wav,48000,2,7158857,149.143,PCM_24,train
0884_창작국악_창작국악,0884,창작국악,대금,대금,대금,관악,False,data/extracted/train/source/0884_창작국악_창작국악/0884_창작국악_창작국악_대금.wav,48000,2,7158857,149.143,PCM_24,train
0884_창작국악_창작국악,0884,창작국악,생황,생황,기타,관악,False,data/extracted/train/source/0884_창작국악_창작국악/0884_창작국악_창작국악_생황.wav,48000,2,7158857,149.143,PCM_24,train
0884_창작국악_창작국악,0884,창작국악,소금,소금,기타,관악,False,data/extracted/train/source/0884_창작국악_창작국악/0884_창작국악_창작국악_소금.wav,48000,2,7158857,149.143,PCM_24,train
0884_창작국악_창작국악,0884,창작국악,아쟁,아쟁,아쟁,찰현,False,data/extracted/train/source/0884_창작국악_창작국악/0884_창작국악_창작국악_아쟁.wav,48000,2,7158857,149.143,PCM_24,train
0884_창작국악_창작국악,0884,창작국악,아쟁2,아쟁,아쟁,찰현,False,data/extracted/train/source/0884_창작국악_창작국악/0884_창작국악_창작국악_아쟁2.wav,48000,2,7158857,149.143,PCM_24,train
0884_창작국악_창작국악,0884,창작국악,양금,양금,양금,발현,False,data/extracted/train/source/0884_창작국악_창작국악/0884_창작국악_창작국악_양금.wav,48000,2,7158857,149.143,PCM_24,train
0884_창작국악_창작국악,0884,창작국악,장구,장구,타악기,타악,False,data/extracted/train/source/0884_창작국악_창작국악/0884_창작국악_창작국악_장구.wav,48000,2,7158857,149.143,PCM_24,train
0884_창작국악_창작국악,0884,창작국악,태평소,태평소,기타,관악,False,data/extracted/train/source/0884_창작국악_창작국악/0884_창작국악_창작국악_태평소.wav,48000,2,7158857,149.143,PCM_24,train
0884_창작국악_창작국악,0884,창작국악,피리,피리,피리,관악,False,data/extracted/train/source/0884_창작국악_창작국악/0884_창작국악_창작국악_피리.wav,48000,2,7158857,149.143,PCM_24,train
0884_창작국악_창작국악,0884,창작국악,해금,해금,해금,찰현,False,data/extracted/train/source/0884_창작국악_창작국악/0884_창작국악_창작국악_해금.wav,48000,2,7158857,149.143,PCM_24,train
0885_창작국악_창작국악,0885,창작국악,가야금,가야금,가야금,발현,False,data/extracted/train/source/0885_창작국악_창작국악/0885_창작국악_창작국악_가야금.wav,48000,2,16128000,336.0,PCM_24,val
0885_창작국악_창작국악,0885,창작국악,가야금2,가야금,가야금,발현,False,data/extracted/train/source/0885_창작국악_창작국악/0885_창작국악_창작국악_가야금2.wav,48000,2,16128000,336.0,PCM_24,val
0885_창작국악_창작국악,0885,창작국악,거문고2,거문고,거문고,발현,False,data/extracted/train/source/0885_창작국악_창작국악/0885_창작국악_창작국악_거문고2.wav,48000,2,16128000,336.0,PCM_24,val
0885_창작국악_창작국악,0885,창작국악,대금,대금,대금,관악,False,data/extracted/train/source/0885_창작국악_창작국악/0885_창작국악_창작국악_대금.wav,48000,2,16128000,336.0,PCM_24,val
0885_창작국악_창작국악,0885,창작국악,생황,생황,기타,관악,False,data/extracted/train/source/0885_창작국악_창작국악/0885_창작국악_창작국악_생황.wav,48000,2,16128000,336.0,PCM_24,val
0885_창작국악_창작국악,0885,창작국악,소금,소금,기타,관악,False,data/extracted/train/source/0885_창작국악_창작국악/0885_창작국악_창작국악_소금.wav,48000,2,16128000,336.0,PCM_24,val
0885_창작국악_창작국악,0885,창작국악,아쟁,아쟁,아쟁,찰현,False,data/extracted/train/source/0885_창작국악_창작국악/0885_창작국악_창작국악_아쟁.wav,48000,2,16128000,336.0,PCM_24,val
0885_창작국악_창작국악,0885,창작국악,아쟁2,아쟁,아쟁,찰현,False,data/extracted/train/source/0885_창작국악_창작국악/0885_창작국악_창작국악_아쟁2.wav,48000,2,16128000,336.0,PCM_24,val
0885_창작국악_창작국악,0885,창작국악,양금,양금,양금,발현,False,data/extracted/train/source/0885_창작국악_창작국악/0885_창작국악_창작국악_양금.wav,48000,2,16128000,336.0,PCM_24,val
0885_창작국악_창작국악,0885,창작국악,장구,장구,타악기,타악,False,data/extracted/train/source/0885_창작국악_창작국악/0885_창작국악_창작국악_장구.wav,48000,2,16128000,336.0,PCM_24,val
0885_창작국악_창작국악,0885,창작국악,피리,피리,피리,관악,False,data/extracted/train/source/0885_창작국악_창작국악/0885_창작국악_창작국악_피리.wav,48000,2,16128000,336.0,PCM_24,val
0885_창작국악_창작국악,0885,창작국악,해금,해금,해금,찰현,False,data/extracted/train/source/0885_창작국악_창작국악/0885_창작국악_창작국악_해금.wav,48000,2,16128000,336.0,PCM_24,val
0886_창작국악_창작국악,0886,창작국악,가야금,가야금,가야금,발현,False,data/extracted/val/source/0886_창작국악_창작국악/0886_창작국악_창작국악_가야금.wav,48000,2,2304000,48.0,PCM_24,train
0886_창작국악_창작국악,0886,창작국악,가야금2,가야금,가야금,발현,False,data/extracted/val/source/0886_창작국악_창작국악/0886_창작국악_창작국악_가야금2.wav,48000,2,2304000,48.0,PCM_24,train
0886_창작국악_창작국악,0886,창작국악,거문고,거문고,거문고,발현,False,data/extracted/val/source/0886_창작국악_창작국악/0886_창작국악_창작국악_거문고.wav,48000,2,2304000,48.0,PCM_24,train
0886_창작국악_창작국악,0886,창작국악,대금,대금,대금,관악,False,data/extracted/val/source/0886_창작국악_창작국악/0886_창작국악_창작국악_대금.wav,48000,2,2304000,48.0,PCM_24,train
0886_창작국악_창작국악,0886,창작국악,생황,생황,기타,관악,False,data/extracted/val/source/0886_창작국악_창작국악/0886_창작국악_창작국악_생황.wav,48000,2,2304000,48.0,PCM_24,train
0886_창작국악_창작국악,0886,창작국악,소금,소금,기타,관악,False,data/extracted/val/source/0886_창작국악_창작국악/0886_창작국악_창작국악_소금.wav,48000,2,2304000,48.0,PCM_24,train
0886_창작국악_창작국악,0886,창작국악,아쟁,아쟁,아쟁,찰현,False,data/extracted/val/source/0886_창작국악_창작국악/0886_창작국악_창작국악_아쟁.wav,48000,2,2304000,48.0,PCM_24,train
0886_창작국악_창작국악,0886,창작국악,아쟁2,아쟁,아쟁,찰현,False,data/extracted/val/source/0886_창작국악_창작국악/0886_창작국악_창작국악_아쟁2.wav,48000,2,2304000,48.0,PCM_24,train
0886_창작국악_창작국악,0886,창작국악,양금,양금,양금,발현,False,data/extracted/val/source/0886_창작국악_창작국악/0886_창작국악_창작국악_양금.wav,48000,2,2304000,48.0,PCM_24,train
0886_창작국악_창작국악,0886,창작국악,장구,장구,타악기,타악,False,data/extracted/val/source/0886_창작국악_창작국악/0886_창작국악_창작국악_장구.wav,48000,2,2304000,48.0,PCM_24,train
0886_창작국악_창작국악,0886,창작국악,피리,피리,피리,관악,False,data/extracted/val/source/0886_창작국악_창작국악/0886_창작국악_창작국악_피리.wav,48000,2,2304000,48.0,PCM_24,train
0886_창작국악_창작국악,0886,창작국악,해금,해금,해금,찰현,False,data/extracted/val/source/0886_창작국악_창작국악/0886_창작국악_창작국악_해금.wav,48000,2,2304000,48.0,PCM_24,train
0887_창작국악_창작국악,0887,창작국악,가야금,가야금,가야금,발현,False,data/extracted/train/source/0887_창작국악_창작국악/0887_창작국악_창작국악_가야금.wav,48000,2,2654400,55.3,PCM_24,train
0887_창작국악_창작국악,0887,창작국악,가야금2,가야금,가야금,발현,False,data/extracted/train/source/0887_창작국악_창작국악/0887_창작국악_창작국악_가야금2.wav,48000,2,2654400,55.3,PCM_24,train
0887_창작국악_창작국악,0887,창작국악,거문고,거문고,거문고,발현,False,data/extracted/train/source/0887_창작국악_창작국악/0887_창작국악_창작국악_거문고.wav,48000,2,2654400,55.3,PCM_24,train
0887_창작국악_창작국악,0887,창작국악,대금,대금,대금,관악,False,data/extracted/train/source/0887_창작국악_창작국악/0887_창작국악_창작국악_대금.wav,48000,2,2654400,55.3,PCM_24,train
0887_창작국악_창작국악,0887,창작국악,대금2,대금,대금,관악,False,data/extracted/train/source/0887_창작국악_창작국악/0887_창작국악_창작국악_대금2.wav,48000,2,2654400,55.3,PCM_24,train
0887_창작국악_창작국악,0887,창작국악,생황,생황,기타,관악,False,data/extracted/train/source/0887_창작국악_창작국악/0887_창작국악_창작국악_생황.wav,48000,2,2654400,55.3,PCM_24,train
0887_창작국악_창작국악,0887,창작국악,소금,소금,기타,관악,False,data/extracted/train/source/0887_창작국악_창작국악/0887_창작국악_창작국악_소금.wav,48000,2,2654400,55.3,PCM_24,train
0887_창작국악_창작국악,0887,창작국악,아쟁,아쟁,아쟁,찰현,False,data/extracted/train/source/0887_창작국악_창작국악/0887_창작국악_창작국악_아쟁.wav,48000,2,2654400,55.3,PCM_24,train
0887_창작국악_창작국악,0887,창작국악,아쟁2,아쟁,아쟁,찰현,False,data/extracted/train/source/0887_창작국악_창작국악/0887_창작국악_창작국악_아쟁2.wav,48000,2,2654400,55.3,PCM_24,train
0887_창작국악_창작국악,0887,창작국악,양금,양금,양금,발현,False,data/extracted/train/source/0887_창작국악_창작국악/0887_창작국악_창작국악_양금.wav,48000,2,2654400,55.3,PCM_24,train
0887_창작국악_창작국악,0887,창작국악,장구,장구,타악기,타악,False,data/extracted/train/source/0887_창작국악_창작국악/0887_창작국악_창작국악_장구.wav,48000,2,2654400,55.3,PCM_24,train
0887_창작국악_창작국악,0887,창작국악,태평소,태평소,기타,관악,False,data/extracted/train/source/0887_창작국악_창작국악/0887_창작국악_창작국악_태평소.wav,48000,2,2654400,55.3,PCM_24,train
0887_창작국악_창작국악,0887,창작국악,피리,피리,피리,관악,False,data/extracted/train/source/0887_창작국악_창작국악/0887_창작국악_창작국악_피리.wav,48000,2,2654400,55.3,PCM_24,train
0887_창작국악_창작국악,0887,창작국악,해금,해금,해금,찰현,False,data/extracted/train/source/0887_창작국악_창작국악/0887_창작국악_창작국악_해금.wav,48000,2,2654400,55.3,PCM_24,train
0887_창작국악_창작국악,0887,창작국악,해금2,해금,해금,찰현,False,data/extracted/train/source/0887_창작국악_창작국악/0887_창작국악_창작국악_해금2.wav,48000,2,2654400,55.3,PCM_24,train
0889_창작국악_창작국악,0889,창작국악,가야금,가야금,가야금,발현,False,data/extracted/train/source/0889_창작국악_창작국악/0889_창작국악_창작국악_가야금.wav,48000,2,15798852,329.143,PCM_24,train
0889_창작국악_창작국악,0889,창작국악,가야금2,가야금,가야금,발현,False,data/extracted/train/source/0889_창작국악_창작국악/0889_창작국악_창작국악_가야금2.wav,48000,2,15798852,329.143,PCM_24,train
0889_창작국악_창작국악,0889,창작국악,거문고2,거문고,거문고,발현,False,data/extracted/train/source/0889_창작국악_창작국악/0889_창작국악_창작국악_거문고2.wav,48000,2,15798852,329.143,PCM_24,train
0889_창작국악_창작국악,0889,창작국악,꽹과리,꽹과리,타악기,타악,False,data/extracted/train/source/0889_창작국악_창작국악/0889_창작국악_창작국악_꽹과리.wav,48000,2,15798852,329.143,PCM_24,train
0889_창작국악_창작국악,0889,창작국악,대금,대금,대금,관악,False,data/extracted/train/source/0889_창작국악_창작국악/0889_창작국악_창작국악_대금.wav,48000,2,15798852,329.143,PCM_24,train
0889_창작국악_창작국악,0889,창작국악,생황,생황,기타,관악,False,data/extracted/train/source/0889_창작국악_창작국악/0889_창작국악_창작국악_생황.wav,48000,2,15798852,329.143,PCM_24,train
0889_창작국악_창작국악,0889,창작국악,소금,소금,기타,관악,False,data/extracted/train/source/0889_창작국악_창작국악/0889_창작국악_창작국악_소금.wav,48000,2,15798852,329.143,PCM_24,train
0889_창작국악_창작국악,0889,창작국악,아쟁,아쟁,아쟁,찰현,False,data/extracted/train/source/0889_창작국악_창작국악/0889_창작국악_창작국악_아쟁.wav,48000,2,15798852,329.143,PCM_24,train
0889_창작국악_창작국악,0889,창작국악,아쟁2,아쟁,아쟁,찰현,False,data/extracted/train/source/0889_창작국악_창작국악/0889_창작국악_창작국악_아쟁2.wav,48000,2,15798852,329.143,PCM_24,train
0889_창작국악_창작국악,0889,창작국악,양금,양금,양금,발현,False,data/extracted/train/source/0889_창작국악_창작국악/0889_창작국악_창작국악_양금.wav,48000,2,15798852,329.143,PCM_24,train
0889_창작국악_창작국악,0889,창작국악,장구,장구,타악기,타악,False,data/extracted/train/source/0889_창작국악_창작국악/0889_창작국악_창작국악_장구.wav,48000,2,15798852,329.143,PCM_24,train
0889_창작국악_창작국악,0889,창작국악,태평소,태평소,기타,관악,False,data/extracted/train/source/0889_창작국악_창작국악/0889_창작국악_창작국악_태평소.wav,48000,2,15798852,329.143,PCM_24,train
0889_창작국악_창작국악,0889,창작국악,피리,피리,피리,관악,False,data/extracted/train/source/0889_창작국악_창작국악/0889_창작국악_창작국악_피리.wav,48000,2,15798852,329.143,PCM_24,train
0889_창작국악_창작국악,0889,창작국악,해금2,해금,해금,찰현,False,data/extracted/train/source/0889_창작국악_창작국악/0889_창작국악_창작국악_해금2.wav,48000,2,15798852,329.143,PCM_24,train
0890_창작국악_창작국악,0890,창작국악,가야금,가야금,가야금,발현,False,data/extracted/train/source/0890_창작국악_창작국악/0890_창작국악_창작국악_가야금.wav,48000,2,17856000,372.0,PCM_24,train
0890_창작국악_창작국악,0890,창작국악,가야금2,가야금,가야금,발현,False,data/extracted/train/source/0890_창작국악_창작국악/0890_창작국악_창작국악_가야금2.wav,48000,2,17856000,372.0,PCM_24,train
0890_창작국악_창작국악,0890,창작국악,거문고2,거문고,거문고,발현,False,data/extracted/train/source/0890_창작국악_창작국악/0890_창작국악_창작국악_거문고2.wav,48000,2,17856000,372.0,PCM_24,train
0890_창작국악_창작국악,0890,창작국악,대금,대금,대금,관악,False,data/extracted/train/source/0890_창작국악_창작국악/0890_창작국악_창작국악_대금.wav,48000,2,17856000,372.0,PCM_24,train
0890_창작국악_창작국악,0890,창작국악,대금2,대금,대금,관악,False,data/extracted/train/source/0890_창작국악_창작국악/0890_창작국악_창작국악_대금2.wav,48000,2,17856000,372.0,PCM_24,train
0890_창작국악_창작국악,0890,창작국악,생황,생황,기타,관악,False,data/extracted/train/source/0890_창작국악_창작국악/0890_창작국악_창작국악_생황.wav,48000,2,17856000,372.0,PCM_24,train
0890_창작국악_창작국악,0890,창작국악,소금,소금,기타,관악,False,data/extracted/train/source/0890_창작국악_창작국악/0890_창작국악_창작국악_소금.wav,48000,2,17856000,372.0,PCM_24,train
0890_창작국악_창작국악,0890,창작국악,아쟁,아쟁,아쟁,찰현,False,data/extracted/train/source/0890_창작국악_창작국악/0890_창작국악_창작국악_아쟁.wav,48000,2,17856000,372.0,PCM_24,train
0890_창작국악_창작국악,0890,창작국악,아쟁2,아쟁,아쟁,찰현,False,data/extracted/train/source/0890_창작국악_창작국악/0890_창작국악_창작국악_아쟁2.wav,48000,2,17856000,372.0,PCM_24,train
0890_창작국악_창작국악,0890,창작국악,양금,양금,양금,발현,False,data/extracted/train/source/0890_창작국악_창작국악/0890_창작국악_창작국악_양금.wav,48000,2,17856000,372.0,PCM_24,train
0890_창작국악_창작국악,0890,창작국악,장구,장구,타악기,타악,False,data/extracted/train/source/0890_창작국악_창작국악/0890_창작국악_창작국악_장구.wav,48000,2,17856000,372.0,PCM_24,train
0890_창작국악_창작국악,0890,창작국악,태평소,태평소,기타,관악,False,data/extracted/train/source/0890_창작국악_창작국악/0890_창작국악_창작국악_태평소.wav,48000,2,17856000,372.0,PCM_24,train
0890_창작국악_창작국악,0890,창작국악,피리,피리,피리,관악,False,data/extracted/train/source/0890_창작국악_창작국악/0890_창작국악_창작국악_피리.wav,48000,2,17856000,372.0,PCM_24,train
0890_창작국악_창작국악,0890,창작국악,해금2,해금,해금,찰현,False,data/extracted/train/source/0890_창작국악_창작국악/0890_창작국악_창작국악_해금2.wav,48000,2,17856000,372.0,PCM_24,train
0892_창작국악_창작국악,0892,창작국악,가야금,가야금,가야금,발현,False,data/extracted/train/source/0892_창작국악_창작국악/0892_창작국악_창작국악_가야금.wav,48000,2,8832000,184.0,PCM_24,train
0892_창작국악_창작국악,0892,창작국악,가야금2,가야금,가야금,발현,False,data/extracted/train/source/0892_창작국악_창작국악/0892_창작국악_창작국악_가야금2.wav,48000,2,8832000,184.0,PCM_24,train
0892_창작국악_창작국악,0892,창작국악,거문고,거문고,거문고,발현,False,data/extracted/train/source/0892_창작국악_창작국악/0892_창작국악_창작국악_거문고.wav,48000,2,8832000,184.0,PCM_24,train
0892_창작국악_창작국악,0892,창작국악,대금,대금,대금,관악,False,data/extracted/train/source/0892_창작국악_창작국악/0892_창작국악_창작국악_대금.wav,48000,2,8832000,184.0,PCM_24,train
0892_창작국악_창작국악,0892,창작국악,생황,생황,기타,관악,False,data/extracted/train/source/0892_창작국악_창작국악/0892_창작국악_창작국악_생황.wav,48000,2,8832000,184.0,PCM_24,train
0892_창작국악_창작국악,0892,창작국악,아쟁,아쟁,아쟁,찰현,False,data/extracted/train/source/0892_창작국악_창작국악/0892_창작국악_창작국악_아쟁.wav,48000,2,8832000,184.0,PCM_24,train
0892_창작국악_창작국악,0892,창작국악,양금,양금,양금,발현,False,data/extracted/train/source/0892_창작국악_창작국악/0892_창작국악_창작국악_양금.wav,48000,2,8832000,184.0,PCM_24,train
0893_창작국악_창작국악,0893,창작국악,가야금,가야금,가야금,발현,False,data/extracted/train/source/0893_창작국악_창작국악/0893_창작국악_창작국악_가야금.wav,48000,2,16128000,336.0,PCM_24,train
0893_창작국악_창작국악,0893,창작국악,거문고2,거문고,거문고,발현,False,data/extracted/train/source/0893_창작국악_창작국악/0893_창작국악_창작국악_거문고2.wav,48000,2,16128000,336.0,PCM_24,train
0893_창작국악_창작국악,0893,창작국악,대금,대금,대금,관악,False,data/extracted/train/source/0893_창작국악_창작국악/0893_창작국악_창작국악_대금.wav,48000,2,16128000,336.0,PCM_24,train
0893_창작국악_창작국악,0893,창작국악,생황,생황,기타,관악,False,data/extracted/train/source/0893_창작국악_창작국악/0893_창작국악_창작국악_생황.wav,48000,2,16128000,336.0,PCM_24,train
0894_창작국악_창작국악,0894,창작국악,가야금,가야금,가야금,발현,False,data/extracted/train/source/0894_창작국악_창작국악/0894_창작국악_창작국악_가야금.wav,48000,2,4937143,102.857,PCM_24,train
0894_창작국악_창작국악,0894,창작국악,거문고,거문고,거문고,발현,False,data/extracted/train/source/0894_창작국악_창작국악/0894_창작국악_창작국악_거문고.wav,48000,2,4937143,102.857,PCM_24,train
0894_창작국악_창작국악,0894,창작국악,대금,대금,대금,관악,False,data/extracted/train/source/0894_창작국악_창작국악/0894_창작국악_창작국악_대금.wav,48000,2,4937143,102.857,PCM_24,train
0894_창작국악_창작국악,0894,창작국악,생황,생황,기타,관악,False,data/extracted/train/source/0894_창작국악_창작국악/0894_창작국악_창작국악_생황.wav,48000,2,4937143,102.857,PCM_24,train
0894_창작국악_창작국악,0894,창작국악,아쟁,아쟁,아쟁,찰현,False,data/extracted/train/source/0894_창작국악_창작국악/0894_창작국악_창작국악_아쟁.wav,48000,2,4937143,102.857,PCM_24,train
0894_창작국악_창작국악,0894,창작국악,양금,양금,양금,발현,False,data/extracted/train/source/0894_창작국악_창작국악/0894_창작국악_창작국악_양금.wav,48000,2,4937143,102.857,PCM_24,train
0895_창작국악_창작국악,0895,창작국악,가야금,가야금,가야금,발현,False,data/extracted/train/source/0895_창작국악_창작국악/0895_창작국악_창작국악_가야금.wav,48000,2,6272000,130.667,PCM_24,test
0895_창작국악_창작국악,0895,창작국악,가야금2,가야금,가야금,발현,False,data/extracted/train/source/0895_창작국악_창작국악/0895_창작국악_창작국악_가야금2.wav,48000,2,6272000,130.667,PCM_24,test
0895_창작국악_창작국악,0895,창작국악,거문고,거문고,거문고,발현,False,data/extracted/train/source/0895_창작국악_창작국악/0895_창작국악_창작국악_거문고.wav,48000,2,6272000,130.667,PCM_24,test
0895_창작국악_창작국악,0895,창작국악,대금,대금,대금,관악,False,data/extracted/train/source/0895_창작국악_창작국악/0895_창작국악_창작국악_대금.wav,48000,2,6272000,130.667,PCM_24,test
0895_창작국악_창작국악,0895,창작국악,생황,생황,기타,관악,False,data/extracted/train/source/0895_창작국악_창작국악/0895_창작국악_창작국악_생황.wav,48000,2,6272000,130.667,PCM_24,test
0895_창작국악_창작국악,0895,창작국악,아쟁,아쟁,아쟁,찰현,False,data/extracted/train/source/0895_창작국악_창작국악/0895_창작국악_창작국악_아쟁.wav,48000,2,6272000,130.667,PCM_24,test
0895_창작국악_창작국악,0895,창작국악,양금,양금,양금,발현,False,data/extracted/train/source/0895_창작국악_창작국악/0895_창작국악_창작국악_양금.wav,48000,2,6272000,130.667,PCM_24,test
0896_창작국악_창작국악,0896,창작국악,가야금2,가야금,가야금,발현,False,data/extracted/train/source/0896_창작국악_창작국악/0896_창작국악_창작국악_가야금2.wav,48000,2,1296000,27.0,PCM_24,train
0896_창작국악_창작국악,0896,창작국악,거문고,거문고,거문고,발현,False,data/extracted/train/source/0896_창작국악_창작국악/0896_창작국악_창작국악_거문고.wav,48000,2,1296000,27.0,PCM_24,train
0896_창작국악_창작국악,0896,창작국악,대금,대금,대금,관악,False,data/extracted/train/source/0896_창작국악_창작국악/0896_창작국악_창작국악_대금.wav,48000,2,1296000,27.0,PCM_24,train
0896_창작국악_창작국악,0896,창작국악,소금,소금,기타,관악,False,data/extracted/train/source/0896_창작국악_창작국악/0896_창작국악_창작국악_소금.wav,48000,2,1296000,27.0,PCM_24,train
0896_창작국악_창작국악,0896,창작국악,아쟁,아쟁,아쟁,찰현,False,data/extracted/train/source/0896_창작국악_창작국악/0896_창작국악_창작국악_아쟁.wav,48000,2,1296000,27.0,PCM_24,train
0896_창작국악_창작국악,0896,창작국악,피리,피리,피리,관악,False,data/extracted/train/source/0896_창작국악_창작국악/0896_창작국악_창작국악_피리.wav,48000,2,1296000,27.0,PCM_24,train
0896_창작국악_창작국악,0896,창작국악,피리2,피리,피리,관악,False,data/extracted/train/source/0896_창작국악_창작국악/0896_창작국악_창작국악_피리2.wav,48000,2,1296000,27.0,PCM_24,train
0896_창작국악_창작국악,0896,창작국악,해금,해금,해금,찰현,False,data/extracted/train/source/0896_창작국악_창작국악/0896_창작국악_창작국악_해금.wav,48000,2,1296000,27.0,PCM_24,train
0896_창작국악_창작국악,0896,창작국악,해금2,해금,해금,찰현,False,data/extracted/train/source/0896_창작국악_창작국악/0896_창작국악_창작국악_해금2.wav,48000,2,1296000,27.0,PCM_24,train
0897_창작국악_창작국악,0897,창작국악,가야금,가야금,가야금,발현,False,data/extracted/train/source/0897_창작국악_창작국악/0897_창작국악_창작국악_가야금.wav,48000,2,10285714,214.286,PCM_24,train
0897_창작국악_창작국악,0897,창작국악,가야금2,가야금,가야금,발현,False,data/extracted/train/source/0897_창작국악_창작국악/0897_창작국악_창작국악_가야금2.wav,48000,2,10285714,214.286,PCM_24,train
0897_창작국악_창작국악,0897,창작국악,거문고,거문고,거문고,발현,False,data/extracted/train/source/0897_창작국악_창작국악/0897_창작국악_창작국악_거문고.wav,48000,2,10285714,214.286,PCM_24,train
0897_창작국악_창작국악,0897,창작국악,대금,대금,대금,관악,False,data/extracted/train/source/0897_창작국악_창작국악/0897_창작국악_창작국악_대금.wav,48000,2,10285714,214.286,PCM_24,train
0897_창작국악_창작국악,0897,창작국악,대금2,대금,대금,관악,False,data/extracted/train/source/0897_창작국악_창작국악/0897_창작국악_창작국악_대금2.wav,48000,2,10285714,214.286,PCM_24,train
0897_창작국악_창작국악,0897,창작국악,바라,바라,타악기,타악,False,data/extracted/train/source/0897_창작국악_창작국악/0897_창작국악_창작국악_바라.wav,48000,2,10285714,214.286,PCM_24,train
0897_창작국악_창작국악,0897,창작국악,방울,방울,타악기,타악,False,data/extracted/train/source/0897_창작국악_창작국악/0897_창작국악_창작국악_방울.wav,48000,2,10285714,214.286,PCM_24,train
0897_창작국악_창작국악,0897,창작국악,북,북,타악기,타악,False,data/extracted/train/source/0897_창작국악_창작국악/0897_창작국악_창작국악_북.wav,48000,2,10285714,214.286,PCM_24,train
0897_창작국악_창작국악,0897,창작국악,소금,소금,기타,관악,False,data/extracted/train/source/0897_창작국악_창작국악/0897_창작국악_창작국악_소금.wav,48000,2,10285714,214.286,PCM_24,train
0897_창작국악_창작국악,0897,창작국악,아쟁,아쟁,아쟁,찰현,False,data/extracted/train/source/0897_창작국악_창작국악/0897_창작국악_창작국악_아쟁.wav,48000,2,10285714,214.286,PCM_24,train
0897_창작국악_창작국악,0897,창작국악,장구,장구,타악기,타악,False,data/extracted/train/source/0897_창작국악_창작국악/0897_창작국악_창작국악_장구.wav,48000,2,10285714,214.286,PCM_24,train
0897_창작국악_창작국악,0897,창작국악,피리,피리,피리,관악,False,data/extracted/train/source/0897_창작국악_창작국악/0897_창작국악_창작국악_피리.wav,48000,2,10285714,214.286,PCM_24,train
0897_창작국악_창작국악,0897,창작국악,피리2,피리,피리,관악,False,data/extracted/train/source/0897_창작국악_창작국악/0897_창작국악_창작국악_피리2.wav,48000,2,10285714,214.286,PCM_24,train
0897_창작국악_창작국악,0897,창작국악,해금,해금,해금,찰현,False,data/extracted/train/source/0897_창작국악_창작국악/0897_창작국악_창작국악_해금.wav,48000,2,10285714,214.286,PCM_24,train
0897_창작국악_창작국악,0897,창작국악,해금2,해금,해금,찰현,False,data/extracted/train/source/0897_창작국악_창작국악/0897_창작국악_창작국악_해금2.wav,48000,2,10285714,214.286,PCM_24,train
0898_창작국악_창작국악,0898,창작국악,가야금,가야금,가야금,발현,False,data/extracted/train/source/0898_창작국악_창작국악/0898_창작국악_창작국악_가야금.wav,48000,2,14515200,302.4,PCM_24,train
0898_창작국악_창작국악,0898,창작국악,거문고2,거문고,거문고,발현,False,data/extracted/train/source/0898_창작국악_창작국악/0898_창작국악_창작국악_거문고2.wav,48000,2,14515200,302.4,PCM_24,train
0898_창작국악_창작국악,0898,창작국악,꽹과리,꽹과리,타악기,타악,False,data/extracted/train/source/0898_창작국악_창작국악/0898_창작국악_창작국악_꽹과리.wav,48000,2,14515200,302.4,PCM_24,train
0898_창작국악_창작국악,0898,창작국악,대금,대금,대금,관악,False,data/extracted/train/source/0898_창작국악_창작국악/0898_창작국악_창작국악_대금.wav,48000,2,14515200,302.4,PCM_24,train
0898_창작국악_창작국악,0898,창작국악,바라,바라,타악기,타악,False,data/extracted/train/source/0898_창작국악_창작국악/0898_창작국악_창작국악_바라.wav,48000,2,14515200,302.4,PCM_24,train
0898_창작국악_창작국악,0898,창작국악,방울,방울,타악기,타악,False,data/extracted/train/source/0898_창작국악_창작국악/0898_창작국악_창작국악_방울.wav,48000,2,14515200,302.4,PCM_24,train
0898_창작국악_창작국악,0898,창작국악,북,북,타악기,타악,False,data/extracted/train/source/0898_창작국악_창작국악/0898_창작국악_창작국악_북.wav,48000,2,14515200,302.4,PCM_24,train
0898_창작국악_창작국악,0898,창작국악,아쟁,아쟁,아쟁,찰현,False,data/extracted/train/source/0898_창작국악_창작국악/0898_창작국악_창작국악_아쟁.wav,48000,2,14515200,302.4,PCM_24,train
0898_창작국악_창작국악,0898,창작국악,장구,장구,타악기,타악,False,data/extracted/train/source/0898_창작국악_창작국악/0898_창작국악_창작국악_장구.wav,48000,2,14515200,302.4,PCM_24,train
0898_창작국악_창작국악,0898,창작국악,피리,피리,피리,관악,False,data/extracted/train/source/0898_창작국악_창작국악/0898_창작국악_창작국악_피리.wav,48000,2,14515200,302.4,PCM_24,train
0898_창작국악_창작국악,0898,창작국악,피리2,피리,피리,관악,False,data/extracted/train/source/0898_창작국악_창작국악/0898_창작국악_창작국악_피리2.wav,48000,2,14515200,302.4,PCM_24,train
0898_창작국악_창작국악,0898,창작국악,해금,해금,해금,찰현,False,data/extracted/train/source/0898_창작국악_창작국악/0898_창작국악_창작국악_해금.wav,48000,2,14515200,302.4,PCM_24,train
0899_창작국악_창작국악,0899,창작국악,가야금,가야금,가야금,발현,False,data/extracted/train/source/0899_창작국악_창작국악/0899_창작국악_창작국악_가야금.wav,48000,2,5616000,117.0,PCM_24,train
0899_창작국악_창작국악,0899,창작국악,가야금2,가야금,가야금,발현,False,data/extracted/train/source/0899_창작국악_창작국악/0899_창작국악_창작국악_가야금2.wav,48000,2,5616000,117.0,PCM_24,train
0899_창작국악_창작국악,0899,창작국악,거문고,거문고,거문고,발현,False,data/extracted/train/source/0899_창작국악_창작국악/0899_창작국악_창작국악_거문고.wav,48000,2,5616000,117.0,PCM_24,train
0899_창작국악_창작국악,0899,창작국악,대고,대고,타악기,타악,False,data/extracted/train/source/0899_창작국악_창작국악/0899_창작국악_창작국악_대고.wav,48000,2,5616000,117.0,PCM_24,train
0899_창작국악_창작국악,0899,창작국악,생황,생황,기타,관악,False,data/extracted/train/source/0899_창작국악_창작국악/0899_창작국악_창작국악_생황.wav,48000,2,5616000,117.0,PCM_24,train
0899_창작국악_창작국악,0899,창작국악,아쟁,아쟁,아쟁,찰현,False,data/extracted/train/source/0899_창작국악_창작국악/0899_창작국악_창작국악_아쟁.wav,48000,2,5616000,117.0,PCM_24,train
0899_창작국악_창작국악,0899,창작국악,아쟁2,아쟁,아쟁,찰현,False,data/extracted/train/source/0899_창작국악_창작국악/0899_창작국악_창작국악_아쟁2.wav,48000,2,5616000,117.0,PCM_24,train
0899_창작국악_창작국악,0899,창작국악,피리,피리,피리,관악,False,data/extracted/train/source/0899_창작국악_창작국악/0899_창작국악_창작국악_피리.wav,48000,2,5616000,117.0,PCM_24,train
0899_창작국악_창작국악,0899,창작국악,피리2,피리,피리,관악,False,data/extracted/train/source/0899_창작국악_창작국악/0899_창작국악_창작국악_피리2.wav,48000,2,5616000,117.0,PCM_24,train
0899_창작국악_창작국악,0899,창작국악,해금,해금,해금,찰현,False,data/extracted/train/source/0899_창작국악_창작국악/0899_창작국악_창작국악_해금.wav,48000,2,5616000,117.0,PCM_24,train
0899_창작국악_창작국악,0899,창작국악,해금2,해금,해금,찰현,False,data/extracted/train/source/0899_창작국악_창작국악/0899_창작국악_창작국악_해금2.wav,48000,2,5616000,117.0,PCM_24,train
0900_창작국악_창작국악,0900,창작국악,가야금,가야금,가야금,발현,False,data/extracted/train/source/0900_창작국악_창작국악/0900_창작국악_창작국악_가야금.wav,48000,2,4464000,93.0,PCM_24,val
0900_창작국악_창작국악,0900,창작국악,가야금2,가야금,가야금,발현,False,data/extracted/train/source/0900_창작국악_창작국악/0900_창작국악_창작국악_가야금2.wav,48000,2,4464000,93.0,PCM_24,val
0900_창작국악_창작국악,0900,창작국악,거문고,거문고,거문고,발현,False,data/extracted/train/source/0900_창작국악_창작국악/0900_창작국악_창작국악_거문고.wav,48000,2,4464000,93.0,PCM_24,val
0900_창작국악_창작국악,0900,창작국악,대고,대고,타악기,타악,False,data/extracted/train/source/0900_창작국악_창작국악/0900_창작국악_창작국악_대고.wav,48000,2,4464000,93.0,PCM_24,val
0900_창작국악_창작국악,0900,창작국악,대금,대금,대금,관악,False,data/extracted/train/source/0900_창작국악_창작국악/0900_창작국악_창작국악_대금.wav,48000,2,4464000,93.0,PCM_24,val
0900_창작국악_창작국악,0900,창작국악,대금2,대금,대금,관악,False,data/extracted/train/source/0900_창작국악_창작국악/0900_창작국악_창작국악_대금2.wav,48000,2,4464000,93.0,PCM_24,val
0900_창작국악_창작국악,0900,창작국악,생황,생황,기타,관악,False,data/extracted/train/source/0900_창작국악_창작국악/0900_창작국악_창작국악_생황.wav,48000,2,4464000,93.0,PCM_24,val
0900_창작국악_창작국악,0900,창작국악,소금,소금,기타,관악,False,data/extracted/train/source/0900_창작국악_창작국악/0900_창작국악_창작국악_소금.wav,48000,2,4464000,93.0,PCM_24,val
0900_창작국악_창작국악,0900,창작국악,아쟁,아쟁,아쟁,찰현,False,data/extracted/train/source/0900_창작국악_창작국악/0900_창작국악_창작국악_아쟁.wav,48000,2,4464000,93.0,PCM_24,val
0900_창작국악_창작국악,0900,창작국악,아쟁2,아쟁,아쟁,찰현,False,data/extracted/train/source/0900_창작국악_창작국악/0900_창작국악_창작국악_아쟁2.wav,48000,2,4464000,93.0,PCM_24,val
0900_창작국악_창작국악,0900,창작국악,아쟁3,아쟁,아쟁,찰현,False,data/extracted/train/source/0900_창작국악_창작국악/0900_창작국악_창작국악_아쟁3.wav,48000,2,4464000,93.0,PCM_24,val
0900_창작국악_창작국악,0900,창작국악,피리,피리,피리,관악,False,data/extracted/train/source/0900_창작국악_창작국악/0900_창작국악_창작국악_피리.wav,48000,2,4464000,93.0,PCM_24,val
0900_창작국악_창작국악,0900,창작국악,피리2,피리,피리,관악,False,data/extracted/train/source/0900_창작국악_창작국악/0900_창작국악_창작국악_피리2.wav,48000,2,4464000,93.0,PCM_24,val
0900_창작국악_창작국악,0900,창작국악,해금,해금,해금,찰현,False,data/extracted/train/source/0900_창작국악_창작국악/0900_창작국악_창작국악_해금.wav,48000,2,4464000,93.0,PCM_24,val
0900_창작국악_창작국악,0900,창작국악,해금2,해금,해금,찰현,False,data/extracted/train/source/0900_창작국악_창작국악/0900_창작국악_창작국악_해금2.wav,48000,2,4464000,93.0,PCM_24,val
0901_창작국악_창작국악,0901,창작국악,가야금,가야금,가야금,발현,False,data/extracted/train/source/0901_창작국악_창작국악/0901_창작국악_창작국악_가야금.wav,48000,2,15140568,315.428,PCM_24,train
0901_창작국악_창작국악,0901,창작국악,거문고2,거문고,거문고,발현,False,data/extracted/train/source/0901_창작국악_창작국악/0901_창작국악_창작국악_거문고2.wav,48000,2,15140568,315.428,PCM_24,train
0901_창작국악_창작국악,0901,창작국악,대고,대고,타악기,타악,False,data/extracted/train/source/0901_창작국악_창작국악/0901_창작국악_창작국악_대고.wav,48000,2,15140568,315.428,PCM_24,train
0901_창작국악_창작국악,0901,창작국악,대금,대금,대금,관악,False,data/extracted/train/source/0901_창작국악_창작국악/0901_창작국악_창작국악_대금.wav,48000,2,15140568,315.428,PCM_24,train
0901_창작국악_창작국악,0901,창작국악,대금2,대금,대금,관악,False,data/extracted/train/source/0901_창작국악_창작국악/0901_창작국악_창작국악_대금2.wav,48000,2,15140568,315.428,PCM_24,train
0901_창작국악_창작국악,0901,창작국악,생황,생황,기타,관악,False,data/extracted/train/source/0901_창작국악_창작국악/0901_창작국악_창작국악_생황.wav,48000,2,15140568,315.428,PCM_24,train
0901_창작국악_창작국악,0901,창작국악,소금,소금,기타,관악,False,data/extracted/train/source/0901_창작국악_창작국악/0901_창작국악_창작국악_소금.wav,48000,2,15140568,315.428,PCM_24,train
0901_창작국악_창작국악,0901,창작국악,아쟁,아쟁,아쟁,찰현,False,data/extracted/train/source/0901_창작국악_창작국악/0901_창작국악_창작국악_아쟁.wav,48000,2,15140568,315.428,PCM_24,train
0901_창작국악_창작국악,0901,창작국악,아쟁2,아쟁,아쟁,찰현,False,data/extracted/train/source/0901_창작국악_창작국악/0901_창작국악_창작국악_아쟁2.wav,48000,2,15140568,315.428,PCM_24,train
0901_창작국악_창작국악,0901,창작국악,피리,피리,피리,관악,False,data/extracted/train/source/0901_창작국악_창작국악/0901_창작국악_창작국악_피리.wav,48000,2,15140568,315.428,PCM_24,train
0901_창작국악_창작국악,0901,창작국악,피리2,피리,피리,관악,False,data/extracted/train/source/0901_창작국악_창작국악/0901_창작국악_창작국악_피리2.wav,48000,2,15140568,315.428,PCM_24,train
0901_창작국악_창작국악,0901,창작국악,해금,해금,해금,찰현,False,data/extracted/train/source/0901_창작국악_창작국악/0901_창작국악_창작국악_해금.wav,48000,2,15140568,315.428,PCM_24,train
0901_창작국악_창작국악,0901,창작국악,해금2,해금,해금,찰현,False,data/extracted/train/source/0901_창작국악_창작국악/0901_창작국악_창작국악_해금2.wav,48000,2,15140568,315.428,PCM_24,train
0902_창작국악_창작국악,0902,창작국악,가야금,가야금,가야금,발현,False,data/extracted/train/source/0902_창작국악_창작국악/0902_창작국악_창작국악_가야금.wav,48000,2,16588800,345.6,PCM_24,train
0902_창작국악_창작국악,0902,창작국악,거문고2,거문고,거문고,발현,False,data/extracted/train/source/0902_창작국악_창작국악/0902_창작국악_창작국악_거문고2.wav,48000,2,16588800,345.6,PCM_24,train
0902_창작국악_창작국악,0902,창작국악,단소,단소,기타,관악,False,data/extracted/train/source/0902_창작국악_창작국악/0902_창작국악_창작국악_단소.wav,48000,2,16588800,345.6,PCM_24,train
0902_창작국악_창작국악,0902,창작국악,아쟁2,아쟁,아쟁,찰현,False,data/extracted/train/source/0902_창작국악_창작국악/0902_창작국악_창작국악_아쟁2.wav,48000,2,16588800,345.6,PCM_24,train
0902_창작국악_창작국악,0902,창작국악,양금,양금,양금,발현,False,data/extracted/train/source/0902_창작국악_창작국악/0902_창작국악_창작국악_양금.wav,48000,2,16588800,345.6,PCM_24,train
0903_창작국악_창작국악,0903,창작국악,가야금,가야금,가야금,발현,False,data/extracted/train/source/0903_창작국악_창작국악/0903_창작국악_창작국악_가야금.wav,48000,2,15206400,316.8,PCM_24,train
0903_창작국악_창작국악,0903,창작국악,거문고2,거문고,거문고,발현,False,data/extracted/train/source/0903_창작국악_창작국악/0903_창작국악_창작국악_거문고2.wav,48000,2,15206400,316.8,PCM_24,train
0903_창작국악_창작국악,0903,창작국악,단소,단소,기타,관악,False,data/extracted/train/source/0903_창작국악_창작국악/0903_창작국악_창작국악_단소.wav,48000,2,15206400,316.8,PCM_24,train
0903_창작국악_창작국악,0903,창작국악,아쟁2,아쟁,아쟁,찰현,False,data/extracted/train/source/0903_창작국악_창작국악/0903_창작국악_창작국악_아쟁2.wav,48000,2,15206400,316.8,PCM_24,train
0903_창작국악_창작국악,0903,창작국악,양금,양금,양금,발현,False,data/extracted/train/source/0903_창작국악_창작국악/0903_창작국악_창작국악_양금.wav,48000,2,15206400,316.8,PCM_24,train
0904_창작국악_창작국악,0904,창작국악,가야금,가야금,가야금,발현,False,data/extracted/val/source/0904_창작국악_창작국악/0904_창작국악_창작국악_가야금.wav,48000,2,14923635,310.909,PCM_24,test
0904_창작국악_창작국악,0904,창작국악,거문고2,거문고,거문고,발현,False,data/extracted/val/source/0904_창작국악_창작국악/0904_창작국악_창작국악_거문고2.wav,48000,2,14923635,310.909,PCM_24,test
0904_창작국악_창작국악,0904,창작국악,단소,단소,기타,관악,False,data/extracted/val/source/0904_창작국악_창작국악/0904_창작국악_창작국악_단소.wav,48000,2,14923635,310.909,PCM_24,test
0904_창작국악_창작국악,0904,창작국악,아쟁2,아쟁,아쟁,찰현,False,data/extracted/val/source/0904_창작국악_창작국악/0904_창작국악_창작국악_아쟁2.wav,48000,2,14923635,310.909,PCM_24,test
0904_창작국악_창작국악,0904,창작국악,양금,양금,양금,발현,False,data/extracted/val/source/0904_창작국악_창작국악/0904_창작국악_창작국악_양금.wav,48000,2,14923635,310.909,PCM_24,test
0905_창작국악_창작국악,0905,창작국악,해금,해금,해금,찰현,False,data/extracted/train/source/0905_창작국악_창작국악/0905_창작국악_창작국악_해금.wav,48000,2,15120000,315.0,PCM_24,test
0906_창작국악_창작국악,0906,창작국악,가야금,가야금,가야금,발현,False,data/extracted/train/source/0906_창작국악_창작국악/0906_창작국악_창작국악_가야금.wav,48000,2,7344000,153.0,PCM_24,train
0906_창작국악_창작국악,0906,창작국악,가야금2,가야금,가야금,발현,False,data/extracted/train/source/0906_창작국악_창작국악/0906_창작국악_창작국악_가야금2.wav,48000,2,7344000,153.0,PCM_24,train
0906_창작국악_창작국악,0906,창작국악,거문고,거문고,거문고,발현,False,data/extracted/train/source/0906_창작국악_창작국악/0906_창작국악_창작국악_거문고.wav,48000,2,7344000,153.0,PCM_24,train
0906_창작국악_창작국악,0906,창작국악,대금,대금,대금,관악,False,data/extracted/train/source/0906_창작국악_창작국악/0906_창작국악_창작국악_대금.wav,48000,2,7344000,153.0,PCM_24,train
0906_창작국악_창작국악,0906,창작국악,대금2,대금,대금,관악,False,data/extracted/train/source/0906_창작국악_창작국악/0906_창작국악_창작국악_대금2.wav,48000,2,7344000,153.0,PCM_24,train
0906_창작국악_창작국악,0906,창작국악,북,북,타악기,타악,False,data/extracted/train/source/0906_창작국악_창작국악/0906_창작국악_창작국악_북.wav,48000,2,7344000,153.0,PCM_24,train
0906_창작국악_창작국악,0906,창작국악,소금,소금,기타,관악,False,data/extracted/train/source/0906_창작국악_창작국악/0906_창작국악_창작국악_소금.wav,48000,2,7344000,153.0,PCM_24,train
0906_창작국악_창작국악,0906,창작국악,아쟁,아쟁,아쟁,찰현,False,data/extracted/train/source/0906_창작국악_창작국악/0906_창작국악_창작국악_아쟁.wav,48000,2,7344000,153.0,PCM_24,train
0906_창작국악_창작국악,0906,창작국악,아쟁2,아쟁,아쟁,찰현,False,data/extracted/train/source/0906_창작국악_창작국악/0906_창작국악_창작국악_아쟁2.wav,48000,2,7344000,153.0,PCM_24,train
0906_창작국악_창작국악,0906,창작국악,양금,양금,양금,발현,False,data/extracted/train/source/0906_창작국악_창작국악/0906_창작국악_창작국악_양금.wav,48000,2,7344000,153.0,PCM_24,train
0906_창작국악_창작국악,0906,창작국악,장구,장구,타악기,타악,False,data/extracted/train/source/0906_창작국악_창작국악/0906_창작국악_창작국악_장구.wav,48000,2,7344000,153.0,PCM_24,train
0906_창작국악_창작국악,0906,창작국악,피리,피리,피리,관악,False,data/extracted/train/source/0906_창작국악_창작국악/0906_창작국악_창작국악_피리.wav,48000,2,7344000,153.0,PCM_24,train
0906_창작국악_창작국악,0906,창작국악,피리2,피리,피리,관악,False,data/extracted/train/source/0906_창작국악_창작국악/0906_창작국악_창작국악_피리2.wav,48000,2,7344000,153.0,PCM_24,train
0906_창작국악_창작국악,0906,창작국악,해금,해금,해금,찰현,False,data/extracted/train/source/0906_창작국악_창작국악/0906_창작국악_창작국악_해금.wav,48000,2,7344000,153.0,PCM_24,train
0906_창작국악_창작국악,0906,창작국악,해금2,해금,해금,찰현,False,data/extracted/train/source/0906_창작국악_창작국악/0906_창작국악_창작국악_해금2.wav,48000,2,7344000,153.0,PCM_24,train
0908_창작국악_창작국악,0908,창작국악,가야금,가야금,가야금,발현,False,data/extracted/train/source/0908_창작국악_창작국악/0908_창작국악_창작국악_가야금.wav,48000,2,7069091,147.273,PCM_24,train
0908_창작국악_창작국악,0908,창작국악,가야금2,가야금,가야금,발현,False,data/extracted/train/source/0908_창작국악_창작국악/0908_창작국악_창작국악_가야금2.wav,48000,2,7069091,147.273,PCM_24,train
0908_창작국악_창작국악,0908,창작국악,거문고,거문고,거문고,발현,False,data/extracted/train/source/0908_창작국악_창작국악/0908_창작국악_창작국악_거문고.wav,48000,2,7069091,147.273,PCM_24,train
0908_창작국악_창작국악,0908,창작국악,대금,대금,대금,관악,False,data/extracted/train/source/0908_창작국악_창작국악/0908_창작국악_창작국악_대금.wav,48000,2,7069091,147.273,PCM_24,train
0908_창작국악_창작국악,0908,창작국악,대금2,대금,대금,관악,False,data/extracted/train/source/0908_창작국악_창작국악/0908_창작국악_창작국악_대금2.wav,48000,2,7069091,147.273,PCM_24,train
0908_창작국악_창작국악,0908,창작국악,북,북,타악기,타악,False,data/extracted/train/source/0908_창작국악_창작국악/0908_창작국악_창작국악_북.wav,48000,2,7069091,147.273,PCM_24,train
0908_창작국악_창작국악,0908,창작국악,소금,소금,기타,관악,False,data/extracted/train/source/0908_창작국악_창작국악/0908_창작국악_창작국악_소금.wav,48000,2,7069091,147.273,PCM_24,train
0908_창작국악_창작국악,0908,창작국악,아쟁,아쟁,아쟁,찰현,False,data/extracted/train/source/0908_창작국악_창작국악/0908_창작국악_창작국악_아쟁.wav,48000,2,7069091,147.273,PCM_24,train
0908_창작국악_창작국악,0908,창작국악,아쟁2,아쟁,아쟁,찰현,False,data/extracted/train/source/0908_창작국악_창작국악/0908_창작국악_창작국악_아쟁2.wav,48000,2,7069091,147.273,PCM_24,train
0908_창작국악_창작국악,0908,창작국악,양금,양금,양금,발현,False,data/extracted/train/source/0908_창작국악_창작국악/0908_창작국악_창작국악_양금.wav,48000,2,7069091,147.273,PCM_24,train
0908_창작국악_창작국악,0908,창작국악,장구,장구,타악기,타악,False,data/extracted/train/source/0908_창작국악_창작국악/0908_창작국악_창작국악_장구.wav,48000,2,7069091,147.273,PCM_24,train
0908_창작국악_창작국악,0908,창작국악,피리,피리,피리,관악,False,data/extracted/train/source/0908_창작국악_창작국악/0908_창작국악_창작국악_피리.wav,48000,2,7069091,147.273,PCM_24,train
0908_창작국악_창작국악,0908,창작국악,피리2,피리,피리,관악,False,data/extracted/train/source/0908_창작국악_창작국악/0908_창작국악_창작국악_피리2.wav,48000,2,7069091,147.273,PCM_24,train
0908_창작국악_창작국악,0908,창작국악,해금,해금,해금,찰현,False,data/extracted/train/source/0908_창작국악_창작국악/0908_창작국악_창작국악_해금.wav,48000,2,7069091,147.273,PCM_24,train
0908_창작국악_창작국악,0908,창작국악,해금2,해금,해금,찰현,False,data/extracted/train/source/0908_창작국악_창작국악/0908_창작국악_창작국악_해금2.wav,48000,2,7069091,147.273,PCM_24,train
0909_창작국악_창작국악,0909,창작국악,가야금,가야금,가야금,발현,False,data/extracted/train/source/0909_창작국악_창작국악/0909_창작국악_창작국악_가야금.wav,48000,2,14364000,299.25,PCM_24,train
0909_창작국악_창작국악,0909,창작국악,가야금2,가야금,가야금,발현,False,data/extracted/train/source/0909_창작국악_창작국악/0909_창작국악_창작국악_가야금2.wav,48000,2,14364000,299.25,PCM_24,train
0909_창작국악_창작국악,0909,창작국악,거문고,거문고,거문고,발현,False,data/extracted/train/source/0909_창작국악_창작국악/0909_창작국악_창작국악_거문고.wav,48000,2,14364000,299.25,PCM_24,train
0909_창작국악_창작국악,0909,창작국악,대금,대금,대금,관악,False,data/extracted/train/source/0909_창작국악_창작국악/0909_창작국악_창작국악_대금.wav,48000,2,14364000,299.25,PCM_24,train
0909_창작국악_창작국악,0909,창작국악,대금2,대금,대금,관악,False,data/extracted/train/source/0909_창작국악_창작국악/0909_창작국악_창작국악_대금2.wav,48000,2,14364000,299.25,PCM_24,train
0909_창작국악_창작국악,0909,창작국악,소금,소금,기타,관악,False,data/extracted/train/source/0909_창작국악_창작국악/0909_창작국악_창작국악_소금.wav,48000,2,14364000,299.25,PCM_24,train
0909_창작국악_창작국악,0909,창작국악,아쟁,아쟁,아쟁,찰현,False,data/extracted/train/source/0909_창작국악_창작국악/0909_창작국악_창작국악_아쟁.wav,48000,2,14364000,299.25,PCM_24,train
0909_창작국악_창작국악,0909,창작국악,아쟁2,아쟁,아쟁,찰현,False,data/extracted/train/source/0909_창작국악_창작국악/0909_창작국악_창작국악_아쟁2.wav,48000,2,14364000,299.25,PCM_24,train
0909_창작국악_창작국악,0909,창작국악,양금,양금,양금,발현,False,data/extracted/train/source/0909_창작국악_창작국악/0909_창작국악_창작국악_양금.wav,48000,2,14364000,299.25,PCM_24,train
0909_창작국악_창작국악,0909,창작국악,피리,피리,피리,관악,False,data/extracted/train/source/0909_창작국악_창작국악/0909_창작국악_창작국악_피리.wav,48000,2,14364000,299.25,PCM_24,train
0909_창작국악_창작국악,0909,창작국악,피리2,피리,피리,관악,False,data/extracted/train/source/0909_창작국악_창작국악/0909_창작국악_창작국악_피리2.wav,48000,2,14364000,299.25,PCM_24,train
0909_창작국악_창작국악,0909,창작국악,해금2,해금,해금,찰현,False,data/extracted/train/source/0909_창작국악_창작국악/0909_창작국악_창작국악_해금2.wav,48000,2,14364000,299.25,PCM_24,train
0910_창작국악_창작국악,0910,창작국악,가야금,가야금,가야금,발현,False,data/extracted/train/source/0910_창작국악_창작국악/0910_창작국악_창작국악_가야금.wav,48000,2,14592000,304.0,PCM_24,train
0910_창작국악_창작국악,0910,창작국악,가야금2,가야금,가야금,발현,False,data/extracted/train/source/0910_창작국악_창작국악/0910_창작국악_창작국악_가야금2.wav,48000,2,14592000,304.0,PCM_24,train
0910_창작국악_창작국악,0910,창작국악,가야금3,가야금,가야금,발현,False,data/extracted/train/source/0910_창작국악_창작국악/0910_창작국악_창작국악_가야금3.wav,48000,2,14592000,304.0,PCM_24,train
0910_창작국악_창작국악,0910,창작국악,대금,대금,대금,관악,False,data/extracted/train/source/0910_창작국악_창작국악/0910_창작국악_창작국악_대금.wav,48000,2,14592000,304.0,PCM_24,train
0910_창작국악_창작국악,0910,창작국악,장구,장구,타악기,타악,False,data/extracted/train/source/0910_창작국악_창작국악/0910_창작국악_창작국악_장구.wav,48000,2,14592000,304.0,PCM_24,train
0911_창작국악_창작국악,0911,창작국악,가야금,가야금,가야금,발현,False,data/extracted/train/source/0911_창작국악_창작국악/0911_창작국악_창작국악_가야금.wav,48000,2,10577455,220.364,PCM_24,train
0911_창작국악_창작국악,0911,창작국악,가야금2,가야금,가야금,발현,False,data/extracted/train/source/0911_창작국악_창작국악/0911_창작국악_창작국악_가야금2.wav,48000,2,10577455,220.364,PCM_24,train
0911_창작국악_창작국악,0911,창작국악,가야금3,가야금,가야금,발현,False,data/extracted/train/source/0911_창작국악_창작국악/0911_창작국악_창작국악_가야금3.wav,48000,2,10577455,220.364,PCM_24,train
0911_창작국악_창작국악,0911,창작국악,대금,대금,대금,관악,False,data/extracted/train/source/0911_창작국악_창작국악/0911_창작국악_창작국악_대금.wav,48000,2,10577455,220.364,PCM_24,train
0911_창작국악_창작국악,0911,창작국악,장구,장구,타악기,타악,False,data/extracted/train/source/0911_창작국악_창작국악/0911_창작국악_창작국악_장구.wav,48000,2,10577455,220.364,PCM_24,train
0912_창작국악_창작국악,0912,창작국악,가야금,가야금,가야금,발현,False,data/extracted/val/source/0912_창작국악_창작국악/0912_창작국악_창작국악_가야금.wav,48000,2,5961600,124.2,PCM_24,train
0912_창작국악_창작국악,0912,창작국악,대금,대금,대금,관악,False,data/extracted/val/source/0912_창작국악_창작국악/0912_창작국악_창작국악_대금.wav,48000,2,5961600,124.2,PCM_24,train
0912_창작국악_창작국악,0912,창작국악,양금,양금,양금,발현,False,data/extracted/val/source/0912_창작국악_창작국악/0912_창작국악_창작국악_양금.wav,48000,2,5961600,124.2,PCM_24,train
0912_창작국악_창작국악,0912,창작국악,장구,장구,타악기,타악,False,data/extracted/val/source/0912_창작국악_창작국악/0912_창작국악_창작국악_장구.wav,48000,2,5961600,124.2,PCM_24,train
0913_창작국악_창작국악,0913,창작국악,가야금,가야금,가야금,발현,False,data/extracted/val/source/0913_창작국악_창작국악/0913_창작국악_창작국악_가야금.wav,48000,2,4416000,92.0,PCM_24,train
0913_창작국악_창작국악,0913,창작국악,거문고,거문고,거문고,발현,False,data/extracted/val/source/0913_창작국악_창작국악/0913_창작국악_창작국악_거문고.wav,48000,2,4416000,92.0,PCM_24,train
0913_창작국악_창작국악,0913,창작국악,꽹과리,꽹과리,타악기,타악,False,data/extracted/val/source/0913_창작국악_창작국악/0913_창작국악_창작국악_꽹과리.wav,48000,2,4416000,92.0,PCM_24,train
0913_창작국악_창작국악,0913,창작국악,단소,단소,기타,관악,False,data/extracted/val/source/0913_창작국악_창작국악/0913_창작국악_창작국악_단소.wav,48000,2,4416000,92.0,PCM_24,train
0913_창작국악_창작국악,0913,창작국악,대금,대금,대금,관악,False,data/extracted/val/source/0913_창작국악_창작국악/0913_창작국악_창작국악_대금.wav,48000,2,4416000,92.0,PCM_24,train
0913_창작국악_창작국악,0913,창작국악,북,북,타악기,타악,False,data/extracted/val/source/0913_창작국악_창작국악/0913_창작국악_창작국악_북.wav,48000,2,4416000,92.0,PCM_24,train
0913_창작국악_창작국악,0913,창작국악,북2,북,타악기,타악,False,data/extracted/val/source/0913_창작국악_창작국악/0913_창작국악_창작국악_북2.wav,48000,2,4416000,92.0,PCM_24,train
0913_창작국악_창작국악,0913,창작국악,아쟁,아쟁,아쟁,찰현,False,data/extracted/val/source/0913_창작국악_창작국악/0913_창작국악_창작국악_아쟁.wav,48000,2,4416000,92.0,PCM_24,train
0913_창작국악_창작국악,0913,창작국악,아쟁2,아쟁,아쟁,찰현,False,data/extracted/val/source/0913_창작국악_창작국악/0913_창작국악_창작국악_아쟁2.wav,48000,2,4416000,92.0,PCM_24,train
0913_창작국악_창작국악,0913,창작국악,장구,장구,타악기,타악,False,data/extracted/val/source/0913_창작국악_창작국악/0913_창작국악_창작국악_장구.wav,48000,2,4416000,92.0,PCM_24,train
0913_창작국악_창작국악,0913,창작국악,피리,피리,피리,관악,False,data/extracted/val/source/0913_창작국악_창작국악/0913_창작국악_창작국악_피리.wav,48000,2,4416000,92.0,PCM_24,train
0913_창작국악_창작국악,0913,창작국악,피리2,피리,피리,관악,False,data/extracted/val/source/0913_창작국악_창작국악/0913_창작국악_창작국악_피리2.wav,48000,2,4416000,92.0,PCM_24,train
0915_창작국악_창작국악,0915,창작국악,가야금,가야금,가야금,발현,False,data/extracted/train/source/0915_창작국악_창작국악/0915_창작국악_창작국악_가야금.wav,48000,2,14208000,296.0,PCM_24,test
0915_창작국악_창작국악,0915,창작국악,거문고,거문고,거문고,발현,False,data/extracted/train/source/0915_창작국악_창작국악/0915_창작국악_창작국악_거문고.wav,48000,2,14208000,296.0,PCM_24,test
0915_창작국악_창작국악,0915,창작국악,단소,단소,기타,관악,False,data/extracted/train/source/0915_창작국악_창작국악/0915_창작국악_창작국악_단소.wav,48000,2,14208000,296.0,PCM_24,test
0915_창작국악_창작국악,0915,창작국악,대금,대금,대금,관악,False,data/extracted/train/source/0915_창작국악_창작국악/0915_창작국악_창작국악_대금.wav,48000,2,14208000,296.0,PCM_24,test
0915_창작국악_창작국악,0915,창작국악,대금2,대금,대금,관악,False,data/extracted/train/source/0915_창작국악_창작국악/0915_창작국악_창작국악_대금2.wav,48000,2,14208000,296.0,PCM_24,test
0915_창작국악_창작국악,0915,창작국악,북,북,타악기,타악,False,data/extracted/train/source/0915_창작국악_창작국악/0915_창작국악_창작국악_북.wav,48000,2,14208000,296.0,PCM_24,test
0915_창작국악_창작국악,0915,창작국악,북2,북,타악기,타악,False,data/extracted/train/source/0915_창작국악_창작국악/0915_창작국악_창작국악_북2.wav,48000,2,14208000,296.0,PCM_24,test
0915_창작국악_창작국악,0915,창작국악,아쟁,아쟁,아쟁,찰현,False,data/extracted/train/source/0915_창작국악_창작국악/0915_창작국악_창작국악_아쟁.wav,48000,2,14208000,296.0,PCM_24,test
0915_창작국악_창작국악,0915,창작국악,아쟁2,아쟁,아쟁,찰현,False,data/extracted/train/source/0915_창작국악_창작국악/0915_창작국악_창작국악_아쟁2.wav,48000,2,14208000,296.0,PCM_24,test
0915_창작국악_창작국악,0915,창작국악,장구,장구,타악기,타악,False,data/extracted/train/source/0915_창작국악_창작국악/0915_창작국악_창작국악_장구.wav,48000,2,14208000,296.0,PCM_24,test
0915_창작국악_창작국악,0915,창작국악,피리,피리,피리,관악,False,data/extracted/train/source/0915_창작국악_창작국악/0915_창작국악_창작국악_피리.wav,48000,2,14208000,296.0,PCM_24,test
0915_창작국악_창작국악,0915,창작국악,피리2,피리,피리,관악,False,data/extracted/train/source/0915_창작국악_창작국악/0915_창작국악_창작국악_피리2.wav,48000,2,14208000,296.0,PCM_24,test
0915_창작국악_창작국악,0915,창작국악,해금2,해금,해금,찰현,False,data/extracted/train/source/0915_창작국악_창작국악/0915_창작국악_창작국악_해금2.wav,48000,2,14208000,296.0,PCM_24,test
0916_창작국악_창작국악,0916,창작국악,북,북,타악기,타악,False,data/extracted/train/source/0916_창작국악_창작국악/0916_창작국악_창작국악_북.wav,48000,2,11904000,248.0,PCM_24,train
0916_창작국악_창작국악,0916,창작국악,태평소,태평소,기타,관악,False,data/extracted/train/source/0916_창작국악_창작국악/0916_창작국악_창작국악_태평소.wav,48000,2,11904000,248.0,PCM_24,train
0916_창작국악_창작국악,0916,창작국악,피리,피리,피리,관악,False,data/extracted/train/source/0916_창작국악_창작국악/0916_창작국악_창작국악_피리.wav,48000,2,11904000,248.0,PCM_24,train
0916_창작국악_창작국악,0916,창작국악,피리2,피리,피리,관악,False,data/extracted/train/source/0916_창작국악_창작국악/0916_창작국악_창작국악_피리2.wav,48000,2,11904000,248.0,PCM_24,train
0917_창작국악_창작국악,0917,창작국악,북,북,타악기,타악,False,data/extracted/train/source/0917_창작국악_창작국악/0917_창작국악_창작국악_북.wav,48000,2,4555636,94.909,PCM_24,train
0917_창작국악_창작국악,0917,창작국악,태평소,태평소,기타,관악,False,data/extracted/train/source/0917_창작국악_창작국악/0917_창작국악_창작국악_태평소.wav,48000,2,4555636,94.909,PCM_24,train
0917_창작국악_창작국악,0917,창작국악,피리1,피리,피리,관악,False,data/extracted/train/source/0917_창작국악_창작국악/0917_창작국악_창작국악_피리1.wav,48000,2,4555636,94.909,PCM_24,train
0918_창작국악_창작국악,0918,창작국악,북,북,타악기,타악,False,data/extracted/train/source/0918_창작국악_창작국악/0918_창작국악_창작국악_북.wav,48000,2,6191110,128.981,PCM_24,val
0918_창작국악_창작국악,0918,창작국악,피리1,피리,피리,관악,False,data/extracted/train/source/0918_창작국악_창작국악/0918_창작국악_창작국악_피리1.wav,48000,2,6191110,128.981,PCM_24,val
0918_창작국악_창작국악,0918,창작국악,피리2,피리,피리,관악,False,data/extracted/train/source/0918_창작국악_창작국악/0918_창작국악_창작국악_피리2.wav,48000,2,6191110,128.981,PCM_24,val
0919_창작국악_창작국악,0919,창작국악,북,북,타악기,타악,False,data/extracted/train/source/0919_창작국악_창작국악/0919_창작국악_창작국악_북.wav,48000,2,7030286,146.464,PCM_24,train
0919_창작국악_창작국악,0919,창작국악,태평소,태평소,기타,관악,False,data/extracted/train/source/0919_창작국악_창작국악/0919_창작국악_창작국악_태평소.wav,48000,2,7030286,146.464,PCM_24,train
0919_창작국악_창작국악,0919,창작국악,피리,피리,피리,관악,False,data/extracted/train/source/0919_창작국악_창작국악/0919_창작국악_창작국악_피리.wav,48000,2,7030286,146.464,PCM_24,train
0920_창작국악_창작국악,0920,창작국악,북,북,타악기,타악,False,data/extracted/train/source/0920_창작국악_창작국악/0920_창작국악_창작국악_북.wav,48000,2,11129940,231.874,PCM_24,train
0920_창작국악_창작국악,0920,창작국악,태평소,태평소,기타,관악,False,data/extracted/train/source/0920_창작국악_창작국악/0920_창작국악_창작국악_태평소.wav,48000,2,11129940,231.874,PCM_24,train
0920_창작국악_창작국악,0920,창작국악,피리,피리,피리,관악,False,data/extracted/train/source/0920_창작국악_창작국악/0920_창작국악_창작국악_피리.wav,48000,2,11129940,231.874,PCM_24,train
0920_창작국악_창작국악,0920,창작국악,피리2,피리,피리,관악,False,data/extracted/train/source/0920_창작국악_창작국악/0920_창작국악_창작국악_피리2.wav,48000,2,11129940,231.874,PCM_24,train
0921_창작국악_창작국악,0921,창작국악,가야금,가야금,가야금,발현,False,data/extracted/train/source/0921_창작국악_창작국악/0921_창작국악_창작국악_가야금.wav,48000,2,6912000,144.0,PCM_24,test
0921_창작국악_창작국악,0921,창작국악,거문고,거문고,거문고,발현,False,data/extracted/train/source/0921_창작국악_창작국악/0921_창작국악_창작국악_거문고.wav,48000,2,6912000,144.0,PCM_24,test
0921_창작국악_창작국악,0921,창작국악,대금,대금,대금,관악,False,data/extracted/train/source/0921_창작국악_창작국악/0921_창작국악_창작국악_대금.wav,48000,2,6912000,144.0,PCM_24,test
0921_창작국악_창작국악,0921,창작국악,소금,소금,기타,관악,False,data/extracted/train/source/0921_창작국악_창작국악/0921_창작국악_창작국악_소금.wav,48000,2,6912000,144.0,PCM_24,test
0921_창작국악_창작국악,0921,창작국악,아쟁2,아쟁,아쟁,찰현,False,data/extracted/train/source/0921_창작국악_창작국악/0921_창작국악_창작국악_아쟁2.wav,48000,2,6912000,144.0,PCM_24,test
0921_창작국악_창작국악,0921,창작국악,장구,장구,타악기,타악,False,data/extracted/train/source/0921_창작국악_창작국악/0921_창작국악_창작국악_장구.wav,48000,2,6912000,144.0,PCM_24,test
0921_창작국악_창작국악,0921,창작국악,피리,피리,피리,관악,False,data/extracted/train/source/0921_창작국악_창작국악/0921_창작국악_창작국악_피리.wav,48000,2,6912000,144.0,PCM_24,test
0921_창작국악_창작국악,0921,창작국악,해금2,해금,해금,찰현,False,data/extracted/train/source/0921_창작국악_창작국악/0921_창작국악_창작국악_해금2.wav,48000,2,6912000,144.0,PCM_24,test
0922_창작국악_창작국악,0922,창작국악,대금,대금,대금,관악,False,data/extracted/train/source/0922_창작국악_창작국악/0922_창작국악_창작국악_대금.wav,48000,2,17280000,360.0,PCM_24,train
0922_창작국악_창작국악,0922,창작국악,아쟁,아쟁,아쟁,찰현,False,data/extracted/train/source/0922_창작국악_창작국악/0922_창작국악_창작국악_아쟁.wav,48000,2,17280000,360.0,PCM_24,train
0922_창작국악_창작국악,0922,창작국악,장구,장구,타악기,타악,False,data/extracted/train/source/0922_창작국악_창작국악/0922_창작국악_창작국악_장구.wav,48000,2,17280000,360.0,PCM_24,train
0922_창작국악_창작국악,0922,창작국악,피리,피리,피리,관악,False,data/extracted/train/source/0922_창작국악_창작국악/0922_창작국악_창작국악_피리.wav,48000,2,17280000,360.0,PCM_24,train
0922_창작국악_창작국악,0922,창작국악,해금2,해금,해금,찰현,False,data/extracted/train/source/0922_창작국악_창작국악/0922_창작국악_창작국악_해금2.wav,48000,2,17280000,360.0,PCM_24,train
0923_창작국악_창작국악,0923,창작국악,가야금,가야금,가야금,발현,False,data/extracted/train/source/0923_창작국악_창작국악/0923_창작국악_창작국악_가야금.wav,48000,2,14688000,306.0,PCM_24,train
0923_창작국악_창작국악,0923,창작국악,거문고,거문고,거문고,발현,False,data/extracted/train/source/0923_창작국악_창작국악/0923_창작국악_창작국악_거문고.wav,48000,2,14688000,306.0,PCM_24,train
0923_창작국악_창작국악,0923,창작국악,대금,대금,대금,관악,False,data/extracted/train/source/0923_창작국악_창작국악/0923_창작국악_창작국악_대금.wav,48000,2,14688000,306.0,PCM_24,train
0923_창작국악_창작국악,0923,창작국악,아쟁,아쟁,아쟁,찰현,False,data/extracted/train/source/0923_창작국악_창작국악/0923_창작국악_창작국악_아쟁.wav,48000,2,14688000,306.0,PCM_24,train
0923_창작국악_창작국악,0923,창작국악,장구,장구,타악기,타악,False,data/extracted/train/source/0923_창작국악_창작국악/0923_창작국악_창작국악_장구.wav,48000,2,14688000,306.0,PCM_24,train
0923_창작국악_창작국악,0923,창작국악,피리,피리,피리,관악,False,data/extracted/train/source/0923_창작국악_창작국악/0923_창작국악_창작국악_피리.wav,48000,2,14688000,306.0,PCM_24,train
0923_창작국악_창작국악,0923,창작국악,해금2,해금,해금,찰현,False,data/extracted/train/source/0923_창작국악_창작국악/0923_창작국악_창작국악_해금2.wav,48000,2,14688000,306.0,PCM_24,train
0924_창작국악_창작국악,0924,창작국악,가야금,가야금,가야금,발현,False,data/extracted/train/source/0924_창작국악_창작국악/0924_창작국악_창작국악_가야금.wav,48000,2,17280000,360.0,PCM_24,test
0924_창작국악_창작국악,0924,창작국악,거문고,거문고,거문고,발현,False,data/extracted/train/source/0924_창작국악_창작국악/0924_창작국악_창작국악_거문고.wav,48000,2,17280000,360.0,PCM_24,test
0924_창작국악_창작국악,0924,창작국악,대금,대금,대금,관악,False,data/extracted/train/source/0924_창작국악_창작국악/0924_창작국악_창작국악_대금.wav,48000,2,17280000,360.0,PCM_24,test
0924_창작국악_창작국악,0924,창작국악,아쟁,아쟁,아쟁,찰현,False,data/extracted/train/source/0924_창작국악_창작국악/0924_창작국악_창작국악_아쟁.wav,48000,2,17280000,360.0,PCM_24,test
0924_창작국악_창작국악,0924,창작국악,장구,장구,타악기,타악,False,data/extracted/train/source/0924_창작국악_창작국악/0924_창작국악_창작국악_장구.wav,48000,2,17280000,360.0,PCM_24,test
0924_창작국악_창작국악,0924,창작국악,피리,피리,피리,관악,False,data/extracted/train/source/0924_창작국악_창작국악/0924_창작국악_창작국악_피리.wav,48000,2,17280000,360.0,PCM_24,test
0924_창작국악_창작국악,0924,창작국악,해금2,해금,해금,찰현,False,data/extracted/train/source/0924_창작국악_창작국악/0924_창작국악_창작국악_해금2.wav,48000,2,17280000,360.0,PCM_24,test
0925_창작국악_창작국악,0925,창작국악,대금,대금,대금,관악,False,data/extracted/train/source/0925_창작국악_창작국악/0925_창작국악_창작국악_대금.wav,48000,2,14028000,292.25,PCM_24,test
0925_창작국악_창작국악,0925,창작국악,아쟁,아쟁,아쟁,찰현,False,data/extracted/train/source/0925_창작국악_창작국악/0925_창작국악_창작국악_아쟁.wav,48000,2,14028000,292.25,PCM_24,test
0925_창작국악_창작국악,0925,창작국악,장구,장구,타악기,타악,False,data/extracted/train/source/0925_창작국악_창작국악/0925_창작국악_창작국악_장구.wav,48000,2,14028000,292.25,PCM_24,test
0925_창작국악_창작국악,0925,창작국악,피리,피리,피리,관악,False,data/extracted/train/source/0925_창작국악_창작국악/0925_창작국악_창작국악_피리.wav,48000,2,14028000,292.25,PCM_24,test
0925_창작국악_창작국악,0925,창작국악,해금2,해금,해금,찰현,False,data/extracted/train/source/0925_창작국악_창작국악/0925_창작국악_창작국악_해금2.wav,48000,2,14028000,292.25,PCM_24,test
0926_창작국악_창작국악,0926,창작국악,가야금,가야금,가야금,발현,False,data/extracted/train/source/0926_창작국악_창작국악/0926_창작국악_창작국악_가야금.wav,48000,2,14976000,312.0,PCM_24,train
0926_창작국악_창작국악,0926,창작국악,거문고,거문고,거문고,발현,False,data/extracted/train/source/0926_창작국악_창작국악/0926_창작국악_창작국악_거문고.wav,48000,2,14976000,312.0,PCM_24,train
0926_창작국악_창작국악,0926,창작국악,대금,대금,대금,관악,False,data/extracted/train/source/0926_창작국악_창작국악/0926_창작국악_창작국악_대금.wav,48000,2,14976000,312.0,PCM_24,train
0926_창작국악_창작국악,0926,창작국악,북,북,타악기,타악,False,data/extracted/train/source/0926_창작국악_창작국악/0926_창작국악_창작국악_북.wav,48000,2,14976000,312.0,PCM_24,train
0926_창작국악_창작국악,0926,창작국악,소금,소금,기타,관악,False,data/extracted/train/source/0926_창작국악_창작국악/0926_창작국악_창작국악_소금.wav,48000,2,14976000,312.0,PCM_24,train
0926_창작국악_창작국악,0926,창작국악,아쟁,아쟁,아쟁,찰현,False,data/extracted/train/source/0926_창작국악_창작국악/0926_창작국악_창작국악_아쟁.wav,48000,2,14976000,312.0,PCM_24,train
0926_창작국악_창작국악,0926,창작국악,장구,장구,타악기,타악,False,data/extracted/train/source/0926_창작국악_창작국악/0926_창작국악_창작국악_장구.wav,48000,2,14976000,312.0,PCM_24,train
0926_창작국악_창작국악,0926,창작국악,피리,피리,피리,관악,False,data/extracted/train/source/0926_창작국악_창작국악/0926_창작국악_창작국악_피리.wav,48000,2,14976000,312.0,PCM_24,train
0926_창작국악_창작국악,0926,창작국악,해금2,해금,해금,찰현,False,data/extracted/train/source/0926_창작국악_창작국악/0926_창작국악_창작국악_해금2.wav,48000,2,14976000,312.0,PCM_24,train
0927_창작국악_창작국악,0927,창작국악,가야금,가야금,가야금,발현,False,data/extracted/train/source/0927_창작국악_창작국악/0927_창작국악_창작국악_가야금.wav,48000,2,15737143,327.857,PCM_24,train
0927_창작국악_창작국악,0927,창작국악,거문고,거문고,거문고,발현,False,data/extracted/train/source/0927_창작국악_창작국악/0927_창작국악_창작국악_거문고.wav,48000,2,15737143,327.857,PCM_24,train
0927_창작국악_창작국악,0927,창작국악,대금,대금,대금,관악,False,data/extracted/train/source/0927_창작국악_창작국악/0927_창작국악_창작국악_대금.wav,48000,2,15737143,327.857,PCM_24,train
0927_창작국악_창작국악,0927,창작국악,북,북,타악기,타악,False,data/extracted/train/source/0927_창작국악_창작국악/0927_창작국악_창작국악_북.wav,48000,2,15737143,327.857,PCM_24,train
0927_창작국악_창작국악,0927,창작국악,소금,소금,기타,관악,False,data/extracted/train/source/0927_창작국악_창작국악/0927_창작국악_창작국악_소금.wav,48000,2,15737143,327.857,PCM_24,train
0927_창작국악_창작국악,0927,창작국악,아쟁,아쟁,아쟁,찰현,False,data/extracted/train/source/0927_창작국악_창작국악/0927_창작국악_창작국악_아쟁.wav,48000,2,15737143,327.857,PCM_24,train
0927_창작국악_창작국악,0927,창작국악,장구,장구,타악기,타악,False,data/extracted/train/source/0927_창작국악_창작국악/0927_창작국악_창작국악_장구.wav,48000,2,15737143,327.857,PCM_24,train
0927_창작국악_창작국악,0927,창작국악,피리,피리,피리,관악,False,data/extracted/train/source/0927_창작국악_창작국악/0927_창작국악_창작국악_피리.wav,48000,2,15737143,327.857,PCM_24,train
0927_창작국악_창작국악,0927,창작국악,해금,해금,해금,찰현,False,data/extracted/train/source/0927_창작국악_창작국악/0927_창작국악_창작국악_해금.wav,48000,2,15737143,327.857,PCM_24,train
0927_창작국악_창작국악,0927,창작국악,해금2,해금,해금,찰현,False,data/extracted/train/source/0927_창작국악_창작국악/0927_창작국악_창작국악_해금2.wav,48000,2,15737143,327.857,PCM_24,train
0928_창작국악_창작국악,0928,창작국악,가야금,가야금,가야금,발현,False,data/extracted/train/source/0928_창작국악_창작국악/0928_창작국악_창작국악_가야금.wav,48000,2,16308000,339.75,PCM_24,train
0928_창작국악_창작국악,0928,창작국악,거문고,거문고,거문고,발현,False,data/extracted/train/source/0928_창작국악_창작국악/0928_창작국악_창작국악_거문고.wav,48000,2,16308000,339.75,PCM_24,train
0928_창작국악_창작국악,0928,창작국악,대금,대금,대금,관악,False,data/extracted/train/source/0928_창작국악_창작국악/0928_창작국악_창작국악_대금.wav,48000,2,16308000,339.75,PCM_24,train
0928_창작국악_창작국악,0928,창작국악,대금2,대금,대금,관악,False,data/extracted/train/source/0928_창작국악_창작국악/0928_창작국악_창작국악_대금2.wav,48000,2,16308000,339.75,PCM_24,train
0928_창작국악_창작국악,0928,창작국악,북,북,타악기,타악,False,data/extracted/train/source/0928_창작국악_창작국악/0928_창작국악_창작국악_북.wav,48000,2,16308000,339.75,PCM_24,train
0928_창작국악_창작국악,0928,창작국악,소금,소금,기타,관악,False,data/extracted/train/source/0928_창작국악_창작국악/0928_창작국악_창작국악_소금.wav,48000,2,16308000,339.75,PCM_24,train
0928_창작국악_창작국악,0928,창작국악,아쟁,아쟁,아쟁,찰현,False,data/extracted/train/source/0928_창작국악_창작국악/0928_창작국악_창작국악_아쟁.wav,48000,2,16308000,339.75,PCM_24,train
0928_창작국악_창작국악,0928,창작국악,장구,장구,타악기,타악,False,data/extracted/train/source/0928_창작국악_창작국악/0928_창작국악_창작국악_장구.wav,48000,2,16308000,339.75,PCM_24,train
0928_창작국악_창작국악,0928,창작국악,피리,피리,피리,관악,False,data/extracted/train/source/0928_창작국악_창작국악/0928_창작국악_창작국악_피리.wav,48000,2,16308000,339.75,PCM_24,train
0928_창작국악_창작국악,0928,창작국악,피리2,피리,피리,관악,False,data/extracted/train/source/0928_창작국악_창작국악/0928_창작국악_창작국악_피리2.wav,48000,2,16308000,339.75,PCM_24,train
0928_창작국악_창작국악,0928,창작국악,해금,해금,해금,찰현,False,data/extracted/train/source/0928_창작국악_창작국악/0928_창작국악_창작국악_해금.wav,48000,2,16308000,339.75,PCM_24,train
0928_창작국악_창작국악,0928,창작국악,해금2,해금,해금,찰현,False,data/extracted/train/source/0928_창작국악_창작국악/0928_창작국악_창작국악_해금2.wav,48000,2,16308000,339.75,PCM_24,train
0929_창작국악_창작국악,0929,창작국악,가야금,가야금,가야금,발현,False,data/extracted/train/source/0929_창작국악_창작국악/0929_창작국악_창작국악_가야금.wav,48000,2,14112000,294.0,PCM_24,train
0929_창작국악_창작국악,0929,창작국악,거문고,거문고,거문고,발현,False,data/extracted/train/source/0929_창작국악_창작국악/0929_창작국악_창작국악_거문고.wav,48000,2,14112000,294.0,PCM_24,train
0929_창작국악_창작국악,0929,창작국악,대금,대금,대금,관악,False,data/extracted/train/source/0929_창작국악_창작국악/0929_창작국악_창작국악_대금.wav,48000,2,14112000,294.0,PCM_24,train
0929_창작국악_창작국악,0929,창작국악,대금2,대금,대금,관악,False,data/extracted/train/source/0929_창작국악_창작국악/0929_창작국악_창작국악_대금2.wav,48000,2,14112000,294.0,PCM_24,train
0929_창작국악_창작국악,0929,창작국악,북,북,타악기,타악,False,data/extracted/train/source/0929_창작국악_창작국악/0929_창작국악_창작국악_북.wav,48000,2,14112000,294.0,PCM_24,train
0929_창작국악_창작국악,0929,창작국악,아쟁,아쟁,아쟁,찰현,False,data/extracted/train/source/0929_창작국악_창작국악/0929_창작국악_창작국악_아쟁.wav,48000,2,14112000,294.0,PCM_24,train
0929_창작국악_창작국악,0929,창작국악,아쟁2,아쟁,아쟁,찰현,False,data/extracted/train/source/0929_창작국악_창작국악/0929_창작국악_창작국악_아쟁2.wav,48000,2,14112000,294.0,PCM_24,train
0929_창작국악_창작국악,0929,창작국악,장구,장구,타악기,타악,False,data/extracted/train/source/0929_창작국악_창작국악/0929_창작국악_창작국악_장구.wav,48000,2,14112000,294.0,PCM_24,train
0929_창작국악_창작국악,0929,창작국악,피리,피리,피리,관악,False,data/extracted/train/source/0929_창작국악_창작국악/0929_창작국악_창작국악_피리.wav,48000,2,14112000,294.0,PCM_24,train
0929_창작국악_창작국악,0929,창작국악,해금,해금,해금,찰현,False,data/extracted/train/source/0929_창작국악_창작국악/0929_창작국악_창작국악_해금.wav,48000,2,14112000,294.0,PCM_24,train
0930_창작국악_창작국악,0930,창작국악,가야금,가야금,가야금,발현,False,data/extracted/val/source/0930_창작국악_창작국악/0930_창작국악_창작국악_가야금.wav,48000,2,14112000,294.0,PCM_24,train
0930_창작국악_창작국악,0930,창작국악,거문고,거문고,거문고,발현,False,data/extracted/val/source/0930_창작국악_창작국악/0930_창작국악_창작국악_거문고.wav,48000,2,14112000,294.0,PCM_24,train
0930_창작국악_창작국악,0930,창작국악,대금,대금,대금,관악,False,data/extracted/val/source/0930_창작국악_창작국악/0930_창작국악_창작국악_대금.wav,48000,2,14112000,294.0,PCM_24,train
0930_창작국악_창작국악,0930,창작국악,북,북,타악기,타악,False,data/extracted/val/source/0930_창작국악_창작국악/0930_창작국악_창작국악_북.wav,48000,2,14112000,294.0,PCM_24,train
0930_창작국악_창작국악,0930,창작국악,아쟁,아쟁,아쟁,찰현,False,data/extracted/val/source/0930_창작국악_창작국악/0930_창작국악_창작국악_아쟁.wav,48000,2,14112000,294.0,PCM_24,train
0930_창작국악_창작국악,0930,창작국악,아쟁2,아쟁,아쟁,찰현,False,data/extracted/val/source/0930_창작국악_창작국악/0930_창작국악_창작국악_아쟁2.wav,48000,2,14112000,294.0,PCM_24,train
0930_창작국악_창작국악,0930,창작국악,장구,장구,타악기,타악,False,data/extracted/val/source/0930_창작국악_창작국악/0930_창작국악_창작국악_장구.wav,48000,2,14112000,294.0,PCM_24,train
0930_창작국악_창작국악,0930,창작국악,피리,피리,피리,관악,False,data/extracted/val/source/0930_창작국악_창작국악/0930_창작국악_창작국악_피리.wav,48000,2,14112000,294.0,PCM_24,train
0930_창작국악_창작국악,0930,창작국악,해금,해금,해금,찰현,False,data/extracted/val/source/0930_창작국악_창작국악/0930_창작국악_창작국악_해금.wav,48000,2,14112000,294.0,PCM_24,train
0931_창작국악_창작국악,0931,창작국악,가야금,가야금,가야금,발현,False,data/extracted/train/source/0931_창작국악_창작국악/0931_창작국악_창작국악_가야금.wav,48000,2,14169600,295.2,PCM_24,val
0931_창작국악_창작국악,0931,창작국악,거문고,거문고,거문고,발현,False,data/extracted/train/source/0931_창작국악_창작국악/0931_창작국악_창작국악_거문고.wav,48000,2,14169600,295.2,PCM_24,val
0931_창작국악_창작국악,0931,창작국악,대금,대금,대금,관악,False,data/extracted/train/source/0931_창작국악_창작국악/0931_창작국악_창작국악_대금.wav,48000,2,14169600,295.2,PCM_24,val
0931_창작국악_창작국악,0931,창작국악,대금2,대금,대금,관악,False,data/extracted/train/source/0931_창작국악_창작국악/0931_창작국악_창작국악_대금2.wav,48000,2,14169600,295.2,PCM_24,val
0931_창작국악_창작국악,0931,창작국악,해금,해금,해금,찰현,False,data/extracted/train/source/0931_창작국악_창작국악/0931_창작국악_창작국악_해금.wav,48000,2,14169600,295.2,PCM_24,val
0932_창작국악_창작국악,0932,창작국악,가야금,가야금,가야금,발현,False,data/extracted/train/source/0932_창작국악_창작국악/0932_창작국악_창작국악_가야금.wav,48000,2,2764800,57.6,PCM_24,train
0932_창작국악_창작국악,0932,창작국악,거문고,거문고,거문고,발현,False,data/extracted/train/source/0932_창작국악_창작국악/0932_창작국악_창작국악_거문고.wav,48000,2,2764800,57.6,PCM_24,train
0932_창작국악_창작국악,0932,창작국악,대금,대금,대금,관악,False,data/extracted/train/source/0932_창작국악_창작국악/0932_창작국악_창작국악_대금.wav,48000,2,2764800,57.6,PCM_24,train
0932_창작국악_창작국악,0932,창작국악,대금2,대금,대금,관악,False,data/extracted/train/source/0932_창작국악_창작국악/0932_창작국악_창작국악_대금2.wav,48000,2,2764800,57.6,PCM_24,train
0932_창작국악_창작국악,0932,창작국악,북,북,타악기,타악,False,data/extracted/train/source/0932_창작국악_창작국악/0932_창작국악_창작국악_북.wav,48000,2,2764800,57.6,PCM_24,train
0932_창작국악_창작국악,0932,창작국악,소금,소금,기타,관악,False,data/extracted/train/source/0932_창작국악_창작국악/0932_창작국악_창작국악_소금.wav,48000,2,2764800,57.6,PCM_24,train
0932_창작국악_창작국악,0932,창작국악,아쟁,아쟁,아쟁,찰현,False,data/extracted/train/source/0932_창작국악_창작국악/0932_창작국악_창작국악_아쟁.wav,48000,2,2764800,57.6,PCM_24,train
0932_창작국악_창작국악,0932,창작국악,아쟁2,아쟁,아쟁,찰현,False,data/extracted/train/source/0932_창작국악_창작국악/0932_창작국악_창작국악_아쟁2.wav,48000,2,2764800,57.6,PCM_24,train
0932_창작국악_창작국악,0932,창작국악,장구,장구,타악기,타악,False,data/extracted/train/source/0932_창작국악_창작국악/0932_창작국악_창작국악_장구.wav,48000,2,2764800,57.6,PCM_24,train
0932_창작국악_창작국악,0932,창작국악,피리,피리,피리,관악,False,data/extracted/train/source/0932_창작국악_창작국악/0932_창작국악_창작국악_피리.wav,48000,2,2764800,57.6,PCM_24,train
0932_창작국악_창작국악,0932,창작국악,해금,해금,해금,찰현,False,data/extracted/train/source/0932_창작국악_창작국악/0932_창작국악_창작국악_해금.wav,48000,2,2764800,57.6,PCM_24,train
0933_창작국악_창작국악,0933,창작국악,가야금,가야금,가야금,발현,False,data/extracted/train/source/0933_창작국악_창작국악/0933_창작국악_창작국악_가야금.wav,48000,2,7175313,149.486,PCM_24,train
0933_창작국악_창작국악,0933,창작국악,거문고,거문고,거문고,발현,False,data/extracted/train/source/0933_창작국악_창작국악/0933_창작국악_창작국악_거문고.wav,48000,2,7175313,149.486,PCM_24,train
0933_창작국악_창작국악,0933,창작국악,대금,대금,대금,관악,False,data/extracted/train/source/0933_창작국악_창작국악/0933_창작국악_창작국악_대금.wav,48000,2,7175313,149.486,PCM_24,train
0933_창작국악_창작국악,0933,창작국악,대금2,대금,대금,관악,False,data/extracted/train/source/0933_창작국악_창작국악/0933_창작국악_창작국악_대금2.wav,48000,2,7175313,149.486,PCM_24,train
0933_창작국악_창작국악,0933,창작국악,북,북,타악기,타악,False,data/extracted/train/source/0933_창작국악_창작국악/0933_창작국악_창작국악_북.wav,48000,2,7175313,149.486,PCM_24,train
0933_창작국악_창작국악,0933,창작국악,소금,소금,기타,관악,False,data/extracted/train/source/0933_창작국악_창작국악/0933_창작국악_창작국악_소금.wav,48000,2,7175313,149.486,PCM_24,train
0933_창작국악_창작국악,0933,창작국악,아쟁,아쟁,아쟁,찰현,False,data/extracted/train/source/0933_창작국악_창작국악/0933_창작국악_창작국악_아쟁.wav,48000,2,7175313,149.486,PCM_24,train
0933_창작국악_창작국악,0933,창작국악,아쟁2,아쟁,아쟁,찰현,False,data/extracted/train/source/0933_창작국악_창작국악/0933_창작국악_창작국악_아쟁2.wav,48000,2,7175313,149.486,PCM_24,train
0933_창작국악_창작국악,0933,창작국악,장구,장구,타악기,타악,False,data/extracted/train/source/0933_창작국악_창작국악/0933_창작국악_창작국악_장구.wav,48000,2,7175313,149.486,PCM_24,train
0933_창작국악_창작국악,0933,창작국악,피리,피리,피리,관악,False,data/extracted/train/source/0933_창작국악_창작국악/0933_창작국악_창작국악_피리.wav,48000,2,7175313,149.486,PCM_24,train
0933_창작국악_창작국악,0933,창작국악,피리2,피리,피리,관악,False,data/extracted/train/source/0933_창작국악_창작국악/0933_창작국악_창작국악_피리2.wav,48000,2,7175313,149.486,PCM_24,train
0933_창작국악_창작국악,0933,창작국악,해금,해금,해금,찰현,False,data/extracted/train/source/0933_창작국악_창작국악/0933_창작국악_창작국악_해금.wav,48000,2,7175313,149.486,PCM_24,train
0934_창작국악_창작국악,0934,창작국악,가야금,가야금,가야금,발현,False,data/extracted/train/source/0934_창작국악_창작국악/0934_창작국악_창작국악_가야금.wav,48000,2,8532000,177.75,PCM_24,test
0934_창작국악_창작국악,0934,창작국악,거문고,거문고,거문고,발현,False,data/extracted/train/source/0934_창작국악_창작국악/0934_창작국악_창작국악_거문고.wav,48000,2,8532000,177.75,PCM_24,test
0934_창작국악_창작국악,0934,창작국악,대금,대금,대금,관악,False,data/extracted/train/source/0934_창작국악_창작국악/0934_창작국악_창작국악_대금.wav,48000,2,8532000,177.75,PCM_24,test
0934_창작국악_창작국악,0934,창작국악,아쟁,아쟁,아쟁,찰현,False,data/extracted/train/source/0934_창작국악_창작국악/0934_창작국악_창작국악_아쟁.wav,48000,2,8532000,177.75,PCM_24,test
0934_창작국악_창작국악,0934,창작국악,양금,양금,양금,발현,False,data/extracted/train/source/0934_창작국악_창작국악/0934_창작국악_창작국악_양금.wav,48000,2,8532000,177.75,PCM_24,test
0934_창작국악_창작국악,0934,창작국악,장구,장구,타악기,타악,False,data/extracted/train/source/0934_창작국악_창작국악/0934_창작국악_창작국악_장구.wav,48000,2,8532000,177.75,PCM_24,test
0934_창작국악_창작국악,0934,창작국악,피리,피리,피리,관악,False,data/extracted/train/source/0934_창작국악_창작국악/0934_창작국악_창작국악_피리.wav,48000,2,8532000,177.75,PCM_24,test
0934_창작국악_창작국악,0934,창작국악,해금,해금,해금,찰현,False,data/extracted/train/source/0934_창작국악_창작국악/0934_창작국악_창작국악_해금.wav,48000,2,8532000,177.75,PCM_24,test
0935_창작국악_창작국악,0935,창작국악,가야금,가야금,가야금,발현,False,data/extracted/train/source/0935_창작국악_창작국악/0935_창작국악_창작국악_가야금.wav,48000,2,5832000,121.5,PCM_24,train
0935_창작국악_창작국악,0935,창작국악,거문고,거문고,거문고,발현,False,data/extracted/train/source/0935_창작국악_창작국악/0935_창작국악_창작국악_거문고.wav,48000,2,5832000,121.5,PCM_24,train
0935_창작국악_창작국악,0935,창작국악,대금,대금,대금,관악,False,data/extracted/train/source/0935_창작국악_창작국악/0935_창작국악_창작국악_대금.wav,48000,2,5832000,121.5,PCM_24,train
0935_창작국악_창작국악,0935,창작국악,아쟁,아쟁,아쟁,찰현,False,data/extracted/train/source/0935_창작국악_창작국악/0935_창작국악_창작국악_아쟁.wav,48000,2,5832000,121.5,PCM_24,train
0935_창작국악_창작국악,0935,창작국악,양금,양금,양금,발현,False,data/extracted/train/source/0935_창작국악_창작국악/0935_창작국악_창작국악_양금.wav,48000,2,5832000,121.5,PCM_24,train
0935_창작국악_창작국악,0935,창작국악,장구,장구,타악기,타악,False,data/extracted/train/source/0935_창작국악_창작국악/0935_창작국악_창작국악_장구.wav,48000,2,5832000,121.5,PCM_24,train
0935_창작국악_창작국악,0935,창작국악,피리,피리,피리,관악,False,data/extracted/train/source/0935_창작국악_창작국악/0935_창작국악_창작국악_피리.wav,48000,2,5832000,121.5,PCM_24,train
0935_창작국악_창작국악,0935,창작국악,해금,해금,해금,찰현,False,data/extracted/train/source/0935_창작국악_창작국악/0935_창작국악_창작국악_해금.wav,48000,2,5832000,121.5,PCM_24,train
0936_창작국악_창작국악,0936,창작국악,가야금,가야금,가야금,발현,False,data/extracted/val/source/0936_창작국악_창작국악/0936_창작국악_창작국악_가야금.wav,48000,2,7128000,148.5,PCM_24,train
0936_창작국악_창작국악,0936,창작국악,거문고,거문고,거문고,발현,False,data/extracted/val/source/0936_창작국악_창작국악/0936_창작국악_창작국악_거문고.wav,48000,2,7128000,148.5,PCM_24,train
0936_창작국악_창작국악,0936,창작국악,대금,대금,대금,관악,False,data/extracted/val/source/0936_창작국악_창작국악/0936_창작국악_창작국악_대금.wav,48000,2,7128000,148.5,PCM_24,train
0936_창작국악_창작국악,0936,창작국악,대금2,대금,대금,관악,False,data/extracted/val/source/0936_창작국악_창작국악/0936_창작국악_창작국악_대금2.wav,48000,2,7128000,148.5,PCM_24,train
0936_창작국악_창작국악,0936,창작국악,아쟁,아쟁,아쟁,찰현,False,data/extracted/val/source/0936_창작국악_창작국악/0936_창작국악_창작국악_아쟁.wav,48000,2,7128000,148.5,PCM_24,train
0936_창작국악_창작국악,0936,창작국악,양금,양금,양금,발현,False,data/extracted/val/source/0936_창작국악_창작국악/0936_창작국악_창작국악_양금.wav,48000,2,7128000,148.5,PCM_24,train
0936_창작국악_창작국악,0936,창작국악,장구,장구,타악기,타악,False,data/extracted/val/source/0936_창작국악_창작국악/0936_창작국악_창작국악_장구.wav,48000,2,7128000,148.5,PCM_24,train
0936_창작국악_창작국악,0936,창작국악,피리,피리,피리,관악,False,data/extracted/val/source/0936_창작국악_창작국악/0936_창작국악_창작국악_피리.wav,48000,2,7128000,148.5,PCM_24,train
0936_창작국악_창작국악,0936,창작국악,해금,해금,해금,찰현,False,data/extracted/val/source/0936_창작국악_창작국악/0936_창작국악_창작국악_해금.wav,48000,2,7128000,148.5,PCM_24,train
0937_창작국악_창작국악,0937,창작국악,가야금,가야금,가야금,발현,False,data/extracted/train/source/0937_창작국악_창작국악/0937_창작국악_창작국악_가야금.wav,48000,2,4608000,96.0,PCM_24,test
0937_창작국악_창작국악,0937,창작국악,대금,대금,대금,관악,False,data/extracted/train/source/0937_창작국악_창작국악/0937_창작국악_창작국악_대금.wav,48000,2,4608000,96.0,PCM_24,test
0937_창작국악_창작국악,0937,창작국악,방울,방울,타악기,타악,False,data/extracted/train/source/0937_창작국악_창작국악/0937_창작국악_창작국악_방울.wav,48000,2,4608000,96.0,PCM_24,test
0937_창작국악_창작국악,0937,창작국악,해금,해금,해금,찰현,False,data/extracted/train/source/0937_창작국악_창작국악/0937_창작국악_창작국악_해금.wav,48000,2,4608000,96.0,PCM_24,test
0938_창작국악_창작국악,0938,창작국악,가야금,가야금,가야금,발현,False,data/extracted/train/source/0938_창작국악_창작국악/0938_창작국악_창작국악_가야금.wav,48000,2,5299200,110.4,PCM_24,train
0938_창작국악_창작국악,0938,창작국악,대금,대금,대금,관악,False,data/extracted/train/source/0938_창작국악_창작국악/0938_창작국악_창작국악_대금.wav,48000,2,5299200,110.4,PCM_24,train
0938_창작국악_창작국악,0938,창작국악,방울,방울,타악기,타악,False,data/extracted/train/source/0938_창작국악_창작국악/0938_창작국악_창작국악_방울.wav,48000,2,5299200,110.4,PCM_24,train
0938_창작국악_창작국악,0938,창작국악,해금,해금,해금,찰현,False,data/extracted/train/source/0938_창작국악_창작국악/0938_창작국악_창작국악_해금.wav,48000,2,5299200,110.4,PCM_24,train
0939_창작국악_창작국악,0939,창작국악,가야금,가야금,가야금,발현,False,data/extracted/train/source/0939_창작국악_창작국악/0939_창작국악_창작국악_가야금.wav,48000,2,16934400,352.8,PCM_24,val
0939_창작국악_창작국악,0939,창작국악,대금,대금,대금,관악,False,data/extracted/train/source/0939_창작국악_창작국악/0939_창작국악_창작국악_대금.wav,48000,2,16934400,352.8,PCM_24,val
0939_창작국악_창작국악,0939,창작국악,방울,방울,타악기,타악,False,data/extracted/train/source/0939_창작국악_창작국악/0939_창작국악_창작국악_방울.wav,48000,2,16934400,352.8,PCM_24,val
0939_창작국악_창작국악,0939,창작국악,해금,해금,해금,찰현,False,data/extracted/train/source/0939_창작국악_창작국악/0939_창작국악_창작국악_해금.wav,48000,2,16934400,352.8,PCM_24,val
0940_창작국악_창작국악,0940,창작국악,가야금,가야금,가야금,발현,False,data/extracted/train/source/0940_창작국악_창작국악/0940_창작국악_창작국악_가야금.wav,48000,2,15305143,318.857,PCM_24,train
0940_창작국악_창작국악,0940,창작국악,대금,대금,대금,관악,False,data/extracted/train/source/0940_창작국악_창작국악/0940_창작국악_창작국악_대금.wav,48000,2,15305143,318.857,PCM_24,train
0940_창작국악_창작국악,0940,창작국악,방울,방울,타악기,타악,False,data/extracted/train/source/0940_창작국악_창작국악/0940_창작국악_창작국악_방울.wav,48000,2,15305143,318.857,PCM_24,train
0940_창작국악_창작국악,0940,창작국악,해금,해금,해금,찰현,False,data/extracted/train/source/0940_창작국악_창작국악/0940_창작국악_창작국악_해금.wav,48000,2,15305143,318.857,PCM_24,train
0941_창작국악_창작국악,0941,창작국악,거문고,거문고,거문고,발현,False,data/extracted/val/source/0941_창작국악_창작국악/0941_창작국악_창작국악_거문고.wav,48000,2,14169600,295.2,PCM_24,train
0941_창작국악_창작국악,0941,창작국악,단소,단소,기타,관악,False,data/extracted/val/source/0941_창작국악_창작국악/0941_창작국악_창작국악_단소.wav,48000,2,14169600,295.2,PCM_24,train
0941_창작국악_창작국악,0941,창작국악,대금,대금,대금,관악,False,data/extracted/val/source/0941_창작국악_창작국악/0941_창작국악_창작국악_대금.wav,48000,2,14169600,295.2,PCM_24,train
0941_창작국악_창작국악,0941,창작국악,양금,양금,양금,발현,False,data/extracted/val/source/0941_창작국악_창작국악/0941_창작국악_창작국악_양금.wav,48000,2,14169600,295.2,PCM_24,train
0942_창작국악_창작국악,0942,창작국악,가야금,가야금,가야금,발현,False,data/extracted/train/source/0942_창작국악_창작국악/0942_창작국악_창작국악_가야금.wav,48000,2,16512000,344.0,PCM_24,val
0942_창작국악_창작국악,0942,창작국악,대금,대금,대금,관악,False,data/extracted/train/source/0942_창작국악_창작국악/0942_창작국악_창작국악_대금.wav,48000,2,16512000,344.0,PCM_24,val
0943_창작국악_창작국악,0943,창작국악,가야금,가야금,가야금,발현,False,data/extracted/train/source/0943_창작국악_창작국악/0943_창작국악_창작국악_가야금.wav,48000,2,6336000,132.0,PCM_24,val
0943_창작국악_창작국악,0943,창작국악,대금,대금,대금,관악,False,data/extracted/train/source/0943_창작국악_창작국악/0943_창작국악_창작국악_대금.wav,48000,2,6336000,132.0,PCM_24,val
0944_창작국악_창작국악,0944,창작국악,가야금,가야금,가야금,발현,False,data/extracted/train/source/0944_창작국악_창작국악/0944_창작국악_창작국악_가야금.wav,48000,2,10244572,213.429,PCM_24,train
0944_창작국악_창작국악,0944,창작국악,가야금2,가야금,가야금,발현,False,data/extracted/train/source/0944_창작국악_창작국악/0944_창작국악_창작국악_가야금2.wav,48000,2,10244572,213.429,PCM_24,train
0944_창작국악_창작국악,0944,창작국악,거문고,거문고,거문고,발현,False,data/extracted/train/source/0944_창작국악_창작국악/0944_창작국악_창작국악_거문고.wav,48000,2,10244572,213.429,PCM_24,train
0944_창작국악_창작국악,0944,창작국악,북,북,타악기,타악,False,data/extracted/train/source/0944_창작국악_창작국악/0944_창작국악_창작국악_북.wav,48000,2,10244572,213.429,PCM_24,train
0944_창작국악_창작국악,0944,창작국악,아쟁,아쟁,아쟁,찰현,False,data/extracted/train/source/0944_창작국악_창작국악/0944_창작국악_창작국악_아쟁.wav,48000,2,10244572,213.429,PCM_24,train
0945_창작국악_창작국악,0945,창작국악,가야금,가야금,가야금,발현,False,data/extracted/train/source/0945_창작국악_창작국악/0945_창작국악_창작국악_가야금.wav,48000,2,16896000,352.0,PCM_24,test
0945_창작국악_창작국악,0945,창작국악,가야금2,가야금,가야금,발현,False,data/extracted/train/source/0945_창작국악_창작국악/0945_창작국악_창작국악_가야금2.wav,48000,2,16896000,352.0,PCM_24,test
0945_창작국악_창작국악,0945,창작국악,거문고,거문고,거문고,발현,False,data/extracted/train/source/0945_창작국악_창작국악/0945_창작국악_창작국악_거문고.wav,48000,2,16896000,352.0,PCM_24,test
0945_창작국악_창작국악,0945,창작국악,대금,대금,대금,관악,False,data/extracted/train/source/0945_창작국악_창작국악/0945_창작국악_창작국악_대금.wav,48000,2,16896000,352.0,PCM_24,test
0945_창작국악_창작국악,0945,창작국악,북,북,타악기,타악,False,data/extracted/train/source/0945_창작국악_창작국악/0945_창작국악_창작국악_북.wav,48000,2,16896000,352.0,PCM_24,test
0945_창작국악_창작국악,0945,창작국악,아쟁,아쟁,아쟁,찰현,False,data/extracted/train/source/0945_창작국악_창작국악/0945_창작국악_창작국악_아쟁.wav,48000,2,16896000,352.0,PCM_24,test
0945_창작국악_창작국악,0945,창작국악,아쟁2,아쟁,아쟁,찰현,False,data/extracted/train/source/0945_창작국악_창작국악/0945_창작국악_창작국악_아쟁2.wav,48000,2,16896000,352.0,PCM_24,test
0945_창작국악_창작국악,0945,창작국악,피리,피리,피리,관악,False,data/extracted/train/source/0945_창작국악_창작국악/0945_창작국악_창작국악_피리.wav,48000,2,16896000,352.0,PCM_24,test
0945_창작국악_창작국악,0945,창작국악,해금,해금,해금,찰현,False,data/extracted/train/source/0945_창작국악_창작국악/0945_창작국악_창작국악_해금.wav,48000,2,16896000,352.0,PCM_24,test
0946_창작국악_창작국악,0946,창작국악,가야금,가야금,가야금,발현,False,data/extracted/train/source/0946_창작국악_창작국악/0946_창작국악_창작국악_가야금.wav,48000,2,6432000,134.0,PCM_24,train
0946_창작국악_창작국악,0946,창작국악,가야금2,가야금,가야금,발현,False,data/extracted/train/source/0946_창작국악_창작국악/0946_창작국악_창작국악_가야금2.wav,48000,2,6432000,134.0,PCM_24,train
0946_창작국악_창작국악,0946,창작국악,거문고,거문고,거문고,발현,False,data/extracted/train/source/0946_창작국악_창작국악/0946_창작국악_창작국악_거문고.wav,48000,2,6432000,134.0,PCM_24,train
0946_창작국악_창작국악,0946,창작국악,대금,대금,대금,관악,False,data/extracted/train/source/0946_창작국악_창작국악/0946_창작국악_창작국악_대금.wav,48000,2,6432000,134.0,PCM_24,train
0946_창작국악_창작국악,0946,창작국악,대금2,대금,대금,관악,False,data/extracted/train/source/0946_창작국악_창작국악/0946_창작국악_창작국악_대금2.wav,48000,2,6432000,134.0,PCM_24,train
0946_창작국악_창작국악,0946,창작국악,북,북,타악기,타악,False,data/extracted/train/source/0946_창작국악_창작국악/0946_창작국악_창작국악_북.wav,48000,2,6432000,134.0,PCM_24,train
0946_창작국악_창작국악,0946,창작국악,아쟁,아쟁,아쟁,찰현,False,data/extracted/train/source/0946_창작국악_창작국악/0946_창작국악_창작국악_아쟁.wav,48000,2,6432000,134.0,PCM_24,train
0946_창작국악_창작국악,0946,창작국악,아쟁2,아쟁,아쟁,찰현,False,data/extracted/train/source/0946_창작국악_창작국악/0946_창작국악_창작국악_아쟁2.wav,48000,2,6432000,134.0,PCM_24,train
0946_창작국악_창작국악,0946,창작국악,피리,피리,피리,관악,False,data/extracted/train/source/0946_창작국악_창작국악/0946_창작국악_창작국악_피리.wav,48000,2,6432000,134.0,PCM_24,train
0946_창작국악_창작국악,0946,창작국악,해금,해금,해금,찰현,False,data/extracted/train/source/0946_창작국악_창작국악/0946_창작국악_창작국악_해금.wav,48000,2,6432000,134.0,PCM_24,train
0947_창작국악_창작국악,0947,창작국악,가야금,가야금,가야금,발현,False,data/extracted/train/source/0947_창작국악_창작국악/0947_창작국악_창작국악_가야금.wav,48000,2,15897600,331.2,PCM_24,train
0947_창작국악_창작국악,0947,창작국악,가야금2,가야금,가야금,발현,False,data/extracted/train/source/0947_창작국악_창작국악/0947_창작국악_창작국악_가야금2.wav,48000,2,15897600,331.2,PCM_24,train
0947_창작국악_창작국악,0947,창작국악,거문고,거문고,거문고,발현,False,data/extracted/train/source/0947_창작국악_창작국악/0947_창작국악_창작국악_거문고.wav,48000,2,15897600,331.2,PCM_24,train
0947_창작국악_창작국악,0947,창작국악,대금,대금,대금,관악,False,data/extracted/train/source/0947_창작국악_창작국악/0947_창작국악_창작국악_대금.wav,48000,2,15897600,331.2,PCM_24,train
0947_창작국악_창작국악,0947,창작국악,대금2,대금,대금,관악,False,data/extracted/train/source/0947_창작국악_창작국악/0947_창작국악_창작국악_대금2.wav,48000,2,15897600,331.2,PCM_24,train
0947_창작국악_창작국악,0947,창작국악,북,북,타악기,타악,False,data/extracted/train/source/0947_창작국악_창작국악/0947_창작국악_창작국악_북.wav,48000,2,15897600,331.2,PCM_24,train
0947_창작국악_창작국악,0947,창작국악,아쟁,아쟁,아쟁,찰현,False,data/extracted/train/source/0947_창작국악_창작국악/0947_창작국악_창작국악_아쟁.wav,48000,2,15897600,331.2,PCM_24,train
0947_창작국악_창작국악,0947,창작국악,아쟁2,아쟁,아쟁,찰현,False,data/extracted/train/source/0947_창작국악_창작국악/0947_창작국악_창작국악_아쟁2.wav,48000,2,15897600,331.2,PCM_24,train
0947_창작국악_창작국악,0947,창작국악,피리,피리,피리,관악,False,data/extracted/train/source/0947_창작국악_창작국악/0947_창작국악_창작국악_피리.wav,48000,2,15897600,331.2,PCM_24,train
0947_창작국악_창작국악,0947,창작국악,피리2,피리,피리,관악,False,data/extracted/train/source/0947_창작국악_창작국악/0947_창작국악_창작국악_피리2.wav,48000,2,15897600,331.2,PCM_24,train
0947_창작국악_창작국악,0947,창작국악,해금,해금,해금,찰현,False,data/extracted/train/source/0947_창작국악_창작국악/0947_창작국악_창작국악_해금.wav,48000,2,15897600,331.2,PCM_24,train
0948_창작국악_창작국악,0948,창작국악,가야금,가야금,가야금,발현,False,data/extracted/train/source/0948_창작국악_창작국악/0948_창작국악_창작국악_가야금.wav,48000,2,12744000,265.5,PCM_24,train
0948_창작국악_창작국악,0948,창작국악,거문고,거문고,거문고,발현,False,data/extracted/train/source/0948_창작국악_창작국악/0948_창작국악_창작국악_거문고.wav,48000,2,12744000,265.5,PCM_24,train
0948_창작국악_창작국악,0948,창작국악,대금,대금,대금,관악,False,data/extracted/train/source/0948_창작국악_창작국악/0948_창작국악_창작국악_대금.wav,48000,2,12744000,265.5,PCM_24,train
0948_창작국악_창작국악,0948,창작국악,목탁,목탁,타악기,타악,False,data/extracted/train/source/0948_창작국악_창작국악/0948_창작국악_창작국악_목탁.wav,48000,2,12744000,265.5,PCM_24,train
0948_창작국악_창작국악,0948,창작국악,북,북,타악기,타악,False,data/extracted/train/source/0948_창작국악_창작국악/0948_창작국악_창작국악_북.wav,48000,2,12744000,265.5,PCM_24,train
0948_창작국악_창작국악,0948,창작국악,아쟁,아쟁,아쟁,찰현,False,data/extracted/train/source/0948_창작국악_창작국악/0948_창작국악_창작국악_아쟁.wav,48000,2,12744000,265.5,PCM_24,train
0948_창작국악_창작국악,0948,창작국악,장구,장구,타악기,타악,False,data/extracted/train/source/0948_창작국악_창작국악/0948_창작국악_창작국악_장구.wav,48000,2,12744000,265.5,PCM_24,train
0948_창작국악_창작국악,0948,창작국악,피리,피리,피리,관악,False,data/extracted/train/source/0948_창작국악_창작국악/0948_창작국악_창작국악_피리.wav,48000,2,12744000,265.5,PCM_24,train
0948_창작국악_창작국악,0948,창작국악,해금,해금,해금,찰현,False,data/extracted/train/source/0948_창작국악_창작국악/0948_창작국악_창작국악_해금.wav,48000,2,12744000,265.5,PCM_24,train
0949_창작국악_창작국악,0949,창작국악,가야금,가야금,가야금,발현,False,data/extracted/train/source/0949_창작국악_창작국악/0949_창작국악_창작국악_가야금.wav,48000,2,4464000,93.0,PCM_24,train
0949_창작국악_창작국악,0949,창작국악,대금,대금,대금,관악,False,data/extracted/train/source/0949_창작국악_창작국악/0949_창작국악_창작국악_대금.wav,48000,2,4464000,93.0,PCM_24,train
0949_창작국악_창작국악,0949,창작국악,북,북,타악기,타악,False,data/extracted/train/source/0949_창작국악_창작국악/0949_창작국악_창작국악_북.wav,48000,2,4464000,93.0,PCM_24,train
0949_창작국악_창작국악,0949,창작국악,해금,해금,해금,찰현,False,data/extracted/train/source/0949_창작국악_창작국악/0949_창작국악_창작국악_해금.wav,48000,2,4464000,93.0,PCM_24,train
0950_창작국악_창작국악,0950,창작국악,가야금,가야금,가야금,발현,False,data/extracted/train/source/0950_창작국악_창작국악/0950_창작국악_창작국악_가야금.wav,48000,2,4896000,102.0,PCM_24,train
0950_창작국악_창작국악,0950,창작국악,대금,대금,대금,관악,False,data/extracted/train/source/0950_창작국악_창작국악/0950_창작국악_창작국악_대금.wav,48000,2,4896000,102.0,PCM_24,train
0950_창작국악_창작국악,0950,창작국악,북,북,타악기,타악,False,data/extracted/train/source/0950_창작국악_창작국악/0950_창작국악_창작국악_북.wav,48000,2,4896000,102.0,PCM_24,train
0950_창작국악_창작국악,0950,창작국악,해금,해금,해금,찰현,False,data/extracted/train/source/0950_창작국악_창작국악/0950_창작국악_창작국악_해금.wav,48000,2,4896000,102.0,PCM_24,train
0951_창작국악_창작국악,0951,창작국악,가야금,가야금,가야금,발현,False,data/extracted/train/source/0951_창작국악_창작국악/0951_창작국악_창작국악_가야금.wav,48000,2,7344000,153.0,PCM_24,val
0951_창작국악_창작국악,0951,창작국악,대금,대금,대금,관악,False,data/extracted/train/source/0951_창작국악_창작국악/0951_창작국악_창작국악_대금.wav,48000,2,7344000,153.0,PCM_24,val
0951_창작국악_창작국악,0951,창작국악,북,북,타악기,타악,False,data/extracted/train/source/0951_창작국악_창작국악/0951_창작국악_창작국악_북.wav,48000,2,7344000,153.0,PCM_24,val
0951_창작국악_창작국악,0951,창작국악,해금,해금,해금,찰현,False,data/extracted/train/source/0951_창작국악_창작국악/0951_창작국악_창작국악_해금.wav,48000,2,7344000,153.0,PCM_24,val
0953_창작국악_창작국악,0953,창작국악,가야금,가야금,가야금,발현,False,data/extracted/train/source/0953_창작국악_창작국악/0953_창작국악_창작국악_가야금.wav,48000,2,5801143,120.857,PCM_24,train
0953_창작국악_창작국악,0953,창작국악,대금,대금,대금,관악,False,data/extracted/train/source/0953_창작국악_창작국악/0953_창작국악_창작국악_대금.wav,48000,2,5801143,120.857,PCM_24,train
0953_창작국악_창작국악,0953,창작국악,아쟁,아쟁,아쟁,찰현,False,data/extracted/train/source/0953_창작국악_창작국악/0953_창작국악_창작국악_아쟁.wav,48000,2,5801143,120.857,PCM_24,train
0953_창작국악_창작국악,0953,창작국악,해금,해금,해금,찰현,False,data/extracted/train/source/0953_창작국악_창작국악/0953_창작국악_창작국악_해금.wav,48000,2,5801143,120.857,PCM_24,train
0954_창작국악_창작국악,0954,창작국악,가야금,가야금,가야금,발현,False,data/extracted/train/source/0954_창작국악_창작국악/0954_창작국악_창작국악_가야금.wav,48000,2,12672000,264.0,PCM_24,train
0954_창작국악_창작국악,0954,창작국악,대금,대금,대금,관악,False,data/extracted/train/source/0954_창작국악_창작국악/0954_창작국악_창작국악_대금.wav,48000,2,12672000,264.0,PCM_24,train
0954_창작국악_창작국악,0954,창작국악,소금,소금,기타,관악,False,data/extracted/train/source/0954_창작국악_창작국악/0954_창작국악_창작국악_소금.wav,48000,2,12672000,264.0,PCM_24,train
0954_창작국악_창작국악,0954,창작국악,아쟁,아쟁,아쟁,찰현,False,data/extracted/train/source/0954_창작국악_창작국악/0954_창작국악_창작국악_아쟁.wav,48000,2,12672000,264.0,PCM_24,train
0954_창작국악_창작국악,0954,창작국악,양금,양금,양금,발현,False,data/extracted/train/source/0954_창작국악_창작국악/0954_창작국악_창작국악_양금.wav,48000,2,12672000,264.0,PCM_24,train
0954_창작국악_창작국악,0954,창작국악,장구,장구,타악기,타악,False,data/extracted/train/source/0954_창작국악_창작국악/0954_창작국악_창작국악_장구.wav,48000,2,12672000,264.0,PCM_24,train
0954_창작국악_창작국악,0954,창작국악,피리,피리,피리,관악,False,data/extracted/train/source/0954_창작국악_창작국악/0954_창작국악_창작국악_피리.wav,48000,2,12672000,264.0,PCM_24,train
0954_창작국악_창작국악,0954,창작국악,해금,해금,해금,찰현,False,data/extracted/train/source/0954_창작국악_창작국악/0954_창작국악_창작국악_해금.wav,48000,2,12672000,264.0,PCM_24,train
0955_창작국악_창작국악,0955,창작국악,가야금,가야금,가야금,발현,False,data/extracted/train/source/0955_창작국악_창작국악/0955_창작국악_창작국악_가야금.wav,48000,2,11923200,248.4,PCM_24,train
0955_창작국악_창작국악,0955,창작국악,대금,대금,대금,관악,False,data/extracted/train/source/0955_창작국악_창작국악/0955_창작국악_창작국악_대금.wav,48000,2,11923200,248.4,PCM_24,train
0955_창작국악_창작국악,0955,창작국악,소금,소금,기타,관악,False,data/extracted/train/source/0955_창작국악_창작국악/0955_창작국악_창작국악_소금.wav,48000,2,11923200,248.4,PCM_24,train
0955_창작국악_창작국악,0955,창작국악,아쟁,아쟁,아쟁,찰현,False,data/extracted/train/source/0955_창작국악_창작국악/0955_창작국악_창작국악_아쟁.wav,48000,2,11923200,248.4,PCM_24,train
0955_창작국악_창작국악,0955,창작국악,양금,양금,양금,발현,False,data/extracted/train/source/0955_창작국악_창작국악/0955_창작국악_창작국악_양금.wav,48000,2,11923200,248.4,PCM_24,train
0955_창작국악_창작국악,0955,창작국악,장구,장구,타악기,타악,False,data/extracted/train/source/0955_창작국악_창작국악/0955_창작국악_창작국악_장구.wav,48000,2,11923200,248.4,PCM_24,train
0955_창작국악_창작국악,0955,창작국악,피리,피리,피리,관악,False,data/extracted/train/source/0955_창작국악_창작국악/0955_창작국악_창작국악_피리.wav,48000,2,11923200,248.4,PCM_24,train
0955_창작국악_창작국악,0955,창작국악,해금,해금,해금,찰현,False,data/extracted/train/source/0955_창작국악_창작국악/0955_창작국악_창작국악_해금.wav,48000,2,11923200,248.4,PCM_24,train
0956_창작국악_창작국악,0956,창작국악,가야금,가야금,가야금,발현,False,data/extracted/train/source/0956_창작국악_창작국악/0956_창작국악_창작국악_가야금.wav,48000,2,6336000,132.0,PCM_24,train
0956_창작국악_창작국악,0956,창작국악,대금,대금,대금,관악,False,data/extracted/train/source/0956_창작국악_창작국악/0956_창작국악_창작국악_대금.wav,48000,2,6336000,132.0,PCM_24,train
0956_창작국악_창작국악,0956,창작국악,소금,소금,기타,관악,False,data/extracted/train/source/0956_창작국악_창작국악/0956_창작국악_창작국악_소금.wav,48000,2,6336000,132.0,PCM_24,train
0956_창작국악_창작국악,0956,창작국악,아쟁,아쟁,아쟁,찰현,False,data/extracted/train/source/0956_창작국악_창작국악/0956_창작국악_창작국악_아쟁.wav,48000,2,6336000,132.0,PCM_24,train
0956_창작국악_창작국악,0956,창작국악,양금,양금,양금,발현,False,data/extracted/train/source/0956_창작국악_창작국악/0956_창작국악_창작국악_양금.wav,48000,2,6336000,132.0,PCM_24,train
0956_창작국악_창작국악,0956,창작국악,장구,장구,타악기,타악,False,data/extracted/train/source/0956_창작국악_창작국악/0956_창작국악_창작국악_장구.wav,48000,2,6336000,132.0,PCM_24,train
0956_창작국악_창작국악,0956,창작국악,피리,피리,피리,관악,False,data/extracted/train/source/0956_창작국악_창작국악/0956_창작국악_창작국악_피리.wav,48000,2,6336000,132.0,PCM_24,train
0956_창작국악_창작국악,0956,창작국악,해금,해금,해금,찰현,False,data/extracted/train/source/0956_창작국악_창작국악/0956_창작국악_창작국악_해금.wav,48000,2,6336000,132.0,PCM_24,train
0957_창작국악_창작국악,0957,창작국악,가야금,가야금,가야금,발현,False,data/extracted/train/source/0957_창작국악_창작국악/0957_창작국악_창작국악_가야금.wav,48000,2,6048000,126.0,PCM_24,train
0957_창작국악_창작국악,0957,창작국악,거문고,거문고,거문고,발현,False,data/extracted/train/source/0957_창작국악_창작국악/0957_창작국악_창작국악_거문고.wav,48000,2,6048000,126.0,PCM_24,train
0957_창작국악_창작국악,0957,창작국악,대금,대금,대금,관악,False,data/extracted/train/source/0957_창작국악_창작국악/0957_창작국악_창작국악_대금.wav,48000,2,6048000,126.0,PCM_24,train
0957_창작국악_창작국악,0957,창작국악,소금,소금,기타,관악,False,data/extracted/train/source/0957_창작국악_창작국악/0957_창작국악_창작국악_소금.wav,48000,2,6048000,126.0,PCM_24,train
0957_창작국악_창작국악,0957,창작국악,아쟁,아쟁,아쟁,찰현,False,data/extracted/train/source/0957_창작국악_창작국악/0957_창작국악_창작국악_아쟁.wav,48000,2,6048000,126.0,PCM_24,train
0957_창작국악_창작국악,0957,창작국악,피리,피리,피리,관악,False,data/extracted/train/source/0957_창작국악_창작국악/0957_창작국악_창작국악_피리.wav,48000,2,6048000,126.0,PCM_24,train
0957_창작국악_창작국악,0957,창작국악,해금,해금,해금,찰현,False,data/extracted/train/source/0957_창작국악_창작국악/0957_창작국악_창작국악_해금.wav,48000,2,6048000,126.0,PCM_24,train
0958_창작국악_창작국악,0958,창작국악,가야금,가야금,가야금,발현,False,data/extracted/train/source/0958_창작국악_창작국악/0958_창작국악_창작국악_가야금.wav,48000,2,11232000,234.0,PCM_24,train
0958_창작국악_창작국악,0958,창작국악,거문고,거문고,거문고,발현,False,data/extracted/train/source/0958_창작국악_창작국악/0958_창작국악_창작국악_거문고.wav,48000,2,11232000,234.0,PCM_24,train
0958_창작국악_창작국악,0958,창작국악,대금,대금,대금,관악,False,data/extracted/train/source/0958_창작국악_창작국악/0958_창작국악_창작국악_대금.wav,48000,2,11232000,234.0,PCM_24,train
0958_창작국악_창작국악,0958,창작국악,소금,소금,기타,관악,False,data/extracted/train/source/0958_창작국악_창작국악/0958_창작국악_창작국악_소금.wav,48000,2,11232000,234.0,PCM_24,train
0958_창작국악_창작국악,0958,창작국악,아쟁,아쟁,아쟁,찰현,False,data/extracted/train/source/0958_창작국악_창작국악/0958_창작국악_창작국악_아쟁.wav,48000,2,11232000,234.0,PCM_24,train
0958_창작국악_창작국악,0958,창작국악,피리,피리,피리,관악,False,data/extracted/train/source/0958_창작국악_창작국악/0958_창작국악_창작국악_피리.wav,48000,2,11232000,234.0,PCM_24,train
0958_창작국악_창작국악,0958,창작국악,해금,해금,해금,찰현,False,data/extracted/train/source/0958_창작국악_창작국악/0958_창작국악_창작국악_해금.wav,48000,2,11232000,234.0,PCM_24,train
0960_창작국악_창작국악,0960,창작국악,가야금,가야금,가야금,발현,False,data/extracted/val/source/0960_창작국악_창작국악/0960_창작국악_창작국악_가야금.wav,48000,2,13632000,284.0,PCM_24,train
0960_창작국악_창작국악,0960,창작국악,거문고,거문고,거문고,발현,False,data/extracted/val/source/0960_창작국악_창작국악/0960_창작국악_창작국악_거문고.wav,48000,2,13632000,284.0,PCM_24,train
0960_창작국악_창작국악,0960,창작국악,꽹과리,꽹과리,타악기,타악,False,data/extracted/val/source/0960_창작국악_창작국악/0960_창작국악_창작국악_꽹과리.wav,48000,2,13632000,284.0,PCM_24,train
0960_창작국악_창작국악,0960,창작국악,단소,단소,기타,관악,False,data/extracted/val/source/0960_창작국악_창작국악/0960_창작국악_창작국악_단소.wav,48000,2,13632000,284.0,PCM_24,train
0960_창작국악_창작국악,0960,창작국악,대금,대금,대금,관악,False,data/extracted/val/source/0960_창작국악_창작국악/0960_창작국악_창작국악_대금.wav,48000,2,13632000,284.0,PCM_24,train
0960_창작국악_창작국악,0960,창작국악,북,북,타악기,타악,False,data/extracted/val/source/0960_창작국악_창작국악/0960_창작국악_창작국악_북.wav,48000,2,13632000,284.0,PCM_24,train
0960_창작국악_창작국악,0960,창작국악,소금,소금,기타,관악,False,data/extracted/val/source/0960_창작국악_창작국악/0960_창작국악_창작국악_소금.wav,48000,2,13632000,284.0,PCM_24,train
0960_창작국악_창작국악,0960,창작국악,아쟁,아쟁,아쟁,찰현,False,data/extracted/val/source/0960_창작국악_창작국악/0960_창작국악_창작국악_아쟁.wav,48000,2,13632000,284.0,PCM_24,train
0960_창작국악_창작국악,0960,창작국악,아쟁2,아쟁,아쟁,찰현,False,data/extracted/val/source/0960_창작국악_창작국악/0960_창작국악_창작국악_아쟁2.wav,48000,2,13632000,284.0,PCM_24,train
0960_창작국악_창작국악,0960,창작국악,양금,양금,양금,발현,False,data/extracted/val/source/0960_창작국악_창작국악/0960_창작국악_창작국악_양금.wav,48000,2,13632000,284.0,PCM_24,train
0960_창작국악_창작국악,0960,창작국악,장구,장구,타악기,타악,False,data/extracted/val/source/0960_창작국악_창작국악/0960_창작국악_창작국악_장구.wav,48000,2,13632000,284.0,PCM_24,train
0960_창작국악_창작국악,0960,창작국악,피리,피리,피리,관악,False,data/extracted/val/source/0960_창작국악_창작국악/0960_창작국악_창작국악_피리.wav,48000,2,13632000,284.0,PCM_24,train
0960_창작국악_창작국악,0960,창작국악,해금,해금,해금,찰현,False,data/extracted/val/source/0960_창작국악_창작국악/0960_창작국악_창작국악_해금.wav,48000,2,13632000,284.0,PCM_24,train
0961_창작국악_창작국악,0961,창작국악,가야금,가야금,가야금,발현,False,data/extracted/val/source/0961_창작국악_창작국악/0961_창작국악_창작국악_가야금.wav,48000,2,15744000,328.0,PCM_24,train
0961_창작국악_창작국악,0961,창작국악,거문고,거문고,거문고,발현,False,data/extracted/val/source/0961_창작국악_창작국악/0961_창작국악_창작국악_거문고.wav,48000,2,15744000,328.0,PCM_24,train
0961_창작국악_창작국악,0961,창작국악,꽹과리,꽹과리,타악기,타악,False,data/extracted/val/source/0961_창작국악_창작국악/0961_창작국악_창작국악_꽹과리.wav,48000,2,15744000,328.0,PCM_24,train
0961_창작국악_창작국악,0961,창작국악,단소,단소,기타,관악,False,data/extracted/val/source/0961_창작국악_창작국악/0961_창작국악_창작국악_단소.wav,48000,2,15744000,328.0,PCM_24,train
0961_창작국악_창작국악,0961,창작국악,대금,대금,대금,관악,False,data/extracted/val/source/0961_창작국악_창작국악/0961_창작국악_창작국악_대금.wav,48000,2,15744000,328.0,PCM_24,train
0961_창작국악_창작국악,0961,창작국악,소금,소금,기타,관악,False,data/extracted/val/source/0961_창작국악_창작국악/0961_창작국악_창작국악_소금.wav,48000,2,15744000,328.0,PCM_24,train
0961_창작국악_창작국악,0961,창작국악,아쟁,아쟁,아쟁,찰현,False,data/extracted/val/source/0961_창작국악_창작국악/0961_창작국악_창작국악_아쟁.wav,48000,2,15744000,328.0,PCM_24,train
0961_창작국악_창작국악,0961,창작국악,아쟁2,아쟁,아쟁,찰현,False,data/extracted/val/source/0961_창작국악_창작국악/0961_창작국악_창작국악_아쟁2.wav,48000,2,15744000,328.0,PCM_24,train
0961_창작국악_창작국악,0961,창작국악,장구,장구,타악기,타악,False,data/extracted/val/source/0961_창작국악_창작국악/0961_창작국악_창작국악_장구.wav,48000,2,15744000,328.0,PCM_24,train
0961_창작국악_창작국악,0961,창작국악,피리,피리,피리,관악,False,data/extracted/val/source/0961_창작국악_창작국악/0961_창작국악_창작국악_피리.wav,48000,2,15744000,328.0,PCM_24,train
0961_창작국악_창작국악,0961,창작국악,해금,해금,해금,찰현,False,data/extracted/val/source/0961_창작국악_창작국악/0961_창작국악_창작국악_해금.wav,48000,2,15744000,328.0,PCM_24,train
0962_창작국악_창작국악,0962,창작국악,가야금,가야금,가야금,발현,False,data/extracted/train/source/0962_창작국악_창작국악/0962_창작국악_창작국악_가야금.wav,48000,2,4869818,101.455,PCM_24,train
0962_창작국악_창작국악,0962,창작국악,거문고,거문고,거문고,발현,False,data/extracted/train/source/0962_창작국악_창작국악/0962_창작국악_창작국악_거문고.wav,48000,2,4869818,101.455,PCM_24,train
0962_창작국악_창작국악,0962,창작국악,꽹과리,꽹과리,타악기,타악,False,data/extracted/train/source/0962_창작국악_창작국악/0962_창작국악_창작국악_꽹과리.wav,48000,2,4869818,101.455,PCM_24,train
0962_창작국악_창작국악,0962,창작국악,대금,대금,대금,관악,False,data/extracted/train/source/0962_창작국악_창작국악/0962_창작국악_창작국악_대금.wav,48000,2,4869818,101.455,PCM_24,train
0962_창작국악_창작국악,0962,창작국악,대금2,대금,대금,관악,False,data/extracted/train/source/0962_창작국악_창작국악/0962_창작국악_창작국악_대금2.wav,48000,2,4869818,101.455,PCM_24,train
0962_창작국악_창작국악,0962,창작국악,북,북,타악기,타악,False,data/extracted/train/source/0962_창작국악_창작국악/0962_창작국악_창작국악_북.wav,48000,2,4869818,101.455,PCM_24,train
0962_창작국악_창작국악,0962,창작국악,소금,소금,기타,관악,False,data/extracted/train/source/0962_창작국악_창작국악/0962_창작국악_창작국악_소금.wav,48000,2,4869818,101.455,PCM_24,train
0962_창작국악_창작국악,0962,창작국악,아쟁,아쟁,아쟁,찰현,False,data/extracted/train/source/0962_창작국악_창작국악/0962_창작국악_창작국악_아쟁.wav,48000,2,4869818,101.455,PCM_24,train
0962_창작국악_창작국악,0962,창작국악,아쟁2,아쟁,아쟁,찰현,False,data/extracted/train/source/0962_창작국악_창작국악/0962_창작국악_창작국악_아쟁2.wav,48000,2,4869818,101.455,PCM_24,train
0962_창작국악_창작국악,0962,창작국악,장구,장구,타악기,타악,False,data/extracted/train/source/0962_창작국악_창작국악/0962_창작국악_창작국악_장구.wav,48000,2,4869818,101.455,PCM_24,train
0962_창작국악_창작국악,0962,창작국악,피리,피리,피리,관악,False,data/extracted/train/source/0962_창작국악_창작국악/0962_창작국악_창작국악_피리.wav,48000,2,4869818,101.455,PCM_24,train
0962_창작국악_창작국악,0962,창작국악,피리2,피리,피리,관악,False,data/extracted/train/source/0962_창작국악_창작국악/0962_창작국악_창작국악_피리2.wav,48000,2,4869818,101.455,PCM_24,train
0962_창작국악_창작국악,0962,창작국악,해금,해금,해금,찰현,False,data/extracted/train/source/0962_창작국악_창작국악/0962_창작국악_창작국악_해금.wav,48000,2,4869818,101.455,PCM_24,train
0962_창작국악_창작국악,0962,창작국악,해금2,해금,해금,찰현,False,data/extracted/train/source/0962_창작국악_창작국악/0962_창작국악_창작국악_해금2.wav,48000,2,4869818,101.455,PCM_24,train
0963_창작국악_창작국악,0963,창작국악,가야금,가야금,가야금,발현,False,data/extracted/val/source/0963_창작국악_창작국악/0963_창작국악_창작국악_가야금.wav,48000,2,15709090,327.273,PCM_24,val
0963_창작국악_창작국악,0963,창작국악,거문고,거문고,거문고,발현,False,data/extracted/val/source/0963_창작국악_창작국악/0963_창작국악_창작국악_거문고.wav,48000,2,15709090,327.273,PCM_24,val
0963_창작국악_창작국악,0963,창작국악,꽹과리,꽹과리,타악기,타악,False,data/extracted/val/source/0963_창작국악_창작국악/0963_창작국악_창작국악_꽹과리.wav,48000,2,15709090,327.273,PCM_24,val
0963_창작국악_창작국악,0963,창작국악,대금,대금,대금,관악,False,data/extracted/val/source/0963_창작국악_창작국악/0963_창작국악_창작국악_대금.wav,48000,2,15709090,327.273,PCM_24,val
0963_창작국악_창작국악,0963,창작국악,북,북,타악기,타악,False,data/extracted/val/source/0963_창작국악_창작국악/0963_창작국악_창작국악_북.wav,48000,2,15709090,327.273,PCM_24,val
0963_창작국악_창작국악,0963,창작국악,소금,소금,기타,관악,False,data/extracted/val/source/0963_창작국악_창작국악/0963_창작국악_창작국악_소금.wav,48000,2,15709090,327.273,PCM_24,val
0963_창작국악_창작국악,0963,창작국악,아쟁,아쟁,아쟁,찰현,False,data/extracted/val/source/0963_창작국악_창작국악/0963_창작국악_창작국악_아쟁.wav,48000,2,15709090,327.273,PCM_24,val
0963_창작국악_창작국악,0963,창작국악,아쟁2,아쟁,아쟁,찰현,False,data/extracted/val/source/0963_창작국악_창작국악/0963_창작국악_창작국악_아쟁2.wav,48000,2,15709090,327.273,PCM_24,val
0963_창작국악_창작국악,0963,창작국악,장구,장구,타악기,타악,False,data/extracted/val/source/0963_창작국악_창작국악/0963_창작국악_창작국악_장구.wav,48000,2,15709090,327.273,PCM_24,val
0963_창작국악_창작국악,0963,창작국악,피리,피리,피리,관악,False,data/extracted/val/source/0963_창작국악_창작국악/0963_창작국악_창작국악_피리.wav,48000,2,15709090,327.273,PCM_24,val
0963_창작국악_창작국악,0963,창작국악,피리2,피리,피리,관악,False,data/extracted/val/source/0963_창작국악_창작국악/0963_창작국악_창작국악_피리2.wav,48000,2,15709090,327.273,PCM_24,val
0963_창작국악_창작국악,0963,창작국악,해금,해금,해금,찰현,False,data/extracted/val/source/0963_창작국악_창작국악/0963_창작국악_창작국악_해금.wav,48000,2,15709090,327.273,PCM_24,val
0963_창작국악_창작국악,0963,창작국악,해금2,해금,해금,찰현,False,data/extracted/val/source/0963_창작국악_창작국악/0963_창작국악_창작국악_해금2.wav,48000,2,15709090,327.273,PCM_24,val
0964_창작국악_창작국악,0964,창작국악,가야금,가야금,가야금,발현,False,data/extracted/train/source/0964_창작국악_창작국악/0964_창작국악_창작국악_가야금.wav,48000,2,14976000,312.0,PCM_24,train
0964_창작국악_창작국악,0964,창작국악,거문고,거문고,거문고,발현,False,data/extracted/train/source/0964_창작국악_창작국악/0964_창작국악_창작국악_거문고.wav,48000,2,14976000,312.0,PCM_24,train
0964_창작국악_창작국악,0964,창작국악,대금,대금,대금,관악,False,data/extracted/train/source/0964_창작국악_창작국악/0964_창작국악_창작국악_대금.wav,48000,2,14976000,312.0,PCM_24,train
0964_창작국악_창작국악,0964,창작국악,북,북,타악기,타악,False,data/extracted/train/source/0964_창작국악_창작국악/0964_창작국악_창작국악_북.wav,48000,2,14976000,312.0,PCM_24,train
0964_창작국악_창작국악,0964,창작국악,소금,소금,기타,관악,False,data/extracted/train/source/0964_창작국악_창작국악/0964_창작국악_창작국악_소금.wav,48000,2,14976000,312.0,PCM_24,train
0964_창작국악_창작국악,0964,창작국악,아쟁,아쟁,아쟁,찰현,False,data/extracted/train/source/0964_창작국악_창작국악/0964_창작국악_창작국악_아쟁.wav,48000,2,14976000,312.0,PCM_24,train
0964_창작국악_창작국악,0964,창작국악,아쟁2,아쟁,아쟁,찰현,False,data/extracted/train/source/0964_창작국악_창작국악/0964_창작국악_창작국악_아쟁2.wav,48000,2,14976000,312.0,PCM_24,train
0964_창작국악_창작국악,0964,창작국악,장구,장구,타악기,타악,False,data/extracted/train/source/0964_창작국악_창작국악/0964_창작국악_창작국악_장구.wav,48000,2,14976000,312.0,PCM_24,train
0964_창작국악_창작국악,0964,창작국악,피리,피리,피리,관악,False,data/extracted/train/source/0964_창작국악_창작국악/0964_창작국악_창작국악_피리.wav,48000,2,14976000,312.0,PCM_24,train
0964_창작국악_창작국악,0964,창작국악,해금,해금,해금,찰현,False,data/extracted/train/source/0964_창작국악_창작국악/0964_창작국악_창작국악_해금.wav,48000,2,14976000,312.0,PCM_24,train
0965_창작국악_창작국악,0965,창작국악,가야금,가야금,가야금,발현,False,data/extracted/train/source/0965_창작국악_창작국악/0965_창작국악_창작국악_가야금.wav,48000,2,14784000,308.0,PCM_24,train
0965_창작국악_창작국악,0965,창작국악,거문고,거문고,거문고,발현,False,data/extracted/train/source/0965_창작국악_창작국악/0965_창작국악_창작국악_거문고.wav,48000,2,14784000,308.0,PCM_24,train
0965_창작국악_창작국악,0965,창작국악,대금,대금,대금,관악,False,data/extracted/train/source/0965_창작국악_창작국악/0965_창작국악_창작국악_대금.wav,48000,2,14784000,308.0,PCM_24,train
0965_창작국악_창작국악,0965,창작국악,북,북,타악기,타악,False,data/extracted/train/source/0965_창작국악_창작국악/0965_창작국악_창작국악_북.wav,48000,2,14784000,308.0,PCM_24,train
0965_창작국악_창작국악,0965,창작국악,소금,소금,기타,관악,False,data/extracted/train/source/0965_창작국악_창작국악/0965_창작국악_창작국악_소금.wav,48000,2,14784000,308.0,PCM_24,train
0965_창작국악_창작국악,0965,창작국악,아쟁,아쟁,아쟁,찰현,False,data/extracted/train/source/0965_창작국악_창작국악/0965_창작국악_창작국악_아쟁.wav,48000,2,14784000,308.0,PCM_24,train
0965_창작국악_창작국악,0965,창작국악,아쟁2,아쟁,아쟁,찰현,False,data/extracted/train/source/0965_창작국악_창작국악/0965_창작국악_창작국악_아쟁2.wav,48000,2,14784000,308.0,PCM_24,train
0965_창작국악_창작국악,0965,창작국악,장구,장구,타악기,타악,False,data/extracted/train/source/0965_창작국악_창작국악/0965_창작국악_창작국악_장구.wav,48000,2,14784000,308.0,PCM_24,train
0965_창작국악_창작국악,0965,창작국악,피리,피리,피리,관악,False,data/extracted/train/source/0965_창작국악_창작국악/0965_창작국악_창작국악_피리.wav,48000,2,14784000,308.0,PCM_24,train
0965_창작국악_창작국악,0965,창작국악,해금,해금,해금,찰현,False,data/extracted/train/source/0965_창작국악_창작국악/0965_창작국악_창작국악_해금.wav,48000,2,14784000,308.0,PCM_24,train
0965_창작국악_창작국악,0965,창작국악,해금2,해금,해금,찰현,False,data/extracted/train/source/0965_창작국악_창작국악/0965_창작국악_창작국악_해금2.wav,48000,2,14784000,308.0,PCM_24,train
0966_창작국악_창작국악,0966,창작국악,가야금,가야금,가야금,발현,False,data/extracted/train/source/0966_창작국악_창작국악/0966_창작국악_창작국악_가야금.wav,48000,2,5568000,116.0,PCM_24,train
0966_창작국악_창작국악,0966,창작국악,거문고,거문고,거문고,발현,False,data/extracted/train/source/0966_창작국악_창작국악/0966_창작국악_창작국악_거문고.wav,48000,2,5568000,116.0,PCM_24,train
0966_창작국악_창작국악,0966,창작국악,대금,대금,대금,관악,False,data/extracted/train/source/0966_창작국악_창작국악/0966_창작국악_창작국악_대금.wav,48000,2,5568000,116.0,PCM_24,train
0966_창작국악_창작국악,0966,창작국악,아쟁,아쟁,아쟁,찰현,False,data/extracted/train/source/0966_창작국악_창작국악/0966_창작국악_창작국악_아쟁.wav,48000,2,5568000,116.0,PCM_24,train
0966_창작국악_창작국악,0966,창작국악,아쟁2,아쟁,아쟁,찰현,False,data/extracted/train/source/0966_창작국악_창작국악/0966_창작국악_창작국악_아쟁2.wav,48000,2,5568000,116.0,PCM_24,train
0966_창작국악_창작국악,0966,창작국악,장구,장구,타악기,타악,False,data/extracted/train/source/0966_창작국악_창작국악/0966_창작국악_창작국악_장구.wav,48000,2,5568000,116.0,PCM_24,train
0966_창작국악_창작국악,0966,창작국악,피리,피리,피리,관악,False,data/extracted/train/source/0966_창작국악_창작국악/0966_창작국악_창작국악_피리.wav,48000,2,5568000,116.0,PCM_24,train
0967_창작국악_창작국악,0967,창작국악,가야금,가야금,가야금,발현,False,data/extracted/train/source/0967_창작국악_창작국악/0967_창작국악_창작국악_가야금.wav,48000,2,4704000,98.0,PCM_24,train
0967_창작국악_창작국악,0967,창작국악,거문고,거문고,거문고,발현,False,data/extracted/train/source/0967_창작국악_창작국악/0967_창작국악_창작국악_거문고.wav,48000,2,4704000,98.0,PCM_24,train
0967_창작국악_창작국악,0967,창작국악,대금,대금,대금,관악,False,data/extracted/train/source/0967_창작국악_창작국악/0967_창작국악_창작국악_대금.wav,48000,2,4704000,98.0,PCM_24,train
0967_창작국악_창작국악,0967,창작국악,북,북,타악기,타악,False,data/extracted/train/source/0967_창작국악_창작국악/0967_창작국악_창작국악_북.wav,48000,2,4704000,98.0,PCM_24,train
0967_창작국악_창작국악,0967,창작국악,소금,소금,기타,관악,False,data/extracted/train/source/0967_창작국악_창작국악/0967_창작국악_창작국악_소금.wav,48000,2,4704000,98.0,PCM_24,train
0967_창작국악_창작국악,0967,창작국악,아쟁,아쟁,아쟁,찰현,False,data/extracted/train/source/0967_창작국악_창작국악/0967_창작국악_창작국악_아쟁.wav,48000,2,4704000,98.0,PCM_24,train
0967_창작국악_창작국악,0967,창작국악,아쟁2,아쟁,아쟁,찰현,False,data/extracted/train/source/0967_창작국악_창작국악/0967_창작국악_창작국악_아쟁2.wav,48000,2,4704000,98.0,PCM_24,train
0967_창작국악_창작국악,0967,창작국악,장구,장구,타악기,타악,False,data/extracted/train/source/0967_창작국악_창작국악/0967_창작국악_창작국악_장구.wav,48000,2,4704000,98.0,PCM_24,train
0967_창작국악_창작국악,0967,창작국악,피리,피리,피리,관악,False,data/extracted/train/source/0967_창작국악_창작국악/0967_창작국악_창작국악_피리.wav,48000,2,4704000,98.0,PCM_24,train
0967_창작국악_창작국악,0967,창작국악,해금,해금,해금,찰현,False,data/extracted/train/source/0967_창작국악_창작국악/0967_창작국악_창작국악_해금.wav,48000,2,4704000,98.0,PCM_24,train
0968_창작국악_창작국악,0968,창작국악,가야금,가야금,가야금,발현,False,data/extracted/train/source/0968_창작국악_창작국악/0968_창작국악_창작국악_가야금.wav,48000,2,12410182,258.545,PCM_24,train
0968_창작국악_창작국악,0968,창작국악,거문고,거문고,거문고,발현,False,data/extracted/train/source/0968_창작국악_창작국악/0968_창작국악_창작국악_거문고.wav,48000,2,12410182,258.545,PCM_24,train
0968_창작국악_창작국악,0968,창작국악,대금,대금,대금,관악,False,data/extracted/train/source/0968_창작국악_창작국악/0968_창작국악_창작국악_대금.wav,48000,2,12410182,258.545,PCM_24,train
0968_창작국악_창작국악,0968,창작국악,대금2,대금,대금,관악,False,data/extracted/train/source/0968_창작국악_창작국악/0968_창작국악_창작국악_대금2.wav,48000,2,12410182,258.545,PCM_24,train
0968_창작국악_창작국악,0968,창작국악,북,북,타악기,타악,False,data/extracted/train/source/0968_창작국악_창작국악/0968_창작국악_창작국악_북.wav,48000,2,12410182,258.545,PCM_24,train
0968_창작국악_창작국악,0968,창작국악,소금,소금,기타,관악,False,data/extracted/train/source/0968_창작국악_창작국악/0968_창작국악_창작국악_소금.wav,48000,2,12410182,258.545,PCM_24,train
0968_창작국악_창작국악,0968,창작국악,아쟁,아쟁,아쟁,찰현,False,data/extracted/train/source/0968_창작국악_창작국악/0968_창작국악_창작국악_아쟁.wav,48000,2,12410182,258.545,PCM_24,train
0968_창작국악_창작국악,0968,창작국악,아쟁2,아쟁,아쟁,찰현,False,data/extracted/train/source/0968_창작국악_창작국악/0968_창작국악_창작국악_아쟁2.wav,48000,2,12410182,258.545,PCM_24,train
0968_창작국악_창작국악,0968,창작국악,장구,장구,타악기,타악,False,data/extracted/train/source/0968_창작국악_창작국악/0968_창작국악_창작국악_장구.wav,48000,2,12410182,258.545,PCM_24,train
0968_창작국악_창작국악,0968,창작국악,피리,피리,피리,관악,False,data/extracted/train/source/0968_창작국악_창작국악/0968_창작국악_창작국악_피리.wav,48000,2,12410182,258.545,PCM_24,train
0968_창작국악_창작국악,0968,창작국악,피리2,피리,피리,관악,False,data/extracted/train/source/0968_창작국악_창작국악/0968_창작국악_창작국악_피리2.wav,48000,2,12410182,258.545,PCM_24,train
0968_창작국악_창작국악,0968,창작국악,해금,해금,해금,찰현,False,data/extracted/train/source/0968_창작국악_창작국악/0968_창작국악_창작국악_해금.wav,48000,2,12410182,258.545,PCM_24,train
0970_창작국악_창작국악,0970,창작국악,가야금,가야금,가야금,발현,False,data/extracted/train/source/0970_창작국악_창작국악/0970_창작국악_창작국악_가야금.wav,48000,2,6294857,131.143,PCM_24,val
0970_창작국악_창작국악,0970,창작국악,거문고,거문고,거문고,발현,False,data/extracted/train/source/0970_창작국악_창작국악/0970_창작국악_창작국악_거문고.wav,48000,2,6294857,131.143,PCM_24,val
0970_창작국악_창작국악,0970,창작국악,대금,대금,대금,관악,False,data/extracted/train/source/0970_창작국악_창작국악/0970_창작국악_창작국악_대금.wav,48000,2,6294857,131.143,PCM_24,val
0970_창작국악_창작국악,0970,창작국악,북,북,타악기,타악,False,data/extracted/train/source/0970_창작국악_창작국악/0970_창작국악_창작국악_북.wav,48000,2,6294857,131.143,PCM_24,val
0970_창작국악_창작국악,0970,창작국악,소금,소금,기타,관악,False,data/extracted/train/source/0970_창작국악_창작국악/0970_창작국악_창작국악_소금.wav,48000,2,6294857,131.143,PCM_24,val
0970_창작국악_창작국악,0970,창작국악,아쟁,아쟁,아쟁,찰현,False,data/extracted/train/source/0970_창작국악_창작국악/0970_창작국악_창작국악_아쟁.wav,48000,2,6294857,131.143,PCM_24,val
0970_창작국악_창작국악,0970,창작국악,아쟁2,아쟁,아쟁,찰현,False,data/extracted/train/source/0970_창작국악_창작국악/0970_창작국악_창작국악_아쟁2.wav,48000,2,6294857,131.143,PCM_24,val
0970_창작국악_창작국악,0970,창작국악,장구,장구,타악기,타악,False,data/extracted/train/source/0970_창작국악_창작국악/0970_창작국악_창작국악_장구.wav,48000,2,6294857,131.143,PCM_24,val
0970_창작국악_창작국악,0970,창작국악,피리,피리,피리,관악,False,data/extracted/train/source/0970_창작국악_창작국악/0970_창작국악_창작국악_피리.wav,48000,2,6294857,131.143,PCM_24,val
0970_창작국악_창작국악,0970,창작국악,피리2,피리,피리,관악,False,data/extracted/train/source/0970_창작국악_창작국악/0970_창작국악_창작국악_피리2.wav,48000,2,6294857,131.143,PCM_24,val
0970_창작국악_창작국악,0970,창작국악,해금,해금,해금,찰현,False,data/extracted/train/source/0970_창작국악_창작국악/0970_창작국악_창작국악_해금.wav,48000,2,6294857,131.143,PCM_24,val
0971_창작국악_창작국악,0971,창작국악,가야금,가야금,가야금,발현,False,data/extracted/train/source/0971_창작국악_창작국악/0971_창작국악_창작국악_가야금.wav,48000,2,6336000,132.0,PCM_24,val
0971_창작국악_창작국악,0971,창작국악,거문고,거문고,거문고,발현,False,data/extracted/train/source/0971_창작국악_창작국악/0971_창작국악_창작국악_거문고.wav,48000,2,6336000,132.0,PCM_24,val
0971_창작국악_창작국악,0971,창작국악,대금,대금,대금,관악,False,data/extracted/train/source/0971_창작국악_창작국악/0971_창작국악_창작국악_대금.wav,48000,2,6336000,132.0,PCM_24,val
0971_창작국악_창작국악,0971,창작국악,북,북,타악기,타악,False,data/extracted/train/source/0971_창작국악_창작국악/0971_창작국악_창작국악_북.wav,48000,2,6336000,132.0,PCM_24,val
0971_창작국악_창작국악,0971,창작국악,소금,소금,기타,관악,False,data/extracted/train/source/0971_창작국악_창작국악/0971_창작국악_창작국악_소금.wav,48000,2,6336000,132.0,PCM_24,val
0971_창작국악_창작국악,0971,창작국악,아쟁,아쟁,아쟁,찰현,False,data/extracted/train/source/0971_창작국악_창작국악/0971_창작국악_창작국악_아쟁.wav,48000,2,6336000,132.0,PCM_24,val
0971_창작국악_창작국악,0971,창작국악,아쟁2,아쟁,아쟁,찰현,False,data/extracted/train/source/0971_창작국악_창작국악/0971_창작국악_창작국악_아쟁2.wav,48000,2,6336000,132.0,PCM_24,val
0971_창작국악_창작국악,0971,창작국악,장구,장구,타악기,타악,False,data/extracted/train/source/0971_창작국악_창작국악/0971_창작국악_창작국악_장구.wav,48000,2,6336000,132.0,PCM_24,val
0971_창작국악_창작국악,0971,창작국악,태평소,태평소,기타,관악,False,data/extracted/train/source/0971_창작국악_창작국악/0971_창작국악_창작국악_태평소.wav,48000,2,6336000,132.0,PCM_24,val
0971_창작국악_창작국악,0971,창작국악,피리,피리,피리,관악,False,data/extracted/train/source/0971_창작국악_창작국악/0971_창작국악_창작국악_피리.wav,48000,2,6336000,132.0,PCM_24,val
0971_창작국악_창작국악,0971,창작국악,피리2,피리,피리,관악,False,data/extracted/train/source/0971_창작국악_창작국악/0971_창작국악_창작국악_피리2.wav,48000,2,6336000,132.0,PCM_24,val
0971_창작국악_창작국악,0971,창작국악,해금,해금,해금,찰현,False,data/extracted/train/source/0971_창작국악_창작국악/0971_창작국악_창작국악_해금.wav,48000,2,6336000,132.0,PCM_24,val
0972_창작국악_창작국악,0972,창작국악,가야금,가야금,가야금,발현,False,data/extracted/train/source/0972_창작국악_창작국악/0972_창작국악_창작국악_가야금.wav,48000,2,15840000,330.0,PCM_24,train
0972_창작국악_창작국악,0972,창작국악,가야금2,가야금,가야금,발현,False,data/extracted/train/source/0972_창작국악_창작국악/0972_창작국악_창작국악_가야금2.wav,48000,2,15840000,330.0,PCM_24,train
0972_창작국악_창작국악,0972,창작국악,거문고,거문고,거문고,발현,False,data/extracted/train/source/0972_창작국악_창작국악/0972_창작국악_창작국악_거문고.wav,48000,2,15840000,330.0,PCM_24,train
0972_창작국악_창작국악,0972,창작국악,대금,대금,대금,관악,False,data/extracted/train/source/0972_창작국악_창작국악/0972_창작국악_창작국악_대금.wav,48000,2,15840000,330.0,PCM_24,train
0972_창작국악_창작국악,0972,창작국악,대금2,대금,대금,관악,False,data/extracted/train/source/0972_창작국악_창작국악/0972_창작국악_창작국악_대금2.wav,48000,2,15840000,330.0,PCM_24,train
0972_창작국악_창작국악,0972,창작국악,북,북,타악기,타악,False,data/extracted/train/source/0972_창작국악_창작국악/0972_창작국악_창작국악_북.wav,48000,2,15840000,330.0,PCM_24,train
0972_창작국악_창작국악,0972,창작국악,소금,소금,기타,관악,False,data/extracted/train/source/0972_창작국악_창작국악/0972_창작국악_창작국악_소금.wav,48000,2,15840000,330.0,PCM_24,train
0972_창작국악_창작국악,0972,창작국악,아쟁,아쟁,아쟁,찰현,False,data/extracted/train/source/0972_창작국악_창작국악/0972_창작국악_창작국악_아쟁.wav,48000,2,15840000,330.0,PCM_24,train
0972_창작국악_창작국악,0972,창작국악,아쟁2,아쟁,아쟁,찰현,False,data/extracted/train/source/0972_창작국악_창작국악/0972_창작국악_창작국악_아쟁2.wav,48000,2,15840000,330.0,PCM_24,train
0972_창작국악_창작국악,0972,창작국악,아쟁3,아쟁,아쟁,찰현,False,data/extracted/train/source/0972_창작국악_창작국악/0972_창작국악_창작국악_아쟁3.wav,48000,2,15840000,330.0,PCM_24,train
0972_창작국악_창작국악,0972,창작국악,아쟁4,아쟁,아쟁,찰현,False,data/extracted/train/source/0972_창작국악_창작국악/0972_창작국악_창작국악_아쟁4.wav,48000,2,15840000,330.0,PCM_24,train
0972_창작국악_창작국악,0972,창작국악,양금,양금,양금,발현,False,data/extracted/train/source/0972_창작국악_창작국악/0972_창작국악_창작국악_양금.wav,48000,2,15840000,330.0,PCM_24,train
0972_창작국악_창작국악,0972,창작국악,장구,장구,타악기,타악,False,data/extracted/train/source/0972_창작국악_창작국악/0972_창작국악_창작국악_장구.wav,48000,2,15840000,330.0,PCM_24,train
0972_창작국악_창작국악,0972,창작국악,태평소,태평소,기타,관악,False,data/extracted/train/source/0972_창작국악_창작국악/0972_창작국악_창작국악_태평소.wav,48000,2,15840000,330.0,PCM_24,train
0972_창작국악_창작국악,0972,창작국악,피리,피리,피리,관악,False,data/extracted/train/source/0972_창작국악_창작국악/0972_창작국악_창작국악_피리.wav,48000,2,15840000,330.0,PCM_24,train
0972_창작국악_창작국악,0972,창작국악,피리2,피리,피리,관악,False,data/extracted/train/source/0972_창작국악_창작국악/0972_창작국악_창작국악_피리2.wav,48000,2,15840000,330.0,PCM_24,train
0972_창작국악_창작국악,0972,창작국악,해금,해금,해금,찰현,False,data/extracted/train/source/0972_창작국악_창작국악/0972_창작국악_창작국악_해금.wav,48000,2,15840000,330.0,PCM_24,train
0972_창작국악_창작국악,0972,창작국악,해금2,해금,해금,찰현,False,data/extracted/train/source/0972_창작국악_창작국악/0972_창작국악_창작국악_해금2.wav,48000,2,15840000,330.0,PCM_24,train
0973_창작국악_창작국악,0973,창작국악,가야금,가야금,가야금,발현,False,data/extracted/train/source/0973_창작국악_창작국악/0973_창작국악_창작국악_가야금.wav,48000,2,15058286,313.714,PCM_24,train
0973_창작국악_창작국악,0973,창작국악,거문고,거문고,거문고,발현,False,data/extracted/train/source/0973_창작국악_창작국악/0973_창작국악_창작국악_거문고.wav,48000,2,15058286,313.714,PCM_24,train
0973_창작국악_창작국악,0973,창작국악,대금,대금,대금,관악,False,data/extracted/train/source/0973_창작국악_창작국악/0973_창작국악_창작국악_대금.wav,48000,2,15058286,313.714,PCM_24,train
0973_창작국악_창작국악,0973,창작국악,대금2,대금,대금,관악,False,data/extracted/train/source/0973_창작국악_창작국악/0973_창작국악_창작국악_대금2.wav,48000,2,15058286,313.714,PCM_24,train
0973_창작국악_창작국악,0973,창작국악,북,북,타악기,타악,False,data/extracted/train/source/0973_창작국악_창작국악/0973_창작국악_창작국악_북.wav,48000,2,15058286,313.714,PCM_24,train
0973_창작국악_창작국악,0973,창작국악,소금,소금,기타,관악,False,data/extracted/train/source/0973_창작국악_창작국악/0973_창작국악_창작국악_소금.wav,48000,2,15058286,313.714,PCM_24,train
0973_창작국악_창작국악,0973,창작국악,아쟁,아쟁,아쟁,찰현,False,data/extracted/train/source/0973_창작국악_창작국악/0973_창작국악_창작국악_아쟁.wav,48000,2,15058286,313.714,PCM_24,train
0973_창작국악_창작국악,0973,창작국악,아쟁2,아쟁,아쟁,찰현,False,data/extracted/train/source/0973_창작국악_창작국악/0973_창작국악_창작국악_아쟁2.wav,48000,2,15058286,313.714,PCM_24,train
0973_창작국악_창작국악,0973,창작국악,아쟁3,아쟁,아쟁,찰현,False,data/extracted/train/source/0973_창작국악_창작국악/0973_창작국악_창작국악_아쟁3.wav,48000,2,15058286,313.714,PCM_24,train
0973_창작국악_창작국악,0973,창작국악,아쟁4,아쟁,아쟁,찰현,False,data/extracted/train/source/0973_창작국악_창작국악/0973_창작국악_창작국악_아쟁4.wav,48000,2,15058286,313.714,PCM_24,train
0973_창작국악_창작국악,0973,창작국악,양금,양금,양금,발현,False,data/extracted/train/source/0973_창작국악_창작국악/0973_창작국악_창작국악_양금.wav,48000,2,15058286,313.714,PCM_24,train
0973_창작국악_창작국악,0973,창작국악,장구,장구,타악기,타악,False,data/extracted/train/source/0973_창작국악_창작국악/0973_창작국악_창작국악_장구.wav,48000,2,15058286,313.714,PCM_24,train
0973_창작국악_창작국악,0973,창작국악,피리,피리,피리,관악,False,data/extracted/train/source/0973_창작국악_창작국악/0973_창작국악_창작국악_피리.wav,48000,2,15058286,313.714,PCM_24,train
0973_창작국악_창작국악,0973,창작국악,해금,해금,해금,찰현,False,data/extracted/train/source/0973_창작국악_창작국악/0973_창작국악_창작국악_해금.wav,48000,2,15058286,313.714,PCM_24,train
0973_창작국악_창작국악,0973,창작국악,해금2,해금,해금,찰현,False,data/extracted/train/source/0973_창작국악_창작국악/0973_창작국악_창작국악_해금2.wav,48000,2,15058286,313.714,PCM_24,train
0974_창작국악_창작국악,0974,창작국악,가야금,가야금,가야금,발현,False,data/extracted/train/source/0974_창작국악_창작국악/0974_창작국악_창작국악_가야금.wav,48000,2,9216000,192.0,PCM_24,train
0974_창작국악_창작국악,0974,창작국악,거문고,거문고,거문고,발현,False,data/extracted/train/source/0974_창작국악_창작국악/0974_창작국악_창작국악_거문고.wav,48000,2,9216000,192.0,PCM_24,train
0974_창작국악_창작국악,0974,창작국악,대금,대금,대금,관악,False,data/extracted/train/source/0974_창작국악_창작국악/0974_창작국악_창작국악_대금.wav,48000,2,9216000,192.0,PCM_24,train
0974_창작국악_창작국악,0974,창작국악,대금2,대금,대금,관악,False,data/extracted/train/source/0974_창작국악_창작국악/0974_창작국악_창작국악_대금2.wav,48000,2,9216000,192.0,PCM_24,train
0974_창작국악_창작국악,0974,창작국악,북,북,타악기,타악,False,data/extracted/train/source/0974_창작국악_창작국악/0974_창작국악_창작국악_북.wav,48000,2,9216000,192.0,PCM_24,train
0974_창작국악_창작국악,0974,창작국악,소금,소금,기타,관악,False,data/extracted/train/source/0974_창작국악_창작국악/0974_창작국악_창작국악_소금.wav,48000,2,9216000,192.0,PCM_24,train
0974_창작국악_창작국악,0974,창작국악,아쟁,아쟁,아쟁,찰현,False,data/extracted/train/source/0974_창작국악_창작국악/0974_창작국악_창작국악_아쟁.wav,48000,2,9216000,192.0,PCM_24,train
0974_창작국악_창작국악,0974,창작국악,아쟁2,아쟁,아쟁,찰현,False,data/extracted/train/source/0974_창작국악_창작국악/0974_창작국악_창작국악_아쟁2.wav,48000,2,9216000,192.0,PCM_24,train
0974_창작국악_창작국악,0974,창작국악,아쟁3,아쟁,아쟁,찰현,False,data/extracted/train/source/0974_창작국악_창작국악/0974_창작국악_창작국악_아쟁3.wav,48000,2,9216000,192.0,PCM_24,train
0974_창작국악_창작국악,0974,창작국악,아쟁4,아쟁,아쟁,찰현,False,data/extracted/train/source/0974_창작국악_창작국악/0974_창작국악_창작국악_아쟁4.wav,48000,2,9216000,192.0,PCM_24,train
0974_창작국악_창작국악,0974,창작국악,양금,양금,양금,발현,False,data/extracted/train/source/0974_창작국악_창작국악/0974_창작국악_창작국악_양금.wav,48000,2,9216000,192.0,PCM_24,train
0974_창작국악_창작국악,0974,창작국악,장구,장구,타악기,타악,False,data/extracted/train/source/0974_창작국악_창작국악/0974_창작국악_창작국악_장구.wav,48000,2,9216000,192.0,PCM_24,train
0974_창작국악_창작국악,0974,창작국악,피리,피리,피리,관악,False,data/extracted/train/source/0974_창작국악_창작국악/0974_창작국악_창작국악_피리.wav,48000,2,9216000,192.0,PCM_24,train
0974_창작국악_창작국악,0974,창작국악,피리2,피리,피리,관악,False,data/extracted/train/source/0974_창작국악_창작국악/0974_창작국악_창작국악_피리2.wav,48000,2,9216000,192.0,PCM_24,train
0974_창작국악_창작국악,0974,창작국악,해금,해금,해금,찰현,False,data/extracted/train/source/0974_창작국악_창작국악/0974_창작국악_창작국악_해금.wav,48000,2,9216000,192.0,PCM_24,train
0974_창작국악_창작국악,0974,창작국악,해금2,해금,해금,찰현,False,data/extracted/train/source/0974_창작국악_창작국악/0974_창작국악_창작국악_해금2.wav,48000,2,9216000,192.0,PCM_24,train
0975_창작국악_창작국악,0975,창작국악,가야금,가야금,가야금,발현,False,data/extracted/val/source/0975_창작국악_창작국악/0975_창작국악_창작국악_가야금.wav,48000,2,13932000,290.25,PCM_24,train
0975_창작국악_창작국악,0975,창작국악,가야금2,가야금,가야금,발현,False,data/extracted/val/source/0975_창작국악_창작국악/0975_창작국악_창작국악_가야금2.wav,48000,2,13932000,290.25,PCM_24,train
0975_창작국악_창작국악,0975,창작국악,거문고,거문고,거문고,발현,False,data/extracted/val/source/0975_창작국악_창작국악/0975_창작국악_창작국악_거문고.wav,48000,2,13932000,290.25,PCM_24,train
0975_창작국악_창작국악,0975,창작국악,대금,대금,대금,관악,False,data/extracted/val/source/0975_창작국악_창작국악/0975_창작국악_창작국악_대금.wav,48000,2,13932000,290.25,PCM_24,train
0975_창작국악_창작국악,0975,창작국악,대금2,대금,대금,관악,False,data/extracted/val/source/0975_창작국악_창작국악/0975_창작국악_창작국악_대금2.wav,48000,2,13932000,290.25,PCM_24,train
0975_창작국악_창작국악,0975,창작국악,북,북,타악기,타악,False,data/extracted/val/source/0975_창작국악_창작국악/0975_창작국악_창작국악_북.wav,48000,2,13932000,290.25,PCM_24,train
0975_창작국악_창작국악,0975,창작국악,소금,소금,기타,관악,False,data/extracted/val/source/0975_창작국악_창작국악/0975_창작국악_창작국악_소금.wav,48000,2,13932000,290.25,PCM_24,train
0975_창작국악_창작국악,0975,창작국악,아쟁,아쟁,아쟁,찰현,False,data/extracted/val/source/0975_창작국악_창작국악/0975_창작국악_창작국악_아쟁.wav,48000,2,13932000,290.25,PCM_24,train
0975_창작국악_창작국악,0975,창작국악,아쟁2,아쟁,아쟁,찰현,False,data/extracted/val/source/0975_창작국악_창작국악/0975_창작국악_창작국악_아쟁2.wav,48000,2,13932000,290.25,PCM_24,train
0975_창작국악_창작국악,0975,창작국악,아쟁3,아쟁,아쟁,찰현,False,data/extracted/val/source/0975_창작국악_창작국악/0975_창작국악_창작국악_아쟁3.wav,48000,2,13932000,290.25,PCM_24,train
0975_창작국악_창작국악,0975,창작국악,양금,양금,양금,발현,False,data/extracted/val/source/0975_창작국악_창작국악/0975_창작국악_창작국악_양금.wav,48000,2,13932000,290.25,PCM_24,train
0975_창작국악_창작국악,0975,창작국악,장구,장구,타악기,타악,False,data/extracted/val/source/0975_창작국악_창작국악/0975_창작국악_창작국악_장구.wav,48000,2,13932000,290.25,PCM_24,train
0975_창작국악_창작국악,0975,창작국악,태평소,태평소,기타,관악,False,data/extracted/val/source/0975_창작국악_창작국악/0975_창작국악_창작국악_태평소.wav,48000,2,13932000,290.25,PCM_24,train
0975_창작국악_창작국악,0975,창작국악,피리,피리,피리,관악,False,data/extracted/val/source/0975_창작국악_창작국악/0975_창작국악_창작국악_피리.wav,48000,2,13932000,290.25,PCM_24,train
0975_창작국악_창작국악,0975,창작국악,피리2,피리,피리,관악,False,data/extracted/val/source/0975_창작국악_창작국악/0975_창작국악_창작국악_피리2.wav,48000,2,13932000,290.25,PCM_24,train
0975_창작국악_창작국악,0975,창작국악,해금,해금,해금,찰현,False,data/extracted/val/source/0975_창작국악_창작국악/0975_창작국악_창작국악_해금.wav,48000,2,13932000,290.25,PCM_24,train
0975_창작국악_창작국악,0975,창작국악,해금2,해금,해금,찰현,False,data/extracted/val/source/0975_창작국악_창작국악/0975_창작국악_창작국악_해금2.wav,48000,2,13932000,290.25,PCM_24,train
0976_창작국악_창작국악,0976,창작국악,가야금,가야금,가야금,발현,False,data/extracted/train/source/0976_창작국악_창작국악/0976_창작국악_창작국악_가야금.wav,48000,2,14112000,294.0,PCM_24,train
0977_창작국악_창작국악,0977,창작국악,가야금,가야금,가야금,발현,False,data/extracted/train/source/0977_창작국악_창작국악/0977_창작국악_창작국악_가야금.wav,48000,2,3517714,73.286,PCM_24,train
0977_창작국악_창작국악,0977,창작국악,가야금2,가야금,가야금,발현,False,data/extracted/train/source/0977_창작국악_창작국악/0977_창작국악_창작국악_가야금2.wav,48000,2,3517714,73.286,PCM_24,train
0977_창작국악_창작국악,0977,창작국악,거문고,거문고,거문고,발현,False,data/extracted/train/source/0977_창작국악_창작국악/0977_창작국악_창작국악_거문고.wav,48000,2,3517714,73.286,PCM_24,train
0977_창작국악_창작국악,0977,창작국악,대금,대금,대금,관악,False,data/extracted/train/source/0977_창작국악_창작국악/0977_창작국악_창작국악_대금.wav,48000,2,3517714,73.286,PCM_24,train
0977_창작국악_창작국악,0977,창작국악,대금2,대금,대금,관악,False,data/extracted/train/source/0977_창작국악_창작국악/0977_창작국악_창작국악_대금2.wav,48000,2,3517714,73.286,PCM_24,train
0977_창작국악_창작국악,0977,창작국악,바라,바라,타악기,타악,False,data/extracted/train/source/0977_창작국악_창작국악/0977_창작국악_창작국악_바라.wav,48000,2,3517714,73.286,PCM_24,train
0977_창작국악_창작국악,0977,창작국악,북,북,타악기,타악,False,data/extracted/train/source/0977_창작국악_창작국악/0977_창작국악_창작국악_북.wav,48000,2,3517714,73.286,PCM_24,train
0977_창작국악_창작국악,0977,창작국악,소금,소금,기타,관악,False,data/extracted/train/source/0977_창작국악_창작국악/0977_창작국악_창작국악_소금.wav,48000,2,3517714,73.286,PCM_24,train
0977_창작국악_창작국악,0977,창작국악,아쟁,아쟁,아쟁,찰현,False,data/extracted/train/source/0977_창작국악_창작국악/0977_창작국악_창작국악_아쟁.wav,48000,2,3517714,73.286,PCM_24,train
0977_창작국악_창작국악,0977,창작국악,아쟁2,아쟁,아쟁,찰현,False,data/extracted/train/source/0977_창작국악_창작국악/0977_창작국악_창작국악_아쟁2.wav,48000,2,3517714,73.286,PCM_24,train
0977_창작국악_창작국악,0977,창작국악,장구,장구,타악기,타악,False,data/extracted/train/source/0977_창작국악_창작국악/0977_창작국악_창작국악_장구.wav,48000,2,3517714,73.286,PCM_24,train
0977_창작국악_창작국악,0977,창작국악,피리,피리,피리,관악,False,data/extracted/train/source/0977_창작국악_창작국악/0977_창작국악_창작국악_피리.wav,48000,2,3517714,73.286,PCM_24,train
0977_창작국악_창작국악,0977,창작국악,피리2,피리,피리,관악,False,data/extracted/train/source/0977_창작국악_창작국악/0977_창작국악_창작국악_피리2.wav,48000,2,3517714,73.286,PCM_24,train
0977_창작국악_창작국악,0977,창작국악,해금,해금,해금,찰현,False,data/extracted/train/source/0977_창작국악_창작국악/0977_창작국악_창작국악_해금.wav,48000,2,3517714,73.286,PCM_24,train
0978_창작국악_창작국악,0978,창작국악,가야금,가야금,가야금,발현,False,data/extracted/train/source/0978_창작국악_창작국악/0978_창작국악_창작국악_가야금.wav,48000,2,4443429,92.571,PCM_24,train
0978_창작국악_창작국악,0978,창작국악,가야금2,가야금,가야금,발현,False,data/extracted/train/source/0978_창작국악_창작국악/0978_창작국악_창작국악_가야금2.wav,48000,2,4443429,92.571,PCM_24,train
0978_창작국악_창작국악,0978,창작국악,거문고,거문고,거문고,발현,False,data/extracted/train/source/0978_창작국악_창작국악/0978_창작국악_창작국악_거문고.wav,48000,2,4443429,92.571,PCM_24,train
0978_창작국악_창작국악,0978,창작국악,대금,대금,대금,관악,False,data/extracted/train/source/0978_창작국악_창작국악/0978_창작국악_창작국악_대금.wav,48000,2,4443429,92.571,PCM_24,train
0978_창작국악_창작국악,0978,창작국악,대금2,대금,대금,관악,False,data/extracted/train/source/0978_창작국악_창작국악/0978_창작국악_창작국악_대금2.wav,48000,2,4443429,92.571,PCM_24,train
0978_창작국악_창작국악,0978,창작국악,바라,바라,타악기,타악,False,data/extracted/train/source/0978_창작국악_창작국악/0978_창작국악_창작국악_바라.wav,48000,2,4443429,92.571,PCM_24,train
0978_창작국악_창작국악,0978,창작국악,북,북,타악기,타악,False,data/extracted/train/source/0978_창작국악_창작국악/0978_창작국악_창작국악_북.wav,48000,2,4443429,92.571,PCM_24,train
0978_창작국악_창작국악,0978,창작국악,소금,소금,기타,관악,False,data/extracted/train/source/0978_창작국악_창작국악/0978_창작국악_창작국악_소금.wav,48000,2,4443429,92.571,PCM_24,train
0978_창작국악_창작국악,0978,창작국악,아쟁,아쟁,아쟁,찰현,False,data/extracted/train/source/0978_창작국악_창작국악/0978_창작국악_창작국악_아쟁.wav,48000,2,4443429,92.571,PCM_24,train
0978_창작국악_창작국악,0978,창작국악,아쟁2,아쟁,아쟁,찰현,False,data/extracted/train/source/0978_창작국악_창작국악/0978_창작국악_창작국악_아쟁2.wav,48000,2,4443429,92.571,PCM_24,train
0978_창작국악_창작국악,0978,창작국악,장구,장구,타악기,타악,False,data/extracted/train/source/0978_창작국악_창작국악/0978_창작국악_창작국악_장구.wav,48000,2,4443429,92.571,PCM_24,train
0978_창작국악_창작국악,0978,창작국악,피리,피리,피리,관악,False,data/extracted/train/source/0978_창작국악_창작국악/0978_창작국악_창작국악_피리.wav,48000,2,4443429,92.571,PCM_24,train
0978_창작국악_창작국악,0978,창작국악,피리2,피리,피리,관악,False,data/extracted/train/source/0978_창작국악_창작국악/0978_창작국악_창작국악_피리2.wav,48000,2,4443429,92.571,PCM_24,train
0978_창작국악_창작국악,0978,창작국악,해금,해금,해금,찰현,False,data/extracted/train/source/0978_창작국악_창작국악/0978_창작국악_창작국악_해금.wav,48000,2,4443429,92.571,PCM_24,train
0979_창작국악_창작국악,0979,창작국악,가야금,가야금,가야금,발현,False,data/extracted/val/source/0979_창작국악_창작국악/0979_창작국악_창작국악_가야금.wav,48000,2,9792000,204.0,PCM_24,train
0979_창작국악_창작국악,0979,창작국악,거문고,거문고,거문고,발현,False,data/extracted/val/source/0979_창작국악_창작국악/0979_창작국악_창작국악_거문고.wav,48000,2,9792000,204.0,PCM_24,train
0979_창작국악_창작국악,0979,창작국악,단소,단소,기타,관악,False,data/extracted/val/source/0979_창작국악_창작국악/0979_창작국악_창작국악_단소.wav,48000,2,9792000,204.0,PCM_24,train
0979_창작국악_창작국악,0979,창작국악,대고,대고,타악기,타악,False,data/extracted/val/source/0979_창작국악_창작국악/0979_창작국악_창작국악_대고.wav,48000,2,9792000,204.0,PCM_24,train
0979_창작국악_창작국악,0979,창작국악,대금,대금,대금,관악,False,data/extracted/val/source/0979_창작국악_창작국악/0979_창작국악_창작국악_대금.wav,48000,2,9792000,204.0,PCM_24,train
0979_창작국악_창작국악,0979,창작국악,대금2,대금,대금,관악,False,data/extracted/val/source/0979_창작국악_창작국악/0979_창작국악_창작국악_대금2.wav,48000,2,9792000,204.0,PCM_24,train
0979_창작국악_창작국악,0979,창작국악,북,북,타악기,타악,False,data/extracted/val/source/0979_창작국악_창작국악/0979_창작국악_창작국악_북.wav,48000,2,9792000,204.0,PCM_24,train
0979_창작국악_창작국악,0979,창작국악,아쟁2,아쟁,아쟁,찰현,False,data/extracted/val/source/0979_창작국악_창작국악/0979_창작국악_창작국악_아쟁2.wav,48000,2,9792000,204.0,PCM_24,train
0979_창작국악_창작국악,0979,창작국악,장구,장구,타악기,타악,False,data/extracted/val/source/0979_창작국악_창작국악/0979_창작국악_창작국악_장구.wav,48000,2,9792000,204.0,PCM_24,train
0979_창작국악_창작국악,0979,창작국악,피리,피리,피리,관악,False,data/extracted/val/source/0979_창작국악_창작국악/0979_창작국악_창작국악_피리.wav,48000,2,9792000,204.0,PCM_24,train
0979_창작국악_창작국악,0979,창작국악,피리2,피리,피리,관악,False,data/extracted/val/source/0979_창작국악_창작국악/0979_창작국악_창작국악_피리2.wav,48000,2,9792000,204.0,PCM_24,train
0979_창작국악_창작국악,0979,창작국악,피리3,피리,피리,관악,False,data/extracted/val/source/0979_창작국악_창작국악/0979_창작국악_창작국악_피리3.wav,48000,2,9792000,204.0,PCM_24,train
0979_창작국악_창작국악,0979,창작국악,해금,해금,해금,찰현,False,data/extracted/val/source/0979_창작국악_창작국악/0979_창작국악_창작국악_해금.wav,48000,2,9792000,204.0,PCM_24,train
0979_창작국악_창작국악,0979,창작국악,해금2,해금,해금,찰현,False,data/extracted/val/source/0979_창작국악_창작국악/0979_창작국악_창작국악_해금2.wav,48000,2,9792000,204.0,PCM_24,train
0980_창작국악_창작국악,0980,창작국악,가야금,가야금,가야금,발현,False,data/extracted/train/source/0980_창작국악_창작국악/0980_창작국악_창작국악_가야금.wav,48000,2,7158857,149.143,PCM_24,train
0980_창작국악_창작국악,0980,창작국악,거문고,거문고,거문고,발현,False,data/extracted/train/source/0980_창작국악_창작국악/0980_창작국악_창작국악_거문고.wav,48000,2,7158857,149.143,PCM_24,train
0980_창작국악_창작국악,0980,창작국악,대고,대고,타악기,타악,False,data/extracted/train/source/0980_창작국악_창작국악/0980_창작국악_창작국악_대고.wav,48000,2,7158857,149.143,PCM_24,train
0980_창작국악_창작국악,0980,창작국악,대금,대금,대금,관악,False,data/extracted/train/source/0980_창작국악_창작국악/0980_창작국악_창작국악_대금.wav,48000,2,7158857,149.143,PCM_24,train
0980_창작국악_창작국악,0980,창작국악,소금,소금,기타,관악,False,data/extracted/train/source/0980_창작국악_창작국악/0980_창작국악_창작국악_소금.wav,48000,2,7158857,149.143,PCM_24,train
0980_창작국악_창작국악,0980,창작국악,아쟁,아쟁,아쟁,찰현,False,data/extracted/train/source/0980_창작국악_창작국악/0980_창작국악_창작국악_아쟁.wav,48000,2,7158857,149.143,PCM_24,train
0980_창작국악_창작국악,0980,창작국악,아쟁2,아쟁,아쟁,찰현,False,data/extracted/train/source/0980_창작국악_창작국악/0980_창작국악_창작국악_아쟁2.wav,48000,2,7158857,149.143,PCM_24,train
0980_창작국악_창작국악,0980,창작국악,양금,양금,양금,발현,False,data/extracted/train/source/0980_창작국악_창작국악/0980_창작국악_창작국악_양금.wav,48000,2,7158857,149.143,PCM_24,train
0980_창작국악_창작국악,0980,창작국악,장구,장구,타악기,타악,False,data/extracted/train/source/0980_창작국악_창작국악/0980_창작국악_창작국악_장구.wav,48000,2,7158857,149.143,PCM_24,train
0980_창작국악_창작국악,0980,창작국악,태평소,태평소,기타,관악,False,data/extracted/train/source/0980_창작국악_창작국악/0980_창작국악_창작국악_태평소.wav,48000,2,7158857,149.143,PCM_24,train
0980_창작국악_창작국악,0980,창작국악,피리,피리,피리,관악,False,data/extracted/train/source/0980_창작국악_창작국악/0980_창작국악_창작국악_피리.wav,48000,2,7158857,149.143,PCM_24,train
0980_창작국악_창작국악,0980,창작국악,해금,해금,해금,찰현,False,data/extracted/train/source/0980_창작국악_창작국악/0980_창작국악_창작국악_해금.wav,48000,2,7158857,149.143,PCM_24,train
0981_창작국악_창작국악,0981,창작국악,가야금,가야금,가야금,발현,False,data/extracted/train/source/0981_창작국악_창작국악/0981_창작국악_창작국악_가야금.wav,48000,2,13352727,278.182,PCM_24,val
0981_창작국악_창작국악,0981,창작국악,거문고,거문고,거문고,발현,False,data/extracted/train/source/0981_창작국악_창작국악/0981_창작국악_창작국악_거문고.wav,48000,2,13352727,278.182,PCM_24,val
0981_창작국악_창작국악,0981,창작국악,대고,대고,타악기,타악,False,data/extracted/train/source/0981_창작국악_창작국악/0981_창작국악_창작국악_대고.wav,48000,2,13352727,278.182,PCM_24,val
0981_창작국악_창작국악,0981,창작국악,대금,대금,대금,관악,False,data/extracted/train/source/0981_창작국악_창작국악/0981_창작국악_창작국악_대금.wav,48000,2,13352727,278.182,PCM_24,val
0981_창작국악_창작국악,0981,창작국악,소금,소금,기타,관악,False,data/extracted/train/source/0981_창작국악_창작국악/0981_창작국악_창작국악_소금.wav,48000,2,13352727,278.182,PCM_24,val
0981_창작국악_창작국악,0981,창작국악,아쟁,아쟁,아쟁,찰현,False,data/extracted/train/source/0981_창작국악_창작국악/0981_창작국악_창작국악_아쟁.wav,48000,2,13352727,278.182,PCM_24,val
0981_창작국악_창작국악,0981,창작국악,아쟁2,아쟁,아쟁,찰현,False,data/extracted/train/source/0981_창작국악_창작국악/0981_창작국악_창작국악_아쟁2.wav,48000,2,13352727,278.182,PCM_24,val
0981_창작국악_창작국악,0981,창작국악,양금,양금,양금,발현,False,data/extracted/train/source/0981_창작국악_창작국악/0981_창작국악_창작국악_양금.wav,48000,2,13352727,278.182,PCM_24,val
0981_창작국악_창작국악,0981,창작국악,장구,장구,타악기,타악,False,data/extracted/train/source/0981_창작국악_창작국악/0981_창작국악_창작국악_장구.wav,48000,2,13352727,278.182,PCM_24,val
0981_창작국악_창작국악,0981,창작국악,피리,피리,피리,관악,False,data/extracted/train/source/0981_창작국악_창작국악/0981_창작국악_창작국악_피리.wav,48000,2,13352727,278.182,PCM_24,val
0981_창작국악_창작국악,0981,창작국악,피리2,피리,피리,관악,False,data/extracted/train/source/0981_창작국악_창작국악/0981_창작국악_창작국악_피리2.wav,48000,2,13352727,278.182,PCM_24,val
0981_창작국악_창작국악,0981,창작국악,해금,해금,해금,찰현,False,data/extracted/train/source/0981_창작국악_창작국악/0981_창작국악_창작국악_해금.wav,48000,2,13352727,278.182,PCM_24,val
0982_창작국악_창작국악,0982,창작국악,가야금,가야금,가야금,발현,False,data/extracted/train/source/0982_창작국악_창작국악/0982_창작국악_창작국악_가야금.wav,48000,2,8393143,174.857,PCM_24,train
0982_창작국악_창작국악,0982,창작국악,거문고,거문고,거문고,발현,False,data/extracted/train/source/0982_창작국악_창작국악/0982_창작국악_창작국악_거문고.wav,48000,2,8393143,174.857,PCM_24,train
0982_창작국악_창작국악,0982,창작국악,단소,단소,기타,관악,False,data/extracted/train/source/0982_창작국악_창작국악/0982_창작국악_창작국악_단소.wav,48000,2,8393143,174.857,PCM_24,train
0982_창작국악_창작국악,0982,창작국악,대금,대금,대금,관악,False,data/extracted/train/source/0982_창작국악_창작국악/0982_창작국악_창작국악_대금.wav,48000,2,8393143,174.857,PCM_24,train
0982_창작국악_창작국악,0982,창작국악,아쟁,아쟁,아쟁,찰현,False,data/extracted/train/source/0982_창작국악_창작국악/0982_창작국악_창작국악_아쟁.wav,48000,2,8393143,174.857,PCM_24,train
0982_창작국악_창작국악,0982,창작국악,양금,양금,양금,발현,False,data/extracted/train/source/0982_창작국악_창작국악/0982_창작국악_창작국악_양금.wav,48000,2,8393143,174.857,PCM_24,train
0982_창작국악_창작국악,0982,창작국악,장구,장구,타악기,타악,False,data/extracted/train/source/0982_창작국악_창작국악/0982_창작국악_창작국악_장구.wav,48000,2,8393143,174.857,PCM_24,train
0982_창작국악_창작국악,0982,창작국악,피리,피리,피리,관악,False,data/extracted/train/source/0982_창작국악_창작국악/0982_창작국악_창작국악_피리.wav,48000,2,8393143,174.857,PCM_24,train
0982_창작국악_창작국악,0982,창작국악,해금,해금,해금,찰현,False,data/extracted/train/source/0982_창작국악_창작국악/0982_창작국악_창작국악_해금.wav,48000,2,8393143,174.857,PCM_24,train
0984_창작국악_창작국악,0984,창작국악,가야금,가야금,가야금,발현,False,data/extracted/train/source/0984_창작국악_창작국악/0984_창작국악_창작국악_가야금.wav,48000,2,8985600,187.2,PCM_24,train
0984_창작국악_창작국악,0984,창작국악,거문고,거문고,거문고,발현,False,data/extracted/train/source/0984_창작국악_창작국악/0984_창작국악_창작국악_거문고.wav,48000,2,8985600,187.2,PCM_24,train
0984_창작국악_창작국악,0984,창작국악,대고,대고,타악기,타악,False,data/extracted/train/source/0984_창작국악_창작국악/0984_창작국악_창작국악_대고.wav,48000,2,8985600,187.2,PCM_24,train
0984_창작국악_창작국악,0984,창작국악,대금,대금,대금,관악,False,data/extracted/train/source/0984_창작국악_창작국악/0984_창작국악_창작국악_대금.wav,48000,2,8985600,187.2,PCM_24,train
0984_창작국악_창작국악,0984,창작국악,소금,소금,기타,관악,False,data/extracted/train/source/0984_창작국악_창작국악/0984_창작국악_창작국악_소금.wav,48000,2,8985600,187.2,PCM_24,train
0984_창작국악_창작국악,0984,창작국악,아쟁,아쟁,아쟁,찰현,False,data/extracted/train/source/0984_창작국악_창작국악/0984_창작국악_창작국악_아쟁.wav,48000,2,8985600,187.2,PCM_24,train
0984_창작국악_창작국악,0984,창작국악,장구,장구,타악기,타악,False,data/extracted/train/source/0984_창작국악_창작국악/0984_창작국악_창작국악_장구.wav,48000,2,8985600,187.2,PCM_24,train
0984_창작국악_창작국악,0984,창작국악,피리,피리,피리,관악,False,data/extracted/train/source/0984_창작국악_창작국악/0984_창작국악_창작국악_피리.wav,48000,2,8985600,187.2,PCM_24,train
0984_창작국악_창작국악,0984,창작국악,해금,해금,해금,찰현,False,data/extracted/train/source/0984_창작국악_창작국악/0984_창작국악_창작국악_해금.wav,48000,2,8985600,187.2,PCM_24,train
0985_창작국악_창작국악,0985,창작국악,가야금,가야금,가야금,발현,False,data/extracted/train/source/0985_창작국악_창작국악/0985_창작국악_창작국악_가야금.wav,48000,2,16800000,350.0,PCM_24,train
0985_창작국악_창작국악,0985,창작국악,가야금2,가야금,가야금,발현,False,data/extracted/train/source/0985_창작국악_창작국악/0985_창작국악_창작국악_가야금2.wav,48000,2,16800000,350.0,PCM_24,train
0985_창작국악_창작국악,0985,창작국악,가야금3,가야금,가야금,발현,False,data/extracted/train/source/0985_창작국악_창작국악/0985_창작국악_창작국악_가야금3.wav,48000,2,16800000,350.0,PCM_24,train
0985_창작국악_창작국악,0985,창작국악,거문고,거문고,거문고,발현,False,data/extracted/train/source/0985_창작국악_창작국악/0985_창작국악_창작국악_거문고.wav,48000,2,16800000,350.0,PCM_24,train
0985_창작국악_창작국악,0985,창작국악,대고,대고,타악기,타악,False,data/extracted/train/source/0985_창작국악_창작국악/0985_창작국악_창작국악_대고.wav,48000,2,16800000,350.0,PCM_24,train
0985_창작국악_창작국악,0985,창작국악,대금,대금,대금,관악,False,data/extracted/train/source/0985_창작국악_창작국악/0985_창작국악_창작국악_대금.wav,48000,2,16800000,350.0,PCM_24,train
0985_창작국악_창작국악,0985,창작국악,소금,소금,기타,관악,False,data/extracted/train/source/0985_창작국악_창작국악/0985_창작국악_창작국악_소금.wav,48000,2,16800000,350.0,PCM_24,train
0985_창작국악_창작국악,0985,창작국악,아쟁,아쟁,아쟁,찰현,False,data/extracted/train/source/0985_창작국악_창작국악/0985_창작국악_창작국악_아쟁.wav,48000,2,16800000,350.0,PCM_24,train
0985_창작국악_창작국악,0985,창작국악,장구,장구,타악기,타악,False,data/extracted/train/source/0985_창작국악_창작국악/0985_창작국악_창작국악_장구.wav,48000,2,16800000,350.0,PCM_24,train
0985_창작국악_창작국악,0985,창작국악,피리,피리,피리,관악,False,data/extracted/train/source/0985_창작국악_창작국악/0985_창작국악_창작국악_피리.wav,48000,2,16800000,350.0,PCM_24,train
0985_창작국악_창작국악,0985,창작국악,해금,해금,해금,찰현,False,data/extracted/train/source/0985_창작국악_창작국악/0985_창작국악_창작국악_해금.wav,48000,2,16800000,350.0,PCM_24,train
0986_창작국악_창작국악,0986,창작국악,가야금,가야금,가야금,발현,False,data/extracted/train/source/0986_창작국악_창작국악/0986_창작국악_창작국악_가야금.wav,48000,2,9083077,189.231,PCM_24,train
0986_창작국악_창작국악,0986,창작국악,가야금2,가야금,가야금,발현,False,data/extracted/train/source/0986_창작국악_창작국악/0986_창작국악_창작국악_가야금2.wav,48000,2,9083077,189.231,PCM_24,train
0986_창작국악_창작국악,0986,창작국악,대금,대금,대금,관악,False,data/extracted/train/source/0986_창작국악_창작국악/0986_창작국악_창작국악_대금.wav,48000,2,9083077,189.231,PCM_24,train
0986_창작국악_창작국악,0986,창작국악,아쟁,아쟁,아쟁,찰현,False,data/extracted/train/source/0986_창작국악_창작국악/0986_창작국악_창작국악_아쟁.wav,48000,2,9083077,189.231,PCM_24,train
0987_창작국악_창작국악,0987,창작국악,가야금,가야금,가야금,발현,False,data/extracted/val/source/0987_창작국악_창작국악/0987_창작국악_창작국악_가야금.wav,48000,2,14256000,297.0,PCM_24,val
0987_창작국악_창작국악,0987,창작국악,거문고,거문고,거문고,발현,False,data/extracted/val/source/0987_창작국악_창작국악/0987_창작국악_창작국악_거문고.wav,48000,2,14256000,297.0,PCM_24,val
0987_창작국악_창작국악,0987,창작국악,대금,대금,대금,관악,False,data/extracted/val/source/0987_창작국악_창작국악/0987_창작국악_창작국악_대금.wav,48000,2,14256000,297.0,PCM_24,val
0987_창작국악_창작국악,0987,창작국악,소금,소금,기타,관악,False,data/extracted/val/source/0987_창작국악_창작국악/0987_창작국악_창작국악_소금.wav,48000,2,14256000,297.0,PCM_24,val
0987_창작국악_창작국악,0987,창작국악,아쟁,아쟁,아쟁,찰현,False,data/extracted/val/source/0987_창작국악_창작국악/0987_창작국악_창작국악_아쟁.wav,48000,2,14256000,297.0,PCM_24,val
0987_창작국악_창작국악,0987,창작국악,아쟁2,아쟁,아쟁,찰현,False,data/extracted/val/source/0987_창작국악_창작국악/0987_창작국악_창작국악_아쟁2.wav,48000,2,14256000,297.0,PCM_24,val
0987_창작국악_창작국악,0987,창작국악,피리,피리,피리,관악,False,data/extracted/val/source/0987_창작국악_창작국악/0987_창작국악_창작국악_피리.wav,48000,2,14256000,297.0,PCM_24,val
0987_창작국악_창작국악,0987,창작국악,해금,해금,해금,찰현,False,data/extracted/val/source/0987_창작국악_창작국악/0987_창작국악_창작국악_해금.wav,48000,2,14256000,297.0,PCM_24,val
0989_창작국악_창작국악,0989,창작국악,가야금,가야금,가야금,발현,False,data/extracted/train/source/0989_창작국악_창작국악/0989_창작국악_창작국악_가야금.wav,48000,2,5088000,106.0,PCM_24,train
0989_창작국악_창작국악,0989,창작국악,거문고,거문고,거문고,발현,False,data/extracted/train/source/0989_창작국악_창작국악/0989_창작국악_창작국악_거문고.wav,48000,2,5088000,106.0,PCM_24,train
0989_창작국악_창작국악,0989,창작국악,대금,대금,대금,관악,False,data/extracted/train/source/0989_창작국악_창작국악/0989_창작국악_창작국악_대금.wav,48000,2,5088000,106.0,PCM_24,train
0989_창작국악_창작국악,0989,창작국악,소금,소금,기타,관악,False,data/extracted/train/source/0989_창작국악_창작국악/0989_창작국악_창작국악_소금.wav,48000,2,5088000,106.0,PCM_24,train
0989_창작국악_창작국악,0989,창작국악,아쟁,아쟁,아쟁,찰현,False,data/extracted/train/source/0989_창작국악_창작국악/0989_창작국악_창작국악_아쟁.wav,48000,2,5088000,106.0,PCM_24,train
0989_창작국악_창작국악,0989,창작국악,피리,피리,피리,관악,False,data/extracted/train/source/0989_창작국악_창작국악/0989_창작국악_창작국악_피리.wav,48000,2,5088000,106.0,PCM_24,train
0989_창작국악_창작국악,0989,창작국악,피리2,피리,피리,관악,False,data/extracted/train/source/0989_창작국악_창작국악/0989_창작국악_창작국악_피리2.wav,48000,2,5088000,106.0,PCM_24,train
0989_창작국악_창작국악,0989,창작국악,해금,해금,해금,찰현,False,data/extracted/train/source/0989_창작국악_창작국악/0989_창작국악_창작국악_해금.wav,48000,2,5088000,106.0,PCM_24,train
0989_창작국악_창작국악,0989,창작국악,해금2,해금,해금,찰현,False,data/extracted/train/source/0989_창작국악_창작국악/0989_창작국악_창작국악_해금2.wav,48000,2,5088000,106.0,PCM_24,train
0990_창작국악_창작국악,0990,창작국악,가야금,가야금,가야금,발현,False,data/extracted/train/source/0990_창작국악_창작국악/0990_창작국악_창작국악_가야금.wav,48000,2,4608000,96.0,PCM_24,train
0990_창작국악_창작국악,0990,창작국악,거문고,거문고,거문고,발현,False,data/extracted/train/source/0990_창작국악_창작국악/0990_창작국악_창작국악_거문고.wav,48000,2,4608000,96.0,PCM_24,train
0990_창작국악_창작국악,0990,창작국악,대금,대금,대금,관악,False,data/extracted/train/source/0990_창작국악_창작국악/0990_창작국악_창작국악_대금.wav,48000,2,4608000,96.0,PCM_24,train
0990_창작국악_창작국악,0990,창작국악,대금2,대금,대금,관악,False,data/extracted/train/source/0990_창작국악_창작국악/0990_창작국악_창작국악_대금2.wav,48000,2,4608000,96.0,PCM_24,train
0990_창작국악_창작국악,0990,창작국악,소금,소금,기타,관악,False,data/extracted/train/source/0990_창작국악_창작국악/0990_창작국악_창작국악_소금.wav,48000,2,4608000,96.0,PCM_24,train
0990_창작국악_창작국악,0990,창작국악,아쟁,아쟁,아쟁,찰현,False,data/extracted/train/source/0990_창작국악_창작국악/0990_창작국악_창작국악_아쟁.wav,48000,2,4608000,96.0,PCM_24,train
0990_창작국악_창작국악,0990,창작국악,태평소,태평소,기타,관악,False,data/extracted/train/source/0990_창작국악_창작국악/0990_창작국악_창작국악_태평소.wav,48000,2,4608000,96.0,PCM_24,train
0990_창작국악_창작국악,0990,창작국악,피리,피리,피리,관악,False,data/extracted/train/source/0990_창작국악_창작국악/0990_창작국악_창작국악_피리.wav,48000,2,4608000,96.0,PCM_24,train
0990_창작국악_창작국악,0990,창작국악,피리2,피리,피리,관악,False,data/extracted/train/source/0990_창작국악_창작국악/0990_창작국악_창작국악_피리2.wav,48000,2,4608000,96.0,PCM_24,train
0990_창작국악_창작국악,0990,창작국악,해금,해금,해금,찰현,False,data/extracted/train/source/0990_창작국악_창작국악/0990_창작국악_창작국악_해금.wav,48000,2,4608000,96.0,PCM_24,train
0990_창작국악_창작국악,0990,창작국악,해금2,해금,해금,찰현,False,data/extracted/train/source/0990_창작국악_창작국악/0990_창작국악_창작국악_해금2.wav,48000,2,4608000,96.0,PCM_24,train
0992_창작국악_창작국악,0992,창작국악,가야금,가야금,가야금,발현,False,data/extracted/train/source/0992_창작국악_창작국악/0992_창작국악_창작국악_가야금.wav,48000,2,18222546,379.636,PCM_24,test
0992_창작국악_창작국악,0992,창작국악,가야금2,가야금,가야금,발현,False,data/extracted/train/source/0992_창작국악_창작국악/0992_창작국악_창작국악_가야금2.wav,48000,2,18222546,379.636,PCM_24,test
0992_창작국악_창작국악,0992,창작국악,대금,대금,대금,관악,False,data/extracted/train/source/0992_창작국악_창작국악/0992_창작국악_창작국악_대금.wav,48000,2,18222546,379.636,PCM_24,test
0992_창작국악_창작국악,0992,창작국악,아쟁,아쟁,아쟁,찰현,False,data/extracted/train/source/0992_창작국악_창작국악/0992_창작국악_창작국악_아쟁.wav,48000,2,18222546,379.636,PCM_24,test
0992_창작국악_창작국악,0992,창작국악,장구,장구,타악기,타악,False,data/extracted/train/source/0992_창작국악_창작국악/0992_창작국악_창작국악_장구.wav,48000,2,18222546,379.636,PCM_24,test
0992_창작국악_창작국악,0992,창작국악,피리,피리,피리,관악,False,data/extracted/train/source/0992_창작국악_창작국악/0992_창작국악_창작국악_피리.wav,48000,2,18222546,379.636,PCM_24,test
0992_창작국악_창작국악,0992,창작국악,해금,해금,해금,찰현,False,data/extracted/train/source/0992_창작국악_창작국악/0992_창작국악_창작국악_해금.wav,48000,2,18222546,379.636,PCM_24,test
0993_창작국악_창작국악,0993,창작국악,대금,대금,대금,관악,False,data/extracted/train/source/0993_창작국악_창작국악/0993_창작국악_창작국악_대금.wav,48000,2,12228923,254.769,PCM_24,train
0993_창작국악_창작국악,0993,창작국악,아쟁,아쟁,아쟁,찰현,False,data/extracted/train/source/0993_창작국악_창작국악/0993_창작국악_창작국악_아쟁.wav,48000,2,12228923,254.769,PCM_24,train
0993_창작국악_창작국악,0993,창작국악,아쟁2,아쟁,아쟁,찰현,False,data/extracted/train/source/0993_창작국악_창작국악/0993_창작국악_창작국악_아쟁2.wav,48000,2,12228923,254.769,PCM_24,train
0994_창작국악_창작국악,0994,창작국악,가야금,가야금,가야금,발현,False,data/extracted/train/source/0994_창작국악_창작국악/0994_창작국악_창작국악_가야금.wav,48000,2,15905455,331.364,PCM_24,train
0994_창작국악_창작국악,0994,창작국악,거문고,거문고,거문고,발현,False,data/extracted/train/source/0994_창작국악_창작국악/0994_창작국악_창작국악_거문고.wav,48000,2,15905455,331.364,PCM_24,train
0994_창작국악_창작국악,0994,창작국악,대고,대고,타악기,타악,False,data/extracted/train/source/0994_창작국악_창작국악/0994_창작국악_창작국악_대고.wav,48000,2,15905455,331.364,PCM_24,train
0994_창작국악_창작국악,0994,창작국악,대금,대금,대금,관악,False,data/extracted/train/source/0994_창작국악_창작국악/0994_창작국악_창작국악_대금.wav,48000,2,15905455,331.364,PCM_24,train
0994_창작국악_창작국악,0994,창작국악,소금,소금,기타,관악,False,data/extracted/train/source/0994_창작국악_창작국악/0994_창작국악_창작국악_소금.wav,48000,2,15905455,331.364,PCM_24,train
0994_창작국악_창작국악,0994,창작국악,아쟁,아쟁,아쟁,찰현,False,data/extracted/train/source/0994_창작국악_창작국악/0994_창작국악_창작국악_아쟁.wav,48000,2,15905455,331.364,PCM_24,train
0994_창작국악_창작국악,0994,창작국악,장구,장구,타악기,타악,False,data/extracted/train/source/0994_창작국악_창작국악/0994_창작국악_창작국악_장구.wav,48000,2,15905455,331.364,PCM_24,train
0994_창작국악_창작국악,0994,창작국악,피리,피리,피리,관악,False,data/extracted/train/source/0994_창작국악_창작국악/0994_창작국악_창작국악_피리.wav,48000,2,15905455,331.364,PCM_24,train
0994_창작국악_창작국악,0994,창작국악,해금,해금,해금,찰현,False,data/extracted/train/source/0994_창작국악_창작국악/0994_창작국악_창작국악_해금.wav,48000,2,15905455,331.364,PCM_24,train
0996_창작국악_창작국악,0996,창작국악,가야금,가야금,가야금,발현,False,data/extracted/train/source/0996_창작국악_창작국악/0996_창작국악_창작국악_가야금.wav,48000,2,15206400,316.8,PCM_24,train
0996_창작국악_창작국악,0996,창작국악,거문고,거문고,거문고,발현,False,data/extracted/train/source/0996_창작국악_창작국악/0996_창작국악_창작국악_거문고.wav,48000,2,15206400,316.8,PCM_24,train
0996_창작국악_창작국악,0996,창작국악,대금,대금,대금,관악,False,data/extracted/train/source/0996_창작국악_창작국악/0996_창작국악_창작국악_대금.wav,48000,2,15206400,316.8,PCM_24,train
0996_창작국악_창작국악,0996,창작국악,소금,소금,기타,관악,False,data/extracted/train/source/0996_창작국악_창작국악/0996_창작국악_창작국악_소금.wav,48000,2,15206400,316.8,PCM_24,train
0996_창작국악_창작국악,0996,창작국악,아쟁,아쟁,아쟁,찰현,False,data/extracted/train/source/0996_창작국악_창작국악/0996_창작국악_창작국악_아쟁.wav,48000,2,15206400,316.8,PCM_24,train
0996_창작국악_창작국악,0996,창작국악,피리,피리,피리,관악,False,data/extracted/train/source/0996_창작국악_창작국악/0996_창작국악_창작국악_피리.wav,48000,2,15206400,316.8,PCM_24,train
0996_창작국악_창작국악,0996,창작국악,해금,해금,해금,찰현,False,data/extracted/train/source/0996_창작국악_창작국악/0996_창작국악_창작국악_해금.wav,48000,2,15206400,316.8,PCM_24,train
0997_창작국악_창작국악,0997,창작국악,대금,대금,대금,관악,False,data/extracted/val/source/0997_창작국악_창작국악/0997_창작국악_창작국악_대금.wav,48000,2,15264000,318.0,PCM_24,train
0997_창작국악_창작국악,0997,창작국악,아쟁,아쟁,아쟁,찰현,False,data/extracted/val/source/0997_창작국악_창작국악/0997_창작국악_창작국악_아쟁.wav,48000,2,15264000,318.0,PCM_24,train
0997_창작국악_창작국악,0997,창작국악,피리,피리,피리,관악,False,data/extracted/val/source/0997_창작국악_창작국악/0997_창작국악_창작국악_피리.wav,48000,2,15264000,318.0,PCM_24,train
0997_창작국악_창작국악,0997,창작국악,해금,해금,해금,찰현,False,data/extracted/val/source/0997_창작국악_창작국악/0997_창작국악_창작국악_해금.wav,48000,2,15264000,318.0,PCM_24,train
0998_창작국악_창작국악,0998,창작국악,거문고,거문고,거문고,발현,False,data/extracted/train/source/0998_창작국악_창작국악/0998_창작국악_창작국악_거문고.wav,48000,2,16358400,340.8,PCM_24,train
0998_창작국악_창작국악,0998,창작국악,대금,대금,대금,관악,False,data/extracted/train/source/0998_창작국악_창작국악/0998_창작국악_창작국악_대금.wav,48000,2,16358400,340.8,PCM_24,train
0998_창작국악_창작국악,0998,창작국악,대금2,대금,대금,관악,False,data/extracted/train/source/0998_창작국악_창작국악/0998_창작국악_창작국악_대금2.wav,48000,2,16358400,340.8,PCM_24,train
0998_창작국악_창작국악,0998,창작국악,소금,소금,기타,관악,False,data/extracted/train/source/0998_창작국악_창작국악/0998_창작국악_창작국악_소금.wav,48000,2,16358400,340.8,PCM_24,train
0998_창작국악_창작국악,0998,창작국악,아쟁,아쟁,아쟁,찰현,False,data/extracted/train/source/0998_창작국악_창작국악/0998_창작국악_창작국악_아쟁.wav,48000,2,16358400,340.8,PCM_24,train
0998_창작국악_창작국악,0998,창작국악,피리,피리,피리,관악,False,data/extracted/train/source/0998_창작국악_창작국악/0998_창작국악_창작국악_피리.wav,48000,2,16358400,340.8,PCM_24,train
0998_창작국악_창작국악,0998,창작국악,해금,해금,해금,찰현,False,data/extracted/train/source/0998_창작국악_창작국악/0998_창작국악_창작국악_해금.wav,48000,2,16358400,340.8,PCM_24,train
0998_창작국악_창작국악,0998,창작국악,해금2,해금,해금,찰현,False,data/extracted/train/source/0998_창작국악_창작국악/0998_창작국악_창작국악_해금2.wav,48000,2,16358400,340.8,PCM_24,train
0999_창작국악_창작국악,0999,창작국악,거문고,거문고,거문고,발현,False,data/extracted/val/source/0999_창작국악_창작국악/0999_창작국악_창작국악_거문고.wav,48000,2,4416000,92.0,PCM_24,train
0999_창작국악_창작국악,0999,창작국악,대금,대금,대금,관악,False,data/extracted/val/source/0999_창작국악_창작국악/0999_창작국악_창작국악_대금.wav,48000,2,4416000,92.0,PCM_24,train
1000_창작국악_창작국악,1000,창작국악,가야금,가야금,가야금,발현,False,data/extracted/train/source/1000_창작국악_창작국악/1000_창작국악_창작국악_가야금.wav,48000,2,5875200,122.4,PCM_24,train
1000_창작국악_창작국악,1000,창작국악,거문고,거문고,거문고,발현,False,data/extracted/train/source/1000_창작국악_창작국악/1000_창작국악_창작국악_거문고.wav,48000,2,5875200,122.4,PCM_24,train
1000_창작국악_창작국악,1000,창작국악,대고,대고,타악기,타악,False,data/extracted/train/source/1000_창작국악_창작국악/1000_창작국악_창작국악_대고.wav,48000,2,5875200,122.4,PCM_24,train
1000_창작국악_창작국악,1000,창작국악,대금,대금,대금,관악,False,data/extracted/train/source/1000_창작국악_창작국악/1000_창작국악_창작국악_대금.wav,48000,2,5875200,122.4,PCM_24,train
1000_창작국악_창작국악,1000,창작국악,대금2,대금,대금,관악,False,data/extracted/train/source/1000_창작국악_창작국악/1000_창작국악_창작국악_대금2.wav,48000,2,5875200,122.4,PCM_24,train
1000_창작국악_창작국악,1000,창작국악,목탁,목탁,타악기,타악,False,data/extracted/train/source/1000_창작국악_창작국악/1000_창작국악_창작국악_목탁.wav,48000,2,5875200,122.4,PCM_24,train
1000_창작국악_창작국악,1000,창작국악,소금,소금,기타,관악,False,data/extracted/train/source/1000_창작국악_창작국악/1000_창작국악_창작국악_소금.wav,48000,2,5875200,122.4,PCM_24,train
1000_창작국악_창작국악,1000,창작국악,아쟁,아쟁,아쟁,찰현,False,data/extracted/train/source/1000_창작국악_창작국악/1000_창작국악_창작국악_아쟁.wav,48000,2,5875200,122.4,PCM_24,train
1000_창작국악_창작국악,1000,창작국악,아쟁2,아쟁,아쟁,찰현,False,data/extracted/train/source/1000_창작국악_창작국악/1000_창작국악_창작국악_아쟁2.wav,48000,2,5875200,122.4,PCM_24,train
1000_창작국악_창작국악,1000,창작국악,아쟁3,아쟁,아쟁,찰현,False,data/extracted/train/source/1000_창작국악_창작국악/1000_창작국악_창작국악_아쟁3.wav,48000,2,5875200,122.4,PCM_24,train
1000_창작국악_창작국악,1000,창작국악,아쟁4,아쟁,아쟁,찰현,False,data/extracted/train/source/1000_창작국악_창작국악/1000_창작국악_창작국악_아쟁4.wav,48000,2,5875200,122.4,PCM_24,train
1000_창작국악_창작국악,1000,창작국악,장구,장구,타악기,타악,False,data/extracted/train/source/1000_창작국악_창작국악/1000_창작국악_창작국악_장구.wav,48000,2,5875200,122.4,PCM_24,train
1000_창작국악_창작국악,1000,창작국악,피리,피리,피리,관악,False,data/extracted/train/source/1000_창작국악_창작국악/1000_창작국악_창작국악_피리.wav,48000,2,5875200,122.4,PCM_24,train
1000_창작국악_창작국악,1000,창작국악,해금,해금,해금,찰현,False,data/extracted/train/source/1000_창작국악_창작국악/1000_창작국악_창작국악_해금.wav,48000,2,5875200,122.4,PCM_24,train
1001_창작국악_창작국악,1001,창작국악,가야금,가야금,가야금,발현,False,data/extracted/train/source/1001_창작국악_창작국악/1001_창작국악_창작국악_가야금.wav,48000,2,13996800,291.6,PCM_24,train
1001_창작국악_창작국악,1001,창작국악,거문고,거문고,거문고,발현,False,data/extracted/train/source/1001_창작국악_창작국악/1001_창작국악_창작국악_거문고.wav,48000,2,13996800,291.6,PCM_24,train
1001_창작국악_창작국악,1001,창작국악,대고,대고,타악기,타악,False,data/extracted/train/source/1001_창작국악_창작국악/1001_창작국악_창작국악_대고.wav,48000,2,13996800,291.6,PCM_24,train
1001_창작국악_창작국악,1001,창작국악,대금,대금,대금,관악,False,data/extracted/train/source/1001_창작국악_창작국악/1001_창작국악_창작국악_대금.wav,48000,2,13996800,291.6,PCM_24,train
1001_창작국악_창작국악,1001,창작국악,소금,소금,기타,관악,False,data/extracted/train/source/1001_창작국악_창작국악/1001_창작국악_창작국악_소금.wav,48000,2,13996800,291.6,PCM_24,train
1001_창작국악_창작국악,1001,창작국악,아쟁,아쟁,아쟁,찰현,False,data/extracted/train/source/1001_창작국악_창작국악/1001_창작국악_창작국악_아쟁.wav,48000,2,13996800,291.6,PCM_24,train
1001_창작국악_창작국악,1001,창작국악,아쟁2,아쟁,아쟁,찰현,False,data/extracted/train/source/1001_창작국악_창작국악/1001_창작국악_창작국악_아쟁2.wav,48000,2,13996800,291.6,PCM_24,train
1001_창작국악_창작국악,1001,창작국악,아쟁3,아쟁,아쟁,찰현,False,data/extracted/train/source/1001_창작국악_창작국악/1001_창작국악_창작국악_아쟁3.wav,48000,2,13996800,291.6,PCM_24,train
1001_창작국악_창작국악,1001,창작국악,장구,장구,타악기,타악,False,data/extracted/train/source/1001_창작국악_창작국악/1001_창작국악_창작국악_장구.wav,48000,2,13996800,291.6,PCM_24,train
1001_창작국악_창작국악,1001,창작국악,해금,해금,해금,찰현,False,data/extracted/train/source/1001_창작국악_창작국악/1001_창작국악_창작국악_해금.wav,48000,2,13996800,291.6,PCM_24,train
1002_창작국악_창작국악,1002,창작국악,가야금,가야금,가야금,발현,False,data/extracted/train/source/1002_창작국악_창작국악/1002_창작국악_창작국악_가야금.wav,48000,2,15811200,329.4,PCM_24,train
1002_창작국악_창작국악,1002,창작국악,거문고,거문고,거문고,발현,False,data/extracted/train/source/1002_창작국악_창작국악/1002_창작국악_창작국악_거문고.wav,48000,2,15811200,329.4,PCM_24,train
1002_창작국악_창작국악,1002,창작국악,대고,대고,타악기,타악,False,data/extracted/train/source/1002_창작국악_창작국악/1002_창작국악_창작국악_대고.wav,48000,2,15811200,329.4,PCM_24,train
1002_창작국악_창작국악,1002,창작국악,대금,대금,대금,관악,False,data/extracted/train/source/1002_창작국악_창작국악/1002_창작국악_창작국악_대금.wav,48000,2,15811200,329.4,PCM_24,train
1002_창작국악_창작국악,1002,창작국악,소금,소금,기타,관악,False,data/extracted/train/source/1002_창작국악_창작국악/1002_창작국악_창작국악_소금.wav,48000,2,15811200,329.4,PCM_24,train
1002_창작국악_창작국악,1002,창작국악,아쟁,아쟁,아쟁,찰현,False,data/extracted/train/source/1002_창작국악_창작국악/1002_창작국악_창작국악_아쟁.wav,48000,2,15811200,329.4,PCM_24,train
1002_창작국악_창작국악,1002,창작국악,아쟁2,아쟁,아쟁,찰현,False,data/extracted/train/source/1002_창작국악_창작국악/1002_창작국악_창작국악_아쟁2.wav,48000,2,15811200,329.4,PCM_24,train
1002_창작국악_창작국악,1002,창작국악,장구,장구,타악기,타악,False,data/extracted/train/source/1002_창작국악_창작국악/1002_창작국악_창작국악_장구.wav,48000,2,15811200,329.4,PCM_24,train
1002_창작국악_창작국악,1002,창작국악,해금,해금,해금,찰현,False,data/extracted/train/source/1002_창작국악_창작국악/1002_창작국악_창작국악_해금.wav,48000,2,15811200,329.4,PCM_24,train
1003_창작국악_창작국악,1003,창작국악,가야금,가야금,가야금,발현,False,data/extracted/val/source/1003_창작국악_창작국악/1003_창작국악_창작국악_가야금.wav,48000,2,16416000,342.0,PCM_24,train
1003_창작국악_창작국악,1003,창작국악,거문고,거문고,거문고,발현,False,data/extracted/val/source/1003_창작국악_창작국악/1003_창작국악_창작국악_거문고.wav,48000,2,16416000,342.0,PCM_24,train
1003_창작국악_창작국악,1003,창작국악,대고,대고,타악기,타악,False,data/extracted/val/source/1003_창작국악_창작국악/1003_창작국악_창작국악_대고.wav,48000,2,16416000,342.0,PCM_24,train
1003_창작국악_창작국악,1003,창작국악,대금,대금,대금,관악,False,data/extracted/val/source/1003_창작국악_창작국악/1003_창작국악_창작국악_대금.wav,48000,2,16416000,342.0,PCM_24,train
1003_창작국악_창작국악,1003,창작국악,소금,소금,기타,관악,False,data/extracted/val/source/1003_창작국악_창작국악/1003_창작국악_창작국악_소금.wav,48000,2,16416000,342.0,PCM_24,train
1003_창작국악_창작국악,1003,창작국악,아쟁,아쟁,아쟁,찰현,False,data/extracted/val/source/1003_창작국악_창작국악/1003_창작국악_창작국악_아쟁.wav,48000,2,16416000,342.0,PCM_24,train
1003_창작국악_창작국악,1003,창작국악,아쟁2,아쟁,아쟁,찰현,False,data/extracted/val/source/1003_창작국악_창작국악/1003_창작국악_창작국악_아쟁2.wav,48000,2,16416000,342.0,PCM_24,train
1003_창작국악_창작국악,1003,창작국악,장구,장구,타악기,타악,False,data/extracted/val/source/1003_창작국악_창작국악/1003_창작국악_창작국악_장구.wav,48000,2,16416000,342.0,PCM_24,train
1003_창작국악_창작국악,1003,창작국악,피리,피리,피리,관악,False,data/extracted/val/source/1003_창작국악_창작국악/1003_창작국악_창작국악_피리.wav,48000,2,16416000,342.0,PCM_24,train
1003_창작국악_창작국악,1003,창작국악,해금,해금,해금,찰현,False,data/extracted/val/source/1003_창작국악_창작국악/1003_창작국악_창작국악_해금.wav,48000,2,16416000,342.0,PCM_24,train
1004_창작국악_창작국악,1004,창작국악,가야금,가야금,가야금,발현,False,data/extracted/train/source/1004_창작국악_창작국악/1004_창작국악_창작국악_가야금.wav,48000,2,14441143,300.857,PCM_24,train
1004_창작국악_창작국악,1004,창작국악,거문고,거문고,거문고,발현,False,data/extracted/train/source/1004_창작국악_창작국악/1004_창작국악_창작국악_거문고.wav,48000,2,14441143,300.857,PCM_24,train
1004_창작국악_창작국악,1004,창작국악,대고,대고,타악기,타악,False,data/extracted/train/source/1004_창작국악_창작국악/1004_창작국악_창작국악_대고.wav,48000,2,14441143,300.857,PCM_24,train
1004_창작국악_창작국악,1004,창작국악,대금,대금,대금,관악,False,data/extracted/train/source/1004_창작국악_창작국악/1004_창작국악_창작국악_대금.wav,48000,2,14441143,300.857,PCM_24,train
1004_창작국악_창작국악,1004,창작국악,소금,소금,기타,관악,False,data/extracted/train/source/1004_창작국악_창작국악/1004_창작국악_창작국악_소금.wav,48000,2,14441143,300.857,PCM_24,train
1004_창작국악_창작국악,1004,창작국악,아쟁,아쟁,아쟁,찰현,False,data/extracted/train/source/1004_창작국악_창작국악/1004_창작국악_창작국악_아쟁.wav,48000,2,14441143,300.857,PCM_24,train
1004_창작국악_창작국악,1004,창작국악,아쟁2,아쟁,아쟁,찰현,False,data/extracted/train/source/1004_창작국악_창작국악/1004_창작국악_창작국악_아쟁2.wav,48000,2,14441143,300.857,PCM_24,train
1004_창작국악_창작국악,1004,창작국악,장구,장구,타악기,타악,False,data/extracted/train/source/1004_창작국악_창작국악/1004_창작국악_창작국악_장구.wav,48000,2,14441143,300.857,PCM_24,train
1004_창작국악_창작국악,1004,창작국악,피리,피리,피리,관악,False,data/extracted/train/source/1004_창작국악_창작국악/1004_창작국악_창작국악_피리.wav,48000,2,14441143,300.857,PCM_24,train
1004_창작국악_창작국악,1004,창작국악,해금,해금,해금,찰현,False,data/extracted/train/source/1004_창작국악_창작국악/1004_창작국악_창작국악_해금.wav,48000,2,14441143,300.857,PCM_24,train
